beta,gamma,time,S,I,R,num_simulations,timestamp
0.1,0.1,0.0,95.0,5.0,0.0,50,2025-04-07T21:22:51.991697
0.1,0.1,1.0,0.06,92.7,7.24,50,2025-04-07T21:22:51.991704
0.1,0.1,2.0,0.0,83.76,16.24,50,2025-04-07T21:22:51.991705
0.1,0.1,3.0,0.0,75.88,24.12,50,2025-04-07T21:22:51.991707
0.1,0.1,4.0,0.0,68.58,31.42,50,2025-04-07T21:22:51.991708
0.1,0.1,5.0,0.0,62.24,37.76,50,2025-04-07T21:22:51.991709
0.1,0.1,6.0,0.0,55.72,44.28,50,2025-04-07T21:22:51.991710
0.1,0.1,7.0,0.0,51.0,49.0,50,2025-04-07T21:22:51.991711
0.1,0.1,8.0,0.0,46.54,53.46,50,2025-04-07T21:22:51.991712
0.1,0.1,9.0,0.0,41.68,58.32,50,2025-04-07T21:22:51.991713
0.1,0.1,10.0,0.0,37.06,62.94,50,2025-04-07T21:22:51.991714
0.1,0.1,11.0,0.0,33.72,66.28,50,2025-04-07T21:22:51.991715
0.1,0.1,12.0,0.0,30.12,69.88,50,2025-04-07T21:22:51.991716
0.1,0.1,13.0,0.0,26.84,73.16,50,2025-04-07T21:22:51.991717
0.1,0.1,14.0,0.0,24.16,75.84,50,2025-04-07T21:22:51.991718
0.1,0.1,15.0,0.0,21.38,78.62,50,2025-04-07T21:22:51.991719
0.1,0.1,16.0,0.0,18.98,81.02,50,2025-04-07T21:22:51.991720
0.1,0.1,17.0,0.0,16.9,83.1,50,2025-04-07T21:22:51.991721
0.1,0.1,18.0,0.0,15.4,84.6,50,2025-04-07T21:22:51.991722
0.1,0.1,19.0,0.0,13.8,86.2,50,2025-04-07T21:22:51.991723
0.1,0.1,20.0,0.0,12.34,87.66,50,2025-04-07T21:22:51.991724
0.1,0.1,21.0,0.0,10.82,89.18,50,2025-04-07T21:22:51.991725
0.1,0.1,22.0,0.0,9.88,90.12,50,2025-04-07T21:22:51.991726
0.1,0.1,23.0,0.0,8.7,91.3,50,2025-04-07T21:22:51.991727
0.1,0.1,24.0,0.0,7.72,92.28,50,2025-04-07T21:22:51.991728
0.1,0.1,25.0,0.0,6.96,93.04,50,2025-04-07T21:22:51.991729
0.1,0.1,26.0,0.0,6.18,93.82,50,2025-04-07T21:22:51.991730
0.1,0.1,27.0,0.0,5.54,94.46,50,2025-04-07T21:22:51.991731
0.1,0.1,28.0,0.0,5.08,94.92,50,2025-04-07T21:22:51.991732
0.1,0.1,29.0,0.0,4.26,95.74,50,2025-04-07T21:22:51.991733
0.1,0.1,30.0,0.0,3.78,96.22,50,2025-04-07T21:22:51.991734
0.1,0.1,31.0,0.0,3.4,96.6,50,2025-04-07T21:22:51.991735
0.1,0.1,32.0,0.0,3.08,96.92,50,2025-04-07T21:22:51.991736
0.1,0.1,33.0,0.0,2.66,97.34,50,2025-04-07T21:22:51.991737
0.1,0.1,34.0,0.0,2.22,97.78,50,2025-04-07T21:22:51.991738
0.1,0.1,35.0,0.0,1.9,98.1,50,2025-04-07T21:22:51.991739
0.1,0.1,36.0,0.0,1.62,98.38,50,2025-04-07T21:22:51.991740
0.1,0.1,37.0,0.0,1.46,98.54,50,2025-04-07T21:22:51.991741
0.1,0.1,38.0,0.0,1.3,98.7,50,2025-04-07T21:22:51.991742
0.1,0.1,39.0,0.0,1.06,98.94,50,2025-04-07T21:22:51.991743
0.1,0.1,40.0,0.0,0.9,99.1,50,2025-04-07T21:22:51.991744
0.1,0.1,41.0,0.0,0.76,99.24,50,2025-04-07T21:22:51.991750
0.1,0.1,42.0,0.0,0.66,99.34,50,2025-04-07T21:22:51.991751
0.1,0.1,43.0,0.0,0.58,99.42,50,2025-04-07T21:22:51.991752
0.1,0.1,44.0,0.0,0.54,99.46,50,2025-04-07T21:22:51.991753
0.1,0.1,45.0,0.0,0.52,99.48,50,2025-04-07T21:22:51.991754
0.1,0.1,46.0,0.0,0.42,99.58,50,2025-04-07T21:22:51.991755
0.1,0.1,47.0,0.0,0.4,99.6,50,2025-04-07T21:22:51.991756
0.1,0.1,48.0,0.0,0.34,99.66,50,2025-04-07T21:22:51.991757
0.1,0.1,49.0,0.0,0.32,99.68,50,2025-04-07T21:22:51.991759
0.1,0.1,50.0,0.0,0.28,99.72,50,2025-04-07T21:22:51.991760
0.1,0.1,51.0,0.0,0.24,99.76,50,2025-04-07T21:22:51.991760
0.1,0.1,52.0,0.0,0.18,99.82,50,2025-04-07T21:22:51.991762
0.1,0.1,53.0,0.0,0.14,99.86,50,2025-04-07T21:22:51.991763
0.1,0.1,54.0,0.0,0.12,99.88,50,2025-04-07T21:22:51.991764
0.1,0.1,55.0,0.0,0.12,99.88,50,2025-04-07T21:22:51.991765
0.1,0.1,56.0,0.0,0.12,99.88,50,2025-04-07T21:22:51.991766
0.1,0.1,57.0,0.0,0.1,99.9,50,2025-04-07T21:22:51.991767
0.1,0.1,58.0,0.0,0.06,99.94,50,2025-04-07T21:22:51.991768
0.1,0.1,59.0,0.0,0.06,99.94,50,2025-04-07T21:22:51.991769
0.1,0.1,60.0,0.0,0.06,99.94,50,2025-04-07T21:22:51.991770
0.1,0.1,61.0,0.0,0.04,99.96,50,2025-04-07T21:22:51.991771
0.1,0.1,62.0,0.0,0.04,99.96,50,2025-04-07T21:22:51.991772
0.1,0.1,63.0,0.0,0.04,99.96,50,2025-04-07T21:22:51.991773
0.1,0.1,64.0,0.0,0.04,99.96,50,2025-04-07T21:22:51.991774
0.1,0.1,65.0,0.0,0.04,99.96,50,2025-04-07T21:22:51.991775
0.1,0.1,66.0,0.0,0.04,99.96,50,2025-04-07T21:22:51.991776
0.1,0.1,67.0,0.0,0.04,99.96,50,2025-04-07T21:22:51.991777
0.1,0.1,68.0,0.0,0.04,99.96,50,2025-04-07T21:22:51.991778
0.1,0.1,69.0,0.0,0.04,99.96,50,2025-04-07T21:22:51.991779
0.1,0.1,70.0,0.0,0.04,99.96,50,2025-04-07T21:22:51.991780
0.1,0.1,71.0,0.0,0.04,99.96,50,2025-04-07T21:22:51.991781
0.1,0.1,72.0,0.0,0.04,99.96,50,2025-04-07T21:22:51.991782
0.1,0.1,73.0,0.0,0.04,99.96,50,2025-04-07T21:22:51.991783
0.1,0.1,74.0,0.0,0.04,99.96,50,2025-04-07T21:22:51.991784
0.1,0.1,75.0,0.0,0.02,99.98,50,2025-04-07T21:22:51.991785
0.1,0.1,76.0,0.0,0.02,99.98,50,2025-04-07T21:22:51.991786
0.1,0.1,77.0,0.0,0.02,99.98,50,2025-04-07T21:22:51.991787
0.1,0.1,78.0,0.0,0.02,99.98,50,2025-04-07T21:22:51.991788
0.1,0.1,79.0,0.0,0.02,99.98,50,2025-04-07T21:22:51.991789
0.1,0.1,80.0,0.0,0.02,99.98,50,2025-04-07T21:22:51.991790
0.1,0.1,81.0,0.0,0.02,99.98,50,2025-04-07T21:22:51.991791
0.1,0.1,82.0,0.0,0.02,99.98,50,2025-04-07T21:22:51.991792
0.1,0.1,83.0,0.0,0.02,99.98,50,2025-04-07T21:22:51.991793
0.1,0.1,84.0,0.0,0.02,99.98,50,2025-04-07T21:22:51.991794
0.1,0.1,85.0,0.0,0.02,99.98,50,2025-04-07T21:22:51.991795
0.1,0.1,86.0,0.0,0.02,99.98,50,2025-04-07T21:22:51.991796
0.1,0.1,87.0,0.0,0.02,99.98,50,2025-04-07T21:22:51.991797
0.1,0.1,88.0,0.0,0.02,99.98,50,2025-04-07T21:22:51.991798
0.1,0.1,89.0,0.0,0.02,99.98,50,2025-04-07T21:22:51.991799
0.1,0.1,90.0,0.0,0.02,99.98,50,2025-04-07T21:22:51.991800
0.1,0.1,91.0,0.0,0.02,99.98,50,2025-04-07T21:22:51.991801
0.1,0.1,92.0,0.0,0.02,99.98,50,2025-04-07T21:22:51.991802
0.1,0.1,93.0,0.0,0.02,99.98,50,2025-04-07T21:22:51.991803
0.1,0.1,94.0,0.0,0.02,99.98,50,2025-04-07T21:22:51.991804
0.1,0.1,95.0,0.0,0.02,99.98,50,2025-04-07T21:22:51.991805
0.1,0.1,96.0,0.0,0.02,99.98,50,2025-04-07T21:22:51.991806
0.1,0.1,97.0,0.0,0.02,99.98,50,2025-04-07T21:22:51.991807
0.1,0.1,98.0,0.0,0.02,99.98,50,2025-04-07T21:22:51.991808
0.1,0.1,99.0,0.0,0.02,99.98,50,2025-04-07T21:22:51.991809
0.1,0.1,100.0,0.0,0.02,99.98,50,2025-04-07T21:22:51.991810
0.1,0.2,0.0,95.0,5.0,0.0,50,2025-04-07T21:22:52.028270
0.1,0.2,1.0,0.06,86.98,12.96,50,2025-04-07T21:22:52.028277
0.1,0.2,2.0,0.0,71.56,28.44,50,2025-04-07T21:22:52.028278
0.1,0.2,3.0,0.0,57.9,42.1,50,2025-04-07T21:22:52.028279
0.1,0.2,4.0,0.0,47.62,52.38,50,2025-04-07T21:22:52.028280
0.1,0.2,5.0,0.0,38.08,61.92,50,2025-04-07T21:22:52.028281
0.1,0.2,6.0,0.0,30.6,69.4,50,2025-04-07T21:22:52.028282
0.1,0.2,7.0,0.0,24.86,75.14,50,2025-04-07T21:22:52.028283
0.1,0.2,8.0,0.0,19.7,80.3,50,2025-04-07T21:22:52.028288
0.1,0.2,9.0,0.0,15.66,84.34,50,2025-04-07T21:22:52.028289
0.1,0.2,10.0,0.0,12.44,87.56,50,2025-04-07T21:22:52.028290
0.1,0.2,11.0,0.0,9.84,90.16,50,2025-04-07T21:22:52.028291
0.1,0.2,12.0,0.0,7.78,92.22,50,2025-04-07T21:22:52.028292
0.1,0.2,13.0,0.0,6.28,93.72,50,2025-04-07T21:22:52.028293
0.1,0.2,14.0,0.0,5.36,94.64,50,2025-04-07T21:22:52.028294
0.1,0.2,15.0,0.0,4.0,96.0,50,2025-04-07T21:22:52.028295
0.1,0.2,16.0,0.0,2.94,97.06,50,2025-04-07T21:22:52.028296
0.1,0.2,17.0,0.0,2.2,97.8,50,2025-04-07T21:22:52.028297
0.1,0.2,18.0,0.0,1.88,98.12,50,2025-04-07T21:22:52.028310
0.1,0.2,19.0,0.0,1.44,98.56,50,2025-04-07T21:22:52.028311
0.1,0.2,20.0,0.0,1.16,98.84,50,2025-04-07T21:22:52.028312
0.1,0.2,21.0,0.0,0.94,99.06,50,2025-04-07T21:22:52.028313
0.1,0.2,22.0,0.0,0.7,99.3,50,2025-04-07T21:22:52.028314
0.1,0.2,23.0,0.0,0.46,99.54,50,2025-04-07T21:22:52.028315
0.1,0.2,24.0,0.0,0.32,99.68,50,2025-04-07T21:22:52.028316
0.1,0.2,25.0,0.0,0.22,99.78,50,2025-04-07T21:22:52.028317
0.1,0.2,26.0,0.0,0.16,99.84,50,2025-04-07T21:22:52.028318
0.1,0.2,27.0,0.0,0.1,99.9,50,2025-04-07T21:22:52.028319
0.1,0.2,28.0,0.0,0.1,99.9,50,2025-04-07T21:22:52.028320
0.1,0.2,29.0,0.0,0.08,99.92,50,2025-04-07T21:22:52.028321
0.1,0.2,30.0,0.0,0.08,99.92,50,2025-04-07T21:22:52.028323
0.1,0.2,31.0,0.0,0.08,99.92,50,2025-04-07T21:22:52.028324
0.1,0.2,32.0,0.0,0.06,99.94,50,2025-04-07T21:22:52.028325
0.1,0.2,33.0,0.0,0.06,99.94,50,2025-04-07T21:22:52.028326
0.1,0.2,34.0,0.0,0.06,99.94,50,2025-04-07T21:22:52.028326
0.1,0.2,35.0,0.0,0.06,99.94,50,2025-04-07T21:22:52.028328
0.1,0.2,36.0,0.0,0.06,99.94,50,2025-04-07T21:22:52.028329
0.1,0.2,37.0,0.0,0.06,99.94,50,2025-04-07T21:22:52.028330
0.1,0.2,38.0,0.0,0.06,99.94,50,2025-04-07T21:22:52.028331
0.1,0.2,39.0,0.0,0.06,99.94,50,2025-04-07T21:22:52.028332
0.1,0.2,40.0,0.0,0.06,99.94,50,2025-04-07T21:22:52.028333
0.1,0.2,41.0,0.0,0.06,99.94,50,2025-04-07T21:22:52.028334
0.1,0.2,42.0,0.0,0.06,99.94,50,2025-04-07T21:22:52.028335
0.1,0.2,43.0,0.0,0.06,99.94,50,2025-04-07T21:22:52.028336
0.1,0.2,44.0,0.0,0.06,99.94,50,2025-04-07T21:22:52.028337
0.1,0.2,45.0,0.0,0.06,99.94,50,2025-04-07T21:22:52.028338
0.1,0.2,46.0,0.0,0.06,99.94,50,2025-04-07T21:22:52.028339
0.1,0.2,47.0,0.0,0.06,99.94,50,2025-04-07T21:22:52.028340
0.1,0.2,48.0,0.0,0.06,99.94,50,2025-04-07T21:22:52.028345
0.1,0.2,49.0,0.0,0.06,99.94,50,2025-04-07T21:22:52.028346
0.1,0.2,50.0,0.0,0.06,99.94,50,2025-04-07T21:22:52.028347
0.1,0.2,51.0,0.0,0.06,99.94,50,2025-04-07T21:22:52.028348
0.1,0.2,52.0,0.0,0.06,99.94,50,2025-04-07T21:22:52.028349
0.1,0.2,53.0,0.0,0.06,99.94,50,2025-04-07T21:22:52.028351
0.1,0.2,54.0,0.0,0.06,99.94,50,2025-04-07T21:22:52.028352
0.1,0.2,55.0,0.0,0.06,99.94,50,2025-04-07T21:22:52.028353
0.1,0.2,56.0,0.0,0.06,99.94,50,2025-04-07T21:22:52.028354
0.1,0.2,57.0,0.0,0.06,99.94,50,2025-04-07T21:22:52.028355
0.1,0.2,58.0,0.0,0.06,99.94,50,2025-04-07T21:22:52.028355
0.1,0.2,59.0,0.0,0.06,99.94,50,2025-04-07T21:22:52.028356
0.1,0.2,60.0,0.0,0.06,99.94,50,2025-04-07T21:22:52.028357
0.1,0.2,61.0,0.0,0.06,99.94,50,2025-04-07T21:22:52.028358
0.1,0.2,62.0,0.0,0.06,99.94,50,2025-04-07T21:22:52.028359
0.1,0.2,63.0,0.0,0.06,99.94,50,2025-04-07T21:22:52.028360
0.1,0.2,64.0,0.0,0.06,99.94,50,2025-04-07T21:22:52.028361
0.1,0.2,65.0,0.0,0.06,99.94,50,2025-04-07T21:22:52.028362
0.1,0.2,66.0,0.0,0.06,99.94,50,2025-04-07T21:22:52.028363
0.1,0.2,67.0,0.0,0.06,99.94,50,2025-04-07T21:22:52.028364
0.1,0.2,68.0,0.0,0.06,99.94,50,2025-04-07T21:22:52.028365
0.1,0.2,69.0,0.0,0.06,99.94,50,2025-04-07T21:22:52.028366
0.1,0.2,70.0,0.0,0.06,99.94,50,2025-04-07T21:22:52.028367
0.1,0.2,71.0,0.0,0.06,99.94,50,2025-04-07T21:22:52.028368
0.1,0.2,72.0,0.0,0.06,99.94,50,2025-04-07T21:22:52.028369
0.1,0.2,73.0,0.0,0.06,99.94,50,2025-04-07T21:22:52.028370
0.1,0.2,74.0,0.0,0.06,99.94,50,2025-04-07T21:22:52.028371
0.1,0.2,75.0,0.0,0.06,99.94,50,2025-04-07T21:22:52.028372
0.1,0.2,76.0,0.0,0.06,99.94,50,2025-04-07T21:22:52.028373
0.1,0.2,77.0,0.0,0.06,99.94,50,2025-04-07T21:22:52.028374
0.1,0.2,78.0,0.0,0.06,99.94,50,2025-04-07T21:22:52.028375
0.1,0.2,79.0,0.0,0.06,99.94,50,2025-04-07T21:22:52.028376
0.1,0.2,80.0,0.0,0.06,99.94,50,2025-04-07T21:22:52.028377
0.1,0.2,81.0,0.0,0.06,99.94,50,2025-04-07T21:22:52.028378
0.1,0.2,82.0,0.0,0.06,99.94,50,2025-04-07T21:22:52.028379
0.1,0.2,83.0,0.0,0.06,99.94,50,2025-04-07T21:22:52.028380
0.1,0.2,84.0,0.0,0.06,99.94,50,2025-04-07T21:22:52.028381
0.1,0.2,85.0,0.0,0.06,99.94,50,2025-04-07T21:22:52.028382
0.1,0.2,86.0,0.0,0.06,99.94,50,2025-04-07T21:22:52.028383
0.1,0.2,87.0,0.0,0.06,99.94,50,2025-04-07T21:22:52.028384
0.1,0.2,88.0,0.0,0.06,99.94,50,2025-04-07T21:22:52.028385
0.1,0.2,89.0,0.0,0.06,99.94,50,2025-04-07T21:22:52.028386
0.1,0.2,90.0,0.0,0.06,99.94,50,2025-04-07T21:22:52.028387
0.1,0.2,91.0,0.0,0.06,99.94,50,2025-04-07T21:22:52.028388
0.1,0.2,92.0,0.0,0.06,99.94,50,2025-04-07T21:22:52.028389
0.1,0.2,93.0,0.0,0.06,99.94,50,2025-04-07T21:22:52.028390
0.1,0.2,94.0,0.0,0.06,99.94,50,2025-04-07T21:22:52.028391
0.1,0.2,95.0,0.0,0.06,99.94,50,2025-04-07T21:22:52.028392
0.1,0.2,96.0,0.0,0.06,99.94,50,2025-04-07T21:22:52.028398
0.1,0.2,97.0,0.0,0.06,99.94,50,2025-04-07T21:22:52.028399
0.1,0.2,98.0,0.0,0.06,99.94,50,2025-04-07T21:22:52.028400
0.1,0.2,99.0,0.0,0.06,99.94,50,2025-04-07T21:22:52.028401
0.1,0.2,100.0,0.0,0.06,99.94,50,2025-04-07T21:22:52.028402
0.1,0.3,0.0,95.0,5.0,0.0,50,2025-04-07T21:22:52.064107
0.1,0.3,1.0,0.34,79.22,20.44,50,2025-04-07T21:22:52.064113
0.1,0.3,2.0,0.0,59.42,40.58,50,2025-04-07T21:22:52.064115
0.1,0.3,3.0,0.0,43.18,56.82,50,2025-04-07T21:22:52.064116
0.1,0.3,4.0,0.0,32.04,67.96,50,2025-04-07T21:22:52.064117
0.1,0.3,5.0,0.0,23.6,76.4,50,2025-04-07T21:22:52.064118
0.1,0.3,6.0,0.0,17.24,82.76,50,2025-04-07T21:22:52.064119
0.1,0.3,7.0,0.0,12.68,87.32,50,2025-04-07T21:22:52.064120
0.1,0.3,8.0,0.0,9.32,90.68,50,2025-04-07T21:22:52.064121
0.1,0.3,9.0,0.0,6.7,93.3,50,2025-04-07T21:22:52.064122
0.1,0.3,10.0,0.0,4.62,95.38,50,2025-04-07T21:22:52.064123
0.1,0.3,11.0,0.0,3.24,96.76,50,2025-04-07T21:22:52.064124
0.1,0.3,12.0,0.0,2.46,97.54,50,2025-04-07T21:22:52.064125
0.1,0.3,13.0,0.0,1.66,98.34,50,2025-04-07T21:22:52.064126
0.1,0.3,14.0,0.0,1.0,99.0,50,2025-04-07T21:22:52.064127
0.1,0.3,15.0,0.0,0.6,99.4,50,2025-04-07T21:22:52.064128
0.1,0.3,16.0,0.0,0.48,99.52,50,2025-04-07T21:22:52.064129
0.1,0.3,17.0,0.0,0.4,99.6,50,2025-04-07T21:22:52.064130
0.1,0.3,18.0,0.0,0.36,99.64,50,2025-04-07T21:22:52.064131
0.1,0.3,19.0,0.0,0.3,99.7,50,2025-04-07T21:22:52.064132
0.1,0.3,20.0,0.0,0.26,99.74,50,2025-04-07T21:22:52.064133
0.1,0.3,21.0,0.0,0.26,99.74,50,2025-04-07T21:22:52.064134
0.1,0.3,22.0,0.0,0.22,99.78,50,2025-04-07T21:22:52.064135
0.1,0.3,23.0,0.0,0.2,99.8,50,2025-04-07T21:22:52.064136
0.1,0.3,24.0,0.0,0.2,99.8,50,2025-04-07T21:22:52.064137
0.1,0.3,25.0,0.0,0.2,99.8,50,2025-04-07T21:22:52.064139
0.1,0.3,26.0,0.0,0.2,99.8,50,2025-04-07T21:22:52.064140
0.1,0.3,27.0,0.0,0.2,99.8,50,2025-04-07T21:22:52.064141
0.1,0.3,28.0,0.0,0.2,99.8,50,2025-04-07T21:22:52.064142
0.1,0.3,29.0,0.0,0.2,99.8,50,2025-04-07T21:22:52.064143
0.1,0.3,30.0,0.0,0.2,99.8,50,2025-04-07T21:22:52.064144
0.1,0.3,31.0,0.0,0.2,99.8,50,2025-04-07T21:22:52.064146
0.1,0.3,32.0,0.0,0.2,99.8,50,2025-04-07T21:22:52.064147
0.1,0.3,33.0,0.0,0.2,99.8,50,2025-04-07T21:22:52.064147
0.1,0.3,34.0,0.0,0.2,99.8,50,2025-04-07T21:22:52.064149
0.1,0.3,35.0,0.0,0.2,99.8,50,2025-04-07T21:22:52.064150
0.1,0.3,36.0,0.0,0.2,99.8,50,2025-04-07T21:22:52.064151
0.1,0.3,37.0,0.0,0.2,99.8,50,2025-04-07T21:22:52.064152
0.1,0.3,38.0,0.0,0.2,99.8,50,2025-04-07T21:22:52.064153
0.1,0.3,39.0,0.0,0.2,99.8,50,2025-04-07T21:22:52.064154
0.1,0.3,40.0,0.0,0.2,99.8,50,2025-04-07T21:22:52.064155
0.1,0.3,41.0,0.0,0.2,99.8,50,2025-04-07T21:22:52.064156
0.1,0.3,42.0,0.0,0.2,99.8,50,2025-04-07T21:22:52.064157
0.1,0.3,43.0,0.0,0.2,99.8,50,2025-04-07T21:22:52.064158
0.1,0.3,44.0,0.0,0.2,99.8,50,2025-04-07T21:22:52.064159
0.1,0.3,45.0,0.0,0.2,99.8,50,2025-04-07T21:22:52.064160
0.1,0.3,46.0,0.0,0.2,99.8,50,2025-04-07T21:22:52.064161
0.1,0.3,47.0,0.0,0.2,99.8,50,2025-04-07T21:22:52.064162
0.1,0.3,48.0,0.0,0.2,99.8,50,2025-04-07T21:22:52.064163
0.1,0.3,49.0,0.0,0.2,99.8,50,2025-04-07T21:22:52.064164
0.1,0.3,50.0,0.0,0.2,99.8,50,2025-04-07T21:22:52.064165
0.1,0.3,51.0,0.0,0.2,99.8,50,2025-04-07T21:22:52.064166
0.1,0.3,52.0,0.0,0.2,99.8,50,2025-04-07T21:22:52.064167
0.1,0.3,53.0,0.0,0.2,99.8,50,2025-04-07T21:22:52.064168
0.1,0.3,54.0,0.0,0.2,99.8,50,2025-04-07T21:22:52.064169
0.1,0.3,55.0,0.0,0.2,99.8,50,2025-04-07T21:22:52.064170
0.1,0.3,56.0,0.0,0.2,99.8,50,2025-04-07T21:22:52.064171
0.1,0.3,57.0,0.0,0.2,99.8,50,2025-04-07T21:22:52.064172
0.1,0.3,58.0,0.0,0.2,99.8,50,2025-04-07T21:22:52.064173
0.1,0.3,59.0,0.0,0.2,99.8,50,2025-04-07T21:22:52.064174
0.1,0.3,60.0,0.0,0.2,99.8,50,2025-04-07T21:22:52.064175
0.1,0.3,61.0,0.0,0.2,99.8,50,2025-04-07T21:22:52.064176
0.1,0.3,62.0,0.0,0.2,99.8,50,2025-04-07T21:22:52.064177
0.1,0.3,63.0,0.0,0.2,99.8,50,2025-04-07T21:22:52.064178
0.1,0.3,64.0,0.0,0.2,99.8,50,2025-04-07T21:22:52.064179
0.1,0.3,65.0,0.0,0.2,99.8,50,2025-04-07T21:22:52.064180
0.1,0.3,66.0,0.0,0.2,99.8,50,2025-04-07T21:22:52.064181
0.1,0.3,67.0,0.0,0.2,99.8,50,2025-04-07T21:22:52.064182
0.1,0.3,68.0,0.0,0.2,99.8,50,2025-04-07T21:22:52.064183
0.1,0.3,69.0,0.0,0.2,99.8,50,2025-04-07T21:22:52.064184
0.1,0.3,70.0,0.0,0.2,99.8,50,2025-04-07T21:22:52.064185
0.1,0.3,71.0,0.0,0.2,99.8,50,2025-04-07T21:22:52.064186
0.1,0.3,72.0,0.0,0.2,99.8,50,2025-04-07T21:22:52.064187
0.1,0.3,73.0,0.0,0.2,99.8,50,2025-04-07T21:22:52.064192
0.1,0.3,74.0,0.0,0.2,99.8,50,2025-04-07T21:22:52.064193
0.1,0.3,75.0,0.0,0.2,99.8,50,2025-04-07T21:22:52.064194
0.1,0.3,76.0,0.0,0.2,99.8,50,2025-04-07T21:22:52.064195
0.1,0.3,77.0,0.0,0.2,99.8,50,2025-04-07T21:22:52.064196
0.1,0.3,78.0,0.0,0.2,99.8,50,2025-04-07T21:22:52.064197
0.1,0.3,79.0,0.0,0.2,99.8,50,2025-04-07T21:22:52.064198
0.1,0.3,80.0,0.0,0.2,99.8,50,2025-04-07T21:22:52.064199
0.1,0.3,81.0,0.0,0.2,99.8,50,2025-04-07T21:22:52.064200
0.1,0.3,82.0,0.0,0.2,99.8,50,2025-04-07T21:22:52.064201
0.1,0.3,83.0,0.0,0.2,99.8,50,2025-04-07T21:22:52.064202
0.1,0.3,84.0,0.0,0.2,99.8,50,2025-04-07T21:22:52.064203
0.1,0.3,85.0,0.0,0.2,99.8,50,2025-04-07T21:22:52.064204
0.1,0.3,86.0,0.0,0.2,99.8,50,2025-04-07T21:22:52.064205
0.1,0.3,87.0,0.0,0.2,99.8,50,2025-04-07T21:22:52.064206
0.1,0.3,88.0,0.0,0.2,99.8,50,2025-04-07T21:22:52.064207
0.1,0.3,89.0,0.0,0.2,99.8,50,2025-04-07T21:22:52.064208
0.1,0.3,90.0,0.0,0.2,99.8,50,2025-04-07T21:22:52.064209
0.1,0.3,91.0,0.0,0.2,99.8,50,2025-04-07T21:22:52.064210
0.1,0.3,92.0,0.0,0.2,99.8,50,2025-04-07T21:22:52.064211
0.1,0.3,93.0,0.0,0.2,99.8,50,2025-04-07T21:22:52.064212
0.1,0.3,94.0,0.0,0.2,99.8,50,2025-04-07T21:22:52.064213
0.1,0.3,95.0,0.0,0.2,99.8,50,2025-04-07T21:22:52.064214
0.1,0.3,96.0,0.0,0.2,99.8,50,2025-04-07T21:22:52.064215
0.1,0.3,97.0,0.0,0.2,99.8,50,2025-04-07T21:22:52.064216
0.1,0.3,98.0,0.0,0.2,99.8,50,2025-04-07T21:22:52.064217
0.1,0.3,99.0,0.0,0.2,99.8,50,2025-04-07T21:22:52.064218
0.1,0.3,100.0,0.0,0.2,99.8,50,2025-04-07T21:22:52.064219
0.1,0.4,0.0,95.0,5.0,0.0,50,2025-04-07T21:22:52.100899
0.1,0.4,1.0,0.14,76.02,23.84,50,2025-04-07T21:22:52.100905
0.1,0.4,2.0,0.0,50.52,49.48,50,2025-04-07T21:22:52.100906
0.1,0.4,3.0,0.0,32.98,67.02,50,2025-04-07T21:22:52.100908
0.1,0.4,4.0,0.0,21.14,78.86,50,2025-04-07T21:22:52.100909
0.1,0.4,5.0,0.0,14.28,85.72,50,2025-04-07T21:22:52.100910
0.1,0.4,6.0,0.0,9.14,90.86,50,2025-04-07T21:22:52.100911
0.1,0.4,7.0,0.0,5.8,94.2,50,2025-04-07T21:22:52.100912
0.1,0.4,8.0,0.0,3.58,96.42,50,2025-04-07T21:22:52.100913
0.1,0.4,9.0,0.0,2.16,97.84,50,2025-04-07T21:22:52.100914
0.1,0.4,10.0,0.0,1.4,98.6,50,2025-04-07T21:22:52.100915
0.1,0.4,11.0,0.0,0.9,99.1,50,2025-04-07T21:22:52.100916
0.1,0.4,12.0,0.0,0.6,99.4,50,2025-04-07T21:22:52.100917
0.1,0.4,13.0,0.0,0.52,99.48,50,2025-04-07T21:22:52.100918
0.1,0.4,14.0,0.0,0.44,99.56,50,2025-04-07T21:22:52.100919
0.1,0.4,15.0,0.0,0.4,99.6,50,2025-04-07T21:22:52.100920
0.1,0.4,16.0,0.0,0.36,99.64,50,2025-04-07T21:22:52.100921
0.1,0.4,17.0,0.0,0.3,99.7,50,2025-04-07T21:22:52.100922
0.1,0.4,18.0,0.0,0.3,99.7,50,2025-04-07T21:22:52.100923
0.1,0.4,19.0,0.0,0.3,99.7,50,2025-04-07T21:22:52.100924
0.1,0.4,20.0,0.0,0.3,99.7,50,2025-04-07T21:22:52.100925
0.1,0.4,21.0,0.0,0.3,99.7,50,2025-04-07T21:22:52.100926
0.1,0.4,22.0,0.0,0.3,99.7,50,2025-04-07T21:22:52.100927
0.1,0.4,23.0,0.0,0.3,99.7,50,2025-04-07T21:22:52.100928
0.1,0.4,24.0,0.0,0.3,99.7,50,2025-04-07T21:22:52.100929
0.1,0.4,25.0,0.0,0.3,99.7,50,2025-04-07T21:22:52.100930
0.1,0.4,26.0,0.0,0.3,99.7,50,2025-04-07T21:22:52.100931
0.1,0.4,27.0,0.0,0.3,99.7,50,2025-04-07T21:22:52.100932
0.1,0.4,28.0,0.0,0.3,99.7,50,2025-04-07T21:22:52.100933
0.1,0.4,29.0,0.0,0.3,99.7,50,2025-04-07T21:22:52.100934
0.1,0.4,30.0,0.0,0.3,99.7,50,2025-04-07T21:22:52.100935
0.1,0.4,31.0,0.0,0.3,99.7,50,2025-04-07T21:22:52.100936
0.1,0.4,32.0,0.0,0.3,99.7,50,2025-04-07T21:22:52.100937
0.1,0.4,33.0,0.0,0.3,99.7,50,2025-04-07T21:22:52.100938
0.1,0.4,34.0,0.0,0.3,99.7,50,2025-04-07T21:22:52.100939
0.1,0.4,35.0,0.0,0.3,99.7,50,2025-04-07T21:22:52.100940
0.1,0.4,36.0,0.0,0.3,99.7,50,2025-04-07T21:22:52.100941
0.1,0.4,37.0,0.0,0.3,99.7,50,2025-04-07T21:22:52.100942
0.1,0.4,38.0,0.0,0.3,99.7,50,2025-04-07T21:22:52.100943
0.1,0.4,39.0,0.0,0.3,99.7,50,2025-04-07T21:22:52.100944
0.1,0.4,40.0,0.0,0.3,99.7,50,2025-04-07T21:22:52.100945
0.1,0.4,41.0,0.0,0.3,99.7,50,2025-04-07T21:22:52.100946
0.1,0.4,42.0,0.0,0.3,99.7,50,2025-04-07T21:22:52.100947
0.1,0.4,43.0,0.0,0.3,99.7,50,2025-04-07T21:22:52.100948
0.1,0.4,44.0,0.0,0.3,99.7,50,2025-04-07T21:22:52.100949
0.1,0.4,45.0,0.0,0.3,99.7,50,2025-04-07T21:22:52.100950
0.1,0.4,46.0,0.0,0.3,99.7,50,2025-04-07T21:22:52.100951
0.1,0.4,47.0,0.0,0.3,99.7,50,2025-04-07T21:22:52.100952
0.1,0.4,48.0,0.0,0.3,99.7,50,2025-04-07T21:22:52.100953
0.1,0.4,49.0,0.0,0.3,99.7,50,2025-04-07T21:22:52.100954
0.1,0.4,50.0,0.0,0.3,99.7,50,2025-04-07T21:22:52.100956
0.1,0.4,51.0,0.0,0.3,99.7,50,2025-04-07T21:22:52.100957
0.1,0.4,52.0,0.0,0.3,99.7,50,2025-04-07T21:22:52.100958
0.1,0.4,53.0,0.0,0.3,99.7,50,2025-04-07T21:22:52.100959
0.1,0.4,54.0,0.0,0.3,99.7,50,2025-04-07T21:22:52.100960
0.1,0.4,55.0,0.0,0.3,99.7,50,2025-04-07T21:22:52.100961
0.1,0.4,56.0,0.0,0.3,99.7,50,2025-04-07T21:22:52.100962
0.1,0.4,57.0,0.0,0.3,99.7,50,2025-04-07T21:22:52.100963
0.1,0.4,58.0,0.0,0.3,99.7,50,2025-04-07T21:22:52.100964
0.1,0.4,59.0,0.0,0.3,99.7,50,2025-04-07T21:22:52.100965
0.1,0.4,60.0,0.0,0.3,99.7,50,2025-04-07T21:22:52.100966
0.1,0.4,61.0,0.0,0.3,99.7,50,2025-04-07T21:22:52.100967
0.1,0.4,62.0,0.0,0.3,99.7,50,2025-04-07T21:22:52.100969
0.1,0.4,63.0,0.0,0.3,99.7,50,2025-04-07T21:22:52.100970
0.1,0.4,64.0,0.0,0.3,99.7,50,2025-04-07T21:22:52.100971
0.1,0.4,65.0,0.0,0.3,99.7,50,2025-04-07T21:22:52.100972
0.1,0.4,66.0,0.0,0.3,99.7,50,2025-04-07T21:22:52.100973
0.1,0.4,67.0,0.0,0.3,99.7,50,2025-04-07T21:22:52.100974
0.1,0.4,68.0,0.0,0.3,99.7,50,2025-04-07T21:22:52.100975
0.1,0.4,69.0,0.0,0.3,99.7,50,2025-04-07T21:22:52.100976
0.1,0.4,70.0,0.0,0.3,99.7,50,2025-04-07T21:22:52.100977
0.1,0.4,71.0,0.0,0.3,99.7,50,2025-04-07T21:22:52.101112
0.1,0.4,72.0,0.0,0.3,99.7,50,2025-04-07T21:22:52.101131
0.1,0.4,73.0,0.0,0.3,99.7,50,2025-04-07T21:22:52.101134
0.1,0.4,74.0,0.0,0.3,99.7,50,2025-04-07T21:22:52.101135
0.1,0.4,75.0,0.0,0.3,99.7,50,2025-04-07T21:22:52.101136
0.1,0.4,76.0,0.0,0.3,99.7,50,2025-04-07T21:22:52.101137
0.1,0.4,77.0,0.0,0.3,99.7,50,2025-04-07T21:22:52.101138
0.1,0.4,78.0,0.0,0.3,99.7,50,2025-04-07T21:22:52.101140
0.1,0.4,79.0,0.0,0.3,99.7,50,2025-04-07T21:22:52.101141
0.1,0.4,80.0,0.0,0.3,99.7,50,2025-04-07T21:22:52.101142
0.1,0.4,81.0,0.0,0.3,99.7,50,2025-04-07T21:22:52.101143
0.1,0.4,82.0,0.0,0.3,99.7,50,2025-04-07T21:22:52.101144
0.1,0.4,83.0,0.0,0.3,99.7,50,2025-04-07T21:22:52.101145
0.1,0.4,84.0,0.0,0.3,99.7,50,2025-04-07T21:22:52.101146
0.1,0.4,85.0,0.0,0.3,99.7,50,2025-04-07T21:22:52.101147
0.1,0.4,86.0,0.0,0.3,99.7,50,2025-04-07T21:22:52.101149
0.1,0.4,87.0,0.0,0.3,99.7,50,2025-04-07T21:22:52.101150
0.1,0.4,88.0,0.0,0.3,99.7,50,2025-04-07T21:22:52.101151
0.1,0.4,89.0,0.0,0.3,99.7,50,2025-04-07T21:22:52.101152
0.1,0.4,90.0,0.0,0.3,99.7,50,2025-04-07T21:22:52.101153
0.1,0.4,91.0,0.0,0.3,99.7,50,2025-04-07T21:22:52.101154
0.1,0.4,92.0,0.0,0.3,99.7,50,2025-04-07T21:22:52.101155
0.1,0.4,93.0,0.0,0.3,99.7,50,2025-04-07T21:22:52.101156
0.1,0.4,94.0,0.0,0.3,99.7,50,2025-04-07T21:22:52.101157
0.1,0.4,95.0,0.0,0.3,99.7,50,2025-04-07T21:22:52.101158
0.1,0.4,96.0,0.0,0.3,99.7,50,2025-04-07T21:22:52.101159
0.1,0.4,97.0,0.0,0.3,99.7,50,2025-04-07T21:22:52.101161
0.1,0.4,98.0,0.0,0.3,99.7,50,2025-04-07T21:22:52.101162
0.1,0.4,99.0,0.0,0.3,99.7,50,2025-04-07T21:22:52.101164
0.1,0.4,100.0,0.0,0.3,99.7,50,2025-04-07T21:22:52.101165
0.1,0.5,0.0,95.0,5.0,0.0,50,2025-04-07T21:22:52.136450
0.1,0.5,1.0,0.32,70.12,29.56,50,2025-04-07T21:22:52.136455
0.1,0.5,2.0,0.0,41.64,58.36,50,2025-04-07T21:22:52.136457
0.1,0.5,3.0,0.0,25.16,74.84,50,2025-04-07T21:22:52.136458
0.1,0.5,4.0,0.0,14.02,85.98,50,2025-04-07T21:22:52.136459
0.1,0.5,5.0,0.0,8.0,92.0,50,2025-04-07T21:22:52.136460
0.1,0.5,6.0,0.0,4.58,95.42,50,2025-04-07T21:22:52.136461
0.1,0.5,7.0,0.0,2.54,97.46,50,2025-04-07T21:22:52.136462
0.1,0.5,8.0,0.0,1.52,98.48,50,2025-04-07T21:22:52.136463
0.1,0.5,9.0,0.0,0.92,99.08,50,2025-04-07T21:22:52.136464
0.1,0.5,10.0,0.0,0.64,99.36,50,2025-04-07T21:22:52.136465
0.1,0.5,11.0,0.0,0.54,99.46,50,2025-04-07T21:22:52.136466
0.1,0.5,12.0,0.0,0.48,99.52,50,2025-04-07T21:22:52.136467
0.1,0.5,13.0,0.0,0.46,99.54,50,2025-04-07T21:22:52.136468
0.1,0.5,14.0,0.0,0.46,99.54,50,2025-04-07T21:22:52.136469
0.1,0.5,15.0,0.0,0.46,99.54,50,2025-04-07T21:22:52.136470
0.1,0.5,16.0,0.0,0.46,99.54,50,2025-04-07T21:22:52.136471
0.1,0.5,17.0,0.0,0.46,99.54,50,2025-04-07T21:22:52.136472
0.1,0.5,18.0,0.0,0.46,99.54,50,2025-04-07T21:22:52.136473
0.1,0.5,19.0,0.0,0.46,99.54,50,2025-04-07T21:22:52.136474
0.1,0.5,20.0,0.0,0.46,99.54,50,2025-04-07T21:22:52.136475
0.1,0.5,21.0,0.0,0.46,99.54,50,2025-04-07T21:22:52.136476
0.1,0.5,22.0,0.0,0.46,99.54,50,2025-04-07T21:22:52.136477
0.1,0.5,23.0,0.0,0.46,99.54,50,2025-04-07T21:22:52.136478
0.1,0.5,24.0,0.0,0.46,99.54,50,2025-04-07T21:22:52.136479
0.1,0.5,25.0,0.0,0.46,99.54,50,2025-04-07T21:22:52.136480
0.1,0.5,26.0,0.0,0.46,99.54,50,2025-04-07T21:22:52.136481
0.1,0.5,27.0,0.0,0.46,99.54,50,2025-04-07T21:22:52.136483
0.1,0.5,28.0,0.0,0.46,99.54,50,2025-04-07T21:22:52.136484
0.1,0.5,29.0,0.0,0.46,99.54,50,2025-04-07T21:22:52.136485
0.1,0.5,30.0,0.0,0.46,99.54,50,2025-04-07T21:22:52.136486
0.1,0.5,31.0,0.0,0.46,99.54,50,2025-04-07T21:22:52.136487
0.1,0.5,32.0,0.0,0.46,99.54,50,2025-04-07T21:22:52.136488
0.1,0.5,33.0,0.0,0.46,99.54,50,2025-04-07T21:22:52.136489
0.1,0.5,34.0,0.0,0.46,99.54,50,2025-04-07T21:22:52.136490
0.1,0.5,35.0,0.0,0.46,99.54,50,2025-04-07T21:22:52.136491
0.1,0.5,36.0,0.0,0.46,99.54,50,2025-04-07T21:22:52.136492
0.1,0.5,37.0,0.0,0.46,99.54,50,2025-04-07T21:22:52.136492
0.1,0.5,38.0,0.0,0.46,99.54,50,2025-04-07T21:22:52.136493
0.1,0.5,39.0,0.0,0.46,99.54,50,2025-04-07T21:22:52.136494
0.1,0.5,40.0,0.0,0.46,99.54,50,2025-04-07T21:22:52.136495
0.1,0.5,41.0,0.0,0.46,99.54,50,2025-04-07T21:22:52.136497
0.1,0.5,42.0,0.0,0.46,99.54,50,2025-04-07T21:22:52.136497
0.1,0.5,43.0,0.0,0.46,99.54,50,2025-04-07T21:22:52.136498
0.1,0.5,44.0,0.0,0.46,99.54,50,2025-04-07T21:22:52.136499
0.1,0.5,45.0,0.0,0.46,99.54,50,2025-04-07T21:22:52.136500
0.1,0.5,46.0,0.0,0.46,99.54,50,2025-04-07T21:22:52.136501
0.1,0.5,47.0,0.0,0.46,99.54,50,2025-04-07T21:22:52.136502
0.1,0.5,48.0,0.0,0.46,99.54,50,2025-04-07T21:22:52.136503
0.1,0.5,49.0,0.0,0.46,99.54,50,2025-04-07T21:22:52.136504
0.1,0.5,50.0,0.0,0.46,99.54,50,2025-04-07T21:22:52.136505
0.1,0.5,51.0,0.0,0.46,99.54,50,2025-04-07T21:22:52.136506
0.1,0.5,52.0,0.0,0.46,99.54,50,2025-04-07T21:22:52.136507
0.1,0.5,53.0,0.0,0.46,99.54,50,2025-04-07T21:22:52.136509
0.1,0.5,54.0,0.0,0.46,99.54,50,2025-04-07T21:22:52.136510
0.1,0.5,55.0,0.0,0.46,99.54,50,2025-04-07T21:22:52.136511
0.1,0.5,56.0,0.0,0.46,99.54,50,2025-04-07T21:22:52.136512
0.1,0.5,57.0,0.0,0.46,99.54,50,2025-04-07T21:22:52.136513
0.1,0.5,58.0,0.0,0.46,99.54,50,2025-04-07T21:22:52.136514
0.1,0.5,59.0,0.0,0.46,99.54,50,2025-04-07T21:22:52.136515
0.1,0.5,60.0,0.0,0.46,99.54,50,2025-04-07T21:22:52.136516
0.1,0.5,61.0,0.0,0.46,99.54,50,2025-04-07T21:22:52.136517
0.1,0.5,62.0,0.0,0.46,99.54,50,2025-04-07T21:22:52.136518
0.1,0.5,63.0,0.0,0.46,99.54,50,2025-04-07T21:22:52.136519
0.1,0.5,64.0,0.0,0.46,99.54,50,2025-04-07T21:22:52.136520
0.1,0.5,65.0,0.0,0.46,99.54,50,2025-04-07T21:22:52.136521
0.1,0.5,66.0,0.0,0.46,99.54,50,2025-04-07T21:22:52.136522
0.1,0.5,67.0,0.0,0.46,99.54,50,2025-04-07T21:22:52.136523
0.1,0.5,68.0,0.0,0.46,99.54,50,2025-04-07T21:22:52.136524
0.1,0.5,69.0,0.0,0.46,99.54,50,2025-04-07T21:22:52.136525
0.1,0.5,70.0,0.0,0.46,99.54,50,2025-04-07T21:22:52.136526
0.1,0.5,71.0,0.0,0.46,99.54,50,2025-04-07T21:22:52.136527
0.1,0.5,72.0,0.0,0.46,99.54,50,2025-04-07T21:22:52.136528
0.1,0.5,73.0,0.0,0.46,99.54,50,2025-04-07T21:22:52.136529
0.1,0.5,74.0,0.0,0.46,99.54,50,2025-04-07T21:22:52.136530
0.1,0.5,75.0,0.0,0.46,99.54,50,2025-04-07T21:22:52.136531
0.1,0.5,76.0,0.0,0.46,99.54,50,2025-04-07T21:22:52.136532
0.1,0.5,77.0,0.0,0.46,99.54,50,2025-04-07T21:22:52.136532
0.1,0.5,78.0,0.0,0.46,99.54,50,2025-04-07T21:22:52.136533
0.1,0.5,79.0,0.0,0.46,99.54,50,2025-04-07T21:22:52.136534
0.1,0.5,80.0,0.0,0.46,99.54,50,2025-04-07T21:22:52.136535
0.1,0.5,81.0,0.0,0.46,99.54,50,2025-04-07T21:22:52.136536
0.1,0.5,82.0,0.0,0.46,99.54,50,2025-04-07T21:22:52.136537
0.1,0.5,83.0,0.0,0.46,99.54,50,2025-04-07T21:22:52.136538
0.1,0.5,84.0,0.0,0.46,99.54,50,2025-04-07T21:22:52.136539
0.1,0.5,85.0,0.0,0.46,99.54,50,2025-04-07T21:22:52.136540
0.1,0.5,86.0,0.0,0.46,99.54,50,2025-04-07T21:22:52.136541
0.1,0.5,87.0,0.0,0.46,99.54,50,2025-04-07T21:22:52.136542
0.1,0.5,88.0,0.0,0.46,99.54,50,2025-04-07T21:22:52.136543
0.1,0.5,89.0,0.0,0.46,99.54,50,2025-04-07T21:22:52.136544
0.1,0.5,90.0,0.0,0.46,99.54,50,2025-04-07T21:22:52.136545
0.1,0.5,91.0,0.0,0.46,99.54,50,2025-04-07T21:22:52.136546
0.1,0.5,92.0,0.0,0.46,99.54,50,2025-04-07T21:22:52.136547
0.1,0.5,93.0,0.0,0.46,99.54,50,2025-04-07T21:22:52.136548
0.1,0.5,94.0,0.0,0.46,99.54,50,2025-04-07T21:22:52.136549
0.1,0.5,95.0,0.0,0.46,99.54,50,2025-04-07T21:22:52.136550
0.1,0.5,96.0,0.0,0.46,99.54,50,2025-04-07T21:22:52.136551
0.1,0.5,97.0,0.0,0.46,99.54,50,2025-04-07T21:22:52.136552
0.1,0.5,98.0,0.0,0.46,99.54,50,2025-04-07T21:22:52.136553
0.1,0.5,99.0,0.0,0.46,99.54,50,2025-04-07T21:22:52.136554
0.1,0.5,100.0,0.0,0.46,99.54,50,2025-04-07T21:22:52.136555
0.1,0.6,0.0,95.0,5.0,0.0,50,2025-04-07T21:22:52.173437
0.1,0.6,1.0,0.36,66.72,32.92,50,2025-04-07T21:22:52.173443
0.1,0.6,2.0,0.0,37.26,62.74,50,2025-04-07T21:22:52.173445
0.1,0.6,3.0,0.0,20.02,79.98,50,2025-04-07T21:22:52.173446
0.1,0.6,4.0,0.0,9.92,90.08,50,2025-04-07T21:22:52.173447
0.1,0.6,5.0,0.0,4.9,95.1,50,2025-04-07T21:22:52.173448
0.1,0.6,6.0,0.0,2.64,97.36,50,2025-04-07T21:22:52.173449
0.1,0.6,7.0,0.0,1.34,98.66,50,2025-04-07T21:22:52.173450
0.1,0.6,8.0,0.0,0.7,99.3,50,2025-04-07T21:22:52.173451
0.1,0.6,9.0,0.0,0.46,99.54,50,2025-04-07T21:22:52.173452
0.1,0.6,10.0,0.0,0.32,99.68,50,2025-04-07T21:22:52.173453
0.1,0.6,11.0,0.0,0.3,99.7,50,2025-04-07T21:22:52.173454
0.1,0.6,12.0,0.0,0.3,99.7,50,2025-04-07T21:22:52.173455
0.1,0.6,13.0,0.0,0.28,99.72,50,2025-04-07T21:22:52.173456
0.1,0.6,14.0,0.0,0.28,99.72,50,2025-04-07T21:22:52.173457
0.1,0.6,15.0,0.0,0.28,99.72,50,2025-04-07T21:22:52.173458
0.1,0.6,16.0,0.0,0.28,99.72,50,2025-04-07T21:22:52.173460
0.1,0.6,17.0,0.0,0.28,99.72,50,2025-04-07T21:22:52.173461
0.1,0.6,18.0,0.0,0.28,99.72,50,2025-04-07T21:22:52.173462
0.1,0.6,19.0,0.0,0.28,99.72,50,2025-04-07T21:22:52.173463
0.1,0.6,20.0,0.0,0.28,99.72,50,2025-04-07T21:22:52.173464
0.1,0.6,21.0,0.0,0.28,99.72,50,2025-04-07T21:22:52.173465
0.1,0.6,22.0,0.0,0.28,99.72,50,2025-04-07T21:22:52.173466
0.1,0.6,23.0,0.0,0.28,99.72,50,2025-04-07T21:22:52.173467
0.1,0.6,24.0,0.0,0.28,99.72,50,2025-04-07T21:22:52.173468
0.1,0.6,25.0,0.0,0.28,99.72,50,2025-04-07T21:22:52.173469
0.1,0.6,26.0,0.0,0.28,99.72,50,2025-04-07T21:22:52.173470
0.1,0.6,27.0,0.0,0.28,99.72,50,2025-04-07T21:22:52.173471
0.1,0.6,28.0,0.0,0.28,99.72,50,2025-04-07T21:22:52.173472
0.1,0.6,29.0,0.0,0.28,99.72,50,2025-04-07T21:22:52.173473
0.1,0.6,30.0,0.0,0.28,99.72,50,2025-04-07T21:22:52.173474
0.1,0.6,31.0,0.0,0.28,99.72,50,2025-04-07T21:22:52.173475
0.1,0.6,32.0,0.0,0.28,99.72,50,2025-04-07T21:22:52.173476
0.1,0.6,33.0,0.0,0.28,99.72,50,2025-04-07T21:22:52.173477
0.1,0.6,34.0,0.0,0.28,99.72,50,2025-04-07T21:22:52.173478
0.1,0.6,35.0,0.0,0.28,99.72,50,2025-04-07T21:22:52.173479
0.1,0.6,36.0,0.0,0.28,99.72,50,2025-04-07T21:22:52.173480
0.1,0.6,37.0,0.0,0.28,99.72,50,2025-04-07T21:22:52.173481
0.1,0.6,38.0,0.0,0.28,99.72,50,2025-04-07T21:22:52.173482
0.1,0.6,39.0,0.0,0.28,99.72,50,2025-04-07T21:22:52.173483
0.1,0.6,40.0,0.0,0.28,99.72,50,2025-04-07T21:22:52.173484
0.1,0.6,41.0,0.0,0.28,99.72,50,2025-04-07T21:22:52.173485
0.1,0.6,42.0,0.0,0.28,99.72,50,2025-04-07T21:22:52.173486
0.1,0.6,43.0,0.0,0.28,99.72,50,2025-04-07T21:22:52.173487
0.1,0.6,44.0,0.0,0.28,99.72,50,2025-04-07T21:22:52.173488
0.1,0.6,45.0,0.0,0.28,99.72,50,2025-04-07T21:22:52.173489
0.1,0.6,46.0,0.0,0.28,99.72,50,2025-04-07T21:22:52.173490
0.1,0.6,47.0,0.0,0.28,99.72,50,2025-04-07T21:22:52.173491
0.1,0.6,48.0,0.0,0.28,99.72,50,2025-04-07T21:22:52.173492
0.1,0.6,49.0,0.0,0.28,99.72,50,2025-04-07T21:22:52.173493
0.1,0.6,50.0,0.0,0.28,99.72,50,2025-04-07T21:22:52.173494
0.1,0.6,51.0,0.0,0.28,99.72,50,2025-04-07T21:22:52.173495
0.1,0.6,52.0,0.0,0.28,99.72,50,2025-04-07T21:22:52.173496
0.1,0.6,53.0,0.0,0.28,99.72,50,2025-04-07T21:22:52.173497
0.1,0.6,54.0,0.0,0.28,99.72,50,2025-04-07T21:22:52.173498
0.1,0.6,55.0,0.0,0.28,99.72,50,2025-04-07T21:22:52.173499
0.1,0.6,56.0,0.0,0.28,99.72,50,2025-04-07T21:22:52.173500
0.1,0.6,57.0,0.0,0.28,99.72,50,2025-04-07T21:22:52.173501
0.1,0.6,58.0,0.0,0.28,99.72,50,2025-04-07T21:22:52.173502
0.1,0.6,59.0,0.0,0.28,99.72,50,2025-04-07T21:22:52.173503
0.1,0.6,60.0,0.0,0.28,99.72,50,2025-04-07T21:22:52.173504
0.1,0.6,61.0,0.0,0.28,99.72,50,2025-04-07T21:22:52.173505
0.1,0.6,62.0,0.0,0.28,99.72,50,2025-04-07T21:22:52.173506
0.1,0.6,63.0,0.0,0.28,99.72,50,2025-04-07T21:22:52.173507
0.1,0.6,64.0,0.0,0.28,99.72,50,2025-04-07T21:22:52.173508
0.1,0.6,65.0,0.0,0.28,99.72,50,2025-04-07T21:22:52.173509
0.1,0.6,66.0,0.0,0.28,99.72,50,2025-04-07T21:22:52.173510
0.1,0.6,67.0,0.0,0.28,99.72,50,2025-04-07T21:22:52.173511
0.1,0.6,68.0,0.0,0.28,99.72,50,2025-04-07T21:22:52.173512
0.1,0.6,69.0,0.0,0.28,99.72,50,2025-04-07T21:22:52.173513
0.1,0.6,70.0,0.0,0.28,99.72,50,2025-04-07T21:22:52.173514
0.1,0.6,71.0,0.0,0.28,99.72,50,2025-04-07T21:22:52.173515
0.1,0.6,72.0,0.0,0.28,99.72,50,2025-04-07T21:22:52.173516
0.1,0.6,73.0,0.0,0.28,99.72,50,2025-04-07T21:22:52.173517
0.1,0.6,74.0,0.0,0.28,99.72,50,2025-04-07T21:22:52.173518
0.1,0.6,75.0,0.0,0.28,99.72,50,2025-04-07T21:22:52.173519
0.1,0.6,76.0,0.0,0.28,99.72,50,2025-04-07T21:22:52.173520
0.1,0.6,77.0,0.0,0.28,99.72,50,2025-04-07T21:22:52.173521
0.1,0.6,78.0,0.0,0.28,99.72,50,2025-04-07T21:22:52.173522
0.1,0.6,79.0,0.0,0.28,99.72,50,2025-04-07T21:22:52.173523
0.1,0.6,80.0,0.0,0.28,99.72,50,2025-04-07T21:22:52.173524
0.1,0.6,81.0,0.0,0.28,99.72,50,2025-04-07T21:22:52.173525
0.1,0.6,82.0,0.0,0.28,99.72,50,2025-04-07T21:22:52.173553
0.1,0.6,83.0,0.0,0.28,99.72,50,2025-04-07T21:22:52.173554
0.1,0.6,84.0,0.0,0.28,99.72,50,2025-04-07T21:22:52.173555
0.1,0.6,85.0,0.0,0.28,99.72,50,2025-04-07T21:22:52.173556
0.1,0.6,86.0,0.0,0.28,99.72,50,2025-04-07T21:22:52.173557
0.1,0.6,87.0,0.0,0.28,99.72,50,2025-04-07T21:22:52.173558
0.1,0.6,88.0,0.0,0.28,99.72,50,2025-04-07T21:22:52.173559
0.1,0.6,89.0,0.0,0.28,99.72,50,2025-04-07T21:22:52.173560
0.1,0.6,90.0,0.0,0.28,99.72,50,2025-04-07T21:22:52.173561
0.1,0.6,91.0,0.0,0.28,99.72,50,2025-04-07T21:22:52.173562
0.1,0.6,92.0,0.0,0.28,99.72,50,2025-04-07T21:22:52.173563
0.1,0.6,93.0,0.0,0.28,99.72,50,2025-04-07T21:22:52.173564
0.1,0.6,94.0,0.0,0.28,99.72,50,2025-04-07T21:22:52.173565
0.1,0.6,95.0,0.0,0.28,99.72,50,2025-04-07T21:22:52.173566
0.1,0.6,96.0,0.0,0.28,99.72,50,2025-04-07T21:22:52.173567
0.1,0.6,97.0,0.0,0.28,99.72,50,2025-04-07T21:22:52.173568
0.1,0.6,98.0,0.0,0.28,99.72,50,2025-04-07T21:22:52.173569
0.1,0.6,99.0,0.0,0.28,99.72,50,2025-04-07T21:22:52.173570
0.1,0.6,100.0,0.0,0.28,99.72,50,2025-04-07T21:22:52.173571
0.1,0.7000000000000001,0.0,95.0,5.0,0.0,50,2025-04-07T21:22:52.209095
0.1,0.7000000000000001,1.0,0.56,61.26,38.18,50,2025-04-07T21:22:52.209102
0.1,0.7000000000000001,2.0,0.0,30.5,69.5,50,2025-04-07T21:22:52.209103
0.1,0.7000000000000001,3.0,0.0,14.06,85.94,50,2025-04-07T21:22:52.209104
0.1,0.7000000000000001,4.0,0.0,6.56,93.44,50,2025-04-07T21:22:52.209105
0.1,0.7000000000000001,5.0,0.0,2.94,97.06,50,2025-04-07T21:22:52.209106
0.1,0.7000000000000001,6.0,0.0,1.36,98.64,50,2025-04-07T21:22:52.209107
0.1,0.7000000000000001,7.0,0.0,0.88,99.12,50,2025-04-07T21:22:52.209108
0.1,0.7000000000000001,8.0,0.0,0.6,99.4,50,2025-04-07T21:22:52.209109
0.1,0.7000000000000001,9.0,0.0,0.58,99.42,50,2025-04-07T21:22:52.209110
0.1,0.7000000000000001,10.0,0.0,0.52,99.48,50,2025-04-07T21:22:52.209111
0.1,0.7000000000000001,11.0,0.0,0.52,99.48,50,2025-04-07T21:22:52.209112
0.1,0.7000000000000001,12.0,0.0,0.52,99.48,50,2025-04-07T21:22:52.209113
0.1,0.7000000000000001,13.0,0.0,0.52,99.48,50,2025-04-07T21:22:52.209114
0.1,0.7000000000000001,14.0,0.0,0.52,99.48,50,2025-04-07T21:22:52.209115
0.1,0.7000000000000001,15.0,0.0,0.52,99.48,50,2025-04-07T21:22:52.209116
0.1,0.7000000000000001,16.0,0.0,0.52,99.48,50,2025-04-07T21:22:52.209117
0.1,0.7000000000000001,17.0,0.0,0.52,99.48,50,2025-04-07T21:22:52.209119
0.1,0.7000000000000001,18.0,0.0,0.52,99.48,50,2025-04-07T21:22:52.209119
0.1,0.7000000000000001,19.0,0.0,0.52,99.48,50,2025-04-07T21:22:52.209120
0.1,0.7000000000000001,20.0,0.0,0.52,99.48,50,2025-04-07T21:22:52.209121
0.1,0.7000000000000001,21.0,0.0,0.52,99.48,50,2025-04-07T21:22:52.209122
0.1,0.7000000000000001,22.0,0.0,0.52,99.48,50,2025-04-07T21:22:52.209123
0.1,0.7000000000000001,23.0,0.0,0.52,99.48,50,2025-04-07T21:22:52.209124
0.1,0.7000000000000001,24.0,0.0,0.52,99.48,50,2025-04-07T21:22:52.209125
0.1,0.7000000000000001,25.0,0.0,0.52,99.48,50,2025-04-07T21:22:52.209126
0.1,0.7000000000000001,26.0,0.0,0.52,99.48,50,2025-04-07T21:22:52.209127
0.1,0.7000000000000001,27.0,0.0,0.52,99.48,50,2025-04-07T21:22:52.209128
0.1,0.7000000000000001,28.0,0.0,0.52,99.48,50,2025-04-07T21:22:52.209129
0.1,0.7000000000000001,29.0,0.0,0.52,99.48,50,2025-04-07T21:22:52.209130
0.1,0.7000000000000001,30.0,0.0,0.52,99.48,50,2025-04-07T21:22:52.209131
0.1,0.7000000000000001,31.0,0.0,0.52,99.48,50,2025-04-07T21:22:52.209132
0.1,0.7000000000000001,32.0,0.0,0.52,99.48,50,2025-04-07T21:22:52.209133
0.1,0.7000000000000001,33.0,0.0,0.52,99.48,50,2025-04-07T21:22:52.209134
0.1,0.7000000000000001,34.0,0.0,0.52,99.48,50,2025-04-07T21:22:52.209135
0.1,0.7000000000000001,35.0,0.0,0.52,99.48,50,2025-04-07T21:22:52.209136
0.1,0.7000000000000001,36.0,0.0,0.52,99.48,50,2025-04-07T21:22:52.209137
0.1,0.7000000000000001,37.0,0.0,0.52,99.48,50,2025-04-07T21:22:52.209138
0.1,0.7000000000000001,38.0,0.0,0.52,99.48,50,2025-04-07T21:22:52.209139
0.1,0.7000000000000001,39.0,0.0,0.52,99.48,50,2025-04-07T21:22:52.209140
0.1,0.7000000000000001,40.0,0.0,0.52,99.48,50,2025-04-07T21:22:52.209141
0.1,0.7000000000000001,41.0,0.0,0.52,99.48,50,2025-04-07T21:22:52.209142
0.1,0.7000000000000001,42.0,0.0,0.52,99.48,50,2025-04-07T21:22:52.209143
0.1,0.7000000000000001,43.0,0.0,0.52,99.48,50,2025-04-07T21:22:52.209144
0.1,0.7000000000000001,44.0,0.0,0.52,99.48,50,2025-04-07T21:22:52.209145
0.1,0.7000000000000001,45.0,0.0,0.52,99.48,50,2025-04-07T21:22:52.209146
0.1,0.7000000000000001,46.0,0.0,0.52,99.48,50,2025-04-07T21:22:52.209147
0.1,0.7000000000000001,47.0,0.0,0.52,99.48,50,2025-04-07T21:22:52.209148
0.1,0.7000000000000001,48.0,0.0,0.52,99.48,50,2025-04-07T21:22:52.209149
0.1,0.7000000000000001,49.0,0.0,0.52,99.48,50,2025-04-07T21:22:52.209150
0.1,0.7000000000000001,50.0,0.0,0.52,99.48,50,2025-04-07T21:22:52.209151
0.1,0.7000000000000001,51.0,0.0,0.52,99.48,50,2025-04-07T21:22:52.209152
0.1,0.7000000000000001,52.0,0.0,0.52,99.48,50,2025-04-07T21:22:52.209153
0.1,0.7000000000000001,53.0,0.0,0.52,99.48,50,2025-04-07T21:22:52.209154
0.1,0.7000000000000001,54.0,0.0,0.52,99.48,50,2025-04-07T21:22:52.209155
0.1,0.7000000000000001,55.0,0.0,0.52,99.48,50,2025-04-07T21:22:52.209156
0.1,0.7000000000000001,56.0,0.0,0.52,99.48,50,2025-04-07T21:22:52.209156
0.1,0.7000000000000001,57.0,0.0,0.52,99.48,50,2025-04-07T21:22:52.209157
0.1,0.7000000000000001,58.0,0.0,0.52,99.48,50,2025-04-07T21:22:52.209158
0.1,0.7000000000000001,59.0,0.0,0.52,99.48,50,2025-04-07T21:22:52.209160
0.1,0.7000000000000001,60.0,0.0,0.52,99.48,50,2025-04-07T21:22:52.209161
0.1,0.7000000000000001,61.0,0.0,0.52,99.48,50,2025-04-07T21:22:52.209162
0.1,0.7000000000000001,62.0,0.0,0.52,99.48,50,2025-04-07T21:22:52.209163
0.1,0.7000000000000001,63.0,0.0,0.52,99.48,50,2025-04-07T21:22:52.209164
0.1,0.7000000000000001,64.0,0.0,0.52,99.48,50,2025-04-07T21:22:52.209165
0.1,0.7000000000000001,65.0,0.0,0.52,99.48,50,2025-04-07T21:22:52.209166
0.1,0.7000000000000001,66.0,0.0,0.52,99.48,50,2025-04-07T21:22:52.209167
0.1,0.7000000000000001,67.0,0.0,0.52,99.48,50,2025-04-07T21:22:52.209168
0.1,0.7000000000000001,68.0,0.0,0.52,99.48,50,2025-04-07T21:22:52.209169
0.1,0.7000000000000001,69.0,0.0,0.52,99.48,50,2025-04-07T21:22:52.209170
0.1,0.7000000000000001,70.0,0.0,0.52,99.48,50,2025-04-07T21:22:52.209171
0.1,0.7000000000000001,71.0,0.0,0.52,99.48,50,2025-04-07T21:22:52.209172
0.1,0.7000000000000001,72.0,0.0,0.52,99.48,50,2025-04-07T21:22:52.209173
0.1,0.7000000000000001,73.0,0.0,0.52,99.48,50,2025-04-07T21:22:52.209174
0.1,0.7000000000000001,74.0,0.0,0.52,99.48,50,2025-04-07T21:22:52.209175
0.1,0.7000000000000001,75.0,0.0,0.52,99.48,50,2025-04-07T21:22:52.209176
0.1,0.7000000000000001,76.0,0.0,0.52,99.48,50,2025-04-07T21:22:52.209177
0.1,0.7000000000000001,77.0,0.0,0.52,99.48,50,2025-04-07T21:22:52.209178
0.1,0.7000000000000001,78.0,0.0,0.52,99.48,50,2025-04-07T21:22:52.209179
0.1,0.7000000000000001,79.0,0.0,0.52,99.48,50,2025-04-07T21:22:52.209180
0.1,0.7000000000000001,80.0,0.0,0.52,99.48,50,2025-04-07T21:22:52.209181
0.1,0.7000000000000001,81.0,0.0,0.52,99.48,50,2025-04-07T21:22:52.209182
0.1,0.7000000000000001,82.0,0.0,0.52,99.48,50,2025-04-07T21:22:52.209183
0.1,0.7000000000000001,83.0,0.0,0.52,99.48,50,2025-04-07T21:22:52.209184
0.1,0.7000000000000001,84.0,0.0,0.52,99.48,50,2025-04-07T21:22:52.209185
0.1,0.7000000000000001,85.0,0.0,0.52,99.48,50,2025-04-07T21:22:52.209186
0.1,0.7000000000000001,86.0,0.0,0.52,99.48,50,2025-04-07T21:22:52.209187
0.1,0.7000000000000001,87.0,0.0,0.52,99.48,50,2025-04-07T21:22:52.209188
0.1,0.7000000000000001,88.0,0.0,0.52,99.48,50,2025-04-07T21:22:52.209189
0.1,0.7000000000000001,89.0,0.0,0.52,99.48,50,2025-04-07T21:22:52.209190
0.1,0.7000000000000001,90.0,0.0,0.52,99.48,50,2025-04-07T21:22:52.209191
0.1,0.7000000000000001,91.0,0.0,0.52,99.48,50,2025-04-07T21:22:52.209192
0.1,0.7000000000000001,92.0,0.0,0.52,99.48,50,2025-04-07T21:22:52.209193
0.1,0.7000000000000001,93.0,0.0,0.52,99.48,50,2025-04-07T21:22:52.209194
0.1,0.7000000000000001,94.0,0.0,0.52,99.48,50,2025-04-07T21:22:52.209195
0.1,0.7000000000000001,95.0,0.0,0.52,99.48,50,2025-04-07T21:22:52.209196
0.1,0.7000000000000001,96.0,0.0,0.52,99.48,50,2025-04-07T21:22:52.209197
0.1,0.7000000000000001,97.0,0.0,0.52,99.48,50,2025-04-07T21:22:52.209198
0.1,0.7000000000000001,98.0,0.0,0.52,99.48,50,2025-04-07T21:22:52.209199
0.1,0.7000000000000001,99.0,0.0,0.52,99.48,50,2025-04-07T21:22:52.209200
0.1,0.7000000000000001,100.0,0.0,0.52,99.48,50,2025-04-07T21:22:52.209201
0.1,0.8,0.0,95.0,5.0,0.0,50,2025-04-07T21:22:52.244055
0.1,0.8,1.0,0.74,56.74,42.52,50,2025-04-07T21:22:52.244061
0.1,0.8,2.0,0.0,24.86,75.14,50,2025-04-07T21:22:52.244062
0.1,0.8,3.0,0.0,10.98,89.02,50,2025-04-07T21:22:52.244063
0.1,0.8,4.0,0.0,4.2,95.8,50,2025-04-07T21:22:52.244064
0.1,0.8,5.0,0.0,1.62,98.38,50,2025-04-07T21:22:52.244065
0.1,0.8,6.0,0.0,0.82,99.18,50,2025-04-07T21:22:52.244066
0.1,0.8,7.0,0.0,0.6,99.4,50,2025-04-07T21:22:52.244067
0.1,0.8,8.0,0.0,0.56,99.44,50,2025-04-07T21:22:52.244068
0.1,0.8,9.0,0.0,0.52,99.48,50,2025-04-07T21:22:52.244069
0.1,0.8,10.0,0.0,0.52,99.48,50,2025-04-07T21:22:52.244070
0.1,0.8,11.0,0.0,0.52,99.48,50,2025-04-07T21:22:52.244071
0.1,0.8,12.0,0.0,0.52,99.48,50,2025-04-07T21:22:52.244072
0.1,0.8,13.0,0.0,0.52,99.48,50,2025-04-07T21:22:52.244073
0.1,0.8,14.0,0.0,0.52,99.48,50,2025-04-07T21:22:52.244074
0.1,0.8,15.0,0.0,0.52,99.48,50,2025-04-07T21:22:52.244075
0.1,0.8,16.0,0.0,0.52,99.48,50,2025-04-07T21:22:52.244076
0.1,0.8,17.0,0.0,0.52,99.48,50,2025-04-07T21:22:52.244077
0.1,0.8,18.0,0.0,0.52,99.48,50,2025-04-07T21:22:52.244078
0.1,0.8,19.0,0.0,0.52,99.48,50,2025-04-07T21:22:52.244080
0.1,0.8,20.0,0.0,0.52,99.48,50,2025-04-07T21:22:52.244080
0.1,0.8,21.0,0.0,0.52,99.48,50,2025-04-07T21:22:52.244081
0.1,0.8,22.0,0.0,0.52,99.48,50,2025-04-07T21:22:52.244082
0.1,0.8,23.0,0.0,0.52,99.48,50,2025-04-07T21:22:52.244083
0.1,0.8,24.0,0.0,0.52,99.48,50,2025-04-07T21:22:52.244084
0.1,0.8,25.0,0.0,0.52,99.48,50,2025-04-07T21:22:52.244085
0.1,0.8,26.0,0.0,0.52,99.48,50,2025-04-07T21:22:52.244086
0.1,0.8,27.0,0.0,0.52,99.48,50,2025-04-07T21:22:52.244087
0.1,0.8,28.0,0.0,0.52,99.48,50,2025-04-07T21:22:52.244088
0.1,0.8,29.0,0.0,0.52,99.48,50,2025-04-07T21:22:52.244089
0.1,0.8,30.0,0.0,0.52,99.48,50,2025-04-07T21:22:52.244090
0.1,0.8,31.0,0.0,0.52,99.48,50,2025-04-07T21:22:52.244091
0.1,0.8,32.0,0.0,0.52,99.48,50,2025-04-07T21:22:52.244092
0.1,0.8,33.0,0.0,0.52,99.48,50,2025-04-07T21:22:52.244093
0.1,0.8,34.0,0.0,0.52,99.48,50,2025-04-07T21:22:52.244094
0.1,0.8,35.0,0.0,0.52,99.48,50,2025-04-07T21:22:52.244095
0.1,0.8,36.0,0.0,0.52,99.48,50,2025-04-07T21:22:52.244096
0.1,0.8,37.0,0.0,0.52,99.48,50,2025-04-07T21:22:52.244097
0.1,0.8,38.0,0.0,0.52,99.48,50,2025-04-07T21:22:52.244099
0.1,0.8,39.0,0.0,0.52,99.48,50,2025-04-07T21:22:52.244100
0.1,0.8,40.0,0.0,0.52,99.48,50,2025-04-07T21:22:52.244101
0.1,0.8,41.0,0.0,0.52,99.48,50,2025-04-07T21:22:52.244102
0.1,0.8,42.0,0.0,0.52,99.48,50,2025-04-07T21:22:52.244102
0.1,0.8,43.0,0.0,0.52,99.48,50,2025-04-07T21:22:52.244103
0.1,0.8,44.0,0.0,0.52,99.48,50,2025-04-07T21:22:52.244105
0.1,0.8,45.0,0.0,0.52,99.48,50,2025-04-07T21:22:52.244105
0.1,0.8,46.0,0.0,0.52,99.48,50,2025-04-07T21:22:52.244107
0.1,0.8,47.0,0.0,0.52,99.48,50,2025-04-07T21:22:52.244108
0.1,0.8,48.0,0.0,0.52,99.48,50,2025-04-07T21:22:52.244109
0.1,0.8,49.0,0.0,0.52,99.48,50,2025-04-07T21:22:52.244110
0.1,0.8,50.0,0.0,0.52,99.48,50,2025-04-07T21:22:52.244111
0.1,0.8,51.0,0.0,0.52,99.48,50,2025-04-07T21:22:52.244112
0.1,0.8,52.0,0.0,0.52,99.48,50,2025-04-07T21:22:52.244113
0.1,0.8,53.0,0.0,0.52,99.48,50,2025-04-07T21:22:52.244114
0.1,0.8,54.0,0.0,0.52,99.48,50,2025-04-07T21:22:52.244115
0.1,0.8,55.0,0.0,0.52,99.48,50,2025-04-07T21:22:52.244116
0.1,0.8,56.0,0.0,0.52,99.48,50,2025-04-07T21:22:52.244117
0.1,0.8,57.0,0.0,0.52,99.48,50,2025-04-07T21:22:52.244118
0.1,0.8,58.0,0.0,0.52,99.48,50,2025-04-07T21:22:52.244119
0.1,0.8,59.0,0.0,0.52,99.48,50,2025-04-07T21:22:52.244120
0.1,0.8,60.0,0.0,0.52,99.48,50,2025-04-07T21:22:52.244121
0.1,0.8,61.0,0.0,0.52,99.48,50,2025-04-07T21:22:52.244122
0.1,0.8,62.0,0.0,0.52,99.48,50,2025-04-07T21:22:52.244123
0.1,0.8,63.0,0.0,0.52,99.48,50,2025-04-07T21:22:52.244124
0.1,0.8,64.0,0.0,0.52,99.48,50,2025-04-07T21:22:52.244125
0.1,0.8,65.0,0.0,0.52,99.48,50,2025-04-07T21:22:52.244126
0.1,0.8,66.0,0.0,0.52,99.48,50,2025-04-07T21:22:52.244127
0.1,0.8,67.0,0.0,0.52,99.48,50,2025-04-07T21:22:52.244128
0.1,0.8,68.0,0.0,0.52,99.48,50,2025-04-07T21:22:52.244129
0.1,0.8,69.0,0.0,0.52,99.48,50,2025-04-07T21:22:52.244130
0.1,0.8,70.0,0.0,0.52,99.48,50,2025-04-07T21:22:52.244131
0.1,0.8,71.0,0.0,0.52,99.48,50,2025-04-07T21:22:52.244132
0.1,0.8,72.0,0.0,0.52,99.48,50,2025-04-07T21:22:52.244133
0.1,0.8,73.0,0.0,0.52,99.48,50,2025-04-07T21:22:52.244134
0.1,0.8,74.0,0.0,0.52,99.48,50,2025-04-07T21:22:52.244135
0.1,0.8,75.0,0.0,0.52,99.48,50,2025-04-07T21:22:52.244136
0.1,0.8,76.0,0.0,0.52,99.48,50,2025-04-07T21:22:52.244137
0.1,0.8,77.0,0.0,0.52,99.48,50,2025-04-07T21:22:52.244138
0.1,0.8,78.0,0.0,0.52,99.48,50,2025-04-07T21:22:52.244139
0.1,0.8,79.0,0.0,0.52,99.48,50,2025-04-07T21:22:52.244140
0.1,0.8,80.0,0.0,0.52,99.48,50,2025-04-07T21:22:52.244141
0.1,0.8,81.0,0.0,0.52,99.48,50,2025-04-07T21:22:52.244142
0.1,0.8,82.0,0.0,0.52,99.48,50,2025-04-07T21:22:52.244143
0.1,0.8,83.0,0.0,0.52,99.48,50,2025-04-07T21:22:52.244144
0.1,0.8,84.0,0.0,0.52,99.48,50,2025-04-07T21:22:52.244145
0.1,0.8,85.0,0.0,0.52,99.48,50,2025-04-07T21:22:52.244146
0.1,0.8,86.0,0.0,0.52,99.48,50,2025-04-07T21:22:52.244147
0.1,0.8,87.0,0.0,0.52,99.48,50,2025-04-07T21:22:52.244148
0.1,0.8,88.0,0.0,0.52,99.48,50,2025-04-07T21:22:52.244149
0.1,0.8,89.0,0.0,0.52,99.48,50,2025-04-07T21:22:52.244150
0.1,0.8,90.0,0.0,0.52,99.48,50,2025-04-07T21:22:52.244151
0.1,0.8,91.0,0.0,0.52,99.48,50,2025-04-07T21:22:52.244152
0.1,0.8,92.0,0.0,0.52,99.48,50,2025-04-07T21:22:52.244179
0.1,0.8,93.0,0.0,0.52,99.48,50,2025-04-07T21:22:52.244186
0.1,0.8,94.0,0.0,0.52,99.48,50,2025-04-07T21:22:52.244188
0.1,0.8,95.0,0.0,0.52,99.48,50,2025-04-07T21:22:52.244189
0.1,0.8,96.0,0.0,0.52,99.48,50,2025-04-07T21:22:52.244191
0.1,0.8,97.0,0.0,0.52,99.48,50,2025-04-07T21:22:52.244192
0.1,0.8,98.0,0.0,0.52,99.48,50,2025-04-07T21:22:52.244193
0.1,0.8,99.0,0.0,0.52,99.48,50,2025-04-07T21:22:52.244194
0.1,0.8,100.0,0.0,0.52,99.48,50,2025-04-07T21:22:52.244195
0.1,0.9,0.0,95.0,5.0,0.0,50,2025-04-07T21:22:52.280534
0.1,0.9,1.0,0.98,54.06,44.96,50,2025-04-07T21:22:52.280539
0.1,0.9,2.0,0.02,21.9,78.08,50,2025-04-07T21:22:52.280541
0.1,0.9,3.0,0.0,8.46,91.54,50,2025-04-07T21:22:52.280542
0.1,0.9,4.0,0.0,3.06,96.94,50,2025-04-07T21:22:52.280543
0.1,0.9,5.0,0.0,1.26,98.74,50,2025-04-07T21:22:52.280544
0.1,0.9,6.0,0.0,0.72,99.28,50,2025-04-07T21:22:52.280545
0.1,0.9,7.0,0.0,0.68,99.32,50,2025-04-07T21:22:52.280547
0.1,0.9,8.0,0.0,0.68,99.32,50,2025-04-07T21:22:52.280548
0.1,0.9,9.0,0.0,0.68,99.32,50,2025-04-07T21:22:52.280549
0.1,0.9,10.0,0.0,0.68,99.32,50,2025-04-07T21:22:52.280550
0.1,0.9,11.0,0.0,0.68,99.32,50,2025-04-07T21:22:52.280551
0.1,0.9,12.0,0.0,0.68,99.32,50,2025-04-07T21:22:52.280552
0.1,0.9,13.0,0.0,0.68,99.32,50,2025-04-07T21:22:52.280553
0.1,0.9,14.0,0.0,0.68,99.32,50,2025-04-07T21:22:52.280554
0.1,0.9,15.0,0.0,0.68,99.32,50,2025-04-07T21:22:52.280555
0.1,0.9,16.0,0.0,0.68,99.32,50,2025-04-07T21:22:52.280557
0.1,0.9,17.0,0.0,0.68,99.32,50,2025-04-07T21:22:52.280558
0.1,0.9,18.0,0.0,0.68,99.32,50,2025-04-07T21:22:52.280559
0.1,0.9,19.0,0.0,0.68,99.32,50,2025-04-07T21:22:52.280560
0.1,0.9,20.0,0.0,0.68,99.32,50,2025-04-07T21:22:52.280561
0.1,0.9,21.0,0.0,0.68,99.32,50,2025-04-07T21:22:52.280562
0.1,0.9,22.0,0.0,0.68,99.32,50,2025-04-07T21:22:52.280563
0.1,0.9,23.0,0.0,0.68,99.32,50,2025-04-07T21:22:52.280564
0.1,0.9,24.0,0.0,0.68,99.32,50,2025-04-07T21:22:52.280565
0.1,0.9,25.0,0.0,0.68,99.32,50,2025-04-07T21:22:52.280566
0.1,0.9,26.0,0.0,0.68,99.32,50,2025-04-07T21:22:52.280567
0.1,0.9,27.0,0.0,0.68,99.32,50,2025-04-07T21:22:52.280568
0.1,0.9,28.0,0.0,0.68,99.32,50,2025-04-07T21:22:52.280569
0.1,0.9,29.0,0.0,0.68,99.32,50,2025-04-07T21:22:52.280570
0.1,0.9,30.0,0.0,0.68,99.32,50,2025-04-07T21:22:52.280571
0.1,0.9,31.0,0.0,0.68,99.32,50,2025-04-07T21:22:52.280572
0.1,0.9,32.0,0.0,0.68,99.32,50,2025-04-07T21:22:52.280573
0.1,0.9,33.0,0.0,0.68,99.32,50,2025-04-07T21:22:52.280575
0.1,0.9,34.0,0.0,0.68,99.32,50,2025-04-07T21:22:52.280576
0.1,0.9,35.0,0.0,0.68,99.32,50,2025-04-07T21:22:52.280577
0.1,0.9,36.0,0.0,0.68,99.32,50,2025-04-07T21:22:52.280578
0.1,0.9,37.0,0.0,0.68,99.32,50,2025-04-07T21:22:52.280579
0.1,0.9,38.0,0.0,0.68,99.32,50,2025-04-07T21:22:52.280580
0.1,0.9,39.0,0.0,0.68,99.32,50,2025-04-07T21:22:52.280581
0.1,0.9,40.0,0.0,0.68,99.32,50,2025-04-07T21:22:52.280582
0.1,0.9,41.0,0.0,0.68,99.32,50,2025-04-07T21:22:52.280583
0.1,0.9,42.0,0.0,0.68,99.32,50,2025-04-07T21:22:52.280584
0.1,0.9,43.0,0.0,0.68,99.32,50,2025-04-07T21:22:52.280585
0.1,0.9,44.0,0.0,0.68,99.32,50,2025-04-07T21:22:52.280586
0.1,0.9,45.0,0.0,0.68,99.32,50,2025-04-07T21:22:52.280587
0.1,0.9,46.0,0.0,0.68,99.32,50,2025-04-07T21:22:52.280588
0.1,0.9,47.0,0.0,0.68,99.32,50,2025-04-07T21:22:52.280589
0.1,0.9,48.0,0.0,0.68,99.32,50,2025-04-07T21:22:52.280590
0.1,0.9,49.0,0.0,0.68,99.32,50,2025-04-07T21:22:52.280591
0.1,0.9,50.0,0.0,0.68,99.32,50,2025-04-07T21:22:52.280592
0.1,0.9,51.0,0.0,0.68,99.32,50,2025-04-07T21:22:52.280593
0.1,0.9,52.0,0.0,0.68,99.32,50,2025-04-07T21:22:52.280594
0.1,0.9,53.0,0.0,0.68,99.32,50,2025-04-07T21:22:52.280595
0.1,0.9,54.0,0.0,0.68,99.32,50,2025-04-07T21:22:52.280596
0.1,0.9,55.0,0.0,0.68,99.32,50,2025-04-07T21:22:52.280597
0.1,0.9,56.0,0.0,0.68,99.32,50,2025-04-07T21:22:52.280598
0.1,0.9,57.0,0.0,0.68,99.32,50,2025-04-07T21:22:52.280599
0.1,0.9,58.0,0.0,0.68,99.32,50,2025-04-07T21:22:52.280600
0.1,0.9,59.0,0.0,0.68,99.32,50,2025-04-07T21:22:52.280601
0.1,0.9,60.0,0.0,0.68,99.32,50,2025-04-07T21:22:52.280602
0.1,0.9,61.0,0.0,0.68,99.32,50,2025-04-07T21:22:52.280603
0.1,0.9,62.0,0.0,0.68,99.32,50,2025-04-07T21:22:52.280604
0.1,0.9,63.0,0.0,0.68,99.32,50,2025-04-07T21:22:52.280605
0.1,0.9,64.0,0.0,0.68,99.32,50,2025-04-07T21:22:52.280606
0.1,0.9,65.0,0.0,0.68,99.32,50,2025-04-07T21:22:52.280607
0.1,0.9,66.0,0.0,0.68,99.32,50,2025-04-07T21:22:52.280608
0.1,0.9,67.0,0.0,0.68,99.32,50,2025-04-07T21:22:52.280609
0.1,0.9,68.0,0.0,0.68,99.32,50,2025-04-07T21:22:52.280610
0.1,0.9,69.0,0.0,0.68,99.32,50,2025-04-07T21:22:52.280611
0.1,0.9,70.0,0.0,0.68,99.32,50,2025-04-07T21:22:52.280612
0.1,0.9,71.0,0.0,0.68,99.32,50,2025-04-07T21:22:52.280613
0.1,0.9,72.0,0.0,0.68,99.32,50,2025-04-07T21:22:52.280614
0.1,0.9,73.0,0.0,0.68,99.32,50,2025-04-07T21:22:52.280615
0.1,0.9,74.0,0.0,0.68,99.32,50,2025-04-07T21:22:52.280616
0.1,0.9,75.0,0.0,0.68,99.32,50,2025-04-07T21:22:52.280617
0.1,0.9,76.0,0.0,0.68,99.32,50,2025-04-07T21:22:52.280618
0.1,0.9,77.0,0.0,0.68,99.32,50,2025-04-07T21:22:52.280619
0.1,0.9,78.0,0.0,0.68,99.32,50,2025-04-07T21:22:52.280620
0.1,0.9,79.0,0.0,0.68,99.32,50,2025-04-07T21:22:52.280621
0.1,0.9,80.0,0.0,0.68,99.32,50,2025-04-07T21:22:52.280622
0.1,0.9,81.0,0.0,0.68,99.32,50,2025-04-07T21:22:52.280623
0.1,0.9,82.0,0.0,0.68,99.32,50,2025-04-07T21:22:52.280624
0.1,0.9,83.0,0.0,0.68,99.32,50,2025-04-07T21:22:52.280625
0.1,0.9,84.0,0.0,0.68,99.32,50,2025-04-07T21:22:52.280632
0.1,0.9,85.0,0.0,0.68,99.32,50,2025-04-07T21:22:52.280634
0.1,0.9,86.0,0.0,0.68,99.32,50,2025-04-07T21:22:52.280635
0.1,0.9,87.0,0.0,0.68,99.32,50,2025-04-07T21:22:52.280636
0.1,0.9,88.0,0.0,0.68,99.32,50,2025-04-07T21:22:52.280637
0.1,0.9,89.0,0.0,0.68,99.32,50,2025-04-07T21:22:52.280638
0.1,0.9,90.0,0.0,0.68,99.32,50,2025-04-07T21:22:52.280639
0.1,0.9,91.0,0.0,0.68,99.32,50,2025-04-07T21:22:52.280641
0.1,0.9,92.0,0.0,0.68,99.32,50,2025-04-07T21:22:52.280642
0.1,0.9,93.0,0.0,0.68,99.32,50,2025-04-07T21:22:52.280643
0.1,0.9,94.0,0.0,0.68,99.32,50,2025-04-07T21:22:52.280644
0.1,0.9,95.0,0.0,0.68,99.32,50,2025-04-07T21:22:52.280645
0.1,0.9,96.0,0.0,0.68,99.32,50,2025-04-07T21:22:52.280646
0.1,0.9,97.0,0.0,0.68,99.32,50,2025-04-07T21:22:52.280647
0.1,0.9,98.0,0.0,0.68,99.32,50,2025-04-07T21:22:52.280648
0.1,0.9,99.0,0.0,0.68,99.32,50,2025-04-07T21:22:52.280649
0.1,0.9,100.0,0.0,0.68,99.32,50,2025-04-07T21:22:52.280650
0.1,1.0,0.0,95.0,5.0,0.0,50,2025-04-07T21:22:52.316414
0.1,1.0,1.0,1.14,51.96,46.9,50,2025-04-07T21:22:52.316418
0.1,1.0,2.0,0.06,20.58,79.36,50,2025-04-07T21:22:52.316420
0.1,1.0,3.0,0.02,7.08,92.9,50,2025-04-07T21:22:52.316421
0.1,1.0,4.0,0.02,2.3,97.68,50,2025-04-07T21:22:52.316422
0.1,1.0,5.0,0.02,0.98,99.0,50,2025-04-07T21:22:52.316423
0.1,1.0,6.0,0.02,0.66,99.32,50,2025-04-07T21:22:52.316424
0.1,1.0,7.0,0.02,0.64,99.34,50,2025-04-07T21:22:52.316425
0.1,1.0,8.0,0.02,0.64,99.34,50,2025-04-07T21:22:52.316426
0.1,1.0,9.0,0.02,0.64,99.34,50,2025-04-07T21:22:52.316427
0.1,1.0,10.0,0.02,0.64,99.34,50,2025-04-07T21:22:52.316428
0.1,1.0,11.0,0.02,0.64,99.34,50,2025-04-07T21:22:52.316429
0.1,1.0,12.0,0.02,0.64,99.34,50,2025-04-07T21:22:52.316430
0.1,1.0,13.0,0.02,0.64,99.34,50,2025-04-07T21:22:52.316431
0.1,1.0,14.0,0.02,0.64,99.34,50,2025-04-07T21:22:52.316432
0.1,1.0,15.0,0.02,0.64,99.34,50,2025-04-07T21:22:52.316433
0.1,1.0,16.0,0.02,0.64,99.34,50,2025-04-07T21:22:52.316434
0.1,1.0,17.0,0.02,0.64,99.34,50,2025-04-07T21:22:52.316435
0.1,1.0,18.0,0.02,0.64,99.34,50,2025-04-07T21:22:52.316436
0.1,1.0,19.0,0.02,0.64,99.34,50,2025-04-07T21:22:52.316437
0.1,1.0,20.0,0.02,0.64,99.34,50,2025-04-07T21:22:52.316438
0.1,1.0,21.0,0.02,0.64,99.34,50,2025-04-07T21:22:52.316439
0.1,1.0,22.0,0.02,0.64,99.34,50,2025-04-07T21:22:52.316440
0.1,1.0,23.0,0.02,0.64,99.34,50,2025-04-07T21:22:52.316441
0.1,1.0,24.0,0.02,0.64,99.34,50,2025-04-07T21:22:52.316442
0.1,1.0,25.0,0.02,0.64,99.34,50,2025-04-07T21:22:52.316443
0.1,1.0,26.0,0.02,0.64,99.34,50,2025-04-07T21:22:52.316444
0.1,1.0,27.0,0.02,0.64,99.34,50,2025-04-07T21:22:52.316445
0.1,1.0,28.0,0.02,0.64,99.34,50,2025-04-07T21:22:52.316446
0.1,1.0,29.0,0.02,0.64,99.34,50,2025-04-07T21:22:52.316447
0.1,1.0,30.0,0.02,0.64,99.34,50,2025-04-07T21:22:52.316448
0.1,1.0,31.0,0.02,0.64,99.34,50,2025-04-07T21:22:52.316449
0.1,1.0,32.0,0.02,0.64,99.34,50,2025-04-07T21:22:52.316450
0.1,1.0,33.0,0.02,0.64,99.34,50,2025-04-07T21:22:52.316451
0.1,1.0,34.0,0.02,0.64,99.34,50,2025-04-07T21:22:52.316452
0.1,1.0,35.0,0.02,0.64,99.34,50,2025-04-07T21:22:52.316453
0.1,1.0,36.0,0.02,0.64,99.34,50,2025-04-07T21:22:52.316454
0.1,1.0,37.0,0.02,0.64,99.34,50,2025-04-07T21:22:52.316455
0.1,1.0,38.0,0.02,0.64,99.34,50,2025-04-07T21:22:52.316456
0.1,1.0,39.0,0.02,0.64,99.34,50,2025-04-07T21:22:52.316457
0.1,1.0,40.0,0.02,0.64,99.34,50,2025-04-07T21:22:52.316458
0.1,1.0,41.0,0.02,0.64,99.34,50,2025-04-07T21:22:52.316459
0.1,1.0,42.0,0.02,0.64,99.34,50,2025-04-07T21:22:52.316460
0.1,1.0,43.0,0.02,0.64,99.34,50,2025-04-07T21:22:52.316461
0.1,1.0,44.0,0.02,0.64,99.34,50,2025-04-07T21:22:52.316462
0.1,1.0,45.0,0.02,0.64,99.34,50,2025-04-07T21:22:52.316463
0.1,1.0,46.0,0.02,0.64,99.34,50,2025-04-07T21:22:52.316464
0.1,1.0,47.0,0.02,0.64,99.34,50,2025-04-07T21:22:52.316465
0.1,1.0,48.0,0.02,0.64,99.34,50,2025-04-07T21:22:52.316466
0.1,1.0,49.0,0.02,0.64,99.34,50,2025-04-07T21:22:52.316467
0.1,1.0,50.0,0.02,0.64,99.34,50,2025-04-07T21:22:52.316468
0.1,1.0,51.0,0.02,0.64,99.34,50,2025-04-07T21:22:52.316469
0.1,1.0,52.0,0.02,0.64,99.34,50,2025-04-07T21:22:52.316470
0.1,1.0,53.0,0.02,0.64,99.34,50,2025-04-07T21:22:52.316471
0.1,1.0,54.0,0.02,0.64,99.34,50,2025-04-07T21:22:52.316472
0.1,1.0,55.0,0.02,0.64,99.34,50,2025-04-07T21:22:52.316473
0.1,1.0,56.0,0.02,0.64,99.34,50,2025-04-07T21:22:52.316474
0.1,1.0,57.0,0.02,0.64,99.34,50,2025-04-07T21:22:52.316475
0.1,1.0,58.0,0.02,0.64,99.34,50,2025-04-07T21:22:52.316476
0.1,1.0,59.0,0.02,0.64,99.34,50,2025-04-07T21:22:52.316477
0.1,1.0,60.0,0.02,0.64,99.34,50,2025-04-07T21:22:52.316478
0.1,1.0,61.0,0.02,0.64,99.34,50,2025-04-07T21:22:52.316479
0.1,1.0,62.0,0.02,0.64,99.34,50,2025-04-07T21:22:52.316480
0.1,1.0,63.0,0.02,0.64,99.34,50,2025-04-07T21:22:52.316481
0.1,1.0,64.0,0.02,0.64,99.34,50,2025-04-07T21:22:52.316483
0.1,1.0,65.0,0.02,0.64,99.34,50,2025-04-07T21:22:52.316484
0.1,1.0,66.0,0.02,0.64,99.34,50,2025-04-07T21:22:52.316485
0.1,1.0,67.0,0.02,0.64,99.34,50,2025-04-07T21:22:52.316486
0.1,1.0,68.0,0.02,0.64,99.34,50,2025-04-07T21:22:52.316487
0.1,1.0,69.0,0.02,0.64,99.34,50,2025-04-07T21:22:52.316488
0.1,1.0,70.0,0.02,0.64,99.34,50,2025-04-07T21:22:52.316489
0.1,1.0,71.0,0.02,0.64,99.34,50,2025-04-07T21:22:52.316490
0.1,1.0,72.0,0.02,0.64,99.34,50,2025-04-07T21:22:52.316491
0.1,1.0,73.0,0.02,0.64,99.34,50,2025-04-07T21:22:52.316492
0.1,1.0,74.0,0.02,0.64,99.34,50,2025-04-07T21:22:52.316493
0.1,1.0,75.0,0.02,0.64,99.34,50,2025-04-07T21:22:52.316494
0.1,1.0,76.0,0.02,0.64,99.34,50,2025-04-07T21:22:52.316495
0.1,1.0,77.0,0.02,0.64,99.34,50,2025-04-07T21:22:52.316496
0.1,1.0,78.0,0.02,0.64,99.34,50,2025-04-07T21:22:52.316497
0.1,1.0,79.0,0.02,0.64,99.34,50,2025-04-07T21:22:52.316498
0.1,1.0,80.0,0.02,0.64,99.34,50,2025-04-07T21:22:52.316499
0.1,1.0,81.0,0.02,0.64,99.34,50,2025-04-07T21:22:52.316500
0.1,1.0,82.0,0.02,0.64,99.34,50,2025-04-07T21:22:52.316501
0.1,1.0,83.0,0.02,0.64,99.34,50,2025-04-07T21:22:52.316502
0.1,1.0,84.0,0.02,0.64,99.34,50,2025-04-07T21:22:52.316503
0.1,1.0,85.0,0.02,0.64,99.34,50,2025-04-07T21:22:52.316504
0.1,1.0,86.0,0.02,0.64,99.34,50,2025-04-07T21:22:52.316505
0.1,1.0,87.0,0.02,0.64,99.34,50,2025-04-07T21:22:52.316506
0.1,1.0,88.0,0.02,0.64,99.34,50,2025-04-07T21:22:52.316507
0.1,1.0,89.0,0.02,0.64,99.34,50,2025-04-07T21:22:52.316508
0.1,1.0,90.0,0.02,0.64,99.34,50,2025-04-07T21:22:52.316509
0.1,1.0,91.0,0.02,0.64,99.34,50,2025-04-07T21:22:52.316510
0.1,1.0,92.0,0.02,0.64,99.34,50,2025-04-07T21:22:52.316510
0.1,1.0,93.0,0.02,0.64,99.34,50,2025-04-07T21:22:52.316511
0.1,1.0,94.0,0.02,0.64,99.34,50,2025-04-07T21:22:52.316512
0.1,1.0,95.0,0.02,0.64,99.34,50,2025-04-07T21:22:52.316513
0.1,1.0,96.0,0.02,0.64,99.34,50,2025-04-07T21:22:52.316514
0.1,1.0,97.0,0.02,0.64,99.34,50,2025-04-07T21:22:52.316515
0.1,1.0,98.0,0.02,0.64,99.34,50,2025-04-07T21:22:52.316516
0.1,1.0,99.0,0.02,0.64,99.34,50,2025-04-07T21:22:52.316517
0.1,1.0,100.0,0.02,0.64,99.34,50,2025-04-07T21:22:52.316518
0.2,0.1,0.0,95.0,5.0,0.0,50,2025-04-07T21:22:52.351549
0.2,0.1,1.0,0.0,91.12,8.88,50,2025-04-07T21:22:52.351554
0.2,0.1,2.0,0.0,82.76,17.24,50,2025-04-07T21:22:52.351555
0.2,0.1,3.0,0.0,74.44,25.56,50,2025-04-07T21:22:52.351557
0.2,0.1,4.0,0.0,67.3,32.7,50,2025-04-07T21:22:52.351558
0.2,0.1,5.0,0.0,60.72,39.28,50,2025-04-07T21:22:52.351559
0.2,0.1,6.0,0.0,54.5,45.5,50,2025-04-07T21:22:52.351560
0.2,0.1,7.0,0.0,48.74,51.26,50,2025-04-07T21:22:52.351561
0.2,0.1,8.0,0.0,43.62,56.38,50,2025-04-07T21:22:52.351562
0.2,0.1,9.0,0.0,39.34,60.66,50,2025-04-07T21:22:52.351563
0.2,0.1,10.0,0.0,35.68,64.32,50,2025-04-07T21:22:52.351564
0.2,0.1,11.0,0.0,32.48,67.52,50,2025-04-07T21:22:52.351565
0.2,0.1,12.0,0.0,28.78,71.22,50,2025-04-07T21:22:52.351566
0.2,0.1,13.0,0.0,25.76,74.24,50,2025-04-07T21:22:52.351567
0.2,0.1,14.0,0.0,22.92,77.08,50,2025-04-07T21:22:52.351568
0.2,0.1,15.0,0.0,20.72,79.28,50,2025-04-07T21:22:52.351569
0.2,0.1,16.0,0.0,18.4,81.6,50,2025-04-07T21:22:52.351570
0.2,0.1,17.0,0.0,16.68,83.32,50,2025-04-07T21:22:52.351571
0.2,0.1,18.0,0.0,15.12,84.88,50,2025-04-07T21:22:52.351572
0.2,0.1,19.0,0.0,13.54,86.46,50,2025-04-07T21:22:52.351573
0.2,0.1,20.0,0.0,12.28,87.72,50,2025-04-07T21:22:52.351574
0.2,0.1,21.0,0.0,11.02,88.98,50,2025-04-07T21:22:52.351575
0.2,0.1,22.0,0.0,9.84,90.16,50,2025-04-07T21:22:52.351576
0.2,0.1,23.0,0.0,8.62,91.38,50,2025-04-07T21:22:52.351577
0.2,0.1,24.0,0.0,7.66,92.34,50,2025-04-07T21:22:52.351578
0.2,0.1,25.0,0.0,6.62,93.38,50,2025-04-07T21:22:52.351579
0.2,0.1,26.0,0.0,5.76,94.24,50,2025-04-07T21:22:52.351580
0.2,0.1,27.0,0.0,5.2,94.8,50,2025-04-07T21:22:52.351581
0.2,0.1,28.0,0.0,4.64,95.36,50,2025-04-07T21:22:52.351582
0.2,0.1,29.0,0.0,4.2,95.8,50,2025-04-07T21:22:52.351583
0.2,0.1,30.0,0.0,3.7,96.3,50,2025-04-07T21:22:52.351584
0.2,0.1,31.0,0.0,3.28,96.72,50,2025-04-07T21:22:52.351585
0.2,0.1,32.0,0.0,2.82,97.18,50,2025-04-07T21:22:52.351586
0.2,0.1,33.0,0.0,2.48,97.52,50,2025-04-07T21:22:52.351587
0.2,0.1,34.0,0.0,2.22,97.78,50,2025-04-07T21:22:52.351588
0.2,0.1,35.0,0.0,1.82,98.18,50,2025-04-07T21:22:52.351589
0.2,0.1,36.0,0.0,1.52,98.48,50,2025-04-07T21:22:52.351590
0.2,0.1,37.0,0.0,1.26,98.74,50,2025-04-07T21:22:52.351591
0.2,0.1,38.0,0.0,1.22,98.78,50,2025-04-07T21:22:52.351592
0.2,0.1,39.0,0.0,0.96,99.04,50,2025-04-07T21:22:52.351593
0.2,0.1,40.0,0.0,0.88,99.12,50,2025-04-07T21:22:52.351594
0.2,0.1,41.0,0.0,0.76,99.24,50,2025-04-07T21:22:52.351595
0.2,0.1,42.0,0.0,0.72,99.28,50,2025-04-07T21:22:52.351596
0.2,0.1,43.0,0.0,0.58,99.42,50,2025-04-07T21:22:52.351597
0.2,0.1,44.0,0.0,0.46,99.54,50,2025-04-07T21:22:52.351598
0.2,0.1,45.0,0.0,0.36,99.64,50,2025-04-07T21:22:52.351599
0.2,0.1,46.0,0.0,0.32,99.68,50,2025-04-07T21:22:52.351600
0.2,0.1,47.0,0.0,0.3,99.7,50,2025-04-07T21:22:52.351601
0.2,0.1,48.0,0.0,0.26,99.74,50,2025-04-07T21:22:52.351602
0.2,0.1,49.0,0.0,0.2,99.8,50,2025-04-07T21:22:52.351603
0.2,0.1,50.0,0.0,0.18,99.82,50,2025-04-07T21:22:52.351604
0.2,0.1,51.0,0.0,0.18,99.82,50,2025-04-07T21:22:52.351605
0.2,0.1,52.0,0.0,0.18,99.82,50,2025-04-07T21:22:52.351606
0.2,0.1,53.0,0.0,0.16,99.84,50,2025-04-07T21:22:52.351614
0.2,0.1,54.0,0.0,0.14,99.86,50,2025-04-07T21:22:52.351615
0.2,0.1,55.0,0.0,0.12,99.88,50,2025-04-07T21:22:52.351616
0.2,0.1,56.0,0.0,0.12,99.88,50,2025-04-07T21:22:52.351617
0.2,0.1,57.0,0.0,0.08,99.92,50,2025-04-07T21:22:52.351618
0.2,0.1,58.0,0.0,0.06,99.94,50,2025-04-07T21:22:52.351619
0.2,0.1,59.0,0.0,0.06,99.94,50,2025-04-07T21:22:52.351620
0.2,0.1,60.0,0.0,0.06,99.94,50,2025-04-07T21:22:52.351621
0.2,0.1,61.0,0.0,0.06,99.94,50,2025-04-07T21:22:52.351622
0.2,0.1,62.0,0.0,0.06,99.94,50,2025-04-07T21:22:52.351623
0.2,0.1,63.0,0.0,0.06,99.94,50,2025-04-07T21:22:52.351624
0.2,0.1,64.0,0.0,0.06,99.94,50,2025-04-07T21:22:52.351625
0.2,0.1,65.0,0.0,0.06,99.94,50,2025-04-07T21:22:52.351626
0.2,0.1,66.0,0.0,0.06,99.94,50,2025-04-07T21:22:52.351627
0.2,0.1,67.0,0.0,0.06,99.94,50,2025-04-07T21:22:52.351628
0.2,0.1,68.0,0.0,0.06,99.94,50,2025-04-07T21:22:52.351629
0.2,0.1,69.0,0.0,0.06,99.94,50,2025-04-07T21:22:52.351630
0.2,0.1,70.0,0.0,0.06,99.94,50,2025-04-07T21:22:52.351631
0.2,0.1,71.0,0.0,0.06,99.94,50,2025-04-07T21:22:52.351632
0.2,0.1,72.0,0.0,0.06,99.94,50,2025-04-07T21:22:52.351633
0.2,0.1,73.0,0.0,0.06,99.94,50,2025-04-07T21:22:52.351634
0.2,0.1,74.0,0.0,0.06,99.94,50,2025-04-07T21:22:52.351635
0.2,0.1,75.0,0.0,0.06,99.94,50,2025-04-07T21:22:52.351636
0.2,0.1,76.0,0.0,0.06,99.94,50,2025-04-07T21:22:52.351637
0.2,0.1,77.0,0.0,0.06,99.94,50,2025-04-07T21:22:52.351638
0.2,0.1,78.0,0.0,0.06,99.94,50,2025-04-07T21:22:52.351639
0.2,0.1,79.0,0.0,0.06,99.94,50,2025-04-07T21:22:52.351640
0.2,0.1,80.0,0.0,0.06,99.94,50,2025-04-07T21:22:52.351641
0.2,0.1,81.0,0.0,0.06,99.94,50,2025-04-07T21:22:52.351642
0.2,0.1,82.0,0.0,0.06,99.94,50,2025-04-07T21:22:52.351643
0.2,0.1,83.0,0.0,0.06,99.94,50,2025-04-07T21:22:52.351644
0.2,0.1,84.0,0.0,0.06,99.94,50,2025-04-07T21:22:52.351645
0.2,0.1,85.0,0.0,0.06,99.94,50,2025-04-07T21:22:52.351646
0.2,0.1,86.0,0.0,0.06,99.94,50,2025-04-07T21:22:52.351647
0.2,0.1,87.0,0.0,0.06,99.94,50,2025-04-07T21:22:52.351648
0.2,0.1,88.0,0.0,0.06,99.94,50,2025-04-07T21:22:52.351649
0.2,0.1,89.0,0.0,0.06,99.94,50,2025-04-07T21:22:52.351650
0.2,0.1,90.0,0.0,0.06,99.94,50,2025-04-07T21:22:52.351651
0.2,0.1,91.0,0.0,0.06,99.94,50,2025-04-07T21:22:52.351652
0.2,0.1,92.0,0.0,0.06,99.94,50,2025-04-07T21:22:52.351653
0.2,0.1,93.0,0.0,0.06,99.94,50,2025-04-07T21:22:52.351654
0.2,0.1,94.0,0.0,0.06,99.94,50,2025-04-07T21:22:52.351655
0.2,0.1,95.0,0.0,0.06,99.94,50,2025-04-07T21:22:52.351656
0.2,0.1,96.0,0.0,0.06,99.94,50,2025-04-07T21:22:52.351657
0.2,0.1,97.0,0.0,0.06,99.94,50,2025-04-07T21:22:52.351658
0.2,0.1,98.0,0.0,0.06,99.94,50,2025-04-07T21:22:52.351659
0.2,0.1,99.0,0.0,0.06,99.94,50,2025-04-07T21:22:52.351660
0.2,0.1,100.0,0.0,0.06,99.94,50,2025-04-07T21:22:52.351661
0.2,0.2,0.0,95.0,5.0,0.0,50,2025-04-07T21:22:52.387337
0.2,0.2,1.0,0.0,84.06,15.94,50,2025-04-07T21:22:52.387341
0.2,0.2,2.0,0.0,68.12,31.88,50,2025-04-07T21:22:52.387343
0.2,0.2,3.0,0.0,55.54,44.46,50,2025-04-07T21:22:52.387344
0.2,0.2,4.0,0.0,45.66,54.34,50,2025-04-07T21:22:52.387345
0.2,0.2,5.0,0.0,37.06,62.94,50,2025-04-07T21:22:52.387346
0.2,0.2,6.0,0.0,30.1,69.9,50,2025-04-07T21:22:52.387347
0.2,0.2,7.0,0.0,24.28,75.72,50,2025-04-07T21:22:52.387348
0.2,0.2,8.0,0.0,19.9,80.1,50,2025-04-07T21:22:52.387349
0.2,0.2,9.0,0.0,15.98,84.02,50,2025-04-07T21:22:52.387350
0.2,0.2,10.0,0.0,12.8,87.2,50,2025-04-07T21:22:52.387351
0.2,0.2,11.0,0.0,10.22,89.78,50,2025-04-07T21:22:52.387352
0.2,0.2,12.0,0.0,8.24,91.76,50,2025-04-07T21:22:52.387353
0.2,0.2,13.0,0.0,6.7,93.3,50,2025-04-07T21:22:52.387354
0.2,0.2,14.0,0.0,5.28,94.72,50,2025-04-07T21:22:52.387355
0.2,0.2,15.0,0.0,3.94,96.06,50,2025-04-07T21:22:52.387356
0.2,0.2,16.0,0.0,3.28,96.72,50,2025-04-07T21:22:52.387357
0.2,0.2,17.0,0.0,2.78,97.22,50,2025-04-07T21:22:52.387358
0.2,0.2,18.0,0.0,2.18,97.82,50,2025-04-07T21:22:52.387359
0.2,0.2,19.0,0.0,1.6,98.4,50,2025-04-07T21:22:52.387360
0.2,0.2,20.0,0.0,1.3,98.7,50,2025-04-07T21:22:52.387361
0.2,0.2,21.0,0.0,0.96,99.04,50,2025-04-07T21:22:52.387362
0.2,0.2,22.0,0.0,0.86,99.14,50,2025-04-07T21:22:52.387363
0.2,0.2,23.0,0.0,0.62,99.38,50,2025-04-07T21:22:52.387364
0.2,0.2,24.0,0.0,0.46,99.54,50,2025-04-07T21:22:52.387365
0.2,0.2,25.0,0.0,0.32,99.68,50,2025-04-07T21:22:52.387366
0.2,0.2,26.0,0.0,0.26,99.74,50,2025-04-07T21:22:52.387367
0.2,0.2,27.0,0.0,0.18,99.82,50,2025-04-07T21:22:52.387368
0.2,0.2,28.0,0.0,0.18,99.82,50,2025-04-07T21:22:52.387369
0.2,0.2,29.0,0.0,0.18,99.82,50,2025-04-07T21:22:52.387370
0.2,0.2,30.0,0.0,0.18,99.82,50,2025-04-07T21:22:52.387371
0.2,0.2,31.0,0.0,0.18,99.82,50,2025-04-07T21:22:52.387372
0.2,0.2,32.0,0.0,0.16,99.84,50,2025-04-07T21:22:52.387373
0.2,0.2,33.0,0.0,0.16,99.84,50,2025-04-07T21:22:52.387374
0.2,0.2,34.0,0.0,0.16,99.84,50,2025-04-07T21:22:52.387375
0.2,0.2,35.0,0.0,0.16,99.84,50,2025-04-07T21:22:52.387376
0.2,0.2,36.0,0.0,0.16,99.84,50,2025-04-07T21:22:52.387377
0.2,0.2,37.0,0.0,0.16,99.84,50,2025-04-07T21:22:52.387378
0.2,0.2,38.0,0.0,0.16,99.84,50,2025-04-07T21:22:52.387379
0.2,0.2,39.0,0.0,0.16,99.84,50,2025-04-07T21:22:52.387380
0.2,0.2,40.0,0.0,0.16,99.84,50,2025-04-07T21:22:52.387381
0.2,0.2,41.0,0.0,0.16,99.84,50,2025-04-07T21:22:52.387382
0.2,0.2,42.0,0.0,0.16,99.84,50,2025-04-07T21:22:52.387383
0.2,0.2,43.0,0.0,0.16,99.84,50,2025-04-07T21:22:52.387384
0.2,0.2,44.0,0.0,0.16,99.84,50,2025-04-07T21:22:52.387385
0.2,0.2,45.0,0.0,0.16,99.84,50,2025-04-07T21:22:52.387386
0.2,0.2,46.0,0.0,0.16,99.84,50,2025-04-07T21:22:52.387387
0.2,0.2,47.0,0.0,0.16,99.84,50,2025-04-07T21:22:52.387388
0.2,0.2,48.0,0.0,0.16,99.84,50,2025-04-07T21:22:52.387389
0.2,0.2,49.0,0.0,0.16,99.84,50,2025-04-07T21:22:52.387390
0.2,0.2,50.0,0.0,0.16,99.84,50,2025-04-07T21:22:52.387391
0.2,0.2,51.0,0.0,0.16,99.84,50,2025-04-07T21:22:52.387392
0.2,0.2,52.0,0.0,0.16,99.84,50,2025-04-07T21:22:52.387393
0.2,0.2,53.0,0.0,0.16,99.84,50,2025-04-07T21:22:52.387394
0.2,0.2,54.0,0.0,0.16,99.84,50,2025-04-07T21:22:52.387395
0.2,0.2,55.0,0.0,0.16,99.84,50,2025-04-07T21:22:52.387396
0.2,0.2,56.0,0.0,0.16,99.84,50,2025-04-07T21:22:52.387397
0.2,0.2,57.0,0.0,0.16,99.84,50,2025-04-07T21:22:52.387398
0.2,0.2,58.0,0.0,0.16,99.84,50,2025-04-07T21:22:52.387399
0.2,0.2,59.0,0.0,0.16,99.84,50,2025-04-07T21:22:52.387400
0.2,0.2,60.0,0.0,0.16,99.84,50,2025-04-07T21:22:52.387401
0.2,0.2,61.0,0.0,0.16,99.84,50,2025-04-07T21:22:52.387402
0.2,0.2,62.0,0.0,0.16,99.84,50,2025-04-07T21:22:52.387403
0.2,0.2,63.0,0.0,0.16,99.84,50,2025-04-07T21:22:52.387404
0.2,0.2,64.0,0.0,0.16,99.84,50,2025-04-07T21:22:52.387405
0.2,0.2,65.0,0.0,0.16,99.84,50,2025-04-07T21:22:52.387406
0.2,0.2,66.0,0.0,0.16,99.84,50,2025-04-07T21:22:52.387407
0.2,0.2,67.0,0.0,0.16,99.84,50,2025-04-07T21:22:52.387408
0.2,0.2,68.0,0.0,0.16,99.84,50,2025-04-07T21:22:52.387409
0.2,0.2,69.0,0.0,0.16,99.84,50,2025-04-07T21:22:52.387410
0.2,0.2,70.0,0.0,0.16,99.84,50,2025-04-07T21:22:52.387411
0.2,0.2,71.0,0.0,0.16,99.84,50,2025-04-07T21:22:52.387412
0.2,0.2,72.0,0.0,0.16,99.84,50,2025-04-07T21:22:52.387413
0.2,0.2,73.0,0.0,0.16,99.84,50,2025-04-07T21:22:52.387414
0.2,0.2,74.0,0.0,0.16,99.84,50,2025-04-07T21:22:52.387415
0.2,0.2,75.0,0.0,0.16,99.84,50,2025-04-07T21:22:52.387416
0.2,0.2,76.0,0.0,0.16,99.84,50,2025-04-07T21:22:52.387417
0.2,0.2,77.0,0.0,0.16,99.84,50,2025-04-07T21:22:52.387418
0.2,0.2,78.0,0.0,0.16,99.84,50,2025-04-07T21:22:52.387419
0.2,0.2,79.0,0.0,0.16,99.84,50,2025-04-07T21:22:52.387420
0.2,0.2,80.0,0.0,0.16,99.84,50,2025-04-07T21:22:52.387421
0.2,0.2,81.0,0.0,0.16,99.84,50,2025-04-07T21:22:52.387422
0.2,0.2,82.0,0.0,0.16,99.84,50,2025-04-07T21:22:52.387423
0.2,0.2,83.0,0.0,0.16,99.84,50,2025-04-07T21:22:52.387424
0.2,0.2,84.0,0.0,0.16,99.84,50,2025-04-07T21:22:52.387425
0.2,0.2,85.0,0.0,0.16,99.84,50,2025-04-07T21:22:52.387426
0.2,0.2,86.0,0.0,0.16,99.84,50,2025-04-07T21:22:52.387427
0.2,0.2,87.0,0.0,0.16,99.84,50,2025-04-07T21:22:52.387428
0.2,0.2,88.0,0.0,0.16,99.84,50,2025-04-07T21:22:52.387429
0.2,0.2,89.0,0.0,0.16,99.84,50,2025-04-07T21:22:52.387430
0.2,0.2,90.0,0.0,0.16,99.84,50,2025-04-07T21:22:52.387431
0.2,0.2,91.0,0.0,0.16,99.84,50,2025-04-07T21:22:52.387432
0.2,0.2,92.0,0.0,0.16,99.84,50,2025-04-07T21:22:52.387433
0.2,0.2,93.0,0.0,0.16,99.84,50,2025-04-07T21:22:52.387434
0.2,0.2,94.0,0.0,0.16,99.84,50,2025-04-07T21:22:52.387435
0.2,0.2,95.0,0.0,0.16,99.84,50,2025-04-07T21:22:52.387436
0.2,0.2,96.0,0.0,0.16,99.84,50,2025-04-07T21:22:52.387437
0.2,0.2,97.0,0.0,0.16,99.84,50,2025-04-07T21:22:52.387438
0.2,0.2,98.0,0.0,0.16,99.84,50,2025-04-07T21:22:52.387439
0.2,0.2,99.0,0.0,0.16,99.84,50,2025-04-07T21:22:52.387440
0.2,0.2,100.0,0.0,0.16,99.84,50,2025-04-07T21:22:52.387450
0.2,0.3,0.0,95.0,5.0,0.0,50,2025-04-07T21:22:52.422947
0.2,0.3,1.0,0.0,76.76,23.24,50,2025-04-07T21:22:52.422952
0.2,0.3,2.0,0.0,55.6,44.4,50,2025-04-07T21:22:52.422954
0.2,0.3,3.0,0.0,40.64,59.36,50,2025-04-07T21:22:52.422955
0.2,0.3,4.0,0.0,29.94,70.06,50,2025-04-07T21:22:52.422956
0.2,0.3,5.0,0.0,21.56,78.44,50,2025-04-07T21:22:52.422957
0.2,0.3,6.0,0.0,15.54,84.46,50,2025-04-07T21:22:52.422958
0.2,0.3,7.0,0.0,11.38,88.62,50,2025-04-07T21:22:52.422959
0.2,0.3,8.0,0.0,8.0,92.0,50,2025-04-07T21:22:52.422960
0.2,0.3,9.0,0.0,5.52,94.48,50,2025-04-07T21:22:52.422961
0.2,0.3,10.0,0.0,4.0,96.0,50,2025-04-07T21:22:52.422962
0.2,0.3,11.0,0.0,2.6,97.4,50,2025-04-07T21:22:52.422963
0.2,0.3,12.0,0.0,1.9,98.1,50,2025-04-07T21:22:52.422964
0.2,0.3,13.0,0.0,1.12,98.88,50,2025-04-07T21:22:52.422965
0.2,0.3,14.0,0.0,0.82,99.18,50,2025-04-07T21:22:52.422966
0.2,0.3,15.0,0.0,0.46,99.54,50,2025-04-07T21:22:52.422967
0.2,0.3,16.0,0.0,0.28,99.72,50,2025-04-07T21:22:52.422968
0.2,0.3,17.0,0.0,0.16,99.84,50,2025-04-07T21:22:52.422969
0.2,0.3,18.0,0.0,0.14,99.86,50,2025-04-07T21:22:52.422970
0.2,0.3,19.0,0.0,0.14,99.86,50,2025-04-07T21:22:52.422971
0.2,0.3,20.0,0.0,0.12,99.88,50,2025-04-07T21:22:52.422972
0.2,0.3,21.0,0.0,0.12,99.88,50,2025-04-07T21:22:52.422973
0.2,0.3,22.0,0.0,0.12,99.88,50,2025-04-07T21:22:52.422974
0.2,0.3,23.0,0.0,0.12,99.88,50,2025-04-07T21:22:52.422975
0.2,0.3,24.0,0.0,0.12,99.88,50,2025-04-07T21:22:52.422976
0.2,0.3,25.0,0.0,0.12,99.88,50,2025-04-07T21:22:52.422977
0.2,0.3,26.0,0.0,0.1,99.9,50,2025-04-07T21:22:52.422978
0.2,0.3,27.0,0.0,0.1,99.9,50,2025-04-07T21:22:52.422979
0.2,0.3,28.0,0.0,0.1,99.9,50,2025-04-07T21:22:52.422980
0.2,0.3,29.0,0.0,0.1,99.9,50,2025-04-07T21:22:52.422981
0.2,0.3,30.0,0.0,0.1,99.9,50,2025-04-07T21:22:52.422982
0.2,0.3,31.0,0.0,0.1,99.9,50,2025-04-07T21:22:52.422983
0.2,0.3,32.0,0.0,0.1,99.9,50,2025-04-07T21:22:52.422984
0.2,0.3,33.0,0.0,0.1,99.9,50,2025-04-07T21:22:52.422986
0.2,0.3,34.0,0.0,0.1,99.9,50,2025-04-07T21:22:52.422987
0.2,0.3,35.0,0.0,0.1,99.9,50,2025-04-07T21:22:52.422988
0.2,0.3,36.0,0.0,0.1,99.9,50,2025-04-07T21:22:52.422989
0.2,0.3,37.0,0.0,0.1,99.9,50,2025-04-07T21:22:52.422990
0.2,0.3,38.0,0.0,0.1,99.9,50,2025-04-07T21:22:52.422991
0.2,0.3,39.0,0.0,0.1,99.9,50,2025-04-07T21:22:52.422992
0.2,0.3,40.0,0.0,0.1,99.9,50,2025-04-07T21:22:52.422993
0.2,0.3,41.0,0.0,0.1,99.9,50,2025-04-07T21:22:52.422994
0.2,0.3,42.0,0.0,0.1,99.9,50,2025-04-07T21:22:52.422995
0.2,0.3,43.0,0.0,0.1,99.9,50,2025-04-07T21:22:52.422996
0.2,0.3,44.0,0.0,0.1,99.9,50,2025-04-07T21:22:52.422997
0.2,0.3,45.0,0.0,0.1,99.9,50,2025-04-07T21:22:52.422998
0.2,0.3,46.0,0.0,0.1,99.9,50,2025-04-07T21:22:52.422999
0.2,0.3,47.0,0.0,0.1,99.9,50,2025-04-07T21:22:52.423000
0.2,0.3,48.0,0.0,0.1,99.9,50,2025-04-07T21:22:52.423001
0.2,0.3,49.0,0.0,0.1,99.9,50,2025-04-07T21:22:52.423002
0.2,0.3,50.0,0.0,0.1,99.9,50,2025-04-07T21:22:52.423003
0.2,0.3,51.0,0.0,0.1,99.9,50,2025-04-07T21:22:52.423004
0.2,0.3,52.0,0.0,0.1,99.9,50,2025-04-07T21:22:52.423005
0.2,0.3,53.0,0.0,0.1,99.9,50,2025-04-07T21:22:52.423006
0.2,0.3,54.0,0.0,0.1,99.9,50,2025-04-07T21:22:52.423007
0.2,0.3,55.0,0.0,0.1,99.9,50,2025-04-07T21:22:52.423008
0.2,0.3,56.0,0.0,0.1,99.9,50,2025-04-07T21:22:52.423009
0.2,0.3,57.0,0.0,0.1,99.9,50,2025-04-07T21:22:52.423010
0.2,0.3,58.0,0.0,0.1,99.9,50,2025-04-07T21:22:52.423011
0.2,0.3,59.0,0.0,0.1,99.9,50,2025-04-07T21:22:52.423012
0.2,0.3,60.0,0.0,0.1,99.9,50,2025-04-07T21:22:52.423013
0.2,0.3,61.0,0.0,0.1,99.9,50,2025-04-07T21:22:52.423014
0.2,0.3,62.0,0.0,0.1,99.9,50,2025-04-07T21:22:52.423015
0.2,0.3,63.0,0.0,0.1,99.9,50,2025-04-07T21:22:52.423016
0.2,0.3,64.0,0.0,0.1,99.9,50,2025-04-07T21:22:52.423017
0.2,0.3,65.0,0.0,0.1,99.9,50,2025-04-07T21:22:52.423018
0.2,0.3,66.0,0.0,0.1,99.9,50,2025-04-07T21:22:52.423019
0.2,0.3,67.0,0.0,0.1,99.9,50,2025-04-07T21:22:52.423020
0.2,0.3,68.0,0.0,0.1,99.9,50,2025-04-07T21:22:52.423021
0.2,0.3,69.0,0.0,0.1,99.9,50,2025-04-07T21:22:52.423022
0.2,0.3,70.0,0.0,0.1,99.9,50,2025-04-07T21:22:52.423023
0.2,0.3,71.0,0.0,0.1,99.9,50,2025-04-07T21:22:52.423024
0.2,0.3,72.0,0.0,0.1,99.9,50,2025-04-07T21:22:52.423025
0.2,0.3,73.0,0.0,0.1,99.9,50,2025-04-07T21:22:52.423026
0.2,0.3,74.0,0.0,0.1,99.9,50,2025-04-07T21:22:52.423027
0.2,0.3,75.0,0.0,0.1,99.9,50,2025-04-07T21:22:52.423028
0.2,0.3,76.0,0.0,0.1,99.9,50,2025-04-07T21:22:52.423029
0.2,0.3,77.0,0.0,0.1,99.9,50,2025-04-07T21:22:52.423036
0.2,0.3,78.0,0.0,0.1,99.9,50,2025-04-07T21:22:52.423037
0.2,0.3,79.0,0.0,0.1,99.9,50,2025-04-07T21:22:52.423038
0.2,0.3,80.0,0.0,0.1,99.9,50,2025-04-07T21:22:52.423039
0.2,0.3,81.0,0.0,0.1,99.9,50,2025-04-07T21:22:52.423040
0.2,0.3,82.0,0.0,0.1,99.9,50,2025-04-07T21:22:52.423041
0.2,0.3,83.0,0.0,0.1,99.9,50,2025-04-07T21:22:52.423042
0.2,0.3,84.0,0.0,0.1,99.9,50,2025-04-07T21:22:52.423043
0.2,0.3,85.0,0.0,0.1,99.9,50,2025-04-07T21:22:52.423044
0.2,0.3,86.0,0.0,0.1,99.9,50,2025-04-07T21:22:52.423045
0.2,0.3,87.0,0.0,0.1,99.9,50,2025-04-07T21:22:52.423046
0.2,0.3,88.0,0.0,0.1,99.9,50,2025-04-07T21:22:52.423047
0.2,0.3,89.0,0.0,0.1,99.9,50,2025-04-07T21:22:52.423048
0.2,0.3,90.0,0.0,0.1,99.9,50,2025-04-07T21:22:52.423049
0.2,0.3,91.0,0.0,0.1,99.9,50,2025-04-07T21:22:52.423050
0.2,0.3,92.0,0.0,0.1,99.9,50,2025-04-07T21:22:52.423051
0.2,0.3,93.0,0.0,0.1,99.9,50,2025-04-07T21:22:52.423052
0.2,0.3,94.0,0.0,0.1,99.9,50,2025-04-07T21:22:52.423053
0.2,0.3,95.0,0.0,0.1,99.9,50,2025-04-07T21:22:52.423054
0.2,0.3,96.0,0.0,0.1,99.9,50,2025-04-07T21:22:52.423055
0.2,0.3,97.0,0.0,0.1,99.9,50,2025-04-07T21:22:52.423056
0.2,0.3,98.0,0.0,0.1,99.9,50,2025-04-07T21:22:52.423057
0.2,0.3,99.0,0.0,0.1,99.9,50,2025-04-07T21:22:52.423058
0.2,0.3,100.0,0.0,0.1,99.9,50,2025-04-07T21:22:52.423059
0.2,0.4,0.0,95.0,5.0,0.0,50,2025-04-07T21:22:52.458911
0.2,0.4,1.0,0.0,69.96,30.04,50,2025-04-07T21:22:52.458916
0.2,0.4,2.0,0.0,46.62,53.38,50,2025-04-07T21:22:52.458918
0.2,0.4,3.0,0.0,30.34,69.66,50,2025-04-07T21:22:52.458919
0.2,0.4,4.0,0.0,19.64,80.36,50,2025-04-07T21:22:52.458920
0.2,0.4,5.0,0.0,12.78,87.22,50,2025-04-07T21:22:52.458921
0.2,0.4,6.0,0.0,7.78,92.22,50,2025-04-07T21:22:52.458922
0.2,0.4,7.0,0.0,5.18,94.82,50,2025-04-07T21:22:52.458923
0.2,0.4,8.0,0.0,3.08,96.92,50,2025-04-07T21:22:52.458924
0.2,0.4,9.0,0.0,1.88,98.12,50,2025-04-07T21:22:52.458925
0.2,0.4,10.0,0.0,1.1,98.9,50,2025-04-07T21:22:52.458926
0.2,0.4,11.0,0.0,0.76,99.24,50,2025-04-07T21:22:52.458927
0.2,0.4,12.0,0.0,0.56,99.44,50,2025-04-07T21:22:52.458928
0.2,0.4,13.0,0.0,0.42,99.58,50,2025-04-07T21:22:52.458929
0.2,0.4,14.0,0.0,0.36,99.64,50,2025-04-07T21:22:52.458930
0.2,0.4,15.0,0.0,0.34,99.66,50,2025-04-07T21:22:52.458931
0.2,0.4,16.0,0.0,0.34,99.66,50,2025-04-07T21:22:52.458932
0.2,0.4,17.0,0.0,0.34,99.66,50,2025-04-07T21:22:52.458933
0.2,0.4,18.0,0.0,0.34,99.66,50,2025-04-07T21:22:52.458934
0.2,0.4,19.0,0.0,0.34,99.66,50,2025-04-07T21:22:52.458935
0.2,0.4,20.0,0.0,0.34,99.66,50,2025-04-07T21:22:52.458936
0.2,0.4,21.0,0.0,0.34,99.66,50,2025-04-07T21:22:52.458937
0.2,0.4,22.0,0.0,0.34,99.66,50,2025-04-07T21:22:52.458938
0.2,0.4,23.0,0.0,0.34,99.66,50,2025-04-07T21:22:52.458939
0.2,0.4,24.0,0.0,0.34,99.66,50,2025-04-07T21:22:52.458940
0.2,0.4,25.0,0.0,0.34,99.66,50,2025-04-07T21:22:52.458941
0.2,0.4,26.0,0.0,0.34,99.66,50,2025-04-07T21:22:52.458942
0.2,0.4,27.0,0.0,0.34,99.66,50,2025-04-07T21:22:52.458943
0.2,0.4,28.0,0.0,0.34,99.66,50,2025-04-07T21:22:52.458944
0.2,0.4,29.0,0.0,0.34,99.66,50,2025-04-07T21:22:52.458945
0.2,0.4,30.0,0.0,0.34,99.66,50,2025-04-07T21:22:52.458946
0.2,0.4,31.0,0.0,0.34,99.66,50,2025-04-07T21:22:52.458947
0.2,0.4,32.0,0.0,0.34,99.66,50,2025-04-07T21:22:52.458948
0.2,0.4,33.0,0.0,0.34,99.66,50,2025-04-07T21:22:52.458949
0.2,0.4,34.0,0.0,0.34,99.66,50,2025-04-07T21:22:52.458950
0.2,0.4,35.0,0.0,0.34,99.66,50,2025-04-07T21:22:52.458951
0.2,0.4,36.0,0.0,0.34,99.66,50,2025-04-07T21:22:52.458952
0.2,0.4,37.0,0.0,0.34,99.66,50,2025-04-07T21:22:52.458953
0.2,0.4,38.0,0.0,0.34,99.66,50,2025-04-07T21:22:52.458954
0.2,0.4,39.0,0.0,0.34,99.66,50,2025-04-07T21:22:52.458955
0.2,0.4,40.0,0.0,0.34,99.66,50,2025-04-07T21:22:52.458956
0.2,0.4,41.0,0.0,0.34,99.66,50,2025-04-07T21:22:52.458957
0.2,0.4,42.0,0.0,0.34,99.66,50,2025-04-07T21:22:52.458958
0.2,0.4,43.0,0.0,0.34,99.66,50,2025-04-07T21:22:52.458959
0.2,0.4,44.0,0.0,0.34,99.66,50,2025-04-07T21:22:52.458960
0.2,0.4,45.0,0.0,0.34,99.66,50,2025-04-07T21:22:52.458961
0.2,0.4,46.0,0.0,0.34,99.66,50,2025-04-07T21:22:52.458962
0.2,0.4,47.0,0.0,0.34,99.66,50,2025-04-07T21:22:52.458963
0.2,0.4,48.0,0.0,0.34,99.66,50,2025-04-07T21:22:52.458964
0.2,0.4,49.0,0.0,0.34,99.66,50,2025-04-07T21:22:52.458965
0.2,0.4,50.0,0.0,0.34,99.66,50,2025-04-07T21:22:52.458966
0.2,0.4,51.0,0.0,0.34,99.66,50,2025-04-07T21:22:52.458967
0.2,0.4,52.0,0.0,0.34,99.66,50,2025-04-07T21:22:52.458968
0.2,0.4,53.0,0.0,0.34,99.66,50,2025-04-07T21:22:52.458969
0.2,0.4,54.0,0.0,0.34,99.66,50,2025-04-07T21:22:52.458970
0.2,0.4,55.0,0.0,0.34,99.66,50,2025-04-07T21:22:52.458971
0.2,0.4,56.0,0.0,0.34,99.66,50,2025-04-07T21:22:52.458972
0.2,0.4,57.0,0.0,0.34,99.66,50,2025-04-07T21:22:52.458973
0.2,0.4,58.0,0.0,0.34,99.66,50,2025-04-07T21:22:52.458974
0.2,0.4,59.0,0.0,0.34,99.66,50,2025-04-07T21:22:52.458975
0.2,0.4,60.0,0.0,0.34,99.66,50,2025-04-07T21:22:52.458976
0.2,0.4,61.0,0.0,0.34,99.66,50,2025-04-07T21:22:52.458977
0.2,0.4,62.0,0.0,0.34,99.66,50,2025-04-07T21:22:52.458978
0.2,0.4,63.0,0.0,0.34,99.66,50,2025-04-07T21:22:52.458979
0.2,0.4,64.0,0.0,0.34,99.66,50,2025-04-07T21:22:52.458980
0.2,0.4,65.0,0.0,0.34,99.66,50,2025-04-07T21:22:52.458981
0.2,0.4,66.0,0.0,0.34,99.66,50,2025-04-07T21:22:52.458982
0.2,0.4,67.0,0.0,0.34,99.66,50,2025-04-07T21:22:52.458983
0.2,0.4,68.0,0.0,0.34,99.66,50,2025-04-07T21:22:52.458984
0.2,0.4,69.0,0.0,0.34,99.66,50,2025-04-07T21:22:52.458985
0.2,0.4,70.0,0.0,0.34,99.66,50,2025-04-07T21:22:52.458986
0.2,0.4,71.0,0.0,0.34,99.66,50,2025-04-07T21:22:52.458987
0.2,0.4,72.0,0.0,0.34,99.66,50,2025-04-07T21:22:52.458988
0.2,0.4,73.0,0.0,0.34,99.66,50,2025-04-07T21:22:52.458989
0.2,0.4,74.0,0.0,0.34,99.66,50,2025-04-07T21:22:52.458990
0.2,0.4,75.0,0.0,0.34,99.66,50,2025-04-07T21:22:52.458991
0.2,0.4,76.0,0.0,0.34,99.66,50,2025-04-07T21:22:52.458992
0.2,0.4,77.0,0.0,0.34,99.66,50,2025-04-07T21:22:52.458993
0.2,0.4,78.0,0.0,0.34,99.66,50,2025-04-07T21:22:52.458994
0.2,0.4,79.0,0.0,0.34,99.66,50,2025-04-07T21:22:52.458995
0.2,0.4,80.0,0.0,0.34,99.66,50,2025-04-07T21:22:52.458996
0.2,0.4,81.0,0.0,0.34,99.66,50,2025-04-07T21:22:52.458997
0.2,0.4,82.0,0.0,0.34,99.66,50,2025-04-07T21:22:52.458998
0.2,0.4,83.0,0.0,0.34,99.66,50,2025-04-07T21:22:52.458999
0.2,0.4,84.0,0.0,0.34,99.66,50,2025-04-07T21:22:52.459000
0.2,0.4,85.0,0.0,0.34,99.66,50,2025-04-07T21:22:52.459001
0.2,0.4,86.0,0.0,0.34,99.66,50,2025-04-07T21:22:52.459002
0.2,0.4,87.0,0.0,0.34,99.66,50,2025-04-07T21:22:52.459003
0.2,0.4,88.0,0.0,0.34,99.66,50,2025-04-07T21:22:52.459004
0.2,0.4,89.0,0.0,0.34,99.66,50,2025-04-07T21:22:52.459004
0.2,0.4,90.0,0.0,0.34,99.66,50,2025-04-07T21:22:52.459005
0.2,0.4,91.0,0.0,0.34,99.66,50,2025-04-07T21:22:52.459006
0.2,0.4,92.0,0.0,0.34,99.66,50,2025-04-07T21:22:52.459008
0.2,0.4,93.0,0.0,0.34,99.66,50,2025-04-07T21:22:52.459009
0.2,0.4,94.0,0.0,0.34,99.66,50,2025-04-07T21:22:52.459010
0.2,0.4,95.0,0.0,0.34,99.66,50,2025-04-07T21:22:52.459011
0.2,0.4,96.0,0.0,0.34,99.66,50,2025-04-07T21:22:52.459012
0.2,0.4,97.0,0.0,0.34,99.66,50,2025-04-07T21:22:52.459013
0.2,0.4,98.0,0.0,0.34,99.66,50,2025-04-07T21:22:52.459014
0.2,0.4,99.0,0.0,0.34,99.66,50,2025-04-07T21:22:52.459015
0.2,0.4,100.0,0.0,0.34,99.66,50,2025-04-07T21:22:52.459016
0.2,0.5,0.0,95.0,5.0,0.0,50,2025-04-07T21:22:52.494140
0.2,0.5,1.0,0.0,64.7,35.3,50,2025-04-07T21:22:52.494146
0.2,0.5,2.0,0.0,38.8,61.2,50,2025-04-07T21:22:52.494147
0.2,0.5,3.0,0.0,22.44,77.56,50,2025-04-07T21:22:52.494148
0.2,0.5,4.0,0.0,13.22,86.78,50,2025-04-07T21:22:52.494150
0.2,0.5,5.0,0.0,7.8,92.2,50,2025-04-07T21:22:52.494151
0.2,0.5,6.0,0.0,4.46,95.54,50,2025-04-07T21:22:52.494152
0.2,0.5,7.0,0.0,2.58,97.42,50,2025-04-07T21:22:52.494153
0.2,0.5,8.0,0.0,1.28,98.72,50,2025-04-07T21:22:52.494154
0.2,0.5,9.0,0.0,0.78,99.22,50,2025-04-07T21:22:52.494155
0.2,0.5,10.0,0.0,0.46,99.54,50,2025-04-07T21:22:52.494156
0.2,0.5,11.0,0.0,0.44,99.56,50,2025-04-07T21:22:52.494157
0.2,0.5,12.0,0.0,0.4,99.6,50,2025-04-07T21:22:52.494158
0.2,0.5,13.0,0.0,0.38,99.62,50,2025-04-07T21:22:52.494159
0.2,0.5,14.0,0.0,0.38,99.62,50,2025-04-07T21:22:52.494160
0.2,0.5,15.0,0.0,0.38,99.62,50,2025-04-07T21:22:52.494161
0.2,0.5,16.0,0.0,0.38,99.62,50,2025-04-07T21:22:52.494162
0.2,0.5,17.0,0.0,0.38,99.62,50,2025-04-07T21:22:52.494163
0.2,0.5,18.0,0.0,0.38,99.62,50,2025-04-07T21:22:52.494164
0.2,0.5,19.0,0.0,0.38,99.62,50,2025-04-07T21:22:52.494165
0.2,0.5,20.0,0.0,0.38,99.62,50,2025-04-07T21:22:52.494166
0.2,0.5,21.0,0.0,0.38,99.62,50,2025-04-07T21:22:52.494167
0.2,0.5,22.0,0.0,0.38,99.62,50,2025-04-07T21:22:52.494168
0.2,0.5,23.0,0.0,0.38,99.62,50,2025-04-07T21:22:52.494169
0.2,0.5,24.0,0.0,0.38,99.62,50,2025-04-07T21:22:52.494170
0.2,0.5,25.0,0.0,0.38,99.62,50,2025-04-07T21:22:52.494171
0.2,0.5,26.0,0.0,0.38,99.62,50,2025-04-07T21:22:52.494172
0.2,0.5,27.0,0.0,0.38,99.62,50,2025-04-07T21:22:52.494173
0.2,0.5,28.0,0.0,0.38,99.62,50,2025-04-07T21:22:52.494174
0.2,0.5,29.0,0.0,0.38,99.62,50,2025-04-07T21:22:52.494175
0.2,0.5,30.0,0.0,0.38,99.62,50,2025-04-07T21:22:52.494176
0.2,0.5,31.0,0.0,0.38,99.62,50,2025-04-07T21:22:52.494185
0.2,0.5,32.0,0.0,0.38,99.62,50,2025-04-07T21:22:52.494186
0.2,0.5,33.0,0.0,0.38,99.62,50,2025-04-07T21:22:52.494187
0.2,0.5,34.0,0.0,0.38,99.62,50,2025-04-07T21:22:52.494188
0.2,0.5,35.0,0.0,0.38,99.62,50,2025-04-07T21:22:52.494189
0.2,0.5,36.0,0.0,0.38,99.62,50,2025-04-07T21:22:52.494190
0.2,0.5,37.0,0.0,0.38,99.62,50,2025-04-07T21:22:52.494191
0.2,0.5,38.0,0.0,0.38,99.62,50,2025-04-07T21:22:52.494192
0.2,0.5,39.0,0.0,0.38,99.62,50,2025-04-07T21:22:52.494193
0.2,0.5,40.0,0.0,0.38,99.62,50,2025-04-07T21:22:52.494194
0.2,0.5,41.0,0.0,0.38,99.62,50,2025-04-07T21:22:52.494195
0.2,0.5,42.0,0.0,0.38,99.62,50,2025-04-07T21:22:52.494196
0.2,0.5,43.0,0.0,0.38,99.62,50,2025-04-07T21:22:52.494197
0.2,0.5,44.0,0.0,0.38,99.62,50,2025-04-07T21:22:52.494198
0.2,0.5,45.0,0.0,0.38,99.62,50,2025-04-07T21:22:52.494199
0.2,0.5,46.0,0.0,0.38,99.62,50,2025-04-07T21:22:52.494200
0.2,0.5,47.0,0.0,0.38,99.62,50,2025-04-07T21:22:52.494201
0.2,0.5,48.0,0.0,0.38,99.62,50,2025-04-07T21:22:52.494202
0.2,0.5,49.0,0.0,0.38,99.62,50,2025-04-07T21:22:52.494203
0.2,0.5,50.0,0.0,0.38,99.62,50,2025-04-07T21:22:52.494204
0.2,0.5,51.0,0.0,0.38,99.62,50,2025-04-07T21:22:52.494205
0.2,0.5,52.0,0.0,0.38,99.62,50,2025-04-07T21:22:52.494206
0.2,0.5,53.0,0.0,0.38,99.62,50,2025-04-07T21:22:52.494207
0.2,0.5,54.0,0.0,0.38,99.62,50,2025-04-07T21:22:52.494208
0.2,0.5,55.0,0.0,0.38,99.62,50,2025-04-07T21:22:52.494209
0.2,0.5,56.0,0.0,0.38,99.62,50,2025-04-07T21:22:52.494210
0.2,0.5,57.0,0.0,0.38,99.62,50,2025-04-07T21:22:52.494211
0.2,0.5,58.0,0.0,0.38,99.62,50,2025-04-07T21:22:52.494212
0.2,0.5,59.0,0.0,0.38,99.62,50,2025-04-07T21:22:52.494213
0.2,0.5,60.0,0.0,0.38,99.62,50,2025-04-07T21:22:52.494214
0.2,0.5,61.0,0.0,0.38,99.62,50,2025-04-07T21:22:52.494215
0.2,0.5,62.0,0.0,0.38,99.62,50,2025-04-07T21:22:52.494216
0.2,0.5,63.0,0.0,0.38,99.62,50,2025-04-07T21:22:52.494217
0.2,0.5,64.0,0.0,0.38,99.62,50,2025-04-07T21:22:52.494218
0.2,0.5,65.0,0.0,0.38,99.62,50,2025-04-07T21:22:52.494219
0.2,0.5,66.0,0.0,0.38,99.62,50,2025-04-07T21:22:52.494220
0.2,0.5,67.0,0.0,0.38,99.62,50,2025-04-07T21:22:52.494221
0.2,0.5,68.0,0.0,0.38,99.62,50,2025-04-07T21:22:52.494222
0.2,0.5,69.0,0.0,0.38,99.62,50,2025-04-07T21:22:52.494223
0.2,0.5,70.0,0.0,0.38,99.62,50,2025-04-07T21:22:52.494224
0.2,0.5,71.0,0.0,0.38,99.62,50,2025-04-07T21:22:52.494224
0.2,0.5,72.0,0.0,0.38,99.62,50,2025-04-07T21:22:52.494225
0.2,0.5,73.0,0.0,0.38,99.62,50,2025-04-07T21:22:52.494226
0.2,0.5,74.0,0.0,0.38,99.62,50,2025-04-07T21:22:52.494227
0.2,0.5,75.0,0.0,0.38,99.62,50,2025-04-07T21:22:52.494228
0.2,0.5,76.0,0.0,0.38,99.62,50,2025-04-07T21:22:52.494229
0.2,0.5,77.0,0.0,0.38,99.62,50,2025-04-07T21:22:52.494230
0.2,0.5,78.0,0.0,0.38,99.62,50,2025-04-07T21:22:52.494231
0.2,0.5,79.0,0.0,0.38,99.62,50,2025-04-07T21:22:52.494232
0.2,0.5,80.0,0.0,0.38,99.62,50,2025-04-07T21:22:52.494234
0.2,0.5,81.0,0.0,0.38,99.62,50,2025-04-07T21:22:52.494234
0.2,0.5,82.0,0.0,0.38,99.62,50,2025-04-07T21:22:52.494235
0.2,0.5,83.0,0.0,0.38,99.62,50,2025-04-07T21:22:52.494236
0.2,0.5,84.0,0.0,0.38,99.62,50,2025-04-07T21:22:52.494237
0.2,0.5,85.0,0.0,0.38,99.62,50,2025-04-07T21:22:52.494238
0.2,0.5,86.0,0.0,0.38,99.62,50,2025-04-07T21:22:52.494239
0.2,0.5,87.0,0.0,0.38,99.62,50,2025-04-07T21:22:52.494240
0.2,0.5,88.0,0.0,0.38,99.62,50,2025-04-07T21:22:52.494241
0.2,0.5,89.0,0.0,0.38,99.62,50,2025-04-07T21:22:52.494242
0.2,0.5,90.0,0.0,0.38,99.62,50,2025-04-07T21:22:52.494243
0.2,0.5,91.0,0.0,0.38,99.62,50,2025-04-07T21:22:52.494244
0.2,0.5,92.0,0.0,0.38,99.62,50,2025-04-07T21:22:52.494245
0.2,0.5,93.0,0.0,0.38,99.62,50,2025-04-07T21:22:52.494246
0.2,0.5,94.0,0.0,0.38,99.62,50,2025-04-07T21:22:52.494247
0.2,0.5,95.0,0.0,0.38,99.62,50,2025-04-07T21:22:52.494248
0.2,0.5,96.0,0.0,0.38,99.62,50,2025-04-07T21:22:52.494249
0.2,0.5,97.0,0.0,0.38,99.62,50,2025-04-07T21:22:52.494250
0.2,0.5,98.0,0.0,0.38,99.62,50,2025-04-07T21:22:52.494251
0.2,0.5,99.0,0.0,0.38,99.62,50,2025-04-07T21:22:52.494252
0.2,0.5,100.0,0.0,0.38,99.62,50,2025-04-07T21:22:52.494253
0.2,0.6,0.0,95.0,5.0,0.0,50,2025-04-07T21:22:52.564759
0.2,0.6,1.0,0.0,59.46,40.54,50,2025-04-07T21:22:52.564765
0.2,0.6,2.0,0.0,32.42,67.58,50,2025-04-07T21:22:52.564767
0.2,0.6,3.0,0.0,17.56,82.44,50,2025-04-07T21:22:52.564768
0.2,0.6,4.0,0.0,9.02,90.98,50,2025-04-07T21:22:52.564769
0.2,0.6,5.0,0.0,4.68,95.32,50,2025-04-07T21:22:52.564770
0.2,0.6,6.0,0.0,2.26,97.74,50,2025-04-07T21:22:52.564771
0.2,0.6,7.0,0.0,1.04,98.96,50,2025-04-07T21:22:52.564772
0.2,0.6,8.0,0.0,0.46,99.54,50,2025-04-07T21:22:52.564773
0.2,0.6,9.0,0.0,0.38,99.62,50,2025-04-07T21:22:52.564774
0.2,0.6,10.0,0.0,0.38,99.62,50,2025-04-07T21:22:52.564775
0.2,0.6,11.0,0.0,0.38,99.62,50,2025-04-07T21:22:52.564776
0.2,0.6,12.0,0.0,0.38,99.62,50,2025-04-07T21:22:52.564777
0.2,0.6,13.0,0.0,0.38,99.62,50,2025-04-07T21:22:52.564778
0.2,0.6,14.0,0.0,0.38,99.62,50,2025-04-07T21:22:52.564779
0.2,0.6,15.0,0.0,0.38,99.62,50,2025-04-07T21:22:52.564780
0.2,0.6,16.0,0.0,0.38,99.62,50,2025-04-07T21:22:52.564781
0.2,0.6,17.0,0.0,0.38,99.62,50,2025-04-07T21:22:52.564782
0.2,0.6,18.0,0.0,0.38,99.62,50,2025-04-07T21:22:52.564783
0.2,0.6,19.0,0.0,0.38,99.62,50,2025-04-07T21:22:52.564784
0.2,0.6,20.0,0.0,0.38,99.62,50,2025-04-07T21:22:52.564785
0.2,0.6,21.0,0.0,0.38,99.62,50,2025-04-07T21:22:52.564786
0.2,0.6,22.0,0.0,0.38,99.62,50,2025-04-07T21:22:52.564787
0.2,0.6,23.0,0.0,0.38,99.62,50,2025-04-07T21:22:52.564788
0.2,0.6,24.0,0.0,0.38,99.62,50,2025-04-07T21:22:52.564789
0.2,0.6,25.0,0.0,0.38,99.62,50,2025-04-07T21:22:52.564790
0.2,0.6,26.0,0.0,0.38,99.62,50,2025-04-07T21:22:52.564791
0.2,0.6,27.0,0.0,0.38,99.62,50,2025-04-07T21:22:52.564792
0.2,0.6,28.0,0.0,0.38,99.62,50,2025-04-07T21:22:52.564793
0.2,0.6,29.0,0.0,0.38,99.62,50,2025-04-07T21:22:52.564794
0.2,0.6,30.0,0.0,0.38,99.62,50,2025-04-07T21:22:52.564795
0.2,0.6,31.0,0.0,0.38,99.62,50,2025-04-07T21:22:52.564796
0.2,0.6,32.0,0.0,0.38,99.62,50,2025-04-07T21:22:52.564797
0.2,0.6,33.0,0.0,0.38,99.62,50,2025-04-07T21:22:52.564798
0.2,0.6,34.0,0.0,0.38,99.62,50,2025-04-07T21:22:52.564799
0.2,0.6,35.0,0.0,0.38,99.62,50,2025-04-07T21:22:52.564800
0.2,0.6,36.0,0.0,0.38,99.62,50,2025-04-07T21:22:52.564801
0.2,0.6,37.0,0.0,0.38,99.62,50,2025-04-07T21:22:52.564802
0.2,0.6,38.0,0.0,0.38,99.62,50,2025-04-07T21:22:52.564803
0.2,0.6,39.0,0.0,0.38,99.62,50,2025-04-07T21:22:52.564804
0.2,0.6,40.0,0.0,0.38,99.62,50,2025-04-07T21:22:52.564805
0.2,0.6,41.0,0.0,0.38,99.62,50,2025-04-07T21:22:52.564806
0.2,0.6,42.0,0.0,0.38,99.62,50,2025-04-07T21:22:52.564807
0.2,0.6,43.0,0.0,0.38,99.62,50,2025-04-07T21:22:52.564808
0.2,0.6,44.0,0.0,0.38,99.62,50,2025-04-07T21:22:52.564809
0.2,0.6,45.0,0.0,0.38,99.62,50,2025-04-07T21:22:52.564810
0.2,0.6,46.0,0.0,0.38,99.62,50,2025-04-07T21:22:52.564811
0.2,0.6,47.0,0.0,0.38,99.62,50,2025-04-07T21:22:52.564812
0.2,0.6,48.0,0.0,0.38,99.62,50,2025-04-07T21:22:52.564813
0.2,0.6,49.0,0.0,0.38,99.62,50,2025-04-07T21:22:52.564814
0.2,0.6,50.0,0.0,0.38,99.62,50,2025-04-07T21:22:52.564815
0.2,0.6,51.0,0.0,0.38,99.62,50,2025-04-07T21:22:52.564816
0.2,0.6,52.0,0.0,0.38,99.62,50,2025-04-07T21:22:52.564817
0.2,0.6,53.0,0.0,0.38,99.62,50,2025-04-07T21:22:52.564818
0.2,0.6,54.0,0.0,0.38,99.62,50,2025-04-07T21:22:52.564819
0.2,0.6,55.0,0.0,0.38,99.62,50,2025-04-07T21:22:52.564820
0.2,0.6,56.0,0.0,0.38,99.62,50,2025-04-07T21:22:52.564821
0.2,0.6,57.0,0.0,0.38,99.62,50,2025-04-07T21:22:52.564822
0.2,0.6,58.0,0.0,0.38,99.62,50,2025-04-07T21:22:52.564823
0.2,0.6,59.0,0.0,0.38,99.62,50,2025-04-07T21:22:52.564824
0.2,0.6,60.0,0.0,0.38,99.62,50,2025-04-07T21:22:52.564825
0.2,0.6,61.0,0.0,0.38,99.62,50,2025-04-07T21:22:52.564826
0.2,0.6,62.0,0.0,0.38,99.62,50,2025-04-07T21:22:52.564827
0.2,0.6,63.0,0.0,0.38,99.62,50,2025-04-07T21:22:52.564828
0.2,0.6,64.0,0.0,0.38,99.62,50,2025-04-07T21:22:52.564829
0.2,0.6,65.0,0.0,0.38,99.62,50,2025-04-07T21:22:52.564830
0.2,0.6,66.0,0.0,0.38,99.62,50,2025-04-07T21:22:52.564831
0.2,0.6,67.0,0.0,0.38,99.62,50,2025-04-07T21:22:52.564832
0.2,0.6,68.0,0.0,0.38,99.62,50,2025-04-07T21:22:52.564833
0.2,0.6,69.0,0.0,0.38,99.62,50,2025-04-07T21:22:52.564834
0.2,0.6,70.0,0.0,0.38,99.62,50,2025-04-07T21:22:52.564835
0.2,0.6,71.0,0.0,0.38,99.62,50,2025-04-07T21:22:52.564836
0.2,0.6,72.0,0.0,0.38,99.62,50,2025-04-07T21:22:52.564837
0.2,0.6,73.0,0.0,0.38,99.62,50,2025-04-07T21:22:52.564838
0.2,0.6,74.0,0.0,0.38,99.62,50,2025-04-07T21:22:52.564839
0.2,0.6,75.0,0.0,0.38,99.62,50,2025-04-07T21:22:52.564840
0.2,0.6,76.0,0.0,0.38,99.62,50,2025-04-07T21:22:52.564841
0.2,0.6,77.0,0.0,0.38,99.62,50,2025-04-07T21:22:52.564842
0.2,0.6,78.0,0.0,0.38,99.62,50,2025-04-07T21:22:52.564843
0.2,0.6,79.0,0.0,0.38,99.62,50,2025-04-07T21:22:52.564844
0.2,0.6,80.0,0.0,0.38,99.62,50,2025-04-07T21:22:52.564845
0.2,0.6,81.0,0.0,0.38,99.62,50,2025-04-07T21:22:52.564846
0.2,0.6,82.0,0.0,0.38,99.62,50,2025-04-07T21:22:52.564847
0.2,0.6,83.0,0.0,0.38,99.62,50,2025-04-07T21:22:52.564848
0.2,0.6,84.0,0.0,0.38,99.62,50,2025-04-07T21:22:52.564849
0.2,0.6,85.0,0.0,0.38,99.62,50,2025-04-07T21:22:52.564850
0.2,0.6,86.0,0.0,0.38,99.62,50,2025-04-07T21:22:52.564863
0.2,0.6,87.0,0.0,0.38,99.62,50,2025-04-07T21:22:52.564864
0.2,0.6,88.0,0.0,0.38,99.62,50,2025-04-07T21:22:52.564865
0.2,0.6,89.0,0.0,0.38,99.62,50,2025-04-07T21:22:52.564866
0.2,0.6,90.0,0.0,0.38,99.62,50,2025-04-07T21:22:52.564867
0.2,0.6,91.0,0.0,0.38,99.62,50,2025-04-07T21:22:52.564868
0.2,0.6,92.0,0.0,0.38,99.62,50,2025-04-07T21:22:52.564869
0.2,0.6,93.0,0.0,0.38,99.62,50,2025-04-07T21:22:52.564870
0.2,0.6,94.0,0.0,0.38,99.62,50,2025-04-07T21:22:52.564871
0.2,0.6,95.0,0.0,0.38,99.62,50,2025-04-07T21:22:52.564872
0.2,0.6,96.0,0.0,0.38,99.62,50,2025-04-07T21:22:52.564873
0.2,0.6,97.0,0.0,0.38,99.62,50,2025-04-07T21:22:52.564874
0.2,0.6,98.0,0.0,0.38,99.62,50,2025-04-07T21:22:52.564875
0.2,0.6,99.0,0.0,0.38,99.62,50,2025-04-07T21:22:52.564876
0.2,0.6,100.0,0.0,0.38,99.62,50,2025-04-07T21:22:52.564877
0.2,0.7000000000000001,0.0,95.0,5.0,0.0,50,2025-04-07T21:22:52.601735
0.2,0.7000000000000001,1.0,0.0,55.36,44.64,50,2025-04-07T21:22:52.601740
0.2,0.7000000000000001,2.0,0.0,27.72,72.28,50,2025-04-07T21:22:52.601742
0.2,0.7000000000000001,3.0,0.0,13.64,86.36,50,2025-04-07T21:22:52.601743
0.2,0.7000000000000001,4.0,0.0,6.32,93.68,50,2025-04-07T21:22:52.601744
0.2,0.7000000000000001,5.0,0.0,2.66,97.34,50,2025-04-07T21:22:52.601745
0.2,0.7000000000000001,6.0,0.0,1.2,98.8,50,2025-04-07T21:22:52.601746
0.2,0.7000000000000001,7.0,0.0,0.5,99.5,50,2025-04-07T21:22:52.601747
0.2,0.7000000000000001,8.0,0.0,0.34,99.66,50,2025-04-07T21:22:52.601748
0.2,0.7000000000000001,9.0,0.0,0.32,99.68,50,2025-04-07T21:22:52.601749
0.2,0.7000000000000001,10.0,0.0,0.32,99.68,50,2025-04-07T21:22:52.601750
0.2,0.7000000000000001,11.0,0.0,0.32,99.68,50,2025-04-07T21:22:52.601751
0.2,0.7000000000000001,12.0,0.0,0.32,99.68,50,2025-04-07T21:22:52.601752
0.2,0.7000000000000001,13.0,0.0,0.32,99.68,50,2025-04-07T21:22:52.601753
0.2,0.7000000000000001,14.0,0.0,0.32,99.68,50,2025-04-07T21:22:52.601754
0.2,0.7000000000000001,15.0,0.0,0.32,99.68,50,2025-04-07T21:22:52.601755
0.2,0.7000000000000001,16.0,0.0,0.32,99.68,50,2025-04-07T21:22:52.601756
0.2,0.7000000000000001,17.0,0.0,0.32,99.68,50,2025-04-07T21:22:52.601757
0.2,0.7000000000000001,18.0,0.0,0.32,99.68,50,2025-04-07T21:22:52.601758
0.2,0.7000000000000001,19.0,0.0,0.32,99.68,50,2025-04-07T21:22:52.601759
0.2,0.7000000000000001,20.0,0.0,0.32,99.68,50,2025-04-07T21:22:52.601760
0.2,0.7000000000000001,21.0,0.0,0.32,99.68,50,2025-04-07T21:22:52.601761
0.2,0.7000000000000001,22.0,0.0,0.32,99.68,50,2025-04-07T21:22:52.601762
0.2,0.7000000000000001,23.0,0.0,0.32,99.68,50,2025-04-07T21:22:52.601763
0.2,0.7000000000000001,24.0,0.0,0.32,99.68,50,2025-04-07T21:22:52.601764
0.2,0.7000000000000001,25.0,0.0,0.32,99.68,50,2025-04-07T21:22:52.601765
0.2,0.7000000000000001,26.0,0.0,0.32,99.68,50,2025-04-07T21:22:52.601766
0.2,0.7000000000000001,27.0,0.0,0.32,99.68,50,2025-04-07T21:22:52.601767
0.2,0.7000000000000001,28.0,0.0,0.32,99.68,50,2025-04-07T21:22:52.601768
0.2,0.7000000000000001,29.0,0.0,0.32,99.68,50,2025-04-07T21:22:52.601769
0.2,0.7000000000000001,30.0,0.0,0.32,99.68,50,2025-04-07T21:22:52.601770
0.2,0.7000000000000001,31.0,0.0,0.32,99.68,50,2025-04-07T21:22:52.601771
0.2,0.7000000000000001,32.0,0.0,0.32,99.68,50,2025-04-07T21:22:52.601772
0.2,0.7000000000000001,33.0,0.0,0.32,99.68,50,2025-04-07T21:22:52.601773
0.2,0.7000000000000001,34.0,0.0,0.32,99.68,50,2025-04-07T21:22:52.601774
0.2,0.7000000000000001,35.0,0.0,0.32,99.68,50,2025-04-07T21:22:52.601775
0.2,0.7000000000000001,36.0,0.0,0.32,99.68,50,2025-04-07T21:22:52.601776
0.2,0.7000000000000001,37.0,0.0,0.32,99.68,50,2025-04-07T21:22:52.601777
0.2,0.7000000000000001,38.0,0.0,0.32,99.68,50,2025-04-07T21:22:52.601778
0.2,0.7000000000000001,39.0,0.0,0.32,99.68,50,2025-04-07T21:22:52.601779
0.2,0.7000000000000001,40.0,0.0,0.32,99.68,50,2025-04-07T21:22:52.601780
0.2,0.7000000000000001,41.0,0.0,0.32,99.68,50,2025-04-07T21:22:52.601781
0.2,0.7000000000000001,42.0,0.0,0.32,99.68,50,2025-04-07T21:22:52.601782
0.2,0.7000000000000001,43.0,0.0,0.32,99.68,50,2025-04-07T21:22:52.601783
0.2,0.7000000000000001,44.0,0.0,0.32,99.68,50,2025-04-07T21:22:52.601784
0.2,0.7000000000000001,45.0,0.0,0.32,99.68,50,2025-04-07T21:22:52.601785
0.2,0.7000000000000001,46.0,0.0,0.32,99.68,50,2025-04-07T21:22:52.601786
0.2,0.7000000000000001,47.0,0.0,0.32,99.68,50,2025-04-07T21:22:52.601787
0.2,0.7000000000000001,48.0,0.0,0.32,99.68,50,2025-04-07T21:22:52.601788
0.2,0.7000000000000001,49.0,0.0,0.32,99.68,50,2025-04-07T21:22:52.601789
0.2,0.7000000000000001,50.0,0.0,0.32,99.68,50,2025-04-07T21:22:52.601790
0.2,0.7000000000000001,51.0,0.0,0.32,99.68,50,2025-04-07T21:22:52.601791
0.2,0.7000000000000001,52.0,0.0,0.32,99.68,50,2025-04-07T21:22:52.601792
0.2,0.7000000000000001,53.0,0.0,0.32,99.68,50,2025-04-07T21:22:52.601793
0.2,0.7000000000000001,54.0,0.0,0.32,99.68,50,2025-04-07T21:22:52.601794
0.2,0.7000000000000001,55.0,0.0,0.32,99.68,50,2025-04-07T21:22:52.601795
0.2,0.7000000000000001,56.0,0.0,0.32,99.68,50,2025-04-07T21:22:52.601796
0.2,0.7000000000000001,57.0,0.0,0.32,99.68,50,2025-04-07T21:22:52.601797
0.2,0.7000000000000001,58.0,0.0,0.32,99.68,50,2025-04-07T21:22:52.601798
0.2,0.7000000000000001,59.0,0.0,0.32,99.68,50,2025-04-07T21:22:52.601799
0.2,0.7000000000000001,60.0,0.0,0.32,99.68,50,2025-04-07T21:22:52.601800
0.2,0.7000000000000001,61.0,0.0,0.32,99.68,50,2025-04-07T21:22:52.601801
0.2,0.7000000000000001,62.0,0.0,0.32,99.68,50,2025-04-07T21:22:52.601802
0.2,0.7000000000000001,63.0,0.0,0.32,99.68,50,2025-04-07T21:22:52.601807
0.2,0.7000000000000001,64.0,0.0,0.32,99.68,50,2025-04-07T21:22:52.601808
0.2,0.7000000000000001,65.0,0.0,0.32,99.68,50,2025-04-07T21:22:52.601809
0.2,0.7000000000000001,66.0,0.0,0.32,99.68,50,2025-04-07T21:22:52.601810
0.2,0.7000000000000001,67.0,0.0,0.32,99.68,50,2025-04-07T21:22:52.601811
0.2,0.7000000000000001,68.0,0.0,0.32,99.68,50,2025-04-07T21:22:52.601812
0.2,0.7000000000000001,69.0,0.0,0.32,99.68,50,2025-04-07T21:22:52.601813
0.2,0.7000000000000001,70.0,0.0,0.32,99.68,50,2025-04-07T21:22:52.601814
0.2,0.7000000000000001,71.0,0.0,0.32,99.68,50,2025-04-07T21:22:52.601815
0.2,0.7000000000000001,72.0,0.0,0.32,99.68,50,2025-04-07T21:22:52.601816
0.2,0.7000000000000001,73.0,0.0,0.32,99.68,50,2025-04-07T21:22:52.601817
0.2,0.7000000000000001,74.0,0.0,0.32,99.68,50,2025-04-07T21:22:52.601818
0.2,0.7000000000000001,75.0,0.0,0.32,99.68,50,2025-04-07T21:22:52.601819
0.2,0.7000000000000001,76.0,0.0,0.32,99.68,50,2025-04-07T21:22:52.601820
0.2,0.7000000000000001,77.0,0.0,0.32,99.68,50,2025-04-07T21:22:52.601821
0.2,0.7000000000000001,78.0,0.0,0.32,99.68,50,2025-04-07T21:22:52.601822
0.2,0.7000000000000001,79.0,0.0,0.32,99.68,50,2025-04-07T21:22:52.601823
0.2,0.7000000000000001,80.0,0.0,0.32,99.68,50,2025-04-07T21:22:52.601824
0.2,0.7000000000000001,81.0,0.0,0.32,99.68,50,2025-04-07T21:22:52.601825
0.2,0.7000000000000001,82.0,0.0,0.32,99.68,50,2025-04-07T21:22:52.601826
0.2,0.7000000000000001,83.0,0.0,0.32,99.68,50,2025-04-07T21:22:52.601827
0.2,0.7000000000000001,84.0,0.0,0.32,99.68,50,2025-04-07T21:22:52.601828
0.2,0.7000000000000001,85.0,0.0,0.32,99.68,50,2025-04-07T21:22:52.601829
0.2,0.7000000000000001,86.0,0.0,0.32,99.68,50,2025-04-07T21:22:52.601830
0.2,0.7000000000000001,87.0,0.0,0.32,99.68,50,2025-04-07T21:22:52.601831
0.2,0.7000000000000001,88.0,0.0,0.32,99.68,50,2025-04-07T21:22:52.601832
0.2,0.7000000000000001,89.0,0.0,0.32,99.68,50,2025-04-07T21:22:52.601833
0.2,0.7000000000000001,90.0,0.0,0.32,99.68,50,2025-04-07T21:22:52.601834
0.2,0.7000000000000001,91.0,0.0,0.32,99.68,50,2025-04-07T21:22:52.601835
0.2,0.7000000000000001,92.0,0.0,0.32,99.68,50,2025-04-07T21:22:52.601836
0.2,0.7000000000000001,93.0,0.0,0.32,99.68,50,2025-04-07T21:22:52.601837
0.2,0.7000000000000001,94.0,0.0,0.32,99.68,50,2025-04-07T21:22:52.601838
0.2,0.7000000000000001,95.0,0.0,0.32,99.68,50,2025-04-07T21:22:52.601839
0.2,0.7000000000000001,96.0,0.0,0.32,99.68,50,2025-04-07T21:22:52.601840
0.2,0.7000000000000001,97.0,0.0,0.32,99.68,50,2025-04-07T21:22:52.601841
0.2,0.7000000000000001,98.0,0.0,0.32,99.68,50,2025-04-07T21:22:52.601842
0.2,0.7000000000000001,99.0,0.0,0.32,99.68,50,2025-04-07T21:22:52.601843
0.2,0.7000000000000001,100.0,0.0,0.32,99.68,50,2025-04-07T21:22:52.601844
0.2,0.8,0.0,95.0,5.0,0.0,50,2025-04-07T21:22:52.637892
0.2,0.8,1.0,0.0,50.58,49.42,50,2025-04-07T21:22:52.637898
0.2,0.8,2.0,0.0,22.92,77.08,50,2025-04-07T21:22:52.637900
0.2,0.8,3.0,0.0,10.0,90.0,50,2025-04-07T21:22:52.637901
0.2,0.8,4.0,0.0,3.84,96.16,50,2025-04-07T21:22:52.637902
0.2,0.8,5.0,0.0,1.62,98.38,50,2025-04-07T21:22:52.637903
0.2,0.8,6.0,0.0,0.78,99.22,50,2025-04-07T21:22:52.637904
0.2,0.8,7.0,0.0,0.62,99.38,50,2025-04-07T21:22:52.637905
0.2,0.8,8.0,0.0,0.58,99.42,50,2025-04-07T21:22:52.637906
0.2,0.8,9.0,0.0,0.56,99.44,50,2025-04-07T21:22:52.637907
0.2,0.8,10.0,0.0,0.56,99.44,50,2025-04-07T21:22:52.637908
0.2,0.8,11.0,0.0,0.56,99.44,50,2025-04-07T21:22:52.637909
0.2,0.8,12.0,0.0,0.56,99.44,50,2025-04-07T21:22:52.637910
0.2,0.8,13.0,0.0,0.56,99.44,50,2025-04-07T21:22:52.637911
0.2,0.8,14.0,0.0,0.56,99.44,50,2025-04-07T21:22:52.637912
0.2,0.8,15.0,0.0,0.56,99.44,50,2025-04-07T21:22:52.637913
0.2,0.8,16.0,0.0,0.56,99.44,50,2025-04-07T21:22:52.637914
0.2,0.8,17.0,0.0,0.56,99.44,50,2025-04-07T21:22:52.637915
0.2,0.8,18.0,0.0,0.56,99.44,50,2025-04-07T21:22:52.637916
0.2,0.8,19.0,0.0,0.56,99.44,50,2025-04-07T21:22:52.637917
0.2,0.8,20.0,0.0,0.56,99.44,50,2025-04-07T21:22:52.637918
0.2,0.8,21.0,0.0,0.56,99.44,50,2025-04-07T21:22:52.637919
0.2,0.8,22.0,0.0,0.56,99.44,50,2025-04-07T21:22:52.637920
0.2,0.8,23.0,0.0,0.56,99.44,50,2025-04-07T21:22:52.637921
0.2,0.8,24.0,0.0,0.56,99.44,50,2025-04-07T21:22:52.637922
0.2,0.8,25.0,0.0,0.56,99.44,50,2025-04-07T21:22:52.637923
0.2,0.8,26.0,0.0,0.56,99.44,50,2025-04-07T21:22:52.637924
0.2,0.8,27.0,0.0,0.56,99.44,50,2025-04-07T21:22:52.637925
0.2,0.8,28.0,0.0,0.56,99.44,50,2025-04-07T21:22:52.637926
0.2,0.8,29.0,0.0,0.56,99.44,50,2025-04-07T21:22:52.637927
0.2,0.8,30.0,0.0,0.56,99.44,50,2025-04-07T21:22:52.637928
0.2,0.8,31.0,0.0,0.56,99.44,50,2025-04-07T21:22:52.637929
0.2,0.8,32.0,0.0,0.56,99.44,50,2025-04-07T21:22:52.637930
0.2,0.8,33.0,0.0,0.56,99.44,50,2025-04-07T21:22:52.637931
0.2,0.8,34.0,0.0,0.56,99.44,50,2025-04-07T21:22:52.637932
0.2,0.8,35.0,0.0,0.56,99.44,50,2025-04-07T21:22:52.637933
0.2,0.8,36.0,0.0,0.56,99.44,50,2025-04-07T21:22:52.637934
0.2,0.8,37.0,0.0,0.56,99.44,50,2025-04-07T21:22:52.637935
0.2,0.8,38.0,0.0,0.56,99.44,50,2025-04-07T21:22:52.637936
0.2,0.8,39.0,0.0,0.56,99.44,50,2025-04-07T21:22:52.637937
0.2,0.8,40.0,0.0,0.56,99.44,50,2025-04-07T21:22:52.637944
0.2,0.8,41.0,0.0,0.56,99.44,50,2025-04-07T21:22:52.637945
0.2,0.8,42.0,0.0,0.56,99.44,50,2025-04-07T21:22:52.637946
0.2,0.8,43.0,0.0,0.56,99.44,50,2025-04-07T21:22:52.637947
0.2,0.8,44.0,0.0,0.56,99.44,50,2025-04-07T21:22:52.637948
0.2,0.8,45.0,0.0,0.56,99.44,50,2025-04-07T21:22:52.637949
0.2,0.8,46.0,0.0,0.56,99.44,50,2025-04-07T21:22:52.637950
0.2,0.8,47.0,0.0,0.56,99.44,50,2025-04-07T21:22:52.637952
0.2,0.8,48.0,0.0,0.56,99.44,50,2025-04-07T21:22:52.637953
0.2,0.8,49.0,0.0,0.56,99.44,50,2025-04-07T21:22:52.637954
0.2,0.8,50.0,0.0,0.56,99.44,50,2025-04-07T21:22:52.637955
0.2,0.8,51.0,0.0,0.56,99.44,50,2025-04-07T21:22:52.637956
0.2,0.8,52.0,0.0,0.56,99.44,50,2025-04-07T21:22:52.637957
0.2,0.8,53.0,0.0,0.56,99.44,50,2025-04-07T21:22:52.637958
0.2,0.8,54.0,0.0,0.56,99.44,50,2025-04-07T21:22:52.637959
0.2,0.8,55.0,0.0,0.56,99.44,50,2025-04-07T21:22:52.637960
0.2,0.8,56.0,0.0,0.56,99.44,50,2025-04-07T21:22:52.637961
0.2,0.8,57.0,0.0,0.56,99.44,50,2025-04-07T21:22:52.637961
0.2,0.8,58.0,0.0,0.56,99.44,50,2025-04-07T21:22:52.637963
0.2,0.8,59.0,0.0,0.56,99.44,50,2025-04-07T21:22:52.637964
0.2,0.8,60.0,0.0,0.56,99.44,50,2025-04-07T21:22:52.637965
0.2,0.8,61.0,0.0,0.56,99.44,50,2025-04-07T21:22:52.637966
0.2,0.8,62.0,0.0,0.56,99.44,50,2025-04-07T21:22:52.637967
0.2,0.8,63.0,0.0,0.56,99.44,50,2025-04-07T21:22:52.637968
0.2,0.8,64.0,0.0,0.56,99.44,50,2025-04-07T21:22:52.637969
0.2,0.8,65.0,0.0,0.56,99.44,50,2025-04-07T21:22:52.637970
0.2,0.8,66.0,0.0,0.56,99.44,50,2025-04-07T21:22:52.637971
0.2,0.8,67.0,0.0,0.56,99.44,50,2025-04-07T21:22:52.637972
0.2,0.8,68.0,0.0,0.56,99.44,50,2025-04-07T21:22:52.637973
0.2,0.8,69.0,0.0,0.56,99.44,50,2025-04-07T21:22:52.637974
0.2,0.8,70.0,0.0,0.56,99.44,50,2025-04-07T21:22:52.637975
0.2,0.8,71.0,0.0,0.56,99.44,50,2025-04-07T21:22:52.637976
0.2,0.8,72.0,0.0,0.56,99.44,50,2025-04-07T21:22:52.637980
0.2,0.8,73.0,0.0,0.56,99.44,50,2025-04-07T21:22:52.637981
0.2,0.8,74.0,0.0,0.56,99.44,50,2025-04-07T21:22:52.637983
0.2,0.8,75.0,0.0,0.56,99.44,50,2025-04-07T21:22:52.637984
0.2,0.8,76.0,0.0,0.56,99.44,50,2025-04-07T21:22:52.637985
0.2,0.8,77.0,0.0,0.56,99.44,50,2025-04-07T21:22:52.637986
0.2,0.8,78.0,0.0,0.56,99.44,50,2025-04-07T21:22:52.637987
0.2,0.8,79.0,0.0,0.56,99.44,50,2025-04-07T21:22:52.637988
0.2,0.8,80.0,0.0,0.56,99.44,50,2025-04-07T21:22:52.637989
0.2,0.8,81.0,0.0,0.56,99.44,50,2025-04-07T21:22:52.637990
0.2,0.8,82.0,0.0,0.56,99.44,50,2025-04-07T21:22:52.637991
0.2,0.8,83.0,0.0,0.56,99.44,50,2025-04-07T21:22:52.637992
0.2,0.8,84.0,0.0,0.56,99.44,50,2025-04-07T21:22:52.637993
0.2,0.8,85.0,0.0,0.56,99.44,50,2025-04-07T21:22:52.637994
0.2,0.8,86.0,0.0,0.56,99.44,50,2025-04-07T21:22:52.637995
0.2,0.8,87.0,0.0,0.56,99.44,50,2025-04-07T21:22:52.637996
0.2,0.8,88.0,0.0,0.56,99.44,50,2025-04-07T21:22:52.637997
0.2,0.8,89.0,0.0,0.56,99.44,50,2025-04-07T21:22:52.637998
0.2,0.8,90.0,0.0,0.56,99.44,50,2025-04-07T21:22:52.637999
0.2,0.8,91.0,0.0,0.56,99.44,50,2025-04-07T21:22:52.637999
0.2,0.8,92.0,0.0,0.56,99.44,50,2025-04-07T21:22:52.638000
0.2,0.8,93.0,0.0,0.56,99.44,50,2025-04-07T21:22:52.638002
0.2,0.8,94.0,0.0,0.56,99.44,50,2025-04-07T21:22:52.638003
0.2,0.8,95.0,0.0,0.56,99.44,50,2025-04-07T21:22:52.638003
0.2,0.8,96.0,0.0,0.56,99.44,50,2025-04-07T21:22:52.638004
0.2,0.8,97.0,0.0,0.56,99.44,50,2025-04-07T21:22:52.638005
0.2,0.8,98.0,0.0,0.56,99.44,50,2025-04-07T21:22:52.638006
0.2,0.8,99.0,0.0,0.56,99.44,50,2025-04-07T21:22:52.638007
0.2,0.8,100.0,0.0,0.56,99.44,50,2025-04-07T21:22:52.638008
0.2,0.9,0.0,95.0,5.0,0.0,50,2025-04-07T21:22:52.674673
0.2,0.9,1.0,0.0,46.22,53.78,50,2025-04-07T21:22:52.674680
0.2,0.9,2.0,0.0,18.54,81.46,50,2025-04-07T21:22:52.674681
0.2,0.9,3.0,0.0,6.84,93.16,50,2025-04-07T21:22:52.674682
0.2,0.9,4.0,0.0,2.44,97.56,50,2025-04-07T21:22:52.674683
0.2,0.9,5.0,0.0,1.38,98.62,50,2025-04-07T21:22:52.674684
0.2,0.9,6.0,0.0,1.1,98.9,50,2025-04-07T21:22:52.674685
0.2,0.9,7.0,0.0,1.04,98.96,50,2025-04-07T21:22:52.674686
0.2,0.9,8.0,0.0,1.04,98.96,50,2025-04-07T21:22:52.674688
0.2,0.9,9.0,0.0,1.04,98.96,50,2025-04-07T21:22:52.674689
0.2,0.9,10.0,0.0,1.04,98.96,50,2025-04-07T21:22:52.674690
0.2,0.9,11.0,0.0,1.04,98.96,50,2025-04-07T21:22:52.674691
0.2,0.9,12.0,0.0,1.04,98.96,50,2025-04-07T21:22:52.674692
0.2,0.9,13.0,0.0,1.04,98.96,50,2025-04-07T21:22:52.674693
0.2,0.9,14.0,0.0,1.04,98.96,50,2025-04-07T21:22:52.674694
0.2,0.9,15.0,0.0,1.04,98.96,50,2025-04-07T21:22:52.674695
0.2,0.9,16.0,0.0,1.04,98.96,50,2025-04-07T21:22:52.674696
0.2,0.9,17.0,0.0,1.04,98.96,50,2025-04-07T21:22:52.674702
0.2,0.9,18.0,0.0,1.04,98.96,50,2025-04-07T21:22:52.674703
0.2,0.9,19.0,0.0,1.04,98.96,50,2025-04-07T21:22:52.674704
0.2,0.9,20.0,0.0,1.04,98.96,50,2025-04-07T21:22:52.674705
0.2,0.9,21.0,0.0,1.04,98.96,50,2025-04-07T21:22:52.674706
0.2,0.9,22.0,0.0,1.04,98.96,50,2025-04-07T21:22:52.674707
0.2,0.9,23.0,0.0,1.04,98.96,50,2025-04-07T21:22:52.674708
0.2,0.9,24.0,0.0,1.04,98.96,50,2025-04-07T21:22:52.674709
0.2,0.9,25.0,0.0,1.04,98.96,50,2025-04-07T21:22:52.674710
0.2,0.9,26.0,0.0,1.04,98.96,50,2025-04-07T21:22:52.674711
0.2,0.9,27.0,0.0,1.04,98.96,50,2025-04-07T21:22:52.674712
0.2,0.9,28.0,0.0,1.04,98.96,50,2025-04-07T21:22:52.674713
0.2,0.9,29.0,0.0,1.04,98.96,50,2025-04-07T21:22:52.674714
0.2,0.9,30.0,0.0,1.04,98.96,50,2025-04-07T21:22:52.674715
0.2,0.9,31.0,0.0,1.04,98.96,50,2025-04-07T21:22:52.674716
0.2,0.9,32.0,0.0,1.04,98.96,50,2025-04-07T21:22:52.674717
0.2,0.9,33.0,0.0,1.04,98.96,50,2025-04-07T21:22:52.674718
0.2,0.9,34.0,0.0,1.04,98.96,50,2025-04-07T21:22:52.674719
0.2,0.9,35.0,0.0,1.04,98.96,50,2025-04-07T21:22:52.674720
0.2,0.9,36.0,0.0,1.04,98.96,50,2025-04-07T21:22:52.674721
0.2,0.9,37.0,0.0,1.04,98.96,50,2025-04-07T21:22:52.674722
0.2,0.9,38.0,0.0,1.04,98.96,50,2025-04-07T21:22:52.674723
0.2,0.9,39.0,0.0,1.04,98.96,50,2025-04-07T21:22:52.674724
0.2,0.9,40.0,0.0,1.04,98.96,50,2025-04-07T21:22:52.674725
0.2,0.9,41.0,0.0,1.04,98.96,50,2025-04-07T21:22:52.674726
0.2,0.9,42.0,0.0,1.04,98.96,50,2025-04-07T21:22:52.674727
0.2,0.9,43.0,0.0,1.04,98.96,50,2025-04-07T21:22:52.674728
0.2,0.9,44.0,0.0,1.04,98.96,50,2025-04-07T21:22:52.674729
0.2,0.9,45.0,0.0,1.04,98.96,50,2025-04-07T21:22:52.674730
0.2,0.9,46.0,0.0,1.04,98.96,50,2025-04-07T21:22:52.674731
0.2,0.9,47.0,0.0,1.04,98.96,50,2025-04-07T21:22:52.674732
0.2,0.9,48.0,0.0,1.04,98.96,50,2025-04-07T21:22:52.674734
0.2,0.9,49.0,0.0,1.04,98.96,50,2025-04-07T21:22:52.674735
0.2,0.9,50.0,0.0,1.04,98.96,50,2025-04-07T21:22:52.674736
0.2,0.9,51.0,0.0,1.04,98.96,50,2025-04-07T21:22:52.674737
0.2,0.9,52.0,0.0,1.04,98.96,50,2025-04-07T21:22:52.674738
0.2,0.9,53.0,0.0,1.04,98.96,50,2025-04-07T21:22:52.674739
0.2,0.9,54.0,0.0,1.04,98.96,50,2025-04-07T21:22:52.674740
0.2,0.9,55.0,0.0,1.04,98.96,50,2025-04-07T21:22:52.674741
0.2,0.9,56.0,0.0,1.04,98.96,50,2025-04-07T21:22:52.674742
0.2,0.9,57.0,0.0,1.04,98.96,50,2025-04-07T21:22:52.674743
0.2,0.9,58.0,0.0,1.04,98.96,50,2025-04-07T21:22:52.674744
0.2,0.9,59.0,0.0,1.04,98.96,50,2025-04-07T21:22:52.674745
0.2,0.9,60.0,0.0,1.04,98.96,50,2025-04-07T21:22:52.674746
0.2,0.9,61.0,0.0,1.04,98.96,50,2025-04-07T21:22:52.674747
0.2,0.9,62.0,0.0,1.04,98.96,50,2025-04-07T21:22:52.674748
0.2,0.9,63.0,0.0,1.04,98.96,50,2025-04-07T21:22:52.674749
0.2,0.9,64.0,0.0,1.04,98.96,50,2025-04-07T21:22:52.674750
0.2,0.9,65.0,0.0,1.04,98.96,50,2025-04-07T21:22:52.674751
0.2,0.9,66.0,0.0,1.04,98.96,50,2025-04-07T21:22:52.674752
0.2,0.9,67.0,0.0,1.04,98.96,50,2025-04-07T21:22:52.674753
0.2,0.9,68.0,0.0,1.04,98.96,50,2025-04-07T21:22:52.674754
0.2,0.9,69.0,0.0,1.04,98.96,50,2025-04-07T21:22:52.674755
0.2,0.9,70.0,0.0,1.04,98.96,50,2025-04-07T21:22:52.674756
0.2,0.9,71.0,0.0,1.04,98.96,50,2025-04-07T21:22:52.674757
0.2,0.9,72.0,0.0,1.04,98.96,50,2025-04-07T21:22:52.674758
0.2,0.9,73.0,0.0,1.04,98.96,50,2025-04-07T21:22:52.674759
0.2,0.9,74.0,0.0,1.04,98.96,50,2025-04-07T21:22:52.674760
0.2,0.9,75.0,0.0,1.04,98.96,50,2025-04-07T21:22:52.674761
0.2,0.9,76.0,0.0,1.04,98.96,50,2025-04-07T21:22:52.674762
0.2,0.9,77.0,0.0,1.04,98.96,50,2025-04-07T21:22:52.674763
0.2,0.9,78.0,0.0,1.04,98.96,50,2025-04-07T21:22:52.674764
0.2,0.9,79.0,0.0,1.04,98.96,50,2025-04-07T21:22:52.674765
0.2,0.9,80.0,0.0,1.04,98.96,50,2025-04-07T21:22:52.674766
0.2,0.9,81.0,0.0,1.04,98.96,50,2025-04-07T21:22:52.674767
0.2,0.9,82.0,0.0,1.04,98.96,50,2025-04-07T21:22:52.674768
0.2,0.9,83.0,0.0,1.04,98.96,50,2025-04-07T21:22:52.674769
0.2,0.9,84.0,0.0,1.04,98.96,50,2025-04-07T21:22:52.674770
0.2,0.9,85.0,0.0,1.04,98.96,50,2025-04-07T21:22:52.674771
0.2,0.9,86.0,0.0,1.04,98.96,50,2025-04-07T21:22:52.674772
0.2,0.9,87.0,0.0,1.04,98.96,50,2025-04-07T21:22:52.674773
0.2,0.9,88.0,0.0,1.04,98.96,50,2025-04-07T21:22:52.674774
0.2,0.9,89.0,0.0,1.04,98.96,50,2025-04-07T21:22:52.674775
0.2,0.9,90.0,0.0,1.04,98.96,50,2025-04-07T21:22:52.674776
0.2,0.9,91.0,0.0,1.04,98.96,50,2025-04-07T21:22:52.674777
0.2,0.9,92.0,0.0,1.04,98.96,50,2025-04-07T21:22:52.674778
0.2,0.9,93.0,0.0,1.04,98.96,50,2025-04-07T21:22:52.674779
0.2,0.9,94.0,0.0,1.04,98.96,50,2025-04-07T21:22:52.674780
0.2,0.9,95.0,0.0,1.04,98.96,50,2025-04-07T21:22:52.674783
0.2,0.9,96.0,0.0,1.04,98.96,50,2025-04-07T21:22:52.674784
0.2,0.9,97.0,0.0,1.04,98.96,50,2025-04-07T21:22:52.674785
0.2,0.9,98.0,0.0,1.04,98.96,50,2025-04-07T21:22:52.674786
0.2,0.9,99.0,0.0,1.04,98.96,50,2025-04-07T21:22:52.674787
0.2,0.9,100.0,0.0,1.04,98.96,50,2025-04-07T21:22:52.674788
0.2,1.0,0.0,95.0,5.0,0.0,50,2025-04-07T21:22:52.714819
0.2,1.0,1.0,0.02,42.56,57.42,50,2025-04-07T21:22:52.714824
0.2,1.0,2.0,0.0,15.68,84.32,50,2025-04-07T21:22:52.714829
0.2,1.0,3.0,0.0,5.22,94.78,50,2025-04-07T21:22:52.714830
0.2,1.0,4.0,0.0,1.68,98.32,50,2025-04-07T21:22:52.714831
0.2,1.0,5.0,0.0,0.8,99.2,50,2025-04-07T21:22:52.714832
0.2,1.0,6.0,0.0,0.7,99.3,50,2025-04-07T21:22:52.714833
0.2,1.0,7.0,0.0,0.68,99.32,50,2025-04-07T21:22:52.714834
0.2,1.0,8.0,0.0,0.68,99.32,50,2025-04-07T21:22:52.714835
0.2,1.0,9.0,0.0,0.68,99.32,50,2025-04-07T21:22:52.714836
0.2,1.0,10.0,0.0,0.66,99.34,50,2025-04-07T21:22:52.714837
0.2,1.0,11.0,0.0,0.66,99.34,50,2025-04-07T21:22:52.714838
0.2,1.0,12.0,0.0,0.66,99.34,50,2025-04-07T21:22:52.714839
0.2,1.0,13.0,0.0,0.66,99.34,50,2025-04-07T21:22:52.714840
0.2,1.0,14.0,0.0,0.66,99.34,50,2025-04-07T21:22:52.714841
0.2,1.0,15.0,0.0,0.66,99.34,50,2025-04-07T21:22:52.714842
0.2,1.0,16.0,0.0,0.66,99.34,50,2025-04-07T21:22:52.714843
0.2,1.0,17.0,0.0,0.66,99.34,50,2025-04-07T21:22:52.714844
0.2,1.0,18.0,0.0,0.66,99.34,50,2025-04-07T21:22:52.714845
0.2,1.0,19.0,0.0,0.66,99.34,50,2025-04-07T21:22:52.714846
0.2,1.0,20.0,0.0,0.66,99.34,50,2025-04-07T21:22:52.714847
0.2,1.0,21.0,0.0,0.66,99.34,50,2025-04-07T21:22:52.714848
0.2,1.0,22.0,0.0,0.66,99.34,50,2025-04-07T21:22:52.714849
0.2,1.0,23.0,0.0,0.66,99.34,50,2025-04-07T21:22:52.714850
0.2,1.0,24.0,0.0,0.66,99.34,50,2025-04-07T21:22:52.714851
0.2,1.0,25.0,0.0,0.66,99.34,50,2025-04-07T21:22:52.714852
0.2,1.0,26.0,0.0,0.66,99.34,50,2025-04-07T21:22:52.714853
0.2,1.0,27.0,0.0,0.66,99.34,50,2025-04-07T21:22:52.714854
0.2,1.0,28.0,0.0,0.66,99.34,50,2025-04-07T21:22:52.714855
0.2,1.0,29.0,0.0,0.66,99.34,50,2025-04-07T21:22:52.714856
0.2,1.0,30.0,0.0,0.66,99.34,50,2025-04-07T21:22:52.714857
0.2,1.0,31.0,0.0,0.66,99.34,50,2025-04-07T21:22:52.714858
0.2,1.0,32.0,0.0,0.66,99.34,50,2025-04-07T21:22:52.714859
0.2,1.0,33.0,0.0,0.66,99.34,50,2025-04-07T21:22:52.714860
0.2,1.0,34.0,0.0,0.66,99.34,50,2025-04-07T21:22:52.714861
0.2,1.0,35.0,0.0,0.66,99.34,50,2025-04-07T21:22:52.714862
0.2,1.0,36.0,0.0,0.66,99.34,50,2025-04-07T21:22:52.714864
0.2,1.0,37.0,0.0,0.66,99.34,50,2025-04-07T21:22:52.714865
0.2,1.0,38.0,0.0,0.66,99.34,50,2025-04-07T21:22:52.714866
0.2,1.0,39.0,0.0,0.66,99.34,50,2025-04-07T21:22:52.714867
0.2,1.0,40.0,0.0,0.66,99.34,50,2025-04-07T21:22:52.714868
0.2,1.0,41.0,0.0,0.66,99.34,50,2025-04-07T21:22:52.714869
0.2,1.0,42.0,0.0,0.66,99.34,50,2025-04-07T21:22:52.714870
0.2,1.0,43.0,0.0,0.66,99.34,50,2025-04-07T21:22:52.714871
0.2,1.0,44.0,0.0,0.66,99.34,50,2025-04-07T21:22:52.714872
0.2,1.0,45.0,0.0,0.66,99.34,50,2025-04-07T21:22:52.714873
0.2,1.0,46.0,0.0,0.66,99.34,50,2025-04-07T21:22:52.714874
0.2,1.0,47.0,0.0,0.66,99.34,50,2025-04-07T21:22:52.714875
0.2,1.0,48.0,0.0,0.66,99.34,50,2025-04-07T21:22:52.714876
0.2,1.0,49.0,0.0,0.66,99.34,50,2025-04-07T21:22:52.714877
0.2,1.0,50.0,0.0,0.66,99.34,50,2025-04-07T21:22:52.714878
0.2,1.0,51.0,0.0,0.66,99.34,50,2025-04-07T21:22:52.714879
0.2,1.0,52.0,0.0,0.66,99.34,50,2025-04-07T21:22:52.714880
0.2,1.0,53.0,0.0,0.66,99.34,50,2025-04-07T21:22:52.714881
0.2,1.0,54.0,0.0,0.66,99.34,50,2025-04-07T21:22:52.714882
0.2,1.0,55.0,0.0,0.66,99.34,50,2025-04-07T21:22:52.714883
0.2,1.0,56.0,0.0,0.66,99.34,50,2025-04-07T21:22:52.714884
0.2,1.0,57.0,0.0,0.66,99.34,50,2025-04-07T21:22:52.714885
0.2,1.0,58.0,0.0,0.66,99.34,50,2025-04-07T21:22:52.714886
0.2,1.0,59.0,0.0,0.66,99.34,50,2025-04-07T21:22:52.714887
0.2,1.0,60.0,0.0,0.66,99.34,50,2025-04-07T21:22:52.714888
0.2,1.0,61.0,0.0,0.66,99.34,50,2025-04-07T21:22:52.714889
0.2,1.0,62.0,0.0,0.66,99.34,50,2025-04-07T21:22:52.714890
0.2,1.0,63.0,0.0,0.66,99.34,50,2025-04-07T21:22:52.714891
0.2,1.0,64.0,0.0,0.66,99.34,50,2025-04-07T21:22:52.714892
0.2,1.0,65.0,0.0,0.66,99.34,50,2025-04-07T21:22:52.714893
0.2,1.0,66.0,0.0,0.66,99.34,50,2025-04-07T21:22:52.714894
0.2,1.0,67.0,0.0,0.66,99.34,50,2025-04-07T21:22:52.714895
0.2,1.0,68.0,0.0,0.66,99.34,50,2025-04-07T21:22:52.714896
0.2,1.0,69.0,0.0,0.66,99.34,50,2025-04-07T21:22:52.714897
0.2,1.0,70.0,0.0,0.66,99.34,50,2025-04-07T21:22:52.714898
0.2,1.0,71.0,0.0,0.66,99.34,50,2025-04-07T21:22:52.714899
0.2,1.0,72.0,0.0,0.66,99.34,50,2025-04-07T21:22:52.714900
0.2,1.0,73.0,0.0,0.66,99.34,50,2025-04-07T21:22:52.714901
0.2,1.0,74.0,0.0,0.66,99.34,50,2025-04-07T21:22:52.714902
0.2,1.0,75.0,0.0,0.66,99.34,50,2025-04-07T21:22:52.714903
0.2,1.0,76.0,0.0,0.66,99.34,50,2025-04-07T21:22:52.714904
0.2,1.0,77.0,0.0,0.66,99.34,50,2025-04-07T21:22:52.714905
0.2,1.0,78.0,0.0,0.66,99.34,50,2025-04-07T21:22:52.714906
0.2,1.0,79.0,0.0,0.66,99.34,50,2025-04-07T21:22:52.714907
0.2,1.0,80.0,0.0,0.66,99.34,50,2025-04-07T21:22:52.714908
0.2,1.0,81.0,0.0,0.66,99.34,50,2025-04-07T21:22:52.714909
0.2,1.0,82.0,0.0,0.66,99.34,50,2025-04-07T21:22:52.714910
0.2,1.0,83.0,0.0,0.66,99.34,50,2025-04-07T21:22:52.714911
0.2,1.0,84.0,0.0,0.66,99.34,50,2025-04-07T21:22:52.714912
0.2,1.0,85.0,0.0,0.66,99.34,50,2025-04-07T21:22:52.714913
0.2,1.0,86.0,0.0,0.66,99.34,50,2025-04-07T21:22:52.714914
0.2,1.0,87.0,0.0,0.66,99.34,50,2025-04-07T21:22:52.714915
0.2,1.0,88.0,0.0,0.66,99.34,50,2025-04-07T21:22:52.714916
0.2,1.0,89.0,0.0,0.66,99.34,50,2025-04-07T21:22:52.714917
0.2,1.0,90.0,0.0,0.66,99.34,50,2025-04-07T21:22:52.714918
0.2,1.0,91.0,0.0,0.66,99.34,50,2025-04-07T21:22:52.714919
0.2,1.0,92.0,0.0,0.66,99.34,50,2025-04-07T21:22:52.714920
0.2,1.0,93.0,0.0,0.66,99.34,50,2025-04-07T21:22:52.714921
0.2,1.0,94.0,0.0,0.66,99.34,50,2025-04-07T21:22:52.714924
0.2,1.0,95.0,0.0,0.66,99.34,50,2025-04-07T21:22:52.714925
0.2,1.0,96.0,0.0,0.66,99.34,50,2025-04-07T21:22:52.714926
0.2,1.0,97.0,0.0,0.66,99.34,50,2025-04-07T21:22:52.714927
0.2,1.0,98.0,0.0,0.66,99.34,50,2025-04-07T21:22:52.714930
0.2,1.0,99.0,0.0,0.66,99.34,50,2025-04-07T21:22:52.714931
0.2,1.0,100.0,0.0,0.66,99.34,50,2025-04-07T21:22:52.714932
0.3,0.1,0.0,95.0,5.0,0.0,50,2025-04-07T21:22:52.751525
0.3,0.1,1.0,0.0,90.5,9.5,50,2025-04-07T21:22:52.751530
0.3,0.1,2.0,0.0,82.7,17.3,50,2025-04-07T21:22:52.751532
0.3,0.1,3.0,0.0,74.66,25.34,50,2025-04-07T21:22:52.751533
0.3,0.1,4.0,0.0,67.7,32.3,50,2025-04-07T21:22:52.751534
0.3,0.1,5.0,0.0,61.58,38.42,50,2025-04-07T21:22:52.751535
0.3,0.1,6.0,0.0,55.5,44.5,50,2025-04-07T21:22:52.751536
0.3,0.1,7.0,0.0,49.96,50.04,50,2025-04-07T21:22:52.751537
0.3,0.1,8.0,0.0,45.54,54.46,50,2025-04-07T21:22:52.751539
0.3,0.1,9.0,0.0,41.12,58.88,50,2025-04-07T21:22:52.751540
0.3,0.1,10.0,0.0,37.02,62.98,50,2025-04-07T21:22:52.751541
0.3,0.1,11.0,0.0,33.58,66.42,50,2025-04-07T21:22:52.751542
0.3,0.1,12.0,0.0,30.58,69.42,50,2025-04-07T21:22:52.751543
0.3,0.1,13.0,0.0,27.9,72.1,50,2025-04-07T21:22:52.751544
0.3,0.1,14.0,0.0,25.32,74.68,50,2025-04-07T21:22:52.751545
0.3,0.1,15.0,0.0,22.82,77.18,50,2025-04-07T21:22:52.751546
0.3,0.1,16.0,0.0,20.78,79.22,50,2025-04-07T21:22:52.751547
0.3,0.1,17.0,0.0,18.86,81.14,50,2025-04-07T21:22:52.751548
0.3,0.1,18.0,0.0,16.96,83.04,50,2025-04-07T21:22:52.751549
0.3,0.1,19.0,0.0,15.4,84.6,50,2025-04-07T21:22:52.751550
0.3,0.1,20.0,0.0,13.76,86.24,50,2025-04-07T21:22:52.751551
0.3,0.1,21.0,0.0,12.44,87.56,50,2025-04-07T21:22:52.751552
0.3,0.1,22.0,0.0,11.42,88.58,50,2025-04-07T21:22:52.751553
0.3,0.1,23.0,0.0,10.4,89.6,50,2025-04-07T21:22:52.751554
0.3,0.1,24.0,0.0,9.32,90.68,50,2025-04-07T21:22:52.751555
0.3,0.1,25.0,0.0,8.26,91.74,50,2025-04-07T21:22:52.751556
0.3,0.1,26.0,0.0,7.44,92.56,50,2025-04-07T21:22:52.751557
0.3,0.1,27.0,0.0,6.66,93.34,50,2025-04-07T21:22:52.751558
0.3,0.1,28.0,0.0,5.84,94.16,50,2025-04-07T21:22:52.751559
0.3,0.1,29.0,0.0,5.12,94.88,50,2025-04-07T21:22:52.751561
0.3,0.1,30.0,0.0,4.5,95.5,50,2025-04-07T21:22:52.751562
0.3,0.1,31.0,0.0,3.96,96.04,50,2025-04-07T21:22:52.751563
0.3,0.1,32.0,0.0,3.68,96.32,50,2025-04-07T21:22:52.751564
0.3,0.1,33.0,0.0,3.3,96.7,50,2025-04-07T21:22:52.751565
0.3,0.1,34.0,0.0,2.88,97.12,50,2025-04-07T21:22:52.751566
0.3,0.1,35.0,0.0,2.66,97.34,50,2025-04-07T21:22:52.751567
0.3,0.1,36.0,0.0,2.34,97.66,50,2025-04-07T21:22:52.751568
0.3,0.1,37.0,0.0,2.0,98.0,50,2025-04-07T21:22:52.751569
0.3,0.1,38.0,0.0,1.66,98.34,50,2025-04-07T21:22:52.751570
0.3,0.1,39.0,0.0,1.32,98.68,50,2025-04-07T21:22:52.751571
0.3,0.1,40.0,0.0,1.14,98.86,50,2025-04-07T21:22:52.751572
0.3,0.1,41.0,0.0,1.0,99.0,50,2025-04-07T21:22:52.751573
0.3,0.1,42.0,0.0,0.94,99.06,50,2025-04-07T21:22:52.751574
0.3,0.1,43.0,0.0,0.8,99.2,50,2025-04-07T21:22:52.751575
0.3,0.1,44.0,0.0,0.68,99.32,50,2025-04-07T21:22:52.751576
0.3,0.1,45.0,0.0,0.48,99.52,50,2025-04-07T21:22:52.751577
0.3,0.1,46.0,0.0,0.46,99.54,50,2025-04-07T21:22:52.751578
0.3,0.1,47.0,0.0,0.42,99.58,50,2025-04-07T21:22:52.751579
0.3,0.1,48.0,0.0,0.4,99.6,50,2025-04-07T21:22:52.751580
0.3,0.1,49.0,0.0,0.36,99.64,50,2025-04-07T21:22:52.751581
0.3,0.1,50.0,0.0,0.3,99.7,50,2025-04-07T21:22:52.751582
0.3,0.1,51.0,0.0,0.24,99.76,50,2025-04-07T21:22:52.751583
0.3,0.1,52.0,0.0,0.18,99.82,50,2025-04-07T21:22:52.751584
0.3,0.1,53.0,0.0,0.18,99.82,50,2025-04-07T21:22:52.751585
0.3,0.1,54.0,0.0,0.16,99.84,50,2025-04-07T21:22:52.751587
0.3,0.1,55.0,0.0,0.12,99.88,50,2025-04-07T21:22:52.751588
0.3,0.1,56.0,0.0,0.06,99.94,50,2025-04-07T21:22:52.751588
0.3,0.1,57.0,0.0,0.04,99.96,50,2025-04-07T21:22:52.751589
0.3,0.1,58.0,0.0,0.02,99.98,50,2025-04-07T21:22:52.751590
0.3,0.1,59.0,0.0,0.0,100.0,50,2025-04-07T21:22:52.751591
0.3,0.1,60.0,0.0,0.0,100.0,50,2025-04-07T21:22:52.751592
0.3,0.1,61.0,0.0,0.0,100.0,50,2025-04-07T21:22:52.751593
0.3,0.1,62.0,0.0,0.0,100.0,50,2025-04-07T21:22:52.751594
0.3,0.1,63.0,0.0,0.0,100.0,50,2025-04-07T21:22:52.751596
0.3,0.1,64.0,0.0,0.0,100.0,50,2025-04-07T21:22:52.751597
0.3,0.1,65.0,0.0,0.0,100.0,50,2025-04-07T21:22:52.751598
0.3,0.1,66.0,0.0,0.0,100.0,50,2025-04-07T21:22:52.751599
0.3,0.1,67.0,0.0,0.0,100.0,50,2025-04-07T21:22:52.751600
0.3,0.1,68.0,0.0,0.0,100.0,50,2025-04-07T21:22:52.751601
0.3,0.1,69.0,0.0,0.0,100.0,50,2025-04-07T21:22:52.751602
0.3,0.1,70.0,0.0,0.0,100.0,50,2025-04-07T21:22:52.751603
0.3,0.1,71.0,0.0,0.0,100.0,50,2025-04-07T21:22:52.751604
0.3,0.1,72.0,0.0,0.0,100.0,50,2025-04-07T21:22:52.751605
0.3,0.1,73.0,0.0,0.0,100.0,50,2025-04-07T21:22:52.751606
0.3,0.1,74.0,0.0,0.0,100.0,50,2025-04-07T21:22:52.751607
0.3,0.1,75.0,0.0,0.0,100.0,50,2025-04-07T21:22:52.751608
0.3,0.1,76.0,0.0,0.0,100.0,50,2025-04-07T21:22:52.751609
0.3,0.1,77.0,0.0,0.0,100.0,50,2025-04-07T21:22:52.751610
0.3,0.1,78.0,0.0,0.0,100.0,50,2025-04-07T21:22:52.751611
0.3,0.1,79.0,0.0,0.0,100.0,50,2025-04-07T21:22:52.751612
0.3,0.1,80.0,0.0,0.0,100.0,50,2025-04-07T21:22:52.751613
0.3,0.1,81.0,0.0,0.0,100.0,50,2025-04-07T21:22:52.751614
0.3,0.1,82.0,0.0,0.0,100.0,50,2025-04-07T21:22:52.751615
0.3,0.1,83.0,0.0,0.0,100.0,50,2025-04-07T21:22:52.751616
0.3,0.1,84.0,0.0,0.0,100.0,50,2025-04-07T21:22:52.751617
0.3,0.1,85.0,0.0,0.0,100.0,50,2025-04-07T21:22:52.751618
0.3,0.1,86.0,0.0,0.0,100.0,50,2025-04-07T21:22:52.751619
0.3,0.1,87.0,0.0,0.0,100.0,50,2025-04-07T21:22:52.751620
0.3,0.1,88.0,0.0,0.0,100.0,50,2025-04-07T21:22:52.751621
0.3,0.1,89.0,0.0,0.0,100.0,50,2025-04-07T21:22:52.751622
0.3,0.1,90.0,0.0,0.0,100.0,50,2025-04-07T21:22:52.751623
0.3,0.1,91.0,0.0,0.0,100.0,50,2025-04-07T21:22:52.751624
0.3,0.1,92.0,0.0,0.0,100.0,50,2025-04-07T21:22:52.751625
0.3,0.1,93.0,0.0,0.0,100.0,50,2025-04-07T21:22:52.751626
0.3,0.1,94.0,0.0,0.0,100.0,50,2025-04-07T21:22:52.751627
0.3,0.1,95.0,0.0,0.0,100.0,50,2025-04-07T21:22:52.751628
0.3,0.1,96.0,0.0,0.0,100.0,50,2025-04-07T21:22:52.751629
0.3,0.1,97.0,0.0,0.0,100.0,50,2025-04-07T21:22:52.751630
0.3,0.1,98.0,0.0,0.0,100.0,50,2025-04-07T21:22:52.751631
0.3,0.1,99.0,0.0,0.0,100.0,50,2025-04-07T21:22:52.751632
0.3,0.1,100.0,0.0,0.0,100.0,50,2025-04-07T21:22:52.751633
0.3,0.2,0.0,95.0,5.0,0.0,50,2025-04-07T21:22:52.789130
0.3,0.2,1.0,0.0,82.98,17.02,50,2025-04-07T21:22:52.789137
0.3,0.2,2.0,0.0,68.16,31.84,50,2025-04-07T21:22:52.789138
0.3,0.2,3.0,0.0,55.64,44.36,50,2025-04-07T21:22:52.789139
0.3,0.2,4.0,0.0,45.78,54.22,50,2025-04-07T21:22:52.789141
0.3,0.2,5.0,0.0,37.12,62.88,50,2025-04-07T21:22:52.789142
0.3,0.2,6.0,0.0,30.18,69.82,50,2025-04-07T21:22:52.789143
0.3,0.2,7.0,0.0,23.98,76.02,50,2025-04-07T21:22:52.789144
0.3,0.2,8.0,0.0,19.82,80.18,50,2025-04-07T21:22:52.789145
0.3,0.2,9.0,0.0,16.2,83.8,50,2025-04-07T21:22:52.789146
0.3,0.2,10.0,0.0,13.42,86.58,50,2025-04-07T21:22:52.789148
0.3,0.2,11.0,0.0,10.86,89.14,50,2025-04-07T21:22:52.789149
0.3,0.2,12.0,0.0,8.48,91.52,50,2025-04-07T21:22:52.789150
0.3,0.2,13.0,0.0,6.66,93.34,50,2025-04-07T21:22:52.789151
0.3,0.2,14.0,0.0,5.24,94.76,50,2025-04-07T21:22:52.789152
0.3,0.2,15.0,0.0,4.04,95.96,50,2025-04-07T21:22:52.789153
0.3,0.2,16.0,0.0,3.28,96.72,50,2025-04-07T21:22:52.789154
0.3,0.2,17.0,0.0,2.6,97.4,50,2025-04-07T21:22:52.789155
0.3,0.2,18.0,0.0,1.76,98.24,50,2025-04-07T21:22:52.789156
0.3,0.2,19.0,0.0,1.44,98.56,50,2025-04-07T21:22:52.789158
0.3,0.2,20.0,0.0,0.98,99.02,50,2025-04-07T21:22:52.789159
0.3,0.2,21.0,0.0,0.84,99.16,50,2025-04-07T21:22:52.789160
0.3,0.2,22.0,0.0,0.7,99.3,50,2025-04-07T21:22:52.789164
0.3,0.2,23.0,0.0,0.54,99.46,50,2025-04-07T21:22:52.789165
0.3,0.2,24.0,0.0,0.36,99.64,50,2025-04-07T21:22:52.789166
0.3,0.2,25.0,0.0,0.32,99.68,50,2025-04-07T21:22:52.789167
0.3,0.2,26.0,0.0,0.26,99.74,50,2025-04-07T21:22:52.789169
0.3,0.2,27.0,0.0,0.24,99.76,50,2025-04-07T21:22:52.789170
0.3,0.2,28.0,0.0,0.24,99.76,50,2025-04-07T21:22:52.789171
0.3,0.2,29.0,0.0,0.24,99.76,50,2025-04-07T21:22:52.789172
0.3,0.2,30.0,0.0,0.22,99.78,50,2025-04-07T21:22:52.789173
0.3,0.2,31.0,0.0,0.22,99.78,50,2025-04-07T21:22:52.789174
0.3,0.2,32.0,0.0,0.22,99.78,50,2025-04-07T21:22:52.789175
0.3,0.2,33.0,0.0,0.22,99.78,50,2025-04-07T21:22:52.789177
0.3,0.2,34.0,0.0,0.22,99.78,50,2025-04-07T21:22:52.789182
0.3,0.2,35.0,0.0,0.22,99.78,50,2025-04-07T21:22:52.789183
0.3,0.2,36.0,0.0,0.22,99.78,50,2025-04-07T21:22:52.789184
0.3,0.2,37.0,0.0,0.2,99.8,50,2025-04-07T21:22:52.789185
0.3,0.2,38.0,0.0,0.2,99.8,50,2025-04-07T21:22:52.789186
0.3,0.2,39.0,0.0,0.2,99.8,50,2025-04-07T21:22:52.789187
0.3,0.2,40.0,0.0,0.2,99.8,50,2025-04-07T21:22:52.789189
0.3,0.2,41.0,0.0,0.2,99.8,50,2025-04-07T21:22:52.789190
0.3,0.2,42.0,0.0,0.2,99.8,50,2025-04-07T21:22:52.789191
0.3,0.2,43.0,0.0,0.2,99.8,50,2025-04-07T21:22:52.789192
0.3,0.2,44.0,0.0,0.2,99.8,50,2025-04-07T21:22:52.789193
0.3,0.2,45.0,0.0,0.2,99.8,50,2025-04-07T21:22:52.789194
0.3,0.2,46.0,0.0,0.2,99.8,50,2025-04-07T21:22:52.789199
0.3,0.2,47.0,0.0,0.2,99.8,50,2025-04-07T21:22:52.789201
0.3,0.2,48.0,0.0,0.2,99.8,50,2025-04-07T21:22:52.789202
0.3,0.2,49.0,0.0,0.2,99.8,50,2025-04-07T21:22:52.789203
0.3,0.2,50.0,0.0,0.2,99.8,50,2025-04-07T21:22:52.789204
0.3,0.2,51.0,0.0,0.2,99.8,50,2025-04-07T21:22:52.789205
0.3,0.2,52.0,0.0,0.2,99.8,50,2025-04-07T21:22:52.789206
0.3,0.2,53.0,0.0,0.2,99.8,50,2025-04-07T21:22:52.789207
0.3,0.2,54.0,0.0,0.2,99.8,50,2025-04-07T21:22:52.789208
0.3,0.2,55.0,0.0,0.2,99.8,50,2025-04-07T21:22:52.789209
0.3,0.2,56.0,0.0,0.2,99.8,50,2025-04-07T21:22:52.789210
0.3,0.2,57.0,0.0,0.2,99.8,50,2025-04-07T21:22:52.789211
0.3,0.2,58.0,0.0,0.2,99.8,50,2025-04-07T21:22:52.789212
0.3,0.2,59.0,0.0,0.2,99.8,50,2025-04-07T21:22:52.789213
0.3,0.2,60.0,0.0,0.2,99.8,50,2025-04-07T21:22:52.789218
0.3,0.2,61.0,0.0,0.2,99.8,50,2025-04-07T21:22:52.789219
0.3,0.2,62.0,0.0,0.2,99.8,50,2025-04-07T21:22:52.789220
0.3,0.2,63.0,0.0,0.2,99.8,50,2025-04-07T21:22:52.789221
0.3,0.2,64.0,0.0,0.2,99.8,50,2025-04-07T21:22:52.789222
0.3,0.2,65.0,0.0,0.2,99.8,50,2025-04-07T21:22:52.789223
0.3,0.2,66.0,0.0,0.2,99.8,50,2025-04-07T21:22:52.789224
0.3,0.2,67.0,0.0,0.2,99.8,50,2025-04-07T21:22:52.789225
0.3,0.2,68.0,0.0,0.2,99.8,50,2025-04-07T21:22:52.789226
0.3,0.2,69.0,0.0,0.2,99.8,50,2025-04-07T21:22:52.789227
0.3,0.2,70.0,0.0,0.2,99.8,50,2025-04-07T21:22:52.789228
0.3,0.2,71.0,0.0,0.2,99.8,50,2025-04-07T21:22:52.789229
0.3,0.2,72.0,0.0,0.2,99.8,50,2025-04-07T21:22:52.789231
0.3,0.2,73.0,0.0,0.2,99.8,50,2025-04-07T21:22:52.789232
0.3,0.2,74.0,0.0,0.2,99.8,50,2025-04-07T21:22:52.789233
0.3,0.2,75.0,0.0,0.2,99.8,50,2025-04-07T21:22:52.789243
0.3,0.2,76.0,0.0,0.2,99.8,50,2025-04-07T21:22:52.789244
0.3,0.2,77.0,0.0,0.2,99.8,50,2025-04-07T21:22:52.789245
0.3,0.2,78.0,0.0,0.2,99.8,50,2025-04-07T21:22:52.789246
0.3,0.2,79.0,0.0,0.2,99.8,50,2025-04-07T21:22:52.789247
0.3,0.2,80.0,0.0,0.2,99.8,50,2025-04-07T21:22:52.789248
0.3,0.2,81.0,0.0,0.2,99.8,50,2025-04-07T21:22:52.789250
0.3,0.2,82.0,0.0,0.2,99.8,50,2025-04-07T21:22:52.789251
0.3,0.2,83.0,0.0,0.2,99.8,50,2025-04-07T21:22:52.789252
0.3,0.2,84.0,0.0,0.2,99.8,50,2025-04-07T21:22:52.789253
0.3,0.2,85.0,0.0,0.2,99.8,50,2025-04-07T21:22:52.789254
0.3,0.2,86.0,0.0,0.2,99.8,50,2025-04-07T21:22:52.789255
0.3,0.2,87.0,0.0,0.2,99.8,50,2025-04-07T21:22:52.789267
0.3,0.2,88.0,0.0,0.2,99.8,50,2025-04-07T21:22:52.789268
0.3,0.2,89.0,0.0,0.2,99.8,50,2025-04-07T21:22:52.789269
0.3,0.2,90.0,0.0,0.2,99.8,50,2025-04-07T21:22:52.789270
0.3,0.2,91.0,0.0,0.2,99.8,50,2025-04-07T21:22:52.789272
0.3,0.2,92.0,0.0,0.2,99.8,50,2025-04-07T21:22:52.789273
0.3,0.2,93.0,0.0,0.2,99.8,50,2025-04-07T21:22:52.789274
0.3,0.2,94.0,0.0,0.2,99.8,50,2025-04-07T21:22:52.789276
0.3,0.2,95.0,0.0,0.2,99.8,50,2025-04-07T21:22:52.789277
0.3,0.2,96.0,0.0,0.2,99.8,50,2025-04-07T21:22:52.789278
0.3,0.2,97.0,0.0,0.2,99.8,50,2025-04-07T21:22:52.789279
0.3,0.2,98.0,0.0,0.2,99.8,50,2025-04-07T21:22:52.789280
0.3,0.2,99.0,0.0,0.2,99.8,50,2025-04-07T21:22:52.789302
0.3,0.2,100.0,0.0,0.2,99.8,50,2025-04-07T21:22:52.789306
0.3,0.3,0.0,95.0,5.0,0.0,50,2025-04-07T21:22:52.825256
0.3,0.3,1.0,0.0,75.32,24.68,50,2025-04-07T21:22:52.825262
0.3,0.3,2.0,0.0,55.52,44.48,50,2025-04-07T21:22:52.825263
0.3,0.3,3.0,0.0,40.74,59.26,50,2025-04-07T21:22:52.825264
0.3,0.3,4.0,0.0,29.3,70.7,50,2025-04-07T21:22:52.825265
0.3,0.3,5.0,0.0,21.14,78.86,50,2025-04-07T21:22:52.825266
0.3,0.3,6.0,0.0,14.68,85.32,50,2025-04-07T21:22:52.825267
0.3,0.3,7.0,0.0,10.74,89.26,50,2025-04-07T21:22:52.825268
0.3,0.3,8.0,0.0,7.8,92.2,50,2025-04-07T21:22:52.825269
0.3,0.3,9.0,0.0,5.26,94.74,50,2025-04-07T21:22:52.825270
0.3,0.3,10.0,0.0,3.8,96.2,50,2025-04-07T21:22:52.825271
0.3,0.3,11.0,0.0,2.66,97.34,50,2025-04-07T21:22:52.825272
0.3,0.3,12.0,0.0,1.66,98.34,50,2025-04-07T21:22:52.825273
0.3,0.3,13.0,0.0,1.26,98.74,50,2025-04-07T21:22:52.825274
0.3,0.3,14.0,0.0,0.8,99.2,50,2025-04-07T21:22:52.825275
0.3,0.3,15.0,0.0,0.52,99.48,50,2025-04-07T21:22:52.825277
0.3,0.3,16.0,0.0,0.4,99.6,50,2025-04-07T21:22:52.825278
0.3,0.3,17.0,0.0,0.3,99.7,50,2025-04-07T21:22:52.825279
0.3,0.3,18.0,0.0,0.24,99.76,50,2025-04-07T21:22:52.825280
0.3,0.3,19.0,0.0,0.18,99.82,50,2025-04-07T21:22:52.825281
0.3,0.3,20.0,0.0,0.18,99.82,50,2025-04-07T21:22:52.825282
0.3,0.3,21.0,0.0,0.18,99.82,50,2025-04-07T21:22:52.825283
0.3,0.3,22.0,0.0,0.18,99.82,50,2025-04-07T21:22:52.825284
0.3,0.3,23.0,0.0,0.18,99.82,50,2025-04-07T21:22:52.825284
0.3,0.3,24.0,0.0,0.18,99.82,50,2025-04-07T21:22:52.825285
0.3,0.3,25.0,0.0,0.18,99.82,50,2025-04-07T21:22:52.825286
0.3,0.3,26.0,0.0,0.18,99.82,50,2025-04-07T21:22:52.825287
0.3,0.3,27.0,0.0,0.18,99.82,50,2025-04-07T21:22:52.825319
0.3,0.3,28.0,0.0,0.18,99.82,50,2025-04-07T21:22:52.825322
0.3,0.3,29.0,0.0,0.18,99.82,50,2025-04-07T21:22:52.825324
0.3,0.3,30.0,0.0,0.18,99.82,50,2025-04-07T21:22:52.825325
0.3,0.3,31.0,0.0,0.18,99.82,50,2025-04-07T21:22:52.825326
0.3,0.3,32.0,0.0,0.18,99.82,50,2025-04-07T21:22:52.825327
0.3,0.3,33.0,0.0,0.18,99.82,50,2025-04-07T21:22:52.825328
0.3,0.3,34.0,0.0,0.18,99.82,50,2025-04-07T21:22:52.825329
0.3,0.3,35.0,0.0,0.18,99.82,50,2025-04-07T21:22:52.825330
0.3,0.3,36.0,0.0,0.18,99.82,50,2025-04-07T21:22:52.825331
0.3,0.3,37.0,0.0,0.18,99.82,50,2025-04-07T21:22:52.825332
0.3,0.3,38.0,0.0,0.18,99.82,50,2025-04-07T21:22:52.825333
0.3,0.3,39.0,0.0,0.18,99.82,50,2025-04-07T21:22:52.825334
0.3,0.3,40.0,0.0,0.18,99.82,50,2025-04-07T21:22:52.825335
0.3,0.3,41.0,0.0,0.18,99.82,50,2025-04-07T21:22:52.825336
0.3,0.3,42.0,0.0,0.18,99.82,50,2025-04-07T21:22:52.825337
0.3,0.3,43.0,0.0,0.18,99.82,50,2025-04-07T21:22:52.825338
0.3,0.3,44.0,0.0,0.18,99.82,50,2025-04-07T21:22:52.825340
0.3,0.3,45.0,0.0,0.18,99.82,50,2025-04-07T21:22:52.825341
0.3,0.3,46.0,0.0,0.18,99.82,50,2025-04-07T21:22:52.825342
0.3,0.3,47.0,0.0,0.18,99.82,50,2025-04-07T21:22:52.825343
0.3,0.3,48.0,0.0,0.18,99.82,50,2025-04-07T21:22:52.825344
0.3,0.3,49.0,0.0,0.18,99.82,50,2025-04-07T21:22:52.825345
0.3,0.3,50.0,0.0,0.18,99.82,50,2025-04-07T21:22:52.825346
0.3,0.3,51.0,0.0,0.18,99.82,50,2025-04-07T21:22:52.825348
0.3,0.3,52.0,0.0,0.18,99.82,50,2025-04-07T21:22:52.825349
0.3,0.3,53.0,0.0,0.18,99.82,50,2025-04-07T21:22:52.825350
0.3,0.3,54.0,0.0,0.18,99.82,50,2025-04-07T21:22:52.825351
0.3,0.3,55.0,0.0,0.18,99.82,50,2025-04-07T21:22:52.825352
0.3,0.3,56.0,0.0,0.18,99.82,50,2025-04-07T21:22:52.825353
0.3,0.3,57.0,0.0,0.18,99.82,50,2025-04-07T21:22:52.825354
0.3,0.3,58.0,0.0,0.18,99.82,50,2025-04-07T21:22:52.825355
0.3,0.3,59.0,0.0,0.18,99.82,50,2025-04-07T21:22:52.825359
0.3,0.3,60.0,0.0,0.18,99.82,50,2025-04-07T21:22:52.825361
0.3,0.3,61.0,0.0,0.18,99.82,50,2025-04-07T21:22:52.825362
0.3,0.3,62.0,0.0,0.18,99.82,50,2025-04-07T21:22:52.825363
0.3,0.3,63.0,0.0,0.18,99.82,50,2025-04-07T21:22:52.825364
0.3,0.3,64.0,0.0,0.18,99.82,50,2025-04-07T21:22:52.825365
0.3,0.3,65.0,0.0,0.18,99.82,50,2025-04-07T21:22:52.825366
0.3,0.3,66.0,0.0,0.18,99.82,50,2025-04-07T21:22:52.825367
0.3,0.3,67.0,0.0,0.18,99.82,50,2025-04-07T21:22:52.825368
0.3,0.3,68.0,0.0,0.18,99.82,50,2025-04-07T21:22:52.825369
0.3,0.3,69.0,0.0,0.18,99.82,50,2025-04-07T21:22:52.825370
0.3,0.3,70.0,0.0,0.18,99.82,50,2025-04-07T21:22:52.825371
0.3,0.3,71.0,0.0,0.18,99.82,50,2025-04-07T21:22:52.825372
0.3,0.3,72.0,0.0,0.18,99.82,50,2025-04-07T21:22:52.825373
0.3,0.3,73.0,0.0,0.18,99.82,50,2025-04-07T21:22:52.825378
0.3,0.3,74.0,0.0,0.18,99.82,50,2025-04-07T21:22:52.825379
0.3,0.3,75.0,0.0,0.18,99.82,50,2025-04-07T21:22:52.825380
0.3,0.3,76.0,0.0,0.18,99.82,50,2025-04-07T21:22:52.825381
0.3,0.3,77.0,0.0,0.18,99.82,50,2025-04-07T21:22:52.825382
0.3,0.3,78.0,0.0,0.18,99.82,50,2025-04-07T21:22:52.825383
0.3,0.3,79.0,0.0,0.18,99.82,50,2025-04-07T21:22:52.825384
0.3,0.3,80.0,0.0,0.18,99.82,50,2025-04-07T21:22:52.825385
0.3,0.3,81.0,0.0,0.18,99.82,50,2025-04-07T21:22:52.825387
0.3,0.3,82.0,0.0,0.18,99.82,50,2025-04-07T21:22:52.825388
0.3,0.3,83.0,0.0,0.18,99.82,50,2025-04-07T21:22:52.825389
0.3,0.3,84.0,0.0,0.18,99.82,50,2025-04-07T21:22:52.825390
0.3,0.3,85.0,0.0,0.18,99.82,50,2025-04-07T21:22:52.825391
0.3,0.3,86.0,0.0,0.18,99.82,50,2025-04-07T21:22:52.825392
0.3,0.3,87.0,0.0,0.18,99.82,50,2025-04-07T21:22:52.825393
0.3,0.3,88.0,0.0,0.18,99.82,50,2025-04-07T21:22:52.825394
0.3,0.3,89.0,0.0,0.18,99.82,50,2025-04-07T21:22:52.825395
0.3,0.3,90.0,0.0,0.18,99.82,50,2025-04-07T21:22:52.825398
0.3,0.3,91.0,0.0,0.18,99.82,50,2025-04-07T21:22:52.825399
0.3,0.3,92.0,0.0,0.18,99.82,50,2025-04-07T21:22:52.825400
0.3,0.3,93.0,0.0,0.18,99.82,50,2025-04-07T21:22:52.825401
0.3,0.3,94.0,0.0,0.18,99.82,50,2025-04-07T21:22:52.825403
0.3,0.3,95.0,0.0,0.18,99.82,50,2025-04-07T21:22:52.825404
0.3,0.3,96.0,0.0,0.18,99.82,50,2025-04-07T21:22:52.825404
0.3,0.3,97.0,0.0,0.18,99.82,50,2025-04-07T21:22:52.825405
0.3,0.3,98.0,0.0,0.18,99.82,50,2025-04-07T21:22:52.825406
0.3,0.3,99.0,0.0,0.18,99.82,50,2025-04-07T21:22:52.825408
0.3,0.3,100.0,0.0,0.18,99.82,50,2025-04-07T21:22:52.825409
0.3,0.4,0.0,95.0,5.0,0.0,50,2025-04-07T21:22:52.863216
0.3,0.4,1.0,0.0,70.08,29.92,50,2025-04-07T21:22:52.863223
0.3,0.4,2.0,0.0,46.5,53.5,50,2025-04-07T21:22:52.863224
0.3,0.4,3.0,0.0,30.86,69.14,50,2025-04-07T21:22:52.863225
0.3,0.4,4.0,0.0,20.7,79.3,50,2025-04-07T21:22:52.863226
0.3,0.4,5.0,0.0,13.24,86.76,50,2025-04-07T21:22:52.863227
0.3,0.4,6.0,0.0,8.38,91.62,50,2025-04-07T21:22:52.863228
0.3,0.4,7.0,0.0,5.42,94.58,50,2025-04-07T21:22:52.863229
0.3,0.4,8.0,0.0,3.42,96.58,50,2025-04-07T21:22:52.863230
0.3,0.4,9.0,0.0,2.1,97.9,50,2025-04-07T21:22:52.863231
0.3,0.4,10.0,0.0,1.5,98.5,50,2025-04-07T21:22:52.863232
0.3,0.4,11.0,0.0,1.0,99.0,50,2025-04-07T21:22:52.863233
0.3,0.4,12.0,0.0,0.76,99.24,50,2025-04-07T21:22:52.863234
0.3,0.4,13.0,0.0,0.62,99.38,50,2025-04-07T21:22:52.863235
0.3,0.4,14.0,0.0,0.5,99.5,50,2025-04-07T21:22:52.863236
0.3,0.4,15.0,0.0,0.48,99.52,50,2025-04-07T21:22:52.863237
0.3,0.4,16.0,0.0,0.48,99.52,50,2025-04-07T21:22:52.863238
0.3,0.4,17.0,0.0,0.42,99.58,50,2025-04-07T21:22:52.863239
0.3,0.4,18.0,0.0,0.4,99.6,50,2025-04-07T21:22:52.863240
0.3,0.4,19.0,0.0,0.4,99.6,50,2025-04-07T21:22:52.863241
0.3,0.4,20.0,0.0,0.4,99.6,50,2025-04-07T21:22:52.863242
0.3,0.4,21.0,0.0,0.4,99.6,50,2025-04-07T21:22:52.863243
0.3,0.4,22.0,0.0,0.4,99.6,50,2025-04-07T21:22:52.863244
0.3,0.4,23.0,0.0,0.4,99.6,50,2025-04-07T21:22:52.863245
0.3,0.4,24.0,0.0,0.4,99.6,50,2025-04-07T21:22:52.863247
0.3,0.4,25.0,0.0,0.4,99.6,50,2025-04-07T21:22:52.863247
0.3,0.4,26.0,0.0,0.4,99.6,50,2025-04-07T21:22:52.863248
0.3,0.4,27.0,0.0,0.4,99.6,50,2025-04-07T21:22:52.863249
0.3,0.4,28.0,0.0,0.4,99.6,50,2025-04-07T21:22:52.863250
0.3,0.4,29.0,0.0,0.4,99.6,50,2025-04-07T21:22:52.863252
0.3,0.4,30.0,0.0,0.4,99.6,50,2025-04-07T21:22:52.863253
0.3,0.4,31.0,0.0,0.4,99.6,50,2025-04-07T21:22:52.863254
0.3,0.4,32.0,0.0,0.4,99.6,50,2025-04-07T21:22:52.863255
0.3,0.4,33.0,0.0,0.4,99.6,50,2025-04-07T21:22:52.863256
0.3,0.4,34.0,0.0,0.4,99.6,50,2025-04-07T21:22:52.863257
0.3,0.4,35.0,0.0,0.4,99.6,50,2025-04-07T21:22:52.863258
0.3,0.4,36.0,0.0,0.4,99.6,50,2025-04-07T21:22:52.863259
0.3,0.4,37.0,0.0,0.4,99.6,50,2025-04-07T21:22:52.863260
0.3,0.4,38.0,0.0,0.4,99.6,50,2025-04-07T21:22:52.863261
0.3,0.4,39.0,0.0,0.4,99.6,50,2025-04-07T21:22:52.863262
0.3,0.4,40.0,0.0,0.4,99.6,50,2025-04-07T21:22:52.863263
0.3,0.4,41.0,0.0,0.4,99.6,50,2025-04-07T21:22:52.863264
0.3,0.4,42.0,0.0,0.4,99.6,50,2025-04-07T21:22:52.863265
0.3,0.4,43.0,0.0,0.4,99.6,50,2025-04-07T21:22:52.863266
0.3,0.4,44.0,0.0,0.4,99.6,50,2025-04-07T21:22:52.863267
0.3,0.4,45.0,0.0,0.4,99.6,50,2025-04-07T21:22:52.863268
0.3,0.4,46.0,0.0,0.4,99.6,50,2025-04-07T21:22:52.863269
0.3,0.4,47.0,0.0,0.4,99.6,50,2025-04-07T21:22:52.863270
0.3,0.4,48.0,0.0,0.4,99.6,50,2025-04-07T21:22:52.863271
0.3,0.4,49.0,0.0,0.4,99.6,50,2025-04-07T21:22:52.863272
0.3,0.4,50.0,0.0,0.4,99.6,50,2025-04-07T21:22:52.863273
0.3,0.4,51.0,0.0,0.4,99.6,50,2025-04-07T21:22:52.863274
0.3,0.4,52.0,0.0,0.4,99.6,50,2025-04-07T21:22:52.863275
0.3,0.4,53.0,0.0,0.4,99.6,50,2025-04-07T21:22:52.863276
0.3,0.4,54.0,0.0,0.4,99.6,50,2025-04-07T21:22:52.863277
0.3,0.4,55.0,0.0,0.4,99.6,50,2025-04-07T21:22:52.863278
0.3,0.4,56.0,0.0,0.4,99.6,50,2025-04-07T21:22:52.863279
0.3,0.4,57.0,0.0,0.4,99.6,50,2025-04-07T21:22:52.863280
0.3,0.4,58.0,0.0,0.4,99.6,50,2025-04-07T21:22:52.863283
0.3,0.4,59.0,0.0,0.4,99.6,50,2025-04-07T21:22:52.863284
0.3,0.4,60.0,0.0,0.4,99.6,50,2025-04-07T21:22:52.863285
0.3,0.4,61.0,0.0,0.4,99.6,50,2025-04-07T21:22:52.863288
0.3,0.4,62.0,0.0,0.4,99.6,50,2025-04-07T21:22:52.863289
0.3,0.4,63.0,0.0,0.4,99.6,50,2025-04-07T21:22:52.863290
0.3,0.4,64.0,0.0,0.4,99.6,50,2025-04-07T21:22:52.863291
0.3,0.4,65.0,0.0,0.4,99.6,50,2025-04-07T21:22:52.863292
0.3,0.4,66.0,0.0,0.4,99.6,50,2025-04-07T21:22:52.863293
0.3,0.4,67.0,0.0,0.4,99.6,50,2025-04-07T21:22:52.863294
0.3,0.4,68.0,0.0,0.4,99.6,50,2025-04-07T21:22:52.863295
0.3,0.4,69.0,0.0,0.4,99.6,50,2025-04-07T21:22:52.863296
0.3,0.4,70.0,0.0,0.4,99.6,50,2025-04-07T21:22:52.863297
0.3,0.4,71.0,0.0,0.4,99.6,50,2025-04-07T21:22:52.863298
0.3,0.4,72.0,0.0,0.4,99.6,50,2025-04-07T21:22:52.863299
0.3,0.4,73.0,0.0,0.4,99.6,50,2025-04-07T21:22:52.863300
0.3,0.4,74.0,0.0,0.4,99.6,50,2025-04-07T21:22:52.863301
0.3,0.4,75.0,0.0,0.4,99.6,50,2025-04-07T21:22:52.863302
0.3,0.4,76.0,0.0,0.4,99.6,50,2025-04-07T21:22:52.863303
0.3,0.4,77.0,0.0,0.4,99.6,50,2025-04-07T21:22:52.863304
0.3,0.4,78.0,0.0,0.4,99.6,50,2025-04-07T21:22:52.863305
0.3,0.4,79.0,0.0,0.4,99.6,50,2025-04-07T21:22:52.863306
0.3,0.4,80.0,0.0,0.4,99.6,50,2025-04-07T21:22:52.863307
0.3,0.4,81.0,0.0,0.4,99.6,50,2025-04-07T21:22:52.863308
0.3,0.4,82.0,0.0,0.4,99.6,50,2025-04-07T21:22:52.863309
0.3,0.4,83.0,0.0,0.4,99.6,50,2025-04-07T21:22:52.863310
0.3,0.4,84.0,0.0,0.4,99.6,50,2025-04-07T21:22:52.863311
0.3,0.4,85.0,0.0,0.4,99.6,50,2025-04-07T21:22:52.863312
0.3,0.4,86.0,0.0,0.4,99.6,50,2025-04-07T21:22:52.863313
0.3,0.4,87.0,0.0,0.4,99.6,50,2025-04-07T21:22:52.863314
0.3,0.4,88.0,0.0,0.4,99.6,50,2025-04-07T21:22:52.863315
0.3,0.4,89.0,0.0,0.4,99.6,50,2025-04-07T21:22:52.863316
0.3,0.4,90.0,0.0,0.4,99.6,50,2025-04-07T21:22:52.863317
0.3,0.4,91.0,0.0,0.4,99.6,50,2025-04-07T21:22:52.863318
0.3,0.4,92.0,0.0,0.4,99.6,50,2025-04-07T21:22:52.863319
0.3,0.4,93.0,0.0,0.4,99.6,50,2025-04-07T21:22:52.863319
0.3,0.4,94.0,0.0,0.4,99.6,50,2025-04-07T21:22:52.863320
0.3,0.4,95.0,0.0,0.4,99.6,50,2025-04-07T21:22:52.863321
0.3,0.4,96.0,0.0,0.4,99.6,50,2025-04-07T21:22:52.863322
0.3,0.4,97.0,0.0,0.4,99.6,50,2025-04-07T21:22:52.863323
0.3,0.4,98.0,0.0,0.4,99.6,50,2025-04-07T21:22:52.863324
0.3,0.4,99.0,0.0,0.4,99.6,50,2025-04-07T21:22:52.863325
0.3,0.4,100.0,0.0,0.4,99.6,50,2025-04-07T21:22:52.863326
0.3,0.5,0.0,95.0,5.0,0.0,50,2025-04-07T21:22:52.900631
0.3,0.5,1.0,0.0,64.28,35.72,50,2025-04-07T21:22:52.900638
0.3,0.5,2.0,0.0,38.82,61.18,50,2025-04-07T21:22:52.900639
0.3,0.5,3.0,0.0,23.28,76.72,50,2025-04-07T21:22:52.900640
0.3,0.5,4.0,0.0,13.74,86.26,50,2025-04-07T21:22:52.900641
0.3,0.5,5.0,0.0,7.78,92.22,50,2025-04-07T21:22:52.900642
0.3,0.5,6.0,0.0,4.66,95.34,50,2025-04-07T21:22:52.900643
0.3,0.5,7.0,0.0,2.52,97.48,50,2025-04-07T21:22:52.900644
0.3,0.5,8.0,0.0,1.4,98.6,50,2025-04-07T21:22:52.900646
0.3,0.5,9.0,0.0,0.78,99.22,50,2025-04-07T21:22:52.900647
0.3,0.5,10.0,0.0,0.6,99.4,50,2025-04-07T21:22:52.900648
0.3,0.5,11.0,0.0,0.5,99.5,50,2025-04-07T21:22:52.900649
0.3,0.5,12.0,0.0,0.42,99.58,50,2025-04-07T21:22:52.900650
0.3,0.5,13.0,0.0,0.4,99.6,50,2025-04-07T21:22:52.900651
0.3,0.5,14.0,0.0,0.4,99.6,50,2025-04-07T21:22:52.900652
0.3,0.5,15.0,0.0,0.4,99.6,50,2025-04-07T21:22:52.900653
0.3,0.5,16.0,0.0,0.4,99.6,50,2025-04-07T21:22:52.900654
0.3,0.5,17.0,0.0,0.4,99.6,50,2025-04-07T21:22:52.900655
0.3,0.5,18.0,0.0,0.4,99.6,50,2025-04-07T21:22:52.900656
0.3,0.5,19.0,0.0,0.4,99.6,50,2025-04-07T21:22:52.900657
0.3,0.5,20.0,0.0,0.4,99.6,50,2025-04-07T21:22:52.900658
0.3,0.5,21.0,0.0,0.4,99.6,50,2025-04-07T21:22:52.900659
0.3,0.5,22.0,0.0,0.4,99.6,50,2025-04-07T21:22:52.900660
0.3,0.5,23.0,0.0,0.4,99.6,50,2025-04-07T21:22:52.900661
0.3,0.5,24.0,0.0,0.4,99.6,50,2025-04-07T21:22:52.900662
0.3,0.5,25.0,0.0,0.4,99.6,50,2025-04-07T21:22:52.900663
0.3,0.5,26.0,0.0,0.4,99.6,50,2025-04-07T21:22:52.900664
0.3,0.5,27.0,0.0,0.4,99.6,50,2025-04-07T21:22:52.900665
0.3,0.5,28.0,0.0,0.4,99.6,50,2025-04-07T21:22:52.900667
0.3,0.5,29.0,0.0,0.4,99.6,50,2025-04-07T21:22:52.900668
0.3,0.5,30.0,0.0,0.4,99.6,50,2025-04-07T21:22:52.900669
0.3,0.5,31.0,0.0,0.4,99.6,50,2025-04-07T21:22:52.900670
0.3,0.5,32.0,0.0,0.4,99.6,50,2025-04-07T21:22:52.900671
0.3,0.5,33.0,0.0,0.4,99.6,50,2025-04-07T21:22:52.900672
0.3,0.5,34.0,0.0,0.4,99.6,50,2025-04-07T21:22:52.900673
0.3,0.5,35.0,0.0,0.4,99.6,50,2025-04-07T21:22:52.900674
0.3,0.5,36.0,0.0,0.4,99.6,50,2025-04-07T21:22:52.900675
0.3,0.5,37.0,0.0,0.4,99.6,50,2025-04-07T21:22:52.900676
0.3,0.5,38.0,0.0,0.4,99.6,50,2025-04-07T21:22:52.900677
0.3,0.5,39.0,0.0,0.4,99.6,50,2025-04-07T21:22:52.900678
0.3,0.5,40.0,0.0,0.4,99.6,50,2025-04-07T21:22:52.900679
0.3,0.5,41.0,0.0,0.4,99.6,50,2025-04-07T21:22:52.900680
0.3,0.5,42.0,0.0,0.4,99.6,50,2025-04-07T21:22:52.900681
0.3,0.5,43.0,0.0,0.4,99.6,50,2025-04-07T21:22:52.900681
0.3,0.5,44.0,0.0,0.4,99.6,50,2025-04-07T21:22:52.900682
0.3,0.5,45.0,0.0,0.4,99.6,50,2025-04-07T21:22:52.900684
0.3,0.5,46.0,0.0,0.4,99.6,50,2025-04-07T21:22:52.900684
0.3,0.5,47.0,0.0,0.4,99.6,50,2025-04-07T21:22:52.900685
0.3,0.5,48.0,0.0,0.4,99.6,50,2025-04-07T21:22:52.900686
0.3,0.5,49.0,0.0,0.4,99.6,50,2025-04-07T21:22:52.900687
0.3,0.5,50.0,0.0,0.4,99.6,50,2025-04-07T21:22:52.900688
0.3,0.5,51.0,0.0,0.4,99.6,50,2025-04-07T21:22:52.900689
0.3,0.5,52.0,0.0,0.4,99.6,50,2025-04-07T21:22:52.900690
0.3,0.5,53.0,0.0,0.4,99.6,50,2025-04-07T21:22:52.900691
0.3,0.5,54.0,0.0,0.4,99.6,50,2025-04-07T21:22:52.900692
0.3,0.5,55.0,0.0,0.4,99.6,50,2025-04-07T21:22:52.900693
0.3,0.5,56.0,0.0,0.4,99.6,50,2025-04-07T21:22:52.900694
0.3,0.5,57.0,0.0,0.4,99.6,50,2025-04-07T21:22:52.900695
0.3,0.5,58.0,0.0,0.4,99.6,50,2025-04-07T21:22:52.900696
0.3,0.5,59.0,0.0,0.4,99.6,50,2025-04-07T21:22:52.900697
0.3,0.5,60.0,0.0,0.4,99.6,50,2025-04-07T21:22:52.900698
0.3,0.5,61.0,0.0,0.4,99.6,50,2025-04-07T21:22:52.900699
0.3,0.5,62.0,0.0,0.4,99.6,50,2025-04-07T21:22:52.900700
0.3,0.5,63.0,0.0,0.4,99.6,50,2025-04-07T21:22:52.900701
0.3,0.5,64.0,0.0,0.4,99.6,50,2025-04-07T21:22:52.900702
0.3,0.5,65.0,0.0,0.4,99.6,50,2025-04-07T21:22:52.900703
0.3,0.5,66.0,0.0,0.4,99.6,50,2025-04-07T21:22:52.900708
0.3,0.5,67.0,0.0,0.4,99.6,50,2025-04-07T21:22:52.900710
0.3,0.5,68.0,0.0,0.4,99.6,50,2025-04-07T21:22:52.900711
0.3,0.5,69.0,0.0,0.4,99.6,50,2025-04-07T21:22:52.900712
0.3,0.5,70.0,0.0,0.4,99.6,50,2025-04-07T21:22:52.900713
0.3,0.5,71.0,0.0,0.4,99.6,50,2025-04-07T21:22:52.900714
0.3,0.5,72.0,0.0,0.4,99.6,50,2025-04-07T21:22:52.900715
0.3,0.5,73.0,0.0,0.4,99.6,50,2025-04-07T21:22:52.900716
0.3,0.5,74.0,0.0,0.4,99.6,50,2025-04-07T21:22:52.900717
0.3,0.5,75.0,0.0,0.4,99.6,50,2025-04-07T21:22:52.900718
0.3,0.5,76.0,0.0,0.4,99.6,50,2025-04-07T21:22:52.900719
0.3,0.5,77.0,0.0,0.4,99.6,50,2025-04-07T21:22:52.900720
0.3,0.5,78.0,0.0,0.4,99.6,50,2025-04-07T21:22:52.900721
0.3,0.5,79.0,0.0,0.4,99.6,50,2025-04-07T21:22:52.900722
0.3,0.5,80.0,0.0,0.4,99.6,50,2025-04-07T21:22:52.900723
0.3,0.5,81.0,0.0,0.4,99.6,50,2025-04-07T21:22:52.900724
0.3,0.5,82.0,0.0,0.4,99.6,50,2025-04-07T21:22:52.900725
0.3,0.5,83.0,0.0,0.4,99.6,50,2025-04-07T21:22:52.900727
0.3,0.5,84.0,0.0,0.4,99.6,50,2025-04-07T21:22:52.900728
0.3,0.5,85.0,0.0,0.4,99.6,50,2025-04-07T21:22:52.900729
0.3,0.5,86.0,0.0,0.4,99.6,50,2025-04-07T21:22:52.900730
0.3,0.5,87.0,0.0,0.4,99.6,50,2025-04-07T21:22:52.900731
0.3,0.5,88.0,0.0,0.4,99.6,50,2025-04-07T21:22:52.900732
0.3,0.5,89.0,0.0,0.4,99.6,50,2025-04-07T21:22:52.900733
0.3,0.5,90.0,0.0,0.4,99.6,50,2025-04-07T21:22:52.900734
0.3,0.5,91.0,0.0,0.4,99.6,50,2025-04-07T21:22:52.900735
0.3,0.5,92.0,0.0,0.4,99.6,50,2025-04-07T21:22:52.900736
0.3,0.5,93.0,0.0,0.4,99.6,50,2025-04-07T21:22:52.900738
0.3,0.5,94.0,0.0,0.4,99.6,50,2025-04-07T21:22:52.900739
0.3,0.5,95.0,0.0,0.4,99.6,50,2025-04-07T21:22:52.900740
0.3,0.5,96.0,0.0,0.4,99.6,50,2025-04-07T21:22:52.900741
0.3,0.5,97.0,0.0,0.4,99.6,50,2025-04-07T21:22:52.900742
0.3,0.5,98.0,0.0,0.4,99.6,50,2025-04-07T21:22:52.900743
0.3,0.5,99.0,0.0,0.4,99.6,50,2025-04-07T21:22:52.900744
0.3,0.5,100.0,0.0,0.4,99.6,50,2025-04-07T21:22:52.900745
0.3,0.6,0.0,95.0,5.0,0.0,50,2025-04-07T21:22:52.937279
0.3,0.6,1.0,0.0,56.68,43.32,50,2025-04-07T21:22:52.937284
0.3,0.6,2.0,0.0,30.74,69.26,50,2025-04-07T21:22:52.937285
0.3,0.6,3.0,0.0,16.06,83.94,50,2025-04-07T21:22:52.937286
0.3,0.6,4.0,0.0,8.12,91.88,50,2025-04-07T21:22:52.937287
0.3,0.6,5.0,0.0,4.16,95.84,50,2025-04-07T21:22:52.937289
0.3,0.6,6.0,0.0,1.92,98.08,50,2025-04-07T21:22:52.937290
0.3,0.6,7.0,0.0,1.1,98.9,50,2025-04-07T21:22:52.937291
0.3,0.6,8.0,0.0,0.6,99.4,50,2025-04-07T21:22:52.937292
0.3,0.6,9.0,0.0,0.5,99.5,50,2025-04-07T21:22:52.937293
0.3,0.6,10.0,0.0,0.44,99.56,50,2025-04-07T21:22:52.937294
0.3,0.6,11.0,0.0,0.42,99.58,50,2025-04-07T21:22:52.937295
0.3,0.6,12.0,0.0,0.4,99.6,50,2025-04-07T21:22:52.937296
0.3,0.6,13.0,0.0,0.38,99.62,50,2025-04-07T21:22:52.937297
0.3,0.6,14.0,0.0,0.38,99.62,50,2025-04-07T21:22:52.937300
0.3,0.6,15.0,0.0,0.36,99.64,50,2025-04-07T21:22:52.937301
0.3,0.6,16.0,0.0,0.36,99.64,50,2025-04-07T21:22:52.937302
0.3,0.6,17.0,0.0,0.36,99.64,50,2025-04-07T21:22:52.937303
0.3,0.6,18.0,0.0,0.36,99.64,50,2025-04-07T21:22:52.937304
0.3,0.6,19.0,0.0,0.36,99.64,50,2025-04-07T21:22:52.937305
0.3,0.6,20.0,0.0,0.36,99.64,50,2025-04-07T21:22:52.937306
0.3,0.6,21.0,0.0,0.36,99.64,50,2025-04-07T21:22:52.937307
0.3,0.6,22.0,0.0,0.36,99.64,50,2025-04-07T21:22:52.937308
0.3,0.6,23.0,0.0,0.36,99.64,50,2025-04-07T21:22:52.937309
0.3,0.6,24.0,0.0,0.36,99.64,50,2025-04-07T21:22:52.937310
0.3,0.6,25.0,0.0,0.36,99.64,50,2025-04-07T21:22:52.937311
0.3,0.6,26.0,0.0,0.36,99.64,50,2025-04-07T21:22:52.937312
0.3,0.6,27.0,0.0,0.36,99.64,50,2025-04-07T21:22:52.937313
0.3,0.6,28.0,0.0,0.36,99.64,50,2025-04-07T21:22:52.937314
0.3,0.6,29.0,0.0,0.36,99.64,50,2025-04-07T21:22:52.937315
0.3,0.6,30.0,0.0,0.36,99.64,50,2025-04-07T21:22:52.937316
0.3,0.6,31.0,0.0,0.36,99.64,50,2025-04-07T21:22:52.937317
0.3,0.6,32.0,0.0,0.36,99.64,50,2025-04-07T21:22:52.937318
0.3,0.6,33.0,0.0,0.36,99.64,50,2025-04-07T21:22:52.937319
0.3,0.6,34.0,0.0,0.36,99.64,50,2025-04-07T21:22:52.937320
0.3,0.6,35.0,0.0,0.36,99.64,50,2025-04-07T21:22:52.937321
0.3,0.6,36.0,0.0,0.36,99.64,50,2025-04-07T21:22:52.937322
0.3,0.6,37.0,0.0,0.36,99.64,50,2025-04-07T21:22:52.937323
0.3,0.6,38.0,0.0,0.36,99.64,50,2025-04-07T21:22:52.937324
0.3,0.6,39.0,0.0,0.36,99.64,50,2025-04-07T21:22:52.937325
0.3,0.6,40.0,0.0,0.36,99.64,50,2025-04-07T21:22:52.937326
0.3,0.6,41.0,0.0,0.36,99.64,50,2025-04-07T21:22:52.937327
0.3,0.6,42.0,0.0,0.36,99.64,50,2025-04-07T21:22:52.937328
0.3,0.6,43.0,0.0,0.36,99.64,50,2025-04-07T21:22:52.937329
0.3,0.6,44.0,0.0,0.36,99.64,50,2025-04-07T21:22:52.937330
0.3,0.6,45.0,0.0,0.36,99.64,50,2025-04-07T21:22:52.937331
0.3,0.6,46.0,0.0,0.36,99.64,50,2025-04-07T21:22:52.937332
0.3,0.6,47.0,0.0,0.36,99.64,50,2025-04-07T21:22:52.937333
0.3,0.6,48.0,0.0,0.36,99.64,50,2025-04-07T21:22:52.937334
0.3,0.6,49.0,0.0,0.36,99.64,50,2025-04-07T21:22:52.937335
0.3,0.6,50.0,0.0,0.36,99.64,50,2025-04-07T21:22:52.937336
0.3,0.6,51.0,0.0,0.36,99.64,50,2025-04-07T21:22:52.937337
0.3,0.6,52.0,0.0,0.36,99.64,50,2025-04-07T21:22:52.937339
0.3,0.6,53.0,0.0,0.36,99.64,50,2025-04-07T21:22:52.937340
0.3,0.6,54.0,0.0,0.36,99.64,50,2025-04-07T21:22:52.937341
0.3,0.6,55.0,0.0,0.36,99.64,50,2025-04-07T21:22:52.937342
0.3,0.6,56.0,0.0,0.36,99.64,50,2025-04-07T21:22:52.937342
0.3,0.6,57.0,0.0,0.36,99.64,50,2025-04-07T21:22:52.937343
0.3,0.6,58.0,0.0,0.36,99.64,50,2025-04-07T21:22:52.937344
0.3,0.6,59.0,0.0,0.36,99.64,50,2025-04-07T21:22:52.937345
0.3,0.6,60.0,0.0,0.36,99.64,50,2025-04-07T21:22:52.937346
0.3,0.6,61.0,0.0,0.36,99.64,50,2025-04-07T21:22:52.937347
0.3,0.6,62.0,0.0,0.36,99.64,50,2025-04-07T21:22:52.937348
0.3,0.6,63.0,0.0,0.36,99.64,50,2025-04-07T21:22:52.937349
0.3,0.6,64.0,0.0,0.36,99.64,50,2025-04-07T21:22:52.937350
0.3,0.6,65.0,0.0,0.36,99.64,50,2025-04-07T21:22:52.937351
0.3,0.6,66.0,0.0,0.36,99.64,50,2025-04-07T21:22:52.937352
0.3,0.6,67.0,0.0,0.36,99.64,50,2025-04-07T21:22:52.937353
0.3,0.6,68.0,0.0,0.36,99.64,50,2025-04-07T21:22:52.937354
0.3,0.6,69.0,0.0,0.36,99.64,50,2025-04-07T21:22:52.937355
0.3,0.6,70.0,0.0,0.36,99.64,50,2025-04-07T21:22:52.937356
0.3,0.6,71.0,0.0,0.36,99.64,50,2025-04-07T21:22:52.937357
0.3,0.6,72.0,0.0,0.36,99.64,50,2025-04-07T21:22:52.937358
0.3,0.6,73.0,0.0,0.36,99.64,50,2025-04-07T21:22:52.937359
0.3,0.6,74.0,0.0,0.36,99.64,50,2025-04-07T21:22:52.937360
0.3,0.6,75.0,0.0,0.36,99.64,50,2025-04-07T21:22:52.937361
0.3,0.6,76.0,0.0,0.36,99.64,50,2025-04-07T21:22:52.937362
0.3,0.6,77.0,0.0,0.36,99.64,50,2025-04-07T21:22:52.937363
0.3,0.6,78.0,0.0,0.36,99.64,50,2025-04-07T21:22:52.937364
0.3,0.6,79.0,0.0,0.36,99.64,50,2025-04-07T21:22:52.937365
0.3,0.6,80.0,0.0,0.36,99.64,50,2025-04-07T21:22:52.937366
0.3,0.6,81.0,0.0,0.36,99.64,50,2025-04-07T21:22:52.937367
0.3,0.6,82.0,0.0,0.36,99.64,50,2025-04-07T21:22:52.937368
0.3,0.6,83.0,0.0,0.36,99.64,50,2025-04-07T21:22:52.937369
0.3,0.6,84.0,0.0,0.36,99.64,50,2025-04-07T21:22:52.937370
0.3,0.6,85.0,0.0,0.36,99.64,50,2025-04-07T21:22:52.937371
0.3,0.6,86.0,0.0,0.36,99.64,50,2025-04-07T21:22:52.937372
0.3,0.6,87.0,0.0,0.36,99.64,50,2025-04-07T21:22:52.937373
0.3,0.6,88.0,0.0,0.36,99.64,50,2025-04-07T21:22:52.937374
0.3,0.6,89.0,0.0,0.36,99.64,50,2025-04-07T21:22:52.937375
0.3,0.6,90.0,0.0,0.36,99.64,50,2025-04-07T21:22:52.937383
0.3,0.6,91.0,0.0,0.36,99.64,50,2025-04-07T21:22:52.937384
0.3,0.6,92.0,0.0,0.36,99.64,50,2025-04-07T21:22:52.937386
0.3,0.6,93.0,0.0,0.36,99.64,50,2025-04-07T21:22:52.937388
0.3,0.6,94.0,0.0,0.36,99.64,50,2025-04-07T21:22:52.937389
0.3,0.6,95.0,0.0,0.36,99.64,50,2025-04-07T21:22:52.937390
0.3,0.6,96.0,0.0,0.36,99.64,50,2025-04-07T21:22:52.937391
0.3,0.6,97.0,0.0,0.36,99.64,50,2025-04-07T21:22:52.937392
0.3,0.6,98.0,0.0,0.36,99.64,50,2025-04-07T21:22:52.937393
0.3,0.6,99.0,0.0,0.36,99.64,50,2025-04-07T21:22:52.937394
0.3,0.6,100.0,0.0,0.36,99.64,50,2025-04-07T21:22:52.937395
0.3,0.7000000000000001,0.0,95.0,5.0,0.0,50,2025-04-07T21:22:52.973363
0.3,0.7000000000000001,1.0,0.0,51.56,48.44,50,2025-04-07T21:22:52.973368
0.3,0.7000000000000001,2.0,0.0,24.92,75.08,50,2025-04-07T21:22:52.973369
0.3,0.7000000000000001,3.0,0.0,12.38,87.62,50,2025-04-07T21:22:52.973370
0.3,0.7000000000000001,4.0,0.0,5.6,94.4,50,2025-04-07T21:22:52.973372
0.3,0.7000000000000001,5.0,0.0,2.4,97.6,50,2025-04-07T21:22:52.973373
0.3,0.7000000000000001,6.0,0.0,1.2,98.8,50,2025-04-07T21:22:52.973374
0.3,0.7000000000000001,7.0,0.0,0.8,99.2,50,2025-04-07T21:22:52.973375
0.3,0.7000000000000001,8.0,0.0,0.64,99.36,50,2025-04-07T21:22:52.973376
0.3,0.7000000000000001,9.0,0.0,0.6,99.4,50,2025-04-07T21:22:52.973377
0.3,0.7000000000000001,10.0,0.0,0.58,99.42,50,2025-04-07T21:22:52.973378
0.3,0.7000000000000001,11.0,0.0,0.58,99.42,50,2025-04-07T21:22:52.973379
0.3,0.7000000000000001,12.0,0.0,0.58,99.42,50,2025-04-07T21:22:52.973380
0.3,0.7000000000000001,13.0,0.0,0.58,99.42,50,2025-04-07T21:22:52.973381
0.3,0.7000000000000001,14.0,0.0,0.58,99.42,50,2025-04-07T21:22:52.973382
0.3,0.7000000000000001,15.0,0.0,0.58,99.42,50,2025-04-07T21:22:52.973383
0.3,0.7000000000000001,16.0,0.0,0.58,99.42,50,2025-04-07T21:22:52.973384
0.3,0.7000000000000001,17.0,0.0,0.58,99.42,50,2025-04-07T21:22:52.973385
0.3,0.7000000000000001,18.0,0.0,0.58,99.42,50,2025-04-07T21:22:52.973386
0.3,0.7000000000000001,19.0,0.0,0.58,99.42,50,2025-04-07T21:22:52.973387
0.3,0.7000000000000001,20.0,0.0,0.58,99.42,50,2025-04-07T21:22:52.973388
0.3,0.7000000000000001,21.0,0.0,0.58,99.42,50,2025-04-07T21:22:52.973389
0.3,0.7000000000000001,22.0,0.0,0.58,99.42,50,2025-04-07T21:22:52.973390
0.3,0.7000000000000001,23.0,0.0,0.58,99.42,50,2025-04-07T21:22:52.973391
0.3,0.7000000000000001,24.0,0.0,0.58,99.42,50,2025-04-07T21:22:52.973392
0.3,0.7000000000000001,25.0,0.0,0.58,99.42,50,2025-04-07T21:22:52.973393
0.3,0.7000000000000001,26.0,0.0,0.58,99.42,50,2025-04-07T21:22:52.973394
0.3,0.7000000000000001,27.0,0.0,0.58,99.42,50,2025-04-07T21:22:52.973395
0.3,0.7000000000000001,28.0,0.0,0.58,99.42,50,2025-04-07T21:22:52.973396
0.3,0.7000000000000001,29.0,0.0,0.58,99.42,50,2025-04-07T21:22:52.973397
0.3,0.7000000000000001,30.0,0.0,0.58,99.42,50,2025-04-07T21:22:52.973398
0.3,0.7000000000000001,31.0,0.0,0.58,99.42,50,2025-04-07T21:22:52.973399
0.3,0.7000000000000001,32.0,0.0,0.58,99.42,50,2025-04-07T21:22:52.973400
0.3,0.7000000000000001,33.0,0.0,0.58,99.42,50,2025-04-07T21:22:52.973401
0.3,0.7000000000000001,34.0,0.0,0.58,99.42,50,2025-04-07T21:22:52.973402
0.3,0.7000000000000001,35.0,0.0,0.58,99.42,50,2025-04-07T21:22:52.973403
0.3,0.7000000000000001,36.0,0.0,0.58,99.42,50,2025-04-07T21:22:52.973404
0.3,0.7000000000000001,37.0,0.0,0.58,99.42,50,2025-04-07T21:22:52.973405
0.3,0.7000000000000001,38.0,0.0,0.58,99.42,50,2025-04-07T21:22:52.973406
0.3,0.7000000000000001,39.0,0.0,0.58,99.42,50,2025-04-07T21:22:52.973407
0.3,0.7000000000000001,40.0,0.0,0.58,99.42,50,2025-04-07T21:22:52.973408
0.3,0.7000000000000001,41.0,0.0,0.58,99.42,50,2025-04-07T21:22:52.973409
0.3,0.7000000000000001,42.0,0.0,0.58,99.42,50,2025-04-07T21:22:52.973410
0.3,0.7000000000000001,43.0,0.0,0.58,99.42,50,2025-04-07T21:22:52.973411
0.3,0.7000000000000001,44.0,0.0,0.58,99.42,50,2025-04-07T21:22:52.973412
0.3,0.7000000000000001,45.0,0.0,0.58,99.42,50,2025-04-07T21:22:52.973413
0.3,0.7000000000000001,46.0,0.0,0.58,99.42,50,2025-04-07T21:22:52.973414
0.3,0.7000000000000001,47.0,0.0,0.58,99.42,50,2025-04-07T21:22:52.973415
0.3,0.7000000000000001,48.0,0.0,0.58,99.42,50,2025-04-07T21:22:52.973416
0.3,0.7000000000000001,49.0,0.0,0.58,99.42,50,2025-04-07T21:22:52.973417
0.3,0.7000000000000001,50.0,0.0,0.58,99.42,50,2025-04-07T21:22:52.973418
0.3,0.7000000000000001,51.0,0.0,0.58,99.42,50,2025-04-07T21:22:52.973419
0.3,0.7000000000000001,52.0,0.0,0.58,99.42,50,2025-04-07T21:22:52.973420
0.3,0.7000000000000001,53.0,0.0,0.58,99.42,50,2025-04-07T21:22:52.973421
0.3,0.7000000000000001,54.0,0.0,0.58,99.42,50,2025-04-07T21:22:52.973422
0.3,0.7000000000000001,55.0,0.0,0.58,99.42,50,2025-04-07T21:22:52.973423
0.3,0.7000000000000001,56.0,0.0,0.58,99.42,50,2025-04-07T21:22:52.973424
0.3,0.7000000000000001,57.0,0.0,0.58,99.42,50,2025-04-07T21:22:52.973425
0.3,0.7000000000000001,58.0,0.0,0.58,99.42,50,2025-04-07T21:22:52.973426
0.3,0.7000000000000001,59.0,0.0,0.58,99.42,50,2025-04-07T21:22:52.973427
0.3,0.7000000000000001,60.0,0.0,0.58,99.42,50,2025-04-07T21:22:52.973428
0.3,0.7000000000000001,61.0,0.0,0.58,99.42,50,2025-04-07T21:22:52.973429
0.3,0.7000000000000001,62.0,0.0,0.58,99.42,50,2025-04-07T21:22:52.973430
0.3,0.7000000000000001,63.0,0.0,0.58,99.42,50,2025-04-07T21:22:52.973431
0.3,0.7000000000000001,64.0,0.0,0.58,99.42,50,2025-04-07T21:22:52.973432
0.3,0.7000000000000001,65.0,0.0,0.58,99.42,50,2025-04-07T21:22:52.973433
0.3,0.7000000000000001,66.0,0.0,0.58,99.42,50,2025-04-07T21:22:52.973434
0.3,0.7000000000000001,67.0,0.0,0.58,99.42,50,2025-04-07T21:22:52.973435
0.3,0.7000000000000001,68.0,0.0,0.58,99.42,50,2025-04-07T21:22:52.973436
0.3,0.7000000000000001,69.0,0.0,0.58,99.42,50,2025-04-07T21:22:52.973437
0.3,0.7000000000000001,70.0,0.0,0.58,99.42,50,2025-04-07T21:22:52.973438
0.3,0.7000000000000001,71.0,0.0,0.58,99.42,50,2025-04-07T21:22:52.973439
0.3,0.7000000000000001,72.0,0.0,0.58,99.42,50,2025-04-07T21:22:52.973440
0.3,0.7000000000000001,73.0,0.0,0.58,99.42,50,2025-04-07T21:22:52.973441
0.3,0.7000000000000001,74.0,0.0,0.58,99.42,50,2025-04-07T21:22:52.973442
0.3,0.7000000000000001,75.0,0.0,0.58,99.42,50,2025-04-07T21:22:52.973443
0.3,0.7000000000000001,76.0,0.0,0.58,99.42,50,2025-04-07T21:22:52.973444
0.3,0.7000000000000001,77.0,0.0,0.58,99.42,50,2025-04-07T21:22:52.973445
0.3,0.7000000000000001,78.0,0.0,0.58,99.42,50,2025-04-07T21:22:52.973446
0.3,0.7000000000000001,79.0,0.0,0.58,99.42,50,2025-04-07T21:22:52.973447
0.3,0.7000000000000001,80.0,0.0,0.58,99.42,50,2025-04-07T21:22:52.973448
0.3,0.7000000000000001,81.0,0.0,0.58,99.42,50,2025-04-07T21:22:52.973449
0.3,0.7000000000000001,82.0,0.0,0.58,99.42,50,2025-04-07T21:22:52.973450
0.3,0.7000000000000001,83.0,0.0,0.58,99.42,50,2025-04-07T21:22:52.973451
0.3,0.7000000000000001,84.0,0.0,0.58,99.42,50,2025-04-07T21:22:52.973452
0.3,0.7000000000000001,85.0,0.0,0.58,99.42,50,2025-04-07T21:22:52.973453
0.3,0.7000000000000001,86.0,0.0,0.58,99.42,50,2025-04-07T21:22:52.973454
0.3,0.7000000000000001,87.0,0.0,0.58,99.42,50,2025-04-07T21:22:52.973455
0.3,0.7000000000000001,88.0,0.0,0.58,99.42,50,2025-04-07T21:22:52.973456
0.3,0.7000000000000001,89.0,0.0,0.58,99.42,50,2025-04-07T21:22:52.973457
0.3,0.7000000000000001,90.0,0.0,0.58,99.42,50,2025-04-07T21:22:52.973458
0.3,0.7000000000000001,91.0,0.0,0.58,99.42,50,2025-04-07T21:22:52.973459
0.3,0.7000000000000001,92.0,0.0,0.58,99.42,50,2025-04-07T21:22:52.973460
0.3,0.7000000000000001,93.0,0.0,0.58,99.42,50,2025-04-07T21:22:52.973461
0.3,0.7000000000000001,94.0,0.0,0.58,99.42,50,2025-04-07T21:22:52.973462
0.3,0.7000000000000001,95.0,0.0,0.58,99.42,50,2025-04-07T21:22:52.973463
0.3,0.7000000000000001,96.0,0.0,0.58,99.42,50,2025-04-07T21:22:52.973464
0.3,0.7000000000000001,97.0,0.0,0.58,99.42,50,2025-04-07T21:22:52.973465
0.3,0.7000000000000001,98.0,0.0,0.58,99.42,50,2025-04-07T21:22:52.973466
0.3,0.7000000000000001,99.0,0.0,0.58,99.42,50,2025-04-07T21:22:52.973467
0.3,0.7000000000000001,100.0,0.0,0.58,99.42,50,2025-04-07T21:22:52.973468
0.3,0.8,0.0,95.0,5.0,0.0,50,2025-04-07T21:22:53.037116
0.3,0.8,1.0,0.0,47.46,52.54,50,2025-04-07T21:22:53.037122
0.3,0.8,2.0,0.0,20.52,79.48,50,2025-04-07T21:22:53.037123
0.3,0.8,3.0,0.0,8.76,91.24,50,2025-04-07T21:22:53.037124
0.3,0.8,4.0,0.0,3.44,96.56,50,2025-04-07T21:22:53.037126
0.3,0.8,5.0,0.0,1.06,98.94,50,2025-04-07T21:22:53.037127
0.3,0.8,6.0,0.0,0.36,99.64,50,2025-04-07T21:22:53.037128
0.3,0.8,7.0,0.0,0.22,99.78,50,2025-04-07T21:22:53.037129
0.3,0.8,8.0,0.0,0.2,99.8,50,2025-04-07T21:22:53.037130
0.3,0.8,9.0,0.0,0.2,99.8,50,2025-04-07T21:22:53.037131
0.3,0.8,10.0,0.0,0.2,99.8,50,2025-04-07T21:22:53.037132
0.3,0.8,11.0,0.0,0.2,99.8,50,2025-04-07T21:22:53.037133
0.3,0.8,12.0,0.0,0.2,99.8,50,2025-04-07T21:22:53.037134
0.3,0.8,13.0,0.0,0.2,99.8,50,2025-04-07T21:22:53.037135
0.3,0.8,14.0,0.0,0.2,99.8,50,2025-04-07T21:22:53.037136
0.3,0.8,15.0,0.0,0.2,99.8,50,2025-04-07T21:22:53.037137
0.3,0.8,16.0,0.0,0.2,99.8,50,2025-04-07T21:22:53.037138
0.3,0.8,17.0,0.0,0.2,99.8,50,2025-04-07T21:22:53.037139
0.3,0.8,18.0,0.0,0.2,99.8,50,2025-04-07T21:22:53.037141
0.3,0.8,19.0,0.0,0.2,99.8,50,2025-04-07T21:22:53.037142
0.3,0.8,20.0,0.0,0.2,99.8,50,2025-04-07T21:22:53.037143
0.3,0.8,21.0,0.0,0.2,99.8,50,2025-04-07T21:22:53.037144
0.3,0.8,22.0,0.0,0.2,99.8,50,2025-04-07T21:22:53.037145
0.3,0.8,23.0,0.0,0.2,99.8,50,2025-04-07T21:22:53.037146
0.3,0.8,24.0,0.0,0.2,99.8,50,2025-04-07T21:22:53.037147
0.3,0.8,25.0,0.0,0.2,99.8,50,2025-04-07T21:22:53.037148
0.3,0.8,26.0,0.0,0.2,99.8,50,2025-04-07T21:22:53.037149
0.3,0.8,27.0,0.0,0.2,99.8,50,2025-04-07T21:22:53.037150
0.3,0.8,28.0,0.0,0.2,99.8,50,2025-04-07T21:22:53.037151
0.3,0.8,29.0,0.0,0.2,99.8,50,2025-04-07T21:22:53.037152
0.3,0.8,30.0,0.0,0.2,99.8,50,2025-04-07T21:22:53.037153
0.3,0.8,31.0,0.0,0.2,99.8,50,2025-04-07T21:22:53.037154
0.3,0.8,32.0,0.0,0.2,99.8,50,2025-04-07T21:22:53.037155
0.3,0.8,33.0,0.0,0.2,99.8,50,2025-04-07T21:22:53.037156
0.3,0.8,34.0,0.0,0.2,99.8,50,2025-04-07T21:22:53.037158
0.3,0.8,35.0,0.0,0.2,99.8,50,2025-04-07T21:22:53.037159
0.3,0.8,36.0,0.0,0.2,99.8,50,2025-04-07T21:22:53.037160
0.3,0.8,37.0,0.0,0.2,99.8,50,2025-04-07T21:22:53.037161
0.3,0.8,38.0,0.0,0.2,99.8,50,2025-04-07T21:22:53.037162
0.3,0.8,39.0,0.0,0.2,99.8,50,2025-04-07T21:22:53.037163
0.3,0.8,40.0,0.0,0.2,99.8,50,2025-04-07T21:22:53.037164
0.3,0.8,41.0,0.0,0.2,99.8,50,2025-04-07T21:22:53.037165
0.3,0.8,42.0,0.0,0.2,99.8,50,2025-04-07T21:22:53.037166
0.3,0.8,43.0,0.0,0.2,99.8,50,2025-04-07T21:22:53.037167
0.3,0.8,44.0,0.0,0.2,99.8,50,2025-04-07T21:22:53.037177
0.3,0.8,45.0,0.0,0.2,99.8,50,2025-04-07T21:22:53.037178
0.3,0.8,46.0,0.0,0.2,99.8,50,2025-04-07T21:22:53.037179
0.3,0.8,47.0,0.0,0.2,99.8,50,2025-04-07T21:22:53.037180
0.3,0.8,48.0,0.0,0.2,99.8,50,2025-04-07T21:22:53.037182
0.3,0.8,49.0,0.0,0.2,99.8,50,2025-04-07T21:22:53.037183
0.3,0.8,50.0,0.0,0.2,99.8,50,2025-04-07T21:22:53.037184
0.3,0.8,51.0,0.0,0.2,99.8,50,2025-04-07T21:22:53.037185
0.3,0.8,52.0,0.0,0.2,99.8,50,2025-04-07T21:22:53.037186
0.3,0.8,53.0,0.0,0.2,99.8,50,2025-04-07T21:22:53.037187
0.3,0.8,54.0,0.0,0.2,99.8,50,2025-04-07T21:22:53.037188
0.3,0.8,55.0,0.0,0.2,99.8,50,2025-04-07T21:22:53.037189
0.3,0.8,56.0,0.0,0.2,99.8,50,2025-04-07T21:22:53.037190
0.3,0.8,57.0,0.0,0.2,99.8,50,2025-04-07T21:22:53.037191
0.3,0.8,58.0,0.0,0.2,99.8,50,2025-04-07T21:22:53.037192
0.3,0.8,59.0,0.0,0.2,99.8,50,2025-04-07T21:22:53.037193
0.3,0.8,60.0,0.0,0.2,99.8,50,2025-04-07T21:22:53.037194
0.3,0.8,61.0,0.0,0.2,99.8,50,2025-04-07T21:22:53.037195
0.3,0.8,62.0,0.0,0.2,99.8,50,2025-04-07T21:22:53.037196
0.3,0.8,63.0,0.0,0.2,99.8,50,2025-04-07T21:22:53.037197
0.3,0.8,64.0,0.0,0.2,99.8,50,2025-04-07T21:22:53.037198
0.3,0.8,65.0,0.0,0.2,99.8,50,2025-04-07T21:22:53.037199
0.3,0.8,66.0,0.0,0.2,99.8,50,2025-04-07T21:22:53.037200
0.3,0.8,67.0,0.0,0.2,99.8,50,2025-04-07T21:22:53.037201
0.3,0.8,68.0,0.0,0.2,99.8,50,2025-04-07T21:22:53.037202
0.3,0.8,69.0,0.0,0.2,99.8,50,2025-04-07T21:22:53.037203
0.3,0.8,70.0,0.0,0.2,99.8,50,2025-04-07T21:22:53.037204
0.3,0.8,71.0,0.0,0.2,99.8,50,2025-04-07T21:22:53.037205
0.3,0.8,72.0,0.0,0.2,99.8,50,2025-04-07T21:22:53.037206
0.3,0.8,73.0,0.0,0.2,99.8,50,2025-04-07T21:22:53.037207
0.3,0.8,74.0,0.0,0.2,99.8,50,2025-04-07T21:22:53.037208
0.3,0.8,75.0,0.0,0.2,99.8,50,2025-04-07T21:22:53.037209
0.3,0.8,76.0,0.0,0.2,99.8,50,2025-04-07T21:22:53.037210
0.3,0.8,77.0,0.0,0.2,99.8,50,2025-04-07T21:22:53.037211
0.3,0.8,78.0,0.0,0.2,99.8,50,2025-04-07T21:22:53.037212
0.3,0.8,79.0,0.0,0.2,99.8,50,2025-04-07T21:22:53.037213
0.3,0.8,80.0,0.0,0.2,99.8,50,2025-04-07T21:22:53.037214
0.3,0.8,81.0,0.0,0.2,99.8,50,2025-04-07T21:22:53.037215
0.3,0.8,82.0,0.0,0.2,99.8,50,2025-04-07T21:22:53.037216
0.3,0.8,83.0,0.0,0.2,99.8,50,2025-04-07T21:22:53.037217
0.3,0.8,84.0,0.0,0.2,99.8,50,2025-04-07T21:22:53.037218
0.3,0.8,85.0,0.0,0.2,99.8,50,2025-04-07T21:22:53.037219
0.3,0.8,86.0,0.0,0.2,99.8,50,2025-04-07T21:22:53.037220
0.3,0.8,87.0,0.0,0.2,99.8,50,2025-04-07T21:22:53.037221
0.3,0.8,88.0,0.0,0.2,99.8,50,2025-04-07T21:22:53.037222
0.3,0.8,89.0,0.0,0.2,99.8,50,2025-04-07T21:22:53.037223
0.3,0.8,90.0,0.0,0.2,99.8,50,2025-04-07T21:22:53.037224
0.3,0.8,91.0,0.0,0.2,99.8,50,2025-04-07T21:22:53.037225
0.3,0.8,92.0,0.0,0.2,99.8,50,2025-04-07T21:22:53.037226
0.3,0.8,93.0,0.0,0.2,99.8,50,2025-04-07T21:22:53.037227
0.3,0.8,94.0,0.0,0.2,99.8,50,2025-04-07T21:22:53.037228
0.3,0.8,95.0,0.0,0.2,99.8,50,2025-04-07T21:22:53.037229
0.3,0.8,96.0,0.0,0.2,99.8,50,2025-04-07T21:22:53.037230
0.3,0.8,97.0,0.0,0.2,99.8,50,2025-04-07T21:22:53.037231
0.3,0.8,98.0,0.0,0.2,99.8,50,2025-04-07T21:22:53.037232
0.3,0.8,99.0,0.0,0.2,99.8,50,2025-04-07T21:22:53.037233
0.3,0.8,100.0,0.0,0.2,99.8,50,2025-04-07T21:22:53.037234
0.3,0.9,0.0,95.0,5.0,0.0,50,2025-04-07T21:22:53.074020
0.3,0.9,1.0,0.0,43.04,56.96,50,2025-04-07T21:22:53.074025
0.3,0.9,2.0,0.0,16.84,83.16,50,2025-04-07T21:22:53.074027
0.3,0.9,3.0,0.0,6.66,93.34,50,2025-04-07T21:22:53.074028
0.3,0.9,4.0,0.0,2.44,97.56,50,2025-04-07T21:22:53.074029
0.3,0.9,5.0,0.0,0.88,99.12,50,2025-04-07T21:22:53.074030
0.3,0.9,6.0,0.0,0.68,99.32,50,2025-04-07T21:22:53.074031
0.3,0.9,7.0,0.0,0.56,99.44,50,2025-04-07T21:22:53.074032
0.3,0.9,8.0,0.0,0.56,99.44,50,2025-04-07T21:22:53.074033
0.3,0.9,9.0,0.0,0.56,99.44,50,2025-04-07T21:22:53.074034
0.3,0.9,10.0,0.0,0.56,99.44,50,2025-04-07T21:22:53.074035
0.3,0.9,11.0,0.0,0.56,99.44,50,2025-04-07T21:22:53.074036
0.3,0.9,12.0,0.0,0.56,99.44,50,2025-04-07T21:22:53.074037
0.3,0.9,13.0,0.0,0.56,99.44,50,2025-04-07T21:22:53.074038
0.3,0.9,14.0,0.0,0.56,99.44,50,2025-04-07T21:22:53.074039
0.3,0.9,15.0,0.0,0.56,99.44,50,2025-04-07T21:22:53.074040
0.3,0.9,16.0,0.0,0.56,99.44,50,2025-04-07T21:22:53.074042
0.3,0.9,17.0,0.0,0.56,99.44,50,2025-04-07T21:22:53.074043
0.3,0.9,18.0,0.0,0.56,99.44,50,2025-04-07T21:22:53.074044
0.3,0.9,19.0,0.0,0.56,99.44,50,2025-04-07T21:22:53.074045
0.3,0.9,20.0,0.0,0.56,99.44,50,2025-04-07T21:22:53.074046
0.3,0.9,21.0,0.0,0.56,99.44,50,2025-04-07T21:22:53.074047
0.3,0.9,22.0,0.0,0.56,99.44,50,2025-04-07T21:22:53.074048
0.3,0.9,23.0,0.0,0.56,99.44,50,2025-04-07T21:22:53.074049
0.3,0.9,24.0,0.0,0.56,99.44,50,2025-04-07T21:22:53.074050
0.3,0.9,25.0,0.0,0.56,99.44,50,2025-04-07T21:22:53.074051
0.3,0.9,26.0,0.0,0.56,99.44,50,2025-04-07T21:22:53.074052
0.3,0.9,27.0,0.0,0.56,99.44,50,2025-04-07T21:22:53.074053
0.3,0.9,28.0,0.0,0.56,99.44,50,2025-04-07T21:22:53.074054
0.3,0.9,29.0,0.0,0.56,99.44,50,2025-04-07T21:22:53.074055
0.3,0.9,30.0,0.0,0.56,99.44,50,2025-04-07T21:22:53.074056
0.3,0.9,31.0,0.0,0.56,99.44,50,2025-04-07T21:22:53.074057
0.3,0.9,32.0,0.0,0.56,99.44,50,2025-04-07T21:22:53.074058
0.3,0.9,33.0,0.0,0.56,99.44,50,2025-04-07T21:22:53.074059
0.3,0.9,34.0,0.0,0.56,99.44,50,2025-04-07T21:22:53.074061
0.3,0.9,35.0,0.0,0.56,99.44,50,2025-04-07T21:22:53.074062
0.3,0.9,36.0,0.0,0.56,99.44,50,2025-04-07T21:22:53.074063
0.3,0.9,37.0,0.0,0.56,99.44,50,2025-04-07T21:22:53.074064
0.3,0.9,38.0,0.0,0.56,99.44,50,2025-04-07T21:22:53.074065
0.3,0.9,39.0,0.0,0.56,99.44,50,2025-04-07T21:22:53.074066
0.3,0.9,40.0,0.0,0.56,99.44,50,2025-04-07T21:22:53.074067
0.3,0.9,41.0,0.0,0.56,99.44,50,2025-04-07T21:22:53.074068
0.3,0.9,42.0,0.0,0.56,99.44,50,2025-04-07T21:22:53.074069
0.3,0.9,43.0,0.0,0.56,99.44,50,2025-04-07T21:22:53.074070
0.3,0.9,44.0,0.0,0.56,99.44,50,2025-04-07T21:22:53.074071
0.3,0.9,45.0,0.0,0.56,99.44,50,2025-04-07T21:22:53.074079
0.3,0.9,46.0,0.0,0.56,99.44,50,2025-04-07T21:22:53.074080
0.3,0.9,47.0,0.0,0.56,99.44,50,2025-04-07T21:22:53.074081
0.3,0.9,48.0,0.0,0.56,99.44,50,2025-04-07T21:22:53.074082
0.3,0.9,49.0,0.0,0.56,99.44,50,2025-04-07T21:22:53.074083
0.3,0.9,50.0,0.0,0.56,99.44,50,2025-04-07T21:22:53.074084
0.3,0.9,51.0,0.0,0.56,99.44,50,2025-04-07T21:22:53.074085
0.3,0.9,52.0,0.0,0.56,99.44,50,2025-04-07T21:22:53.074086
0.3,0.9,53.0,0.0,0.56,99.44,50,2025-04-07T21:22:53.074087
0.3,0.9,54.0,0.0,0.56,99.44,50,2025-04-07T21:22:53.074088
0.3,0.9,55.0,0.0,0.56,99.44,50,2025-04-07T21:22:53.074089
0.3,0.9,56.0,0.0,0.56,99.44,50,2025-04-07T21:22:53.074090
0.3,0.9,57.0,0.0,0.56,99.44,50,2025-04-07T21:22:53.074091
0.3,0.9,58.0,0.0,0.56,99.44,50,2025-04-07T21:22:53.074092
0.3,0.9,59.0,0.0,0.56,99.44,50,2025-04-07T21:22:53.074093
0.3,0.9,60.0,0.0,0.56,99.44,50,2025-04-07T21:22:53.074094
0.3,0.9,61.0,0.0,0.56,99.44,50,2025-04-07T21:22:53.074095
0.3,0.9,62.0,0.0,0.56,99.44,50,2025-04-07T21:22:53.074096
0.3,0.9,63.0,0.0,0.56,99.44,50,2025-04-07T21:22:53.074097
0.3,0.9,64.0,0.0,0.56,99.44,50,2025-04-07T21:22:53.074098
0.3,0.9,65.0,0.0,0.56,99.44,50,2025-04-07T21:22:53.074099
0.3,0.9,66.0,0.0,0.56,99.44,50,2025-04-07T21:22:53.074100
0.3,0.9,67.0,0.0,0.56,99.44,50,2025-04-07T21:22:53.074101
0.3,0.9,68.0,0.0,0.56,99.44,50,2025-04-07T21:22:53.074102
0.3,0.9,69.0,0.0,0.56,99.44,50,2025-04-07T21:22:53.074103
0.3,0.9,70.0,0.0,0.56,99.44,50,2025-04-07T21:22:53.074104
0.3,0.9,71.0,0.0,0.56,99.44,50,2025-04-07T21:22:53.074105
0.3,0.9,72.0,0.0,0.56,99.44,50,2025-04-07T21:22:53.074106
0.3,0.9,73.0,0.0,0.56,99.44,50,2025-04-07T21:22:53.074107
0.3,0.9,74.0,0.0,0.56,99.44,50,2025-04-07T21:22:53.074108
0.3,0.9,75.0,0.0,0.56,99.44,50,2025-04-07T21:22:53.074109
0.3,0.9,76.0,0.0,0.56,99.44,50,2025-04-07T21:22:53.074110
0.3,0.9,77.0,0.0,0.56,99.44,50,2025-04-07T21:22:53.074111
0.3,0.9,78.0,0.0,0.56,99.44,50,2025-04-07T21:22:53.074112
0.3,0.9,79.0,0.0,0.56,99.44,50,2025-04-07T21:22:53.074113
0.3,0.9,80.0,0.0,0.56,99.44,50,2025-04-07T21:22:53.074114
0.3,0.9,81.0,0.0,0.56,99.44,50,2025-04-07T21:22:53.074115
0.3,0.9,82.0,0.0,0.56,99.44,50,2025-04-07T21:22:53.074116
0.3,0.9,83.0,0.0,0.56,99.44,50,2025-04-07T21:22:53.074117
0.3,0.9,84.0,0.0,0.56,99.44,50,2025-04-07T21:22:53.074118
0.3,0.9,85.0,0.0,0.56,99.44,50,2025-04-07T21:22:53.074119
0.3,0.9,86.0,0.0,0.56,99.44,50,2025-04-07T21:22:53.074120
0.3,0.9,87.0,0.0,0.56,99.44,50,2025-04-07T21:22:53.074121
0.3,0.9,88.0,0.0,0.56,99.44,50,2025-04-07T21:22:53.074122
0.3,0.9,89.0,0.0,0.56,99.44,50,2025-04-07T21:22:53.074123
0.3,0.9,90.0,0.0,0.56,99.44,50,2025-04-07T21:22:53.074124
0.3,0.9,91.0,0.0,0.56,99.44,50,2025-04-07T21:22:53.074125
0.3,0.9,92.0,0.0,0.56,99.44,50,2025-04-07T21:22:53.074126
0.3,0.9,93.0,0.0,0.56,99.44,50,2025-04-07T21:22:53.074127
0.3,0.9,94.0,0.0,0.56,99.44,50,2025-04-07T21:22:53.074128
0.3,0.9,95.0,0.0,0.56,99.44,50,2025-04-07T21:22:53.074129
0.3,0.9,96.0,0.0,0.56,99.44,50,2025-04-07T21:22:53.074130
0.3,0.9,97.0,0.0,0.56,99.44,50,2025-04-07T21:22:53.074131
0.3,0.9,98.0,0.0,0.56,99.44,50,2025-04-07T21:22:53.074132
0.3,0.9,99.0,0.0,0.56,99.44,50,2025-04-07T21:22:53.074138
0.3,0.9,100.0,0.0,0.56,99.44,50,2025-04-07T21:22:53.074139
0.3,1.0,0.0,95.0,5.0,0.0,50,2025-04-07T21:22:53.110092
0.3,1.0,1.0,0.0,39.68,60.32,50,2025-04-07T21:22:53.110098
0.3,1.0,2.0,0.0,14.46,85.54,50,2025-04-07T21:22:53.110099
0.3,1.0,3.0,0.0,4.94,95.06,50,2025-04-07T21:22:53.110100
0.3,1.0,4.0,0.0,1.96,98.04,50,2025-04-07T21:22:53.110101
0.3,1.0,5.0,0.0,1.0,99.0,50,2025-04-07T21:22:53.110103
0.3,1.0,6.0,0.0,0.9,99.1,50,2025-04-07T21:22:53.110104
0.3,1.0,7.0,0.0,0.88,99.12,50,2025-04-07T21:22:53.110105
0.3,1.0,8.0,0.0,0.88,99.12,50,2025-04-07T21:22:53.110106
0.3,1.0,9.0,0.0,0.88,99.12,50,2025-04-07T21:22:53.110107
0.3,1.0,10.0,0.0,0.88,99.12,50,2025-04-07T21:22:53.110108
0.3,1.0,11.0,0.0,0.88,99.12,50,2025-04-07T21:22:53.110109
0.3,1.0,12.0,0.0,0.88,99.12,50,2025-04-07T21:22:53.110110
0.3,1.0,13.0,0.0,0.88,99.12,50,2025-04-07T21:22:53.110111
0.3,1.0,14.0,0.0,0.88,99.12,50,2025-04-07T21:22:53.110112
0.3,1.0,15.0,0.0,0.88,99.12,50,2025-04-07T21:22:53.110113
0.3,1.0,16.0,0.0,0.88,99.12,50,2025-04-07T21:22:53.110114
0.3,1.0,17.0,0.0,0.88,99.12,50,2025-04-07T21:22:53.110115
0.3,1.0,18.0,0.0,0.88,99.12,50,2025-04-07T21:22:53.110116
0.3,1.0,19.0,0.0,0.88,99.12,50,2025-04-07T21:22:53.110117
0.3,1.0,20.0,0.0,0.88,99.12,50,2025-04-07T21:22:53.110118
0.3,1.0,21.0,0.0,0.88,99.12,50,2025-04-07T21:22:53.110119
0.3,1.0,22.0,0.0,0.88,99.12,50,2025-04-07T21:22:53.110120
0.3,1.0,23.0,0.0,0.88,99.12,50,2025-04-07T21:22:53.110121
0.3,1.0,24.0,0.0,0.88,99.12,50,2025-04-07T21:22:53.110122
0.3,1.0,25.0,0.0,0.88,99.12,50,2025-04-07T21:22:53.110123
0.3,1.0,26.0,0.0,0.88,99.12,50,2025-04-07T21:22:53.110124
0.3,1.0,27.0,0.0,0.88,99.12,50,2025-04-07T21:22:53.110126
0.3,1.0,28.0,0.0,0.88,99.12,50,2025-04-07T21:22:53.110127
0.3,1.0,29.0,0.0,0.88,99.12,50,2025-04-07T21:22:53.110128
0.3,1.0,30.0,0.0,0.88,99.12,50,2025-04-07T21:22:53.110129
0.3,1.0,31.0,0.0,0.88,99.12,50,2025-04-07T21:22:53.110130
0.3,1.0,32.0,0.0,0.88,99.12,50,2025-04-07T21:22:53.110131
0.3,1.0,33.0,0.0,0.88,99.12,50,2025-04-07T21:22:53.110132
0.3,1.0,34.0,0.0,0.88,99.12,50,2025-04-07T21:22:53.110133
0.3,1.0,35.0,0.0,0.88,99.12,50,2025-04-07T21:22:53.110134
0.3,1.0,36.0,0.0,0.88,99.12,50,2025-04-07T21:22:53.110135
0.3,1.0,37.0,0.0,0.88,99.12,50,2025-04-07T21:22:53.110136
0.3,1.0,38.0,0.0,0.88,99.12,50,2025-04-07T21:22:53.110137
0.3,1.0,39.0,0.0,0.88,99.12,50,2025-04-07T21:22:53.110138
0.3,1.0,40.0,0.0,0.88,99.12,50,2025-04-07T21:22:53.110139
0.3,1.0,41.0,0.0,0.88,99.12,50,2025-04-07T21:22:53.110140
0.3,1.0,42.0,0.0,0.88,99.12,50,2025-04-07T21:22:53.110141
0.3,1.0,43.0,0.0,0.88,99.12,50,2025-04-07T21:22:53.110142
0.3,1.0,44.0,0.0,0.88,99.12,50,2025-04-07T21:22:53.110143
0.3,1.0,45.0,0.0,0.88,99.12,50,2025-04-07T21:22:53.110144
0.3,1.0,46.0,0.0,0.88,99.12,50,2025-04-07T21:22:53.110146
0.3,1.0,47.0,0.0,0.88,99.12,50,2025-04-07T21:22:53.110147
0.3,1.0,48.0,0.0,0.88,99.12,50,2025-04-07T21:22:53.110148
0.3,1.0,49.0,0.0,0.88,99.12,50,2025-04-07T21:22:53.110149
0.3,1.0,50.0,0.0,0.88,99.12,50,2025-04-07T21:22:53.110150
0.3,1.0,51.0,0.0,0.88,99.12,50,2025-04-07T21:22:53.110151
0.3,1.0,52.0,0.0,0.88,99.12,50,2025-04-07T21:22:53.110152
0.3,1.0,53.0,0.0,0.88,99.12,50,2025-04-07T21:22:53.110153
0.3,1.0,54.0,0.0,0.88,99.12,50,2025-04-07T21:22:53.110154
0.3,1.0,55.0,0.0,0.88,99.12,50,2025-04-07T21:22:53.110155
0.3,1.0,56.0,0.0,0.88,99.12,50,2025-04-07T21:22:53.110156
0.3,1.0,57.0,0.0,0.88,99.12,50,2025-04-07T21:22:53.110157
0.3,1.0,58.0,0.0,0.88,99.12,50,2025-04-07T21:22:53.110158
0.3,1.0,59.0,0.0,0.88,99.12,50,2025-04-07T21:22:53.110159
0.3,1.0,60.0,0.0,0.88,99.12,50,2025-04-07T21:22:53.110160
0.3,1.0,61.0,0.0,0.88,99.12,50,2025-04-07T21:22:53.110161
0.3,1.0,62.0,0.0,0.88,99.12,50,2025-04-07T21:22:53.110162
0.3,1.0,63.0,0.0,0.88,99.12,50,2025-04-07T21:22:53.110163
0.3,1.0,64.0,0.0,0.88,99.12,50,2025-04-07T21:22:53.110164
0.3,1.0,65.0,0.0,0.88,99.12,50,2025-04-07T21:22:53.110165
0.3,1.0,66.0,0.0,0.88,99.12,50,2025-04-07T21:22:53.110166
0.3,1.0,67.0,0.0,0.88,99.12,50,2025-04-07T21:22:53.110167
0.3,1.0,68.0,0.0,0.88,99.12,50,2025-04-07T21:22:53.110168
0.3,1.0,69.0,0.0,0.88,99.12,50,2025-04-07T21:22:53.110169
0.3,1.0,70.0,0.0,0.88,99.12,50,2025-04-07T21:22:53.110170
0.3,1.0,71.0,0.0,0.88,99.12,50,2025-04-07T21:22:53.110183
0.3,1.0,72.0,0.0,0.88,99.12,50,2025-04-07T21:22:53.110184
0.3,1.0,73.0,0.0,0.88,99.12,50,2025-04-07T21:22:53.110185
0.3,1.0,74.0,0.0,0.88,99.12,50,2025-04-07T21:22:53.110186
0.3,1.0,75.0,0.0,0.88,99.12,50,2025-04-07T21:22:53.110187
0.3,1.0,76.0,0.0,0.88,99.12,50,2025-04-07T21:22:53.110190
0.3,1.0,77.0,0.0,0.88,99.12,50,2025-04-07T21:22:53.110191
0.3,1.0,78.0,0.0,0.88,99.12,50,2025-04-07T21:22:53.110192
0.3,1.0,79.0,0.0,0.88,99.12,50,2025-04-07T21:22:53.110193
0.3,1.0,80.0,0.0,0.88,99.12,50,2025-04-07T21:22:53.110194
0.3,1.0,81.0,0.0,0.88,99.12,50,2025-04-07T21:22:53.110195
0.3,1.0,82.0,0.0,0.88,99.12,50,2025-04-07T21:22:53.110196
0.3,1.0,83.0,0.0,0.88,99.12,50,2025-04-07T21:22:53.110197
0.3,1.0,84.0,0.0,0.88,99.12,50,2025-04-07T21:22:53.110198
0.3,1.0,85.0,0.0,0.88,99.12,50,2025-04-07T21:22:53.110199
0.3,1.0,86.0,0.0,0.88,99.12,50,2025-04-07T21:22:53.110200
0.3,1.0,87.0,0.0,0.88,99.12,50,2025-04-07T21:22:53.110201
0.3,1.0,88.0,0.0,0.88,99.12,50,2025-04-07T21:22:53.110202
0.3,1.0,89.0,0.0,0.88,99.12,50,2025-04-07T21:22:53.110203
0.3,1.0,90.0,0.0,0.88,99.12,50,2025-04-07T21:22:53.110204
0.3,1.0,91.0,0.0,0.88,99.12,50,2025-04-07T21:22:53.110205
0.3,1.0,92.0,0.0,0.88,99.12,50,2025-04-07T21:22:53.110206
0.3,1.0,93.0,0.0,0.88,99.12,50,2025-04-07T21:22:53.110207
0.3,1.0,94.0,0.0,0.88,99.12,50,2025-04-07T21:22:53.110208
0.3,1.0,95.0,0.0,0.88,99.12,50,2025-04-07T21:22:53.110209
0.3,1.0,96.0,0.0,0.88,99.12,50,2025-04-07T21:22:53.110210
0.3,1.0,97.0,0.0,0.88,99.12,50,2025-04-07T21:22:53.110211
0.3,1.0,98.0,0.0,0.88,99.12,50,2025-04-07T21:22:53.110212
0.3,1.0,99.0,0.0,0.88,99.12,50,2025-04-07T21:22:53.110213
0.3,1.0,100.0,0.0,0.88,99.12,50,2025-04-07T21:22:53.110214
0.4,0.1,0.0,95.0,5.0,0.0,50,2025-04-07T21:22:53.145897
0.4,0.1,1.0,0.0,90.06,9.94,50,2025-04-07T21:22:53.145903
0.4,0.1,2.0,0.0,80.78,19.22,50,2025-04-07T21:22:53.145905
0.4,0.1,3.0,0.0,73.06,26.94,50,2025-04-07T21:22:53.145906
0.4,0.1,4.0,0.0,66.78,33.22,50,2025-04-07T21:22:53.145907
0.4,0.1,5.0,0.0,60.66,39.34,50,2025-04-07T21:22:53.145908
0.4,0.1,6.0,0.0,54.84,45.16,50,2025-04-07T21:22:53.145909
0.4,0.1,7.0,0.0,49.88,50.12,50,2025-04-07T21:22:53.145910
0.4,0.1,8.0,0.0,45.04,54.96,50,2025-04-07T21:22:53.145911
0.4,0.1,9.0,0.0,40.96,59.04,50,2025-04-07T21:22:53.145912
0.4,0.1,10.0,0.0,36.94,63.06,50,2025-04-07T21:22:53.145913
0.4,0.1,11.0,0.0,33.12,66.88,50,2025-04-07T21:22:53.145914
0.4,0.1,12.0,0.0,30.08,69.92,50,2025-04-07T21:22:53.145915
0.4,0.1,13.0,0.0,27.66,72.34,50,2025-04-07T21:22:53.145916
0.4,0.1,14.0,0.0,24.98,75.02,50,2025-04-07T21:22:53.145917
0.4,0.1,15.0,0.0,22.92,77.08,50,2025-04-07T21:22:53.145918
0.4,0.1,16.0,0.0,20.78,79.22,50,2025-04-07T21:22:53.145919
0.4,0.1,17.0,0.0,18.66,81.34,50,2025-04-07T21:22:53.145920
0.4,0.1,18.0,0.0,16.8,83.2,50,2025-04-07T21:22:53.145921
0.4,0.1,19.0,0.0,15.14,84.86,50,2025-04-07T21:22:53.145922
0.4,0.1,20.0,0.0,13.56,86.44,50,2025-04-07T21:22:53.145923
0.4,0.1,21.0,0.0,12.14,87.86,50,2025-04-07T21:22:53.145924
0.4,0.1,22.0,0.0,10.94,89.06,50,2025-04-07T21:22:53.145926
0.4,0.1,23.0,0.0,9.72,90.28,50,2025-04-07T21:22:53.145927
0.4,0.1,24.0,0.0,9.06,90.94,50,2025-04-07T21:22:53.145928
0.4,0.1,25.0,0.0,8.22,91.78,50,2025-04-07T21:22:53.145929
0.4,0.1,26.0,0.0,7.36,92.64,50,2025-04-07T21:22:53.145930
0.4,0.1,27.0,0.0,6.72,93.28,50,2025-04-07T21:22:53.145931
0.4,0.1,28.0,0.0,6.1,93.9,50,2025-04-07T21:22:53.145932
0.4,0.1,29.0,0.0,5.36,94.64,50,2025-04-07T21:22:53.145933
0.4,0.1,30.0,0.0,4.96,95.04,50,2025-04-07T21:22:53.145934
0.4,0.1,31.0,0.0,4.32,95.68,50,2025-04-07T21:22:53.145935
0.4,0.1,32.0,0.0,3.74,96.26,50,2025-04-07T21:22:53.145936
0.4,0.1,33.0,0.0,3.26,96.74,50,2025-04-07T21:22:53.145937
0.4,0.1,34.0,0.0,2.78,97.22,50,2025-04-07T21:22:53.145938
0.4,0.1,35.0,0.0,2.3,97.7,50,2025-04-07T21:22:53.145939
0.4,0.1,36.0,0.0,2.12,97.88,50,2025-04-07T21:22:53.145940
0.4,0.1,37.0,0.0,1.84,98.16,50,2025-04-07T21:22:53.145941
0.4,0.1,38.0,0.0,1.6,98.4,50,2025-04-07T21:22:53.145942
0.4,0.1,39.0,0.0,1.22,98.78,50,2025-04-07T21:22:53.145943
0.4,0.1,40.0,0.0,0.98,99.02,50,2025-04-07T21:22:53.145944
0.4,0.1,41.0,0.0,0.88,99.12,50,2025-04-07T21:22:53.145945
0.4,0.1,42.0,0.0,0.74,99.26,50,2025-04-07T21:22:53.145946
0.4,0.1,43.0,0.0,0.6,99.4,50,2025-04-07T21:22:53.145947
0.4,0.1,44.0,0.0,0.52,99.48,50,2025-04-07T21:22:53.145948
0.4,0.1,45.0,0.0,0.4,99.6,50,2025-04-07T21:22:53.145949
0.4,0.1,46.0,0.0,0.34,99.66,50,2025-04-07T21:22:53.145950
0.4,0.1,47.0,0.0,0.3,99.7,50,2025-04-07T21:22:53.145951
0.4,0.1,48.0,0.0,0.28,99.72,50,2025-04-07T21:22:53.145952
0.4,0.1,49.0,0.0,0.28,99.72,50,2025-04-07T21:22:53.145953
0.4,0.1,50.0,0.0,0.22,99.78,50,2025-04-07T21:22:53.145954
0.4,0.1,51.0,0.0,0.2,99.8,50,2025-04-07T21:22:53.145955
0.4,0.1,52.0,0.0,0.16,99.84,50,2025-04-07T21:22:53.145956
0.4,0.1,53.0,0.0,0.14,99.86,50,2025-04-07T21:22:53.145957
0.4,0.1,54.0,0.0,0.14,99.86,50,2025-04-07T21:22:53.145958
0.4,0.1,55.0,0.0,0.14,99.86,50,2025-04-07T21:22:53.145959
0.4,0.1,56.0,0.0,0.12,99.88,50,2025-04-07T21:22:53.145960
0.4,0.1,57.0,0.0,0.12,99.88,50,2025-04-07T21:22:53.145961
0.4,0.1,58.0,0.0,0.12,99.88,50,2025-04-07T21:22:53.145962
0.4,0.1,59.0,0.0,0.12,99.88,50,2025-04-07T21:22:53.145962
0.4,0.1,60.0,0.0,0.1,99.9,50,2025-04-07T21:22:53.145964
0.4,0.1,61.0,0.0,0.1,99.9,50,2025-04-07T21:22:53.145964
0.4,0.1,62.0,0.0,0.1,99.9,50,2025-04-07T21:22:53.145965
0.4,0.1,63.0,0.0,0.1,99.9,50,2025-04-07T21:22:53.145966
0.4,0.1,64.0,0.0,0.1,99.9,50,2025-04-07T21:22:53.145968
0.4,0.1,65.0,0.0,0.08,99.92,50,2025-04-07T21:22:53.145969
0.4,0.1,66.0,0.0,0.08,99.92,50,2025-04-07T21:22:53.145970
0.4,0.1,67.0,0.0,0.08,99.92,50,2025-04-07T21:22:53.145970
0.4,0.1,68.0,0.0,0.08,99.92,50,2025-04-07T21:22:53.145971
0.4,0.1,69.0,0.0,0.08,99.92,50,2025-04-07T21:22:53.145972
0.4,0.1,70.0,0.0,0.08,99.92,50,2025-04-07T21:22:53.145973
0.4,0.1,71.0,0.0,0.08,99.92,50,2025-04-07T21:22:53.145974
0.4,0.1,72.0,0.0,0.08,99.92,50,2025-04-07T21:22:53.145975
0.4,0.1,73.0,0.0,0.08,99.92,50,2025-04-07T21:22:53.145976
0.4,0.1,74.0,0.0,0.08,99.92,50,2025-04-07T21:22:53.145977
0.4,0.1,75.0,0.0,0.08,99.92,50,2025-04-07T21:22:53.145978
0.4,0.1,76.0,0.0,0.08,99.92,50,2025-04-07T21:22:53.145979
0.4,0.1,77.0,0.0,0.08,99.92,50,2025-04-07T21:22:53.145980
0.4,0.1,78.0,0.0,0.06,99.94,50,2025-04-07T21:22:53.145981
0.4,0.1,79.0,0.0,0.06,99.94,50,2025-04-07T21:22:53.145982
0.4,0.1,80.0,0.0,0.06,99.94,50,2025-04-07T21:22:53.145983
0.4,0.1,81.0,0.0,0.06,99.94,50,2025-04-07T21:22:53.145984
0.4,0.1,82.0,0.0,0.06,99.94,50,2025-04-07T21:22:53.145985
0.4,0.1,83.0,0.0,0.06,99.94,50,2025-04-07T21:22:53.145986
0.4,0.1,84.0,0.0,0.06,99.94,50,2025-04-07T21:22:53.145987
0.4,0.1,85.0,0.0,0.06,99.94,50,2025-04-07T21:22:53.145988
0.4,0.1,86.0,0.0,0.06,99.94,50,2025-04-07T21:22:53.145989
0.4,0.1,87.0,0.0,0.06,99.94,50,2025-04-07T21:22:53.145990
0.4,0.1,88.0,0.0,0.06,99.94,50,2025-04-07T21:22:53.145991
0.4,0.1,89.0,0.0,0.06,99.94,50,2025-04-07T21:22:53.145992
0.4,0.1,90.0,0.0,0.06,99.94,50,2025-04-07T21:22:53.145993
0.4,0.1,91.0,0.0,0.06,99.94,50,2025-04-07T21:22:53.145994
0.4,0.1,92.0,0.0,0.06,99.94,50,2025-04-07T21:22:53.145995
0.4,0.1,93.0,0.0,0.06,99.94,50,2025-04-07T21:22:53.145996
0.4,0.1,94.0,0.0,0.06,99.94,50,2025-04-07T21:22:53.145997
0.4,0.1,95.0,0.0,0.06,99.94,50,2025-04-07T21:22:53.145998
0.4,0.1,96.0,0.0,0.06,99.94,50,2025-04-07T21:22:53.145999
0.4,0.1,97.0,0.0,0.06,99.94,50,2025-04-07T21:22:53.146000
0.4,0.1,98.0,0.0,0.06,99.94,50,2025-04-07T21:22:53.146001
0.4,0.1,99.0,0.0,0.06,99.94,50,2025-04-07T21:22:53.146002
0.4,0.1,100.0,0.0,0.06,99.94,50,2025-04-07T21:22:53.146003
0.4,0.2,0.0,95.0,5.0,0.0,50,2025-04-07T21:22:53.182204
0.4,0.2,1.0,0.0,82.26,17.74,50,2025-04-07T21:22:53.182209
0.4,0.2,2.0,0.0,67.1,32.9,50,2025-04-07T21:22:53.182211
0.4,0.2,3.0,0.0,55.2,44.8,50,2025-04-07T21:22:53.182212
0.4,0.2,4.0,0.0,44.26,55.74,50,2025-04-07T21:22:53.182213
0.4,0.2,5.0,0.0,35.46,64.54,50,2025-04-07T21:22:53.182214
0.4,0.2,6.0,0.0,28.64,71.36,50,2025-04-07T21:22:53.182215
0.4,0.2,7.0,0.0,23.08,76.92,50,2025-04-07T21:22:53.182216
0.4,0.2,8.0,0.0,18.98,81.02,50,2025-04-07T21:22:53.182217
0.4,0.2,9.0,0.0,15.32,84.68,50,2025-04-07T21:22:53.182218
0.4,0.2,10.0,0.0,12.56,87.44,50,2025-04-07T21:22:53.182219
0.4,0.2,11.0,0.0,9.98,90.02,50,2025-04-07T21:22:53.182220
0.4,0.2,12.0,0.0,8.08,91.92,50,2025-04-07T21:22:53.182221
0.4,0.2,13.0,0.0,6.56,93.44,50,2025-04-07T21:22:53.182222
0.4,0.2,14.0,0.0,5.14,94.86,50,2025-04-07T21:22:53.182223
0.4,0.2,15.0,0.0,3.88,96.12,50,2025-04-07T21:22:53.182224
0.4,0.2,16.0,0.0,3.0,97.0,50,2025-04-07T21:22:53.182225
0.4,0.2,17.0,0.0,2.22,97.78,50,2025-04-07T21:22:53.182226
0.4,0.2,18.0,0.0,1.64,98.36,50,2025-04-07T21:22:53.182227
0.4,0.2,19.0,0.0,1.18,98.82,50,2025-04-07T21:22:53.182228
0.4,0.2,20.0,0.0,0.9,99.1,50,2025-04-07T21:22:53.182229
0.4,0.2,21.0,0.0,0.82,99.18,50,2025-04-07T21:22:53.182230
0.4,0.2,22.0,0.0,0.68,99.32,50,2025-04-07T21:22:53.182231
0.4,0.2,23.0,0.0,0.54,99.46,50,2025-04-07T21:22:53.182232
0.4,0.2,24.0,0.0,0.42,99.58,50,2025-04-07T21:22:53.182233
0.4,0.2,25.0,0.0,0.38,99.62,50,2025-04-07T21:22:53.182235
0.4,0.2,26.0,0.0,0.34,99.66,50,2025-04-07T21:22:53.182245
0.4,0.2,27.0,0.0,0.28,99.72,50,2025-04-07T21:22:53.182246
0.4,0.2,28.0,0.0,0.26,99.74,50,2025-04-07T21:22:53.182247
0.4,0.2,29.0,0.0,0.24,99.76,50,2025-04-07T21:22:53.182249
0.4,0.2,30.0,0.0,0.24,99.76,50,2025-04-07T21:22:53.182251
0.4,0.2,31.0,0.0,0.22,99.78,50,2025-04-07T21:22:53.182252
0.4,0.2,32.0,0.0,0.22,99.78,50,2025-04-07T21:22:53.182253
0.4,0.2,33.0,0.0,0.22,99.78,50,2025-04-07T21:22:53.182254
0.4,0.2,34.0,0.0,0.22,99.78,50,2025-04-07T21:22:53.182255
0.4,0.2,35.0,0.0,0.22,99.78,50,2025-04-07T21:22:53.182256
0.4,0.2,36.0,0.0,0.22,99.78,50,2025-04-07T21:22:53.182257
0.4,0.2,37.0,0.0,0.22,99.78,50,2025-04-07T21:22:53.182261
0.4,0.2,38.0,0.0,0.22,99.78,50,2025-04-07T21:22:53.182262
0.4,0.2,39.0,0.0,0.22,99.78,50,2025-04-07T21:22:53.182263
0.4,0.2,40.0,0.0,0.22,99.78,50,2025-04-07T21:22:53.182264
0.4,0.2,41.0,0.0,0.22,99.78,50,2025-04-07T21:22:53.182265
0.4,0.2,42.0,0.0,0.22,99.78,50,2025-04-07T21:22:53.182266
0.4,0.2,43.0,0.0,0.22,99.78,50,2025-04-07T21:22:53.182267
0.4,0.2,44.0,0.0,0.22,99.78,50,2025-04-07T21:22:53.182268
0.4,0.2,45.0,0.0,0.22,99.78,50,2025-04-07T21:22:53.182269
0.4,0.2,46.0,0.0,0.22,99.78,50,2025-04-07T21:22:53.182270
0.4,0.2,47.0,0.0,0.22,99.78,50,2025-04-07T21:22:53.182272
0.4,0.2,48.0,0.0,0.22,99.78,50,2025-04-07T21:22:53.182273
0.4,0.2,49.0,0.0,0.22,99.78,50,2025-04-07T21:22:53.182274
0.4,0.2,50.0,0.0,0.22,99.78,50,2025-04-07T21:22:53.182275
0.4,0.2,51.0,0.0,0.22,99.78,50,2025-04-07T21:22:53.182276
0.4,0.2,52.0,0.0,0.22,99.78,50,2025-04-07T21:22:53.182277
0.4,0.2,53.0,0.0,0.22,99.78,50,2025-04-07T21:22:53.182278
0.4,0.2,54.0,0.0,0.22,99.78,50,2025-04-07T21:22:53.182279
0.4,0.2,55.0,0.0,0.22,99.78,50,2025-04-07T21:22:53.182280
0.4,0.2,56.0,0.0,0.22,99.78,50,2025-04-07T21:22:53.182281
0.4,0.2,57.0,0.0,0.22,99.78,50,2025-04-07T21:22:53.182282
0.4,0.2,58.0,0.0,0.22,99.78,50,2025-04-07T21:22:53.182283
0.4,0.2,59.0,0.0,0.22,99.78,50,2025-04-07T21:22:53.182284
0.4,0.2,60.0,0.0,0.22,99.78,50,2025-04-07T21:22:53.182285
0.4,0.2,61.0,0.0,0.22,99.78,50,2025-04-07T21:22:53.182286
0.4,0.2,62.0,0.0,0.22,99.78,50,2025-04-07T21:22:53.182287
0.4,0.2,63.0,0.0,0.22,99.78,50,2025-04-07T21:22:53.182288
0.4,0.2,64.0,0.0,0.22,99.78,50,2025-04-07T21:22:53.182289
0.4,0.2,65.0,0.0,0.22,99.78,50,2025-04-07T21:22:53.182290
0.4,0.2,66.0,0.0,0.22,99.78,50,2025-04-07T21:22:53.182291
0.4,0.2,67.0,0.0,0.22,99.78,50,2025-04-07T21:22:53.182292
0.4,0.2,68.0,0.0,0.22,99.78,50,2025-04-07T21:22:53.182293
0.4,0.2,69.0,0.0,0.22,99.78,50,2025-04-07T21:22:53.182294
0.4,0.2,70.0,0.0,0.22,99.78,50,2025-04-07T21:22:53.182295
0.4,0.2,71.0,0.0,0.22,99.78,50,2025-04-07T21:22:53.182296
0.4,0.2,72.0,0.0,0.22,99.78,50,2025-04-07T21:22:53.182297
0.4,0.2,73.0,0.0,0.22,99.78,50,2025-04-07T21:22:53.182298
0.4,0.2,74.0,0.0,0.22,99.78,50,2025-04-07T21:22:53.182299
0.4,0.2,75.0,0.0,0.22,99.78,50,2025-04-07T21:22:53.182300
0.4,0.2,76.0,0.0,0.22,99.78,50,2025-04-07T21:22:53.182301
0.4,0.2,77.0,0.0,0.22,99.78,50,2025-04-07T21:22:53.182302
0.4,0.2,78.0,0.0,0.22,99.78,50,2025-04-07T21:22:53.182303
0.4,0.2,79.0,0.0,0.22,99.78,50,2025-04-07T21:22:53.182304
0.4,0.2,80.0,0.0,0.22,99.78,50,2025-04-07T21:22:53.182305
0.4,0.2,81.0,0.0,0.22,99.78,50,2025-04-07T21:22:53.182306
0.4,0.2,82.0,0.0,0.22,99.78,50,2025-04-07T21:22:53.182307
0.4,0.2,83.0,0.0,0.22,99.78,50,2025-04-07T21:22:53.182308
0.4,0.2,84.0,0.0,0.22,99.78,50,2025-04-07T21:22:53.182309
0.4,0.2,85.0,0.0,0.22,99.78,50,2025-04-07T21:22:53.182310
0.4,0.2,86.0,0.0,0.22,99.78,50,2025-04-07T21:22:53.182311
0.4,0.2,87.0,0.0,0.22,99.78,50,2025-04-07T21:22:53.182312
0.4,0.2,88.0,0.0,0.22,99.78,50,2025-04-07T21:22:53.182313
0.4,0.2,89.0,0.0,0.22,99.78,50,2025-04-07T21:22:53.182314
0.4,0.2,90.0,0.0,0.22,99.78,50,2025-04-07T21:22:53.182315
0.4,0.2,91.0,0.0,0.22,99.78,50,2025-04-07T21:22:53.182316
0.4,0.2,92.0,0.0,0.22,99.78,50,2025-04-07T21:22:53.182317
0.4,0.2,93.0,0.0,0.22,99.78,50,2025-04-07T21:22:53.182318
0.4,0.2,94.0,0.0,0.22,99.78,50,2025-04-07T21:22:53.182319
0.4,0.2,95.0,0.0,0.22,99.78,50,2025-04-07T21:22:53.182320
0.4,0.2,96.0,0.0,0.22,99.78,50,2025-04-07T21:22:53.182321
0.4,0.2,97.0,0.0,0.22,99.78,50,2025-04-07T21:22:53.182322
0.4,0.2,98.0,0.0,0.22,99.78,50,2025-04-07T21:22:53.182323
0.4,0.2,99.0,0.0,0.22,99.78,50,2025-04-07T21:22:53.182324
0.4,0.2,100.0,0.0,0.22,99.78,50,2025-04-07T21:22:53.182325
0.4,0.3,0.0,95.0,5.0,0.0,50,2025-04-07T21:22:53.217924
0.4,0.3,1.0,0.0,75.84,24.16,50,2025-04-07T21:22:53.217930
0.4,0.3,2.0,0.0,55.56,44.44,50,2025-04-07T21:22:53.217932
0.4,0.3,3.0,0.0,40.9,59.1,50,2025-04-07T21:22:53.217933
0.4,0.3,4.0,0.0,30.9,69.1,50,2025-04-07T21:22:53.217934
0.4,0.3,5.0,0.0,22.54,77.46,50,2025-04-07T21:22:53.217935
0.4,0.3,6.0,0.0,16.5,83.5,50,2025-04-07T21:22:53.217936
0.4,0.3,7.0,0.0,11.94,88.06,50,2025-04-07T21:22:53.217937
0.4,0.3,8.0,0.0,8.76,91.24,50,2025-04-07T21:22:53.217938
0.4,0.3,9.0,0.0,6.3,93.7,50,2025-04-07T21:22:53.217939
0.4,0.3,10.0,0.0,4.48,95.52,50,2025-04-07T21:22:53.217940
0.4,0.3,11.0,0.0,3.18,96.82,50,2025-04-07T21:22:53.217941
0.4,0.3,12.0,0.0,2.14,97.86,50,2025-04-07T21:22:53.217943
0.4,0.3,13.0,0.0,1.42,98.58,50,2025-04-07T21:22:53.217944
0.4,0.3,14.0,0.0,0.88,99.12,50,2025-04-07T21:22:53.217945
0.4,0.3,15.0,0.0,0.52,99.48,50,2025-04-07T21:22:53.217946
0.4,0.3,16.0,0.0,0.28,99.72,50,2025-04-07T21:22:53.217947
0.4,0.3,17.0,0.0,0.24,99.76,50,2025-04-07T21:22:53.217948
0.4,0.3,18.0,0.0,0.1,99.9,50,2025-04-07T21:22:53.217949
0.4,0.3,19.0,0.0,0.06,99.94,50,2025-04-07T21:22:53.217950
0.4,0.3,20.0,0.0,0.04,99.96,50,2025-04-07T21:22:53.217951
0.4,0.3,21.0,0.0,0.04,99.96,50,2025-04-07T21:22:53.217952
0.4,0.3,22.0,0.0,0.04,99.96,50,2025-04-07T21:22:53.217953
0.4,0.3,23.0,0.0,0.04,99.96,50,2025-04-07T21:22:53.217954
0.4,0.3,24.0,0.0,0.04,99.96,50,2025-04-07T21:22:53.217955
0.4,0.3,25.0,0.0,0.04,99.96,50,2025-04-07T21:22:53.217956
0.4,0.3,26.0,0.0,0.04,99.96,50,2025-04-07T21:22:53.217957
0.4,0.3,27.0,0.0,0.04,99.96,50,2025-04-07T21:22:53.217958
0.4,0.3,28.0,0.0,0.04,99.96,50,2025-04-07T21:22:53.217959
0.4,0.3,29.0,0.0,0.04,99.96,50,2025-04-07T21:22:53.217960
0.4,0.3,30.0,0.0,0.04,99.96,50,2025-04-07T21:22:53.217961
0.4,0.3,31.0,0.0,0.04,99.96,50,2025-04-07T21:22:53.217962
0.4,0.3,32.0,0.0,0.04,99.96,50,2025-04-07T21:22:53.217963
0.4,0.3,33.0,0.0,0.04,99.96,50,2025-04-07T21:22:53.217964
0.4,0.3,34.0,0.0,0.04,99.96,50,2025-04-07T21:22:53.217965
0.4,0.3,35.0,0.0,0.04,99.96,50,2025-04-07T21:22:53.217966
0.4,0.3,36.0,0.0,0.04,99.96,50,2025-04-07T21:22:53.217967
0.4,0.3,37.0,0.0,0.04,99.96,50,2025-04-07T21:22:53.217968
0.4,0.3,38.0,0.0,0.04,99.96,50,2025-04-07T21:22:53.217969
0.4,0.3,39.0,0.0,0.04,99.96,50,2025-04-07T21:22:53.217970
0.4,0.3,40.0,0.0,0.04,99.96,50,2025-04-07T21:22:53.217971
0.4,0.3,41.0,0.0,0.04,99.96,50,2025-04-07T21:22:53.217972
0.4,0.3,42.0,0.0,0.04,99.96,50,2025-04-07T21:22:53.217973
0.4,0.3,43.0,0.0,0.04,99.96,50,2025-04-07T21:22:53.217974
0.4,0.3,44.0,0.0,0.04,99.96,50,2025-04-07T21:22:53.217975
0.4,0.3,45.0,0.0,0.04,99.96,50,2025-04-07T21:22:53.217976
0.4,0.3,46.0,0.0,0.04,99.96,50,2025-04-07T21:22:53.217977
0.4,0.3,47.0,0.0,0.04,99.96,50,2025-04-07T21:22:53.217978
0.4,0.3,48.0,0.0,0.04,99.96,50,2025-04-07T21:22:53.217979
0.4,0.3,49.0,0.0,0.04,99.96,50,2025-04-07T21:22:53.217980
0.4,0.3,50.0,0.0,0.04,99.96,50,2025-04-07T21:22:53.217981
0.4,0.3,51.0,0.0,0.04,99.96,50,2025-04-07T21:22:53.217982
0.4,0.3,52.0,0.0,0.04,99.96,50,2025-04-07T21:22:53.217983
0.4,0.3,53.0,0.0,0.04,99.96,50,2025-04-07T21:22:53.217984
0.4,0.3,54.0,0.0,0.04,99.96,50,2025-04-07T21:22:53.217985
0.4,0.3,55.0,0.0,0.04,99.96,50,2025-04-07T21:22:53.217986
0.4,0.3,56.0,0.0,0.04,99.96,50,2025-04-07T21:22:53.217987
0.4,0.3,57.0,0.0,0.04,99.96,50,2025-04-07T21:22:53.217988
0.4,0.3,58.0,0.0,0.04,99.96,50,2025-04-07T21:22:53.217989
0.4,0.3,59.0,0.0,0.04,99.96,50,2025-04-07T21:22:53.217990
0.4,0.3,60.0,0.0,0.04,99.96,50,2025-04-07T21:22:53.217991
0.4,0.3,61.0,0.0,0.04,99.96,50,2025-04-07T21:22:53.217992
0.4,0.3,62.0,0.0,0.04,99.96,50,2025-04-07T21:22:53.217993
0.4,0.3,63.0,0.0,0.04,99.96,50,2025-04-07T21:22:53.217994
0.4,0.3,64.0,0.0,0.04,99.96,50,2025-04-07T21:22:53.217995
0.4,0.3,65.0,0.0,0.04,99.96,50,2025-04-07T21:22:53.217996
0.4,0.3,66.0,0.0,0.04,99.96,50,2025-04-07T21:22:53.217997
0.4,0.3,67.0,0.0,0.04,99.96,50,2025-04-07T21:22:53.217998
0.4,0.3,68.0,0.0,0.04,99.96,50,2025-04-07T21:22:53.217999
0.4,0.3,69.0,0.0,0.04,99.96,50,2025-04-07T21:22:53.218000
0.4,0.3,70.0,0.0,0.04,99.96,50,2025-04-07T21:22:53.218001
0.4,0.3,71.0,0.0,0.04,99.96,50,2025-04-07T21:22:53.218002
0.4,0.3,72.0,0.0,0.04,99.96,50,2025-04-07T21:22:53.218003
0.4,0.3,73.0,0.0,0.04,99.96,50,2025-04-07T21:22:53.218004
0.4,0.3,74.0,0.0,0.04,99.96,50,2025-04-07T21:22:53.218005
0.4,0.3,75.0,0.0,0.04,99.96,50,2025-04-07T21:22:53.218006
0.4,0.3,76.0,0.0,0.04,99.96,50,2025-04-07T21:22:53.218007
0.4,0.3,77.0,0.0,0.04,99.96,50,2025-04-07T21:22:53.218008
0.4,0.3,78.0,0.0,0.04,99.96,50,2025-04-07T21:22:53.218009
0.4,0.3,79.0,0.0,0.04,99.96,50,2025-04-07T21:22:53.218010
0.4,0.3,80.0,0.0,0.04,99.96,50,2025-04-07T21:22:53.218011
0.4,0.3,81.0,0.0,0.04,99.96,50,2025-04-07T21:22:53.218012
0.4,0.3,82.0,0.0,0.04,99.96,50,2025-04-07T21:22:53.218013
0.4,0.3,83.0,0.0,0.04,99.96,50,2025-04-07T21:22:53.218014
0.4,0.3,84.0,0.0,0.04,99.96,50,2025-04-07T21:22:53.218015
0.4,0.3,85.0,0.0,0.04,99.96,50,2025-04-07T21:22:53.218022
0.4,0.3,86.0,0.0,0.04,99.96,50,2025-04-07T21:22:53.218023
0.4,0.3,87.0,0.0,0.04,99.96,50,2025-04-07T21:22:53.218024
0.4,0.3,88.0,0.0,0.04,99.96,50,2025-04-07T21:22:53.218025
0.4,0.3,89.0,0.0,0.04,99.96,50,2025-04-07T21:22:53.218026
0.4,0.3,90.0,0.0,0.04,99.96,50,2025-04-07T21:22:53.218027
0.4,0.3,91.0,0.0,0.04,99.96,50,2025-04-07T21:22:53.218028
0.4,0.3,92.0,0.0,0.04,99.96,50,2025-04-07T21:22:53.218029
0.4,0.3,93.0,0.0,0.04,99.96,50,2025-04-07T21:22:53.218030
0.4,0.3,94.0,0.0,0.04,99.96,50,2025-04-07T21:22:53.218031
0.4,0.3,95.0,0.0,0.04,99.96,50,2025-04-07T21:22:53.218032
0.4,0.3,96.0,0.0,0.04,99.96,50,2025-04-07T21:22:53.218033
0.4,0.3,97.0,0.0,0.04,99.96,50,2025-04-07T21:22:53.218034
0.4,0.3,98.0,0.0,0.04,99.96,50,2025-04-07T21:22:53.218035
0.4,0.3,99.0,0.0,0.04,99.96,50,2025-04-07T21:22:53.218036
0.4,0.3,100.0,0.0,0.04,99.96,50,2025-04-07T21:22:53.218037
0.4,0.4,0.0,95.0,5.0,0.0,50,2025-04-07T21:22:53.253940
0.4,0.4,1.0,0.0,69.52,30.48,50,2025-04-07T21:22:53.253945
0.4,0.4,2.0,0.0,46.66,53.34,50,2025-04-07T21:22:53.253946
0.4,0.4,3.0,0.0,30.84,69.16,50,2025-04-07T21:22:53.253948
0.4,0.4,4.0,0.0,19.98,80.02,50,2025-04-07T21:22:53.253949
0.4,0.4,5.0,0.0,13.38,86.62,50,2025-04-07T21:22:53.253950
0.4,0.4,6.0,0.0,8.76,91.24,50,2025-04-07T21:22:53.253951
0.4,0.4,7.0,0.0,5.66,94.34,50,2025-04-07T21:22:53.253952
0.4,0.4,8.0,0.0,3.56,96.44,50,2025-04-07T21:22:53.253953
0.4,0.4,9.0,0.0,2.22,97.78,50,2025-04-07T21:22:53.253954
0.4,0.4,10.0,0.0,1.4,98.6,50,2025-04-07T21:22:53.253955
0.4,0.4,11.0,0.0,0.84,99.16,50,2025-04-07T21:22:53.253956
0.4,0.4,12.0,0.0,0.5,99.5,50,2025-04-07T21:22:53.253957
0.4,0.4,13.0,0.0,0.34,99.66,50,2025-04-07T21:22:53.253958
0.4,0.4,14.0,0.0,0.34,99.66,50,2025-04-07T21:22:53.253959
0.4,0.4,15.0,0.0,0.26,99.74,50,2025-04-07T21:22:53.253960
0.4,0.4,16.0,0.0,0.26,99.74,50,2025-04-07T21:22:53.253961
0.4,0.4,17.0,0.0,0.26,99.74,50,2025-04-07T21:22:53.253962
0.4,0.4,18.0,0.0,0.26,99.74,50,2025-04-07T21:22:53.253963
0.4,0.4,19.0,0.0,0.24,99.76,50,2025-04-07T21:22:53.253964
0.4,0.4,20.0,0.0,0.24,99.76,50,2025-04-07T21:22:53.253965
0.4,0.4,21.0,0.0,0.24,99.76,50,2025-04-07T21:22:53.253967
0.4,0.4,22.0,0.0,0.24,99.76,50,2025-04-07T21:22:53.253967
0.4,0.4,23.0,0.0,0.24,99.76,50,2025-04-07T21:22:53.253968
0.4,0.4,24.0,0.0,0.24,99.76,50,2025-04-07T21:22:53.253969
0.4,0.4,25.0,0.0,0.24,99.76,50,2025-04-07T21:22:53.253970
0.4,0.4,26.0,0.0,0.24,99.76,50,2025-04-07T21:22:53.253971
0.4,0.4,27.0,0.0,0.24,99.76,50,2025-04-07T21:22:53.253973
0.4,0.4,28.0,0.0,0.24,99.76,50,2025-04-07T21:22:53.253974
0.4,0.4,29.0,0.0,0.24,99.76,50,2025-04-07T21:22:53.253975
0.4,0.4,30.0,0.0,0.24,99.76,50,2025-04-07T21:22:53.253976
0.4,0.4,31.0,0.0,0.24,99.76,50,2025-04-07T21:22:53.253977
0.4,0.4,32.0,0.0,0.24,99.76,50,2025-04-07T21:22:53.253978
0.4,0.4,33.0,0.0,0.24,99.76,50,2025-04-07T21:22:53.253979
0.4,0.4,34.0,0.0,0.24,99.76,50,2025-04-07T21:22:53.253980
0.4,0.4,35.0,0.0,0.24,99.76,50,2025-04-07T21:22:53.253981
0.4,0.4,36.0,0.0,0.24,99.76,50,2025-04-07T21:22:53.253982
0.4,0.4,37.0,0.0,0.24,99.76,50,2025-04-07T21:22:53.253982
0.4,0.4,38.0,0.0,0.24,99.76,50,2025-04-07T21:22:53.253984
0.4,0.4,39.0,0.0,0.24,99.76,50,2025-04-07T21:22:53.253985
0.4,0.4,40.0,0.0,0.24,99.76,50,2025-04-07T21:22:53.253986
0.4,0.4,41.0,0.0,0.24,99.76,50,2025-04-07T21:22:53.253987
0.4,0.4,42.0,0.0,0.24,99.76,50,2025-04-07T21:22:53.253988
0.4,0.4,43.0,0.0,0.24,99.76,50,2025-04-07T21:22:53.253989
0.4,0.4,44.0,0.0,0.24,99.76,50,2025-04-07T21:22:53.253990
0.4,0.4,45.0,0.0,0.24,99.76,50,2025-04-07T21:22:53.253991
0.4,0.4,46.0,0.0,0.24,99.76,50,2025-04-07T21:22:53.253992
0.4,0.4,47.0,0.0,0.24,99.76,50,2025-04-07T21:22:53.253993
0.4,0.4,48.0,0.0,0.24,99.76,50,2025-04-07T21:22:53.253994
0.4,0.4,49.0,0.0,0.24,99.76,50,2025-04-07T21:22:53.253999
0.4,0.4,50.0,0.0,0.24,99.76,50,2025-04-07T21:22:53.254000
0.4,0.4,51.0,0.0,0.24,99.76,50,2025-04-07T21:22:53.254001
0.4,0.4,52.0,0.0,0.24,99.76,50,2025-04-07T21:22:53.254002
0.4,0.4,53.0,0.0,0.24,99.76,50,2025-04-07T21:22:53.254003
0.4,0.4,54.0,0.0,0.24,99.76,50,2025-04-07T21:22:53.254004
0.4,0.4,55.0,0.0,0.24,99.76,50,2025-04-07T21:22:53.254005
0.4,0.4,56.0,0.0,0.24,99.76,50,2025-04-07T21:22:53.254006
0.4,0.4,57.0,0.0,0.24,99.76,50,2025-04-07T21:22:53.254007
0.4,0.4,58.0,0.0,0.24,99.76,50,2025-04-07T21:22:53.254008
0.4,0.4,59.0,0.0,0.24,99.76,50,2025-04-07T21:22:53.254009
0.4,0.4,60.0,0.0,0.24,99.76,50,2025-04-07T21:22:53.254010
0.4,0.4,61.0,0.0,0.24,99.76,50,2025-04-07T21:22:53.254011
0.4,0.4,62.0,0.0,0.24,99.76,50,2025-04-07T21:22:53.254014
0.4,0.4,63.0,0.0,0.24,99.76,50,2025-04-07T21:22:53.254015
0.4,0.4,64.0,0.0,0.24,99.76,50,2025-04-07T21:22:53.254016
0.4,0.4,65.0,0.0,0.24,99.76,50,2025-04-07T21:22:53.254017
0.4,0.4,66.0,0.0,0.24,99.76,50,2025-04-07T21:22:53.254018
0.4,0.4,67.0,0.0,0.24,99.76,50,2025-04-07T21:22:53.254019
0.4,0.4,68.0,0.0,0.24,99.76,50,2025-04-07T21:22:53.254020
0.4,0.4,69.0,0.0,0.24,99.76,50,2025-04-07T21:22:53.254020
0.4,0.4,70.0,0.0,0.24,99.76,50,2025-04-07T21:22:53.254021
0.4,0.4,71.0,0.0,0.24,99.76,50,2025-04-07T21:22:53.254022
0.4,0.4,72.0,0.0,0.24,99.76,50,2025-04-07T21:22:53.254023
0.4,0.4,73.0,0.0,0.24,99.76,50,2025-04-07T21:22:53.254024
0.4,0.4,74.0,0.0,0.24,99.76,50,2025-04-07T21:22:53.254026
0.4,0.4,75.0,0.0,0.24,99.76,50,2025-04-07T21:22:53.254027
0.4,0.4,76.0,0.0,0.24,99.76,50,2025-04-07T21:22:53.254027
0.4,0.4,77.0,0.0,0.24,99.76,50,2025-04-07T21:22:53.254028
0.4,0.4,78.0,0.0,0.24,99.76,50,2025-04-07T21:22:53.254029
0.4,0.4,79.0,0.0,0.24,99.76,50,2025-04-07T21:22:53.254030
0.4,0.4,80.0,0.0,0.24,99.76,50,2025-04-07T21:22:53.254031
0.4,0.4,81.0,0.0,0.24,99.76,50,2025-04-07T21:22:53.254032
0.4,0.4,82.0,0.0,0.24,99.76,50,2025-04-07T21:22:53.254033
0.4,0.4,83.0,0.0,0.24,99.76,50,2025-04-07T21:22:53.254034
0.4,0.4,84.0,0.0,0.24,99.76,50,2025-04-07T21:22:53.254035
0.4,0.4,85.0,0.0,0.24,99.76,50,2025-04-07T21:22:53.254036
0.4,0.4,86.0,0.0,0.24,99.76,50,2025-04-07T21:22:53.254037
0.4,0.4,87.0,0.0,0.24,99.76,50,2025-04-07T21:22:53.254038
0.4,0.4,88.0,0.0,0.24,99.76,50,2025-04-07T21:22:53.254039
0.4,0.4,89.0,0.0,0.24,99.76,50,2025-04-07T21:22:53.254040
0.4,0.4,90.0,0.0,0.24,99.76,50,2025-04-07T21:22:53.254041
0.4,0.4,91.0,0.0,0.24,99.76,50,2025-04-07T21:22:53.254042
0.4,0.4,92.0,0.0,0.24,99.76,50,2025-04-07T21:22:53.254043
0.4,0.4,93.0,0.0,0.24,99.76,50,2025-04-07T21:22:53.254044
0.4,0.4,94.0,0.0,0.24,99.76,50,2025-04-07T21:22:53.254045
0.4,0.4,95.0,0.0,0.24,99.76,50,2025-04-07T21:22:53.254046
0.4,0.4,96.0,0.0,0.24,99.76,50,2025-04-07T21:22:53.254047
0.4,0.4,97.0,0.0,0.24,99.76,50,2025-04-07T21:22:53.254048
0.4,0.4,98.0,0.0,0.24,99.76,50,2025-04-07T21:22:53.254049
0.4,0.4,99.0,0.0,0.24,99.76,50,2025-04-07T21:22:53.254050
0.4,0.4,100.0,0.0,0.24,99.76,50,2025-04-07T21:22:53.254051
0.4,0.5,0.0,95.0,5.0,0.0,50,2025-04-07T21:22:53.289358
0.4,0.5,1.0,0.0,62.2,37.8,50,2025-04-07T21:22:53.289366
0.4,0.5,2.0,0.0,37.64,62.36,50,2025-04-07T21:22:53.289367
0.4,0.5,3.0,0.0,22.22,77.78,50,2025-04-07T21:22:53.289368
0.4,0.5,4.0,0.0,12.96,87.04,50,2025-04-07T21:22:53.289370
0.4,0.5,5.0,0.0,7.6,92.4,50,2025-04-07T21:22:53.289371
0.4,0.5,6.0,0.0,4.32,95.68,50,2025-04-07T21:22:53.289372
0.4,0.5,7.0,0.0,2.56,97.44,50,2025-04-07T21:22:53.289373
0.4,0.5,8.0,0.0,1.1,98.9,50,2025-04-07T21:22:53.289374
0.4,0.5,9.0,0.0,0.6,99.4,50,2025-04-07T21:22:53.289375
0.4,0.5,10.0,0.0,0.34,99.66,50,2025-04-07T21:22:53.289376
0.4,0.5,11.0,0.0,0.26,99.74,50,2025-04-07T21:22:53.289377
0.4,0.5,12.0,0.0,0.26,99.74,50,2025-04-07T21:22:53.289378
0.4,0.5,13.0,0.0,0.24,99.76,50,2025-04-07T21:22:53.289379
0.4,0.5,14.0,0.0,0.24,99.76,50,2025-04-07T21:22:53.289380
0.4,0.5,15.0,0.0,0.24,99.76,50,2025-04-07T21:22:53.289381
0.4,0.5,16.0,0.0,0.24,99.76,50,2025-04-07T21:22:53.289382
0.4,0.5,17.0,0.0,0.24,99.76,50,2025-04-07T21:22:53.289383
0.4,0.5,18.0,0.0,0.24,99.76,50,2025-04-07T21:22:53.289384
0.4,0.5,19.0,0.0,0.24,99.76,50,2025-04-07T21:22:53.289385
0.4,0.5,20.0,0.0,0.24,99.76,50,2025-04-07T21:22:53.289386
0.4,0.5,21.0,0.0,0.24,99.76,50,2025-04-07T21:22:53.289387
0.4,0.5,22.0,0.0,0.24,99.76,50,2025-04-07T21:22:53.289388
0.4,0.5,23.0,0.0,0.24,99.76,50,2025-04-07T21:22:53.289390
0.4,0.5,24.0,0.0,0.24,99.76,50,2025-04-07T21:22:53.289390
0.4,0.5,25.0,0.0,0.24,99.76,50,2025-04-07T21:22:53.289391
0.4,0.5,26.0,0.0,0.24,99.76,50,2025-04-07T21:22:53.289392
0.4,0.5,27.0,0.0,0.24,99.76,50,2025-04-07T21:22:53.289394
0.4,0.5,28.0,0.0,0.24,99.76,50,2025-04-07T21:22:53.289395
0.4,0.5,29.0,0.0,0.24,99.76,50,2025-04-07T21:22:53.289396
0.4,0.5,30.0,0.0,0.24,99.76,50,2025-04-07T21:22:53.289397
0.4,0.5,31.0,0.0,0.24,99.76,50,2025-04-07T21:22:53.289398
0.4,0.5,32.0,0.0,0.24,99.76,50,2025-04-07T21:22:53.289399
0.4,0.5,33.0,0.0,0.24,99.76,50,2025-04-07T21:22:53.289400
0.4,0.5,34.0,0.0,0.24,99.76,50,2025-04-07T21:22:53.289401
0.4,0.5,35.0,0.0,0.24,99.76,50,2025-04-07T21:22:53.289402
0.4,0.5,36.0,0.0,0.24,99.76,50,2025-04-07T21:22:53.289403
0.4,0.5,37.0,0.0,0.24,99.76,50,2025-04-07T21:22:53.289404
0.4,0.5,38.0,0.0,0.24,99.76,50,2025-04-07T21:22:53.289405
0.4,0.5,39.0,0.0,0.24,99.76,50,2025-04-07T21:22:53.289417
0.4,0.5,40.0,0.0,0.24,99.76,50,2025-04-07T21:22:53.289418
0.4,0.5,41.0,0.0,0.24,99.76,50,2025-04-07T21:22:53.289419
0.4,0.5,42.0,0.0,0.24,99.76,50,2025-04-07T21:22:53.289420
0.4,0.5,43.0,0.0,0.24,99.76,50,2025-04-07T21:22:53.289421
0.4,0.5,44.0,0.0,0.24,99.76,50,2025-04-07T21:22:53.289422
0.4,0.5,45.0,0.0,0.24,99.76,50,2025-04-07T21:22:53.289423
0.4,0.5,46.0,0.0,0.24,99.76,50,2025-04-07T21:22:53.289424
0.4,0.5,47.0,0.0,0.24,99.76,50,2025-04-07T21:22:53.289425
0.4,0.5,48.0,0.0,0.24,99.76,50,2025-04-07T21:22:53.289426
0.4,0.5,49.0,0.0,0.24,99.76,50,2025-04-07T21:22:53.289427
0.4,0.5,50.0,0.0,0.24,99.76,50,2025-04-07T21:22:53.289428
0.4,0.5,51.0,0.0,0.24,99.76,50,2025-04-07T21:22:53.289429
0.4,0.5,52.0,0.0,0.24,99.76,50,2025-04-07T21:22:53.289430
0.4,0.5,53.0,0.0,0.24,99.76,50,2025-04-07T21:22:53.289431
0.4,0.5,54.0,0.0,0.24,99.76,50,2025-04-07T21:22:53.289432
0.4,0.5,55.0,0.0,0.24,99.76,50,2025-04-07T21:22:53.289433
0.4,0.5,56.0,0.0,0.24,99.76,50,2025-04-07T21:22:53.289434
0.4,0.5,57.0,0.0,0.24,99.76,50,2025-04-07T21:22:53.289435
0.4,0.5,58.0,0.0,0.24,99.76,50,2025-04-07T21:22:53.289436
0.4,0.5,59.0,0.0,0.24,99.76,50,2025-04-07T21:22:53.289437
0.4,0.5,60.0,0.0,0.24,99.76,50,2025-04-07T21:22:53.289438
0.4,0.5,61.0,0.0,0.24,99.76,50,2025-04-07T21:22:53.289439
0.4,0.5,62.0,0.0,0.24,99.76,50,2025-04-07T21:22:53.289440
0.4,0.5,63.0,0.0,0.24,99.76,50,2025-04-07T21:22:53.289441
0.4,0.5,64.0,0.0,0.24,99.76,50,2025-04-07T21:22:53.289442
0.4,0.5,65.0,0.0,0.24,99.76,50,2025-04-07T21:22:53.289443
0.4,0.5,66.0,0.0,0.24,99.76,50,2025-04-07T21:22:53.289444
0.4,0.5,67.0,0.0,0.24,99.76,50,2025-04-07T21:22:53.289445
0.4,0.5,68.0,0.0,0.24,99.76,50,2025-04-07T21:22:53.289446
0.4,0.5,69.0,0.0,0.24,99.76,50,2025-04-07T21:22:53.289447
0.4,0.5,70.0,0.0,0.24,99.76,50,2025-04-07T21:22:53.289448
0.4,0.5,71.0,0.0,0.24,99.76,50,2025-04-07T21:22:53.289449
0.4,0.5,72.0,0.0,0.24,99.76,50,2025-04-07T21:22:53.289450
0.4,0.5,73.0,0.0,0.24,99.76,50,2025-04-07T21:22:53.289451
0.4,0.5,74.0,0.0,0.24,99.76,50,2025-04-07T21:22:53.289452
0.4,0.5,75.0,0.0,0.24,99.76,50,2025-04-07T21:22:53.289453
0.4,0.5,76.0,0.0,0.24,99.76,50,2025-04-07T21:22:53.289459
0.4,0.5,77.0,0.0,0.24,99.76,50,2025-04-07T21:22:53.289460
0.4,0.5,78.0,0.0,0.24,99.76,50,2025-04-07T21:22:53.289461
0.4,0.5,79.0,0.0,0.24,99.76,50,2025-04-07T21:22:53.289462
0.4,0.5,80.0,0.0,0.24,99.76,50,2025-04-07T21:22:53.289463
0.4,0.5,81.0,0.0,0.24,99.76,50,2025-04-07T21:22:53.289464
0.4,0.5,82.0,0.0,0.24,99.76,50,2025-04-07T21:22:53.289465
0.4,0.5,83.0,0.0,0.24,99.76,50,2025-04-07T21:22:53.289466
0.4,0.5,84.0,0.0,0.24,99.76,50,2025-04-07T21:22:53.289467
0.4,0.5,85.0,0.0,0.24,99.76,50,2025-04-07T21:22:53.289468
0.4,0.5,86.0,0.0,0.24,99.76,50,2025-04-07T21:22:53.289469
0.4,0.5,87.0,0.0,0.24,99.76,50,2025-04-07T21:22:53.289470
0.4,0.5,88.0,0.0,0.24,99.76,50,2025-04-07T21:22:53.289471
0.4,0.5,89.0,0.0,0.24,99.76,50,2025-04-07T21:22:53.289472
0.4,0.5,90.0,0.0,0.24,99.76,50,2025-04-07T21:22:53.289473
0.4,0.5,91.0,0.0,0.24,99.76,50,2025-04-07T21:22:53.289474
0.4,0.5,92.0,0.0,0.24,99.76,50,2025-04-07T21:22:53.289475
0.4,0.5,93.0,0.0,0.24,99.76,50,2025-04-07T21:22:53.289476
0.4,0.5,94.0,0.0,0.24,99.76,50,2025-04-07T21:22:53.289477
0.4,0.5,95.0,0.0,0.24,99.76,50,2025-04-07T21:22:53.289478
0.4,0.5,96.0,0.0,0.24,99.76,50,2025-04-07T21:22:53.289479
0.4,0.5,97.0,0.0,0.24,99.76,50,2025-04-07T21:22:53.289480
0.4,0.5,98.0,0.0,0.24,99.76,50,2025-04-07T21:22:53.289481
0.4,0.5,99.0,0.0,0.24,99.76,50,2025-04-07T21:22:53.289482
0.4,0.5,100.0,0.0,0.24,99.76,50,2025-04-07T21:22:53.289483
0.4,0.6,0.0,95.0,5.0,0.0,50,2025-04-07T21:22:53.325662
0.4,0.6,1.0,0.0,56.28,43.72,50,2025-04-07T21:22:53.325667
0.4,0.6,2.0,0.0,30.66,69.34,50,2025-04-07T21:22:53.325668
0.4,0.6,3.0,0.0,16.66,83.34,50,2025-04-07T21:22:53.325669
0.4,0.6,4.0,0.0,9.32,90.68,50,2025-04-07T21:22:53.325670
0.4,0.6,5.0,0.0,4.7,95.3,50,2025-04-07T21:22:53.325672
0.4,0.6,6.0,0.0,1.98,98.02,50,2025-04-07T21:22:53.325673
0.4,0.6,7.0,0.0,0.9,99.1,50,2025-04-07T21:22:53.325674
0.4,0.6,8.0,0.0,0.6,99.4,50,2025-04-07T21:22:53.325675
0.4,0.6,9.0,0.0,0.36,99.64,50,2025-04-07T21:22:53.325676
0.4,0.6,10.0,0.0,0.34,99.66,50,2025-04-07T21:22:53.325677
0.4,0.6,11.0,0.0,0.3,99.7,50,2025-04-07T21:22:53.325678
0.4,0.6,12.0,0.0,0.3,99.7,50,2025-04-07T21:22:53.325679
0.4,0.6,13.0,0.0,0.3,99.7,50,2025-04-07T21:22:53.325680
0.4,0.6,14.0,0.0,0.3,99.7,50,2025-04-07T21:22:53.325681
0.4,0.6,15.0,0.0,0.3,99.7,50,2025-04-07T21:22:53.325682
0.4,0.6,16.0,0.0,0.3,99.7,50,2025-04-07T21:22:53.325690
0.4,0.6,17.0,0.0,0.3,99.7,50,2025-04-07T21:22:53.325691
0.4,0.6,18.0,0.0,0.3,99.7,50,2025-04-07T21:22:53.325692
0.4,0.6,19.0,0.0,0.3,99.7,50,2025-04-07T21:22:53.325693
0.4,0.6,20.0,0.0,0.3,99.7,50,2025-04-07T21:22:53.325694
0.4,0.6,21.0,0.0,0.3,99.7,50,2025-04-07T21:22:53.325695
0.4,0.6,22.0,0.0,0.3,99.7,50,2025-04-07T21:22:53.325696
0.4,0.6,23.0,0.0,0.3,99.7,50,2025-04-07T21:22:53.325697
0.4,0.6,24.0,0.0,0.3,99.7,50,2025-04-07T21:22:53.325698
0.4,0.6,25.0,0.0,0.3,99.7,50,2025-04-07T21:22:53.325699
0.4,0.6,26.0,0.0,0.3,99.7,50,2025-04-07T21:22:53.325700
0.4,0.6,27.0,0.0,0.3,99.7,50,2025-04-07T21:22:53.325701
0.4,0.6,28.0,0.0,0.3,99.7,50,2025-04-07T21:22:53.325702
0.4,0.6,29.0,0.0,0.3,99.7,50,2025-04-07T21:22:53.325703
0.4,0.6,30.0,0.0,0.3,99.7,50,2025-04-07T21:22:53.325704
0.4,0.6,31.0,0.0,0.3,99.7,50,2025-04-07T21:22:53.325705
0.4,0.6,32.0,0.0,0.3,99.7,50,2025-04-07T21:22:53.325706
0.4,0.6,33.0,0.0,0.3,99.7,50,2025-04-07T21:22:53.325707
0.4,0.6,34.0,0.0,0.3,99.7,50,2025-04-07T21:22:53.325708
0.4,0.6,35.0,0.0,0.3,99.7,50,2025-04-07T21:22:53.325709
0.4,0.6,36.0,0.0,0.3,99.7,50,2025-04-07T21:22:53.325710
0.4,0.6,37.0,0.0,0.3,99.7,50,2025-04-07T21:22:53.325711
0.4,0.6,38.0,0.0,0.3,99.7,50,2025-04-07T21:22:53.325712
0.4,0.6,39.0,0.0,0.3,99.7,50,2025-04-07T21:22:53.325713
0.4,0.6,40.0,0.0,0.3,99.7,50,2025-04-07T21:22:53.325714
0.4,0.6,41.0,0.0,0.3,99.7,50,2025-04-07T21:22:53.325715
0.4,0.6,42.0,0.0,0.3,99.7,50,2025-04-07T21:22:53.325716
0.4,0.6,43.0,0.0,0.3,99.7,50,2025-04-07T21:22:53.325717
0.4,0.6,44.0,0.0,0.3,99.7,50,2025-04-07T21:22:53.325718
0.4,0.6,45.0,0.0,0.3,99.7,50,2025-04-07T21:22:53.325719
0.4,0.6,46.0,0.0,0.3,99.7,50,2025-04-07T21:22:53.325720
0.4,0.6,47.0,0.0,0.3,99.7,50,2025-04-07T21:22:53.325721
0.4,0.6,48.0,0.0,0.3,99.7,50,2025-04-07T21:22:53.325722
0.4,0.6,49.0,0.0,0.3,99.7,50,2025-04-07T21:22:53.325723
0.4,0.6,50.0,0.0,0.3,99.7,50,2025-04-07T21:22:53.325724
0.4,0.6,51.0,0.0,0.3,99.7,50,2025-04-07T21:22:53.325725
0.4,0.6,52.0,0.0,0.3,99.7,50,2025-04-07T21:22:53.325726
0.4,0.6,53.0,0.0,0.3,99.7,50,2025-04-07T21:22:53.325727
0.4,0.6,54.0,0.0,0.3,99.7,50,2025-04-07T21:22:53.325728
0.4,0.6,55.0,0.0,0.3,99.7,50,2025-04-07T21:22:53.325729
0.4,0.6,56.0,0.0,0.3,99.7,50,2025-04-07T21:22:53.325730
0.4,0.6,57.0,0.0,0.3,99.7,50,2025-04-07T21:22:53.325731
0.4,0.6,58.0,0.0,0.3,99.7,50,2025-04-07T21:22:53.325732
0.4,0.6,59.0,0.0,0.3,99.7,50,2025-04-07T21:22:53.325733
0.4,0.6,60.0,0.0,0.3,99.7,50,2025-04-07T21:22:53.325734
0.4,0.6,61.0,0.0,0.3,99.7,50,2025-04-07T21:22:53.325735
0.4,0.6,62.0,0.0,0.3,99.7,50,2025-04-07T21:22:53.325736
0.4,0.6,63.0,0.0,0.3,99.7,50,2025-04-07T21:22:53.325737
0.4,0.6,64.0,0.0,0.3,99.7,50,2025-04-07T21:22:53.325738
0.4,0.6,65.0,0.0,0.3,99.7,50,2025-04-07T21:22:53.325739
0.4,0.6,66.0,0.0,0.3,99.7,50,2025-04-07T21:22:53.325740
0.4,0.6,67.0,0.0,0.3,99.7,50,2025-04-07T21:22:53.325741
0.4,0.6,68.0,0.0,0.3,99.7,50,2025-04-07T21:22:53.325742
0.4,0.6,69.0,0.0,0.3,99.7,50,2025-04-07T21:22:53.325743
0.4,0.6,70.0,0.0,0.3,99.7,50,2025-04-07T21:22:53.325744
0.4,0.6,71.0,0.0,0.3,99.7,50,2025-04-07T21:22:53.325745
0.4,0.6,72.0,0.0,0.3,99.7,50,2025-04-07T21:22:53.325746
0.4,0.6,73.0,0.0,0.3,99.7,50,2025-04-07T21:22:53.325747
0.4,0.6,74.0,0.0,0.3,99.7,50,2025-04-07T21:22:53.325748
0.4,0.6,75.0,0.0,0.3,99.7,50,2025-04-07T21:22:53.325749
0.4,0.6,76.0,0.0,0.3,99.7,50,2025-04-07T21:22:53.325750
0.4,0.6,77.0,0.0,0.3,99.7,50,2025-04-07T21:22:53.325751
0.4,0.6,78.0,0.0,0.3,99.7,50,2025-04-07T21:22:53.325752
0.4,0.6,79.0,0.0,0.3,99.7,50,2025-04-07T21:22:53.325753
0.4,0.6,80.0,0.0,0.3,99.7,50,2025-04-07T21:22:53.325754
0.4,0.6,81.0,0.0,0.3,99.7,50,2025-04-07T21:22:53.325755
0.4,0.6,82.0,0.0,0.3,99.7,50,2025-04-07T21:22:53.325756
0.4,0.6,83.0,0.0,0.3,99.7,50,2025-04-07T21:22:53.325757
0.4,0.6,84.0,0.0,0.3,99.7,50,2025-04-07T21:22:53.325758
0.4,0.6,85.0,0.0,0.3,99.7,50,2025-04-07T21:22:53.325759
0.4,0.6,86.0,0.0,0.3,99.7,50,2025-04-07T21:22:53.325760
0.4,0.6,87.0,0.0,0.3,99.7,50,2025-04-07T21:22:53.325761
0.4,0.6,88.0,0.0,0.3,99.7,50,2025-04-07T21:22:53.325762
0.4,0.6,89.0,0.0,0.3,99.7,50,2025-04-07T21:22:53.325763
0.4,0.6,90.0,0.0,0.3,99.7,50,2025-04-07T21:22:53.325764
0.4,0.6,91.0,0.0,0.3,99.7,50,2025-04-07T21:22:53.325765
0.4,0.6,92.0,0.0,0.3,99.7,50,2025-04-07T21:22:53.325766
0.4,0.6,93.0,0.0,0.3,99.7,50,2025-04-07T21:22:53.325767
0.4,0.6,94.0,0.0,0.3,99.7,50,2025-04-07T21:22:53.325769
0.4,0.6,95.0,0.0,0.3,99.7,50,2025-04-07T21:22:53.325770
0.4,0.6,96.0,0.0,0.3,99.7,50,2025-04-07T21:22:53.325771
0.4,0.6,97.0,0.0,0.3,99.7,50,2025-04-07T21:22:53.325772
0.4,0.6,98.0,0.0,0.3,99.7,50,2025-04-07T21:22:53.325773
0.4,0.6,99.0,0.0,0.3,99.7,50,2025-04-07T21:22:53.325774
0.4,0.6,100.0,0.0,0.3,99.7,50,2025-04-07T21:22:53.325775
0.4,0.7000000000000001,0.0,95.0,5.0,0.0,50,2025-04-07T21:22:53.361454
0.4,0.7000000000000001,1.0,0.0,51.42,48.58,50,2025-04-07T21:22:53.361461
0.4,0.7000000000000001,2.0,0.0,24.36,75.64,50,2025-04-07T21:22:53.361463
0.4,0.7000000000000001,3.0,0.0,12.02,87.98,50,2025-04-07T21:22:53.361464
0.4,0.7000000000000001,4.0,0.0,5.4,94.6,50,2025-04-07T21:22:53.361465
0.4,0.7000000000000001,5.0,0.0,2.14,97.86,50,2025-04-07T21:22:53.361466
0.4,0.7000000000000001,6.0,0.0,1.04,98.96,50,2025-04-07T21:22:53.361467
0.4,0.7000000000000001,7.0,0.0,0.68,99.32,50,2025-04-07T21:22:53.361468
0.4,0.7000000000000001,8.0,0.0,0.44,99.56,50,2025-04-07T21:22:53.361469
0.4,0.7000000000000001,9.0,0.0,0.36,99.64,50,2025-04-07T21:22:53.361470
0.4,0.7000000000000001,10.0,0.0,0.36,99.64,50,2025-04-07T21:22:53.361471
0.4,0.7000000000000001,11.0,0.0,0.34,99.66,50,2025-04-07T21:22:53.361472
0.4,0.7000000000000001,12.0,0.0,0.34,99.66,50,2025-04-07T21:22:53.361473
0.4,0.7000000000000001,13.0,0.0,0.34,99.66,50,2025-04-07T21:22:53.361474
0.4,0.7000000000000001,14.0,0.0,0.34,99.66,50,2025-04-07T21:22:53.361475
0.4,0.7000000000000001,15.0,0.0,0.34,99.66,50,2025-04-07T21:22:53.361476
0.4,0.7000000000000001,16.0,0.0,0.34,99.66,50,2025-04-07T21:22:53.361477
0.4,0.7000000000000001,17.0,0.0,0.34,99.66,50,2025-04-07T21:22:53.361478
0.4,0.7000000000000001,18.0,0.0,0.34,99.66,50,2025-04-07T21:22:53.361479
0.4,0.7000000000000001,19.0,0.0,0.34,99.66,50,2025-04-07T21:22:53.361480
0.4,0.7000000000000001,20.0,0.0,0.34,99.66,50,2025-04-07T21:22:53.361481
0.4,0.7000000000000001,21.0,0.0,0.34,99.66,50,2025-04-07T21:22:53.361482
0.4,0.7000000000000001,22.0,0.0,0.34,99.66,50,2025-04-07T21:22:53.361483
0.4,0.7000000000000001,23.0,0.0,0.34,99.66,50,2025-04-07T21:22:53.361484
0.4,0.7000000000000001,24.0,0.0,0.34,99.66,50,2025-04-07T21:22:53.361485
0.4,0.7000000000000001,25.0,0.0,0.34,99.66,50,2025-04-07T21:22:53.361488
0.4,0.7000000000000001,26.0,0.0,0.34,99.66,50,2025-04-07T21:22:53.361489
0.4,0.7000000000000001,27.0,0.0,0.34,99.66,50,2025-04-07T21:22:53.361490
0.4,0.7000000000000001,28.0,0.0,0.34,99.66,50,2025-04-07T21:22:53.361491
0.4,0.7000000000000001,29.0,0.0,0.34,99.66,50,2025-04-07T21:22:53.361492
0.4,0.7000000000000001,30.0,0.0,0.34,99.66,50,2025-04-07T21:22:53.361493
0.4,0.7000000000000001,31.0,0.0,0.34,99.66,50,2025-04-07T21:22:53.361494
0.4,0.7000000000000001,32.0,0.0,0.34,99.66,50,2025-04-07T21:22:53.361495
0.4,0.7000000000000001,33.0,0.0,0.34,99.66,50,2025-04-07T21:22:53.361496
0.4,0.7000000000000001,34.0,0.0,0.34,99.66,50,2025-04-07T21:22:53.361497
0.4,0.7000000000000001,35.0,0.0,0.34,99.66,50,2025-04-07T21:22:53.361498
0.4,0.7000000000000001,36.0,0.0,0.34,99.66,50,2025-04-07T21:22:53.361499
0.4,0.7000000000000001,37.0,0.0,0.34,99.66,50,2025-04-07T21:22:53.361500
0.4,0.7000000000000001,38.0,0.0,0.34,99.66,50,2025-04-07T21:22:53.361501
0.4,0.7000000000000001,39.0,0.0,0.34,99.66,50,2025-04-07T21:22:53.361502
0.4,0.7000000000000001,40.0,0.0,0.34,99.66,50,2025-04-07T21:22:53.361503
0.4,0.7000000000000001,41.0,0.0,0.34,99.66,50,2025-04-07T21:22:53.361504
0.4,0.7000000000000001,42.0,0.0,0.34,99.66,50,2025-04-07T21:22:53.361505
0.4,0.7000000000000001,43.0,0.0,0.34,99.66,50,2025-04-07T21:22:53.361506
0.4,0.7000000000000001,44.0,0.0,0.34,99.66,50,2025-04-07T21:22:53.361507
0.4,0.7000000000000001,45.0,0.0,0.34,99.66,50,2025-04-07T21:22:53.361508
0.4,0.7000000000000001,46.0,0.0,0.34,99.66,50,2025-04-07T21:22:53.361509
0.4,0.7000000000000001,47.0,0.0,0.34,99.66,50,2025-04-07T21:22:53.361510
0.4,0.7000000000000001,48.0,0.0,0.34,99.66,50,2025-04-07T21:22:53.361511
0.4,0.7000000000000001,49.0,0.0,0.34,99.66,50,2025-04-07T21:22:53.361512
0.4,0.7000000000000001,50.0,0.0,0.34,99.66,50,2025-04-07T21:22:53.361513
0.4,0.7000000000000001,51.0,0.0,0.34,99.66,50,2025-04-07T21:22:53.361514
0.4,0.7000000000000001,52.0,0.0,0.34,99.66,50,2025-04-07T21:22:53.361515
0.4,0.7000000000000001,53.0,0.0,0.34,99.66,50,2025-04-07T21:22:53.361516
0.4,0.7000000000000001,54.0,0.0,0.34,99.66,50,2025-04-07T21:22:53.361517
0.4,0.7000000000000001,55.0,0.0,0.34,99.66,50,2025-04-07T21:22:53.361518
0.4,0.7000000000000001,56.0,0.0,0.34,99.66,50,2025-04-07T21:22:53.361519
0.4,0.7000000000000001,57.0,0.0,0.34,99.66,50,2025-04-07T21:22:53.361520
0.4,0.7000000000000001,58.0,0.0,0.34,99.66,50,2025-04-07T21:22:53.361521
0.4,0.7000000000000001,59.0,0.0,0.34,99.66,50,2025-04-07T21:22:53.361522
0.4,0.7000000000000001,60.0,0.0,0.34,99.66,50,2025-04-07T21:22:53.361523
0.4,0.7000000000000001,61.0,0.0,0.34,99.66,50,2025-04-07T21:22:53.361524
0.4,0.7000000000000001,62.0,0.0,0.34,99.66,50,2025-04-07T21:22:53.361525
0.4,0.7000000000000001,63.0,0.0,0.34,99.66,50,2025-04-07T21:22:53.361526
0.4,0.7000000000000001,64.0,0.0,0.34,99.66,50,2025-04-07T21:22:53.361527
0.4,0.7000000000000001,65.0,0.0,0.34,99.66,50,2025-04-07T21:22:53.361528
0.4,0.7000000000000001,66.0,0.0,0.34,99.66,50,2025-04-07T21:22:53.361529
0.4,0.7000000000000001,67.0,0.0,0.34,99.66,50,2025-04-07T21:22:53.361530
0.4,0.7000000000000001,68.0,0.0,0.34,99.66,50,2025-04-07T21:22:53.361531
0.4,0.7000000000000001,69.0,0.0,0.34,99.66,50,2025-04-07T21:22:53.361532
0.4,0.7000000000000001,70.0,0.0,0.34,99.66,50,2025-04-07T21:22:53.361533
0.4,0.7000000000000001,71.0,0.0,0.34,99.66,50,2025-04-07T21:22:53.361543
0.4,0.7000000000000001,72.0,0.0,0.34,99.66,50,2025-04-07T21:22:53.361544
0.4,0.7000000000000001,73.0,0.0,0.34,99.66,50,2025-04-07T21:22:53.361545
0.4,0.7000000000000001,74.0,0.0,0.34,99.66,50,2025-04-07T21:22:53.361546
0.4,0.7000000000000001,75.0,0.0,0.34,99.66,50,2025-04-07T21:22:53.361547
0.4,0.7000000000000001,76.0,0.0,0.34,99.66,50,2025-04-07T21:22:53.361548
0.4,0.7000000000000001,77.0,0.0,0.34,99.66,50,2025-04-07T21:22:53.361549
0.4,0.7000000000000001,78.0,0.0,0.34,99.66,50,2025-04-07T21:22:53.361550
0.4,0.7000000000000001,79.0,0.0,0.34,99.66,50,2025-04-07T21:22:53.361551
0.4,0.7000000000000001,80.0,0.0,0.34,99.66,50,2025-04-07T21:22:53.361552
0.4,0.7000000000000001,81.0,0.0,0.34,99.66,50,2025-04-07T21:22:53.361553
0.4,0.7000000000000001,82.0,0.0,0.34,99.66,50,2025-04-07T21:22:53.361554
0.4,0.7000000000000001,83.0,0.0,0.34,99.66,50,2025-04-07T21:22:53.361555
0.4,0.7000000000000001,84.0,0.0,0.34,99.66,50,2025-04-07T21:22:53.361556
0.4,0.7000000000000001,85.0,0.0,0.34,99.66,50,2025-04-07T21:22:53.361557
0.4,0.7000000000000001,86.0,0.0,0.34,99.66,50,2025-04-07T21:22:53.361558
0.4,0.7000000000000001,87.0,0.0,0.34,99.66,50,2025-04-07T21:22:53.361559
0.4,0.7000000000000001,88.0,0.0,0.34,99.66,50,2025-04-07T21:22:53.361560
0.4,0.7000000000000001,89.0,0.0,0.34,99.66,50,2025-04-07T21:22:53.361561
0.4,0.7000000000000001,90.0,0.0,0.34,99.66,50,2025-04-07T21:22:53.361562
0.4,0.7000000000000001,91.0,0.0,0.34,99.66,50,2025-04-07T21:22:53.361563
0.4,0.7000000000000001,92.0,0.0,0.34,99.66,50,2025-04-07T21:22:53.361564
0.4,0.7000000000000001,93.0,0.0,0.34,99.66,50,2025-04-07T21:22:53.361565
0.4,0.7000000000000001,94.0,0.0,0.34,99.66,50,2025-04-07T21:22:53.361566
0.4,0.7000000000000001,95.0,0.0,0.34,99.66,50,2025-04-07T21:22:53.361567
0.4,0.7000000000000001,96.0,0.0,0.34,99.66,50,2025-04-07T21:22:53.361568
0.4,0.7000000000000001,97.0,0.0,0.34,99.66,50,2025-04-07T21:22:53.361569
0.4,0.7000000000000001,98.0,0.0,0.34,99.66,50,2025-04-07T21:22:53.361570
0.4,0.7000000000000001,99.0,0.0,0.34,99.66,50,2025-04-07T21:22:53.361571
0.4,0.7000000000000001,100.0,0.0,0.34,99.66,50,2025-04-07T21:22:53.361572
0.4,0.8,0.0,95.0,5.0,0.0,50,2025-04-07T21:22:53.398480
0.4,0.8,1.0,0.0,47.78,52.22,50,2025-04-07T21:22:53.398486
0.4,0.8,2.0,0.0,20.06,79.94,50,2025-04-07T21:22:53.398488
0.4,0.8,3.0,0.0,8.36,91.64,50,2025-04-07T21:22:53.398489
0.4,0.8,4.0,0.0,3.62,96.38,50,2025-04-07T21:22:53.398490
0.4,0.8,5.0,0.0,1.52,98.48,50,2025-04-07T21:22:53.398491
0.4,0.8,6.0,0.0,0.88,99.12,50,2025-04-07T21:22:53.398492
0.4,0.8,7.0,0.0,0.76,99.24,50,2025-04-07T21:22:53.398493
0.4,0.8,8.0,0.0,0.72,99.28,50,2025-04-07T21:22:53.398494
0.4,0.8,9.0,0.0,0.72,99.28,50,2025-04-07T21:22:53.398495
0.4,0.8,10.0,0.0,0.72,99.28,50,2025-04-07T21:22:53.398496
0.4,0.8,11.0,0.0,0.72,99.28,50,2025-04-07T21:22:53.398497
0.4,0.8,12.0,0.0,0.72,99.28,50,2025-04-07T21:22:53.398498
0.4,0.8,13.0,0.0,0.72,99.28,50,2025-04-07T21:22:53.398499
0.4,0.8,14.0,0.0,0.72,99.28,50,2025-04-07T21:22:53.398500
0.4,0.8,15.0,0.0,0.72,99.28,50,2025-04-07T21:22:53.398501
0.4,0.8,16.0,0.0,0.72,99.28,50,2025-04-07T21:22:53.398502
0.4,0.8,17.0,0.0,0.72,99.28,50,2025-04-07T21:22:53.398503
0.4,0.8,18.0,0.0,0.72,99.28,50,2025-04-07T21:22:53.398504
0.4,0.8,19.0,0.0,0.72,99.28,50,2025-04-07T21:22:53.398505
0.4,0.8,20.0,0.0,0.72,99.28,50,2025-04-07T21:22:53.398506
0.4,0.8,21.0,0.0,0.72,99.28,50,2025-04-07T21:22:53.398507
0.4,0.8,22.0,0.0,0.72,99.28,50,2025-04-07T21:22:53.398508
0.4,0.8,23.0,0.0,0.72,99.28,50,2025-04-07T21:22:53.398509
0.4,0.8,24.0,0.0,0.72,99.28,50,2025-04-07T21:22:53.398510
0.4,0.8,25.0,0.0,0.72,99.28,50,2025-04-07T21:22:53.398511
0.4,0.8,26.0,0.0,0.72,99.28,50,2025-04-07T21:22:53.398512
0.4,0.8,27.0,0.0,0.72,99.28,50,2025-04-07T21:22:53.398513
0.4,0.8,28.0,0.0,0.72,99.28,50,2025-04-07T21:22:53.398514
0.4,0.8,29.0,0.0,0.72,99.28,50,2025-04-07T21:22:53.398515
0.4,0.8,30.0,0.0,0.72,99.28,50,2025-04-07T21:22:53.398516
0.4,0.8,31.0,0.0,0.72,99.28,50,2025-04-07T21:22:53.398517
0.4,0.8,32.0,0.0,0.72,99.28,50,2025-04-07T21:22:53.398518
0.4,0.8,33.0,0.0,0.72,99.28,50,2025-04-07T21:22:53.398519
0.4,0.8,34.0,0.0,0.72,99.28,50,2025-04-07T21:22:53.398520
0.4,0.8,35.0,0.0,0.72,99.28,50,2025-04-07T21:22:53.398521
0.4,0.8,36.0,0.0,0.72,99.28,50,2025-04-07T21:22:53.398522
0.4,0.8,37.0,0.0,0.72,99.28,50,2025-04-07T21:22:53.398523
0.4,0.8,38.0,0.0,0.72,99.28,50,2025-04-07T21:22:53.398524
0.4,0.8,39.0,0.0,0.72,99.28,50,2025-04-07T21:22:53.398527
0.4,0.8,40.0,0.0,0.72,99.28,50,2025-04-07T21:22:53.398528
0.4,0.8,41.0,0.0,0.72,99.28,50,2025-04-07T21:22:53.398529
0.4,0.8,42.0,0.0,0.72,99.28,50,2025-04-07T21:22:53.398530
0.4,0.8,43.0,0.0,0.72,99.28,50,2025-04-07T21:22:53.398531
0.4,0.8,44.0,0.0,0.72,99.28,50,2025-04-07T21:22:53.398532
0.4,0.8,45.0,0.0,0.72,99.28,50,2025-04-07T21:22:53.398533
0.4,0.8,46.0,0.0,0.72,99.28,50,2025-04-07T21:22:53.398534
0.4,0.8,47.0,0.0,0.72,99.28,50,2025-04-07T21:22:53.398535
0.4,0.8,48.0,0.0,0.72,99.28,50,2025-04-07T21:22:53.398543
0.4,0.8,49.0,0.0,0.72,99.28,50,2025-04-07T21:22:53.398544
0.4,0.8,50.0,0.0,0.72,99.28,50,2025-04-07T21:22:53.398545
0.4,0.8,51.0,0.0,0.72,99.28,50,2025-04-07T21:22:53.398546
0.4,0.8,52.0,0.0,0.72,99.28,50,2025-04-07T21:22:53.398547
0.4,0.8,53.0,0.0,0.72,99.28,50,2025-04-07T21:22:53.398548
0.4,0.8,54.0,0.0,0.72,99.28,50,2025-04-07T21:22:53.398549
0.4,0.8,55.0,0.0,0.72,99.28,50,2025-04-07T21:22:53.398550
0.4,0.8,56.0,0.0,0.72,99.28,50,2025-04-07T21:22:53.398551
0.4,0.8,57.0,0.0,0.72,99.28,50,2025-04-07T21:22:53.398552
0.4,0.8,58.0,0.0,0.72,99.28,50,2025-04-07T21:22:53.398553
0.4,0.8,59.0,0.0,0.72,99.28,50,2025-04-07T21:22:53.398554
0.4,0.8,60.0,0.0,0.72,99.28,50,2025-04-07T21:22:53.398555
0.4,0.8,61.0,0.0,0.72,99.28,50,2025-04-07T21:22:53.398556
0.4,0.8,62.0,0.0,0.72,99.28,50,2025-04-07T21:22:53.398557
0.4,0.8,63.0,0.0,0.72,99.28,50,2025-04-07T21:22:53.398558
0.4,0.8,64.0,0.0,0.72,99.28,50,2025-04-07T21:22:53.398559
0.4,0.8,65.0,0.0,0.72,99.28,50,2025-04-07T21:22:53.398560
0.4,0.8,66.0,0.0,0.72,99.28,50,2025-04-07T21:22:53.398561
0.4,0.8,67.0,0.0,0.72,99.28,50,2025-04-07T21:22:53.398562
0.4,0.8,68.0,0.0,0.72,99.28,50,2025-04-07T21:22:53.398563
0.4,0.8,69.0,0.0,0.72,99.28,50,2025-04-07T21:22:53.398564
0.4,0.8,70.0,0.0,0.72,99.28,50,2025-04-07T21:22:53.398565
0.4,0.8,71.0,0.0,0.72,99.28,50,2025-04-07T21:22:53.398566
0.4,0.8,72.0,0.0,0.72,99.28,50,2025-04-07T21:22:53.398567
0.4,0.8,73.0,0.0,0.72,99.28,50,2025-04-07T21:22:53.398568
0.4,0.8,74.0,0.0,0.72,99.28,50,2025-04-07T21:22:53.398569
0.4,0.8,75.0,0.0,0.72,99.28,50,2025-04-07T21:22:53.398570
0.4,0.8,76.0,0.0,0.72,99.28,50,2025-04-07T21:22:53.398571
0.4,0.8,77.0,0.0,0.72,99.28,50,2025-04-07T21:22:53.398572
0.4,0.8,78.0,0.0,0.72,99.28,50,2025-04-07T21:22:53.398573
0.4,0.8,79.0,0.0,0.72,99.28,50,2025-04-07T21:22:53.398574
0.4,0.8,80.0,0.0,0.72,99.28,50,2025-04-07T21:22:53.398575
0.4,0.8,81.0,0.0,0.72,99.28,50,2025-04-07T21:22:53.398576
0.4,0.8,82.0,0.0,0.72,99.28,50,2025-04-07T21:22:53.398577
0.4,0.8,83.0,0.0,0.72,99.28,50,2025-04-07T21:22:53.398578
0.4,0.8,84.0,0.0,0.72,99.28,50,2025-04-07T21:22:53.398579
0.4,0.8,85.0,0.0,0.72,99.28,50,2025-04-07T21:22:53.398580
0.4,0.8,86.0,0.0,0.72,99.28,50,2025-04-07T21:22:53.398581
0.4,0.8,87.0,0.0,0.72,99.28,50,2025-04-07T21:22:53.398582
0.4,0.8,88.0,0.0,0.72,99.28,50,2025-04-07T21:22:53.398582
0.4,0.8,89.0,0.0,0.72,99.28,50,2025-04-07T21:22:53.398583
0.4,0.8,90.0,0.0,0.72,99.28,50,2025-04-07T21:22:53.398584
0.4,0.8,91.0,0.0,0.72,99.28,50,2025-04-07T21:22:53.398585
0.4,0.8,92.0,0.0,0.72,99.28,50,2025-04-07T21:22:53.398586
0.4,0.8,93.0,0.0,0.72,99.28,50,2025-04-07T21:22:53.398587
0.4,0.8,94.0,0.0,0.72,99.28,50,2025-04-07T21:22:53.398588
0.4,0.8,95.0,0.0,0.72,99.28,50,2025-04-07T21:22:53.398589
0.4,0.8,96.0,0.0,0.72,99.28,50,2025-04-07T21:22:53.398590
0.4,0.8,97.0,0.0,0.72,99.28,50,2025-04-07T21:22:53.398591
0.4,0.8,98.0,0.0,0.72,99.28,50,2025-04-07T21:22:53.398592
0.4,0.8,99.0,0.0,0.72,99.28,50,2025-04-07T21:22:53.398593
0.4,0.8,100.0,0.0,0.72,99.28,50,2025-04-07T21:22:53.398594
0.4,0.9,0.0,95.0,5.0,0.0,50,2025-04-07T21:22:53.435176
0.4,0.9,1.0,0.0,42.62,57.38,50,2025-04-07T21:22:53.435182
0.4,0.9,2.0,0.0,16.64,83.36,50,2025-04-07T21:22:53.435183
0.4,0.9,3.0,0.0,6.1,93.9,50,2025-04-07T21:22:53.435184
0.4,0.9,4.0,0.0,2.06,97.94,50,2025-04-07T21:22:53.435186
0.4,0.9,5.0,0.0,1.06,98.94,50,2025-04-07T21:22:53.435187
0.4,0.9,6.0,0.0,0.88,99.12,50,2025-04-07T21:22:53.435188
0.4,0.9,7.0,0.0,0.8,99.2,50,2025-04-07T21:22:53.435189
0.4,0.9,8.0,0.0,0.8,99.2,50,2025-04-07T21:22:53.435190
0.4,0.9,9.0,0.0,0.8,99.2,50,2025-04-07T21:22:53.435191
0.4,0.9,10.0,0.0,0.8,99.2,50,2025-04-07T21:22:53.435192
0.4,0.9,11.0,0.0,0.8,99.2,50,2025-04-07T21:22:53.435193
0.4,0.9,12.0,0.0,0.8,99.2,50,2025-04-07T21:22:53.435194
0.4,0.9,13.0,0.0,0.8,99.2,50,2025-04-07T21:22:53.435195
0.4,0.9,14.0,0.0,0.8,99.2,50,2025-04-07T21:22:53.435196
0.4,0.9,15.0,0.0,0.8,99.2,50,2025-04-07T21:22:53.435197
0.4,0.9,16.0,0.0,0.8,99.2,50,2025-04-07T21:22:53.435199
0.4,0.9,17.0,0.0,0.8,99.2,50,2025-04-07T21:22:53.435200
0.4,0.9,18.0,0.0,0.8,99.2,50,2025-04-07T21:22:53.435201
0.4,0.9,19.0,0.0,0.8,99.2,50,2025-04-07T21:22:53.435202
0.4,0.9,20.0,0.0,0.8,99.2,50,2025-04-07T21:22:53.435203
0.4,0.9,21.0,0.0,0.8,99.2,50,2025-04-07T21:22:53.435204
0.4,0.9,22.0,0.0,0.8,99.2,50,2025-04-07T21:22:53.435205
0.4,0.9,23.0,0.0,0.8,99.2,50,2025-04-07T21:22:53.435206
0.4,0.9,24.0,0.0,0.8,99.2,50,2025-04-07T21:22:53.435207
0.4,0.9,25.0,0.0,0.8,99.2,50,2025-04-07T21:22:53.435215
0.4,0.9,26.0,0.0,0.8,99.2,50,2025-04-07T21:22:53.435217
0.4,0.9,27.0,0.0,0.8,99.2,50,2025-04-07T21:22:53.435218
0.4,0.9,28.0,0.0,0.8,99.2,50,2025-04-07T21:22:53.435219
0.4,0.9,29.0,0.0,0.8,99.2,50,2025-04-07T21:22:53.435220
0.4,0.9,30.0,0.0,0.8,99.2,50,2025-04-07T21:22:53.435221
0.4,0.9,31.0,0.0,0.8,99.2,50,2025-04-07T21:22:53.435222
0.4,0.9,32.0,0.0,0.8,99.2,50,2025-04-07T21:22:53.435223
0.4,0.9,33.0,0.0,0.8,99.2,50,2025-04-07T21:22:53.435224
0.4,0.9,34.0,0.0,0.8,99.2,50,2025-04-07T21:22:53.435225
0.4,0.9,35.0,0.0,0.8,99.2,50,2025-04-07T21:22:53.435226
0.4,0.9,36.0,0.0,0.8,99.2,50,2025-04-07T21:22:53.435227
0.4,0.9,37.0,0.0,0.8,99.2,50,2025-04-07T21:22:53.435228
0.4,0.9,38.0,0.0,0.8,99.2,50,2025-04-07T21:22:53.435229
0.4,0.9,39.0,0.0,0.8,99.2,50,2025-04-07T21:22:53.435230
0.4,0.9,40.0,0.0,0.8,99.2,50,2025-04-07T21:22:53.435231
0.4,0.9,41.0,0.0,0.8,99.2,50,2025-04-07T21:22:53.435232
0.4,0.9,42.0,0.0,0.8,99.2,50,2025-04-07T21:22:53.435233
0.4,0.9,43.0,0.0,0.8,99.2,50,2025-04-07T21:22:53.435234
0.4,0.9,44.0,0.0,0.8,99.2,50,2025-04-07T21:22:53.435235
0.4,0.9,45.0,0.0,0.8,99.2,50,2025-04-07T21:22:53.435236
0.4,0.9,46.0,0.0,0.8,99.2,50,2025-04-07T21:22:53.435238
0.4,0.9,47.0,0.0,0.8,99.2,50,2025-04-07T21:22:53.435239
0.4,0.9,48.0,0.0,0.8,99.2,50,2025-04-07T21:22:53.435240
0.4,0.9,49.0,0.0,0.8,99.2,50,2025-04-07T21:22:53.435241
0.4,0.9,50.0,0.0,0.8,99.2,50,2025-04-07T21:22:53.435242
0.4,0.9,51.0,0.0,0.8,99.2,50,2025-04-07T21:22:53.435243
0.4,0.9,52.0,0.0,0.8,99.2,50,2025-04-07T21:22:53.435244
0.4,0.9,53.0,0.0,0.8,99.2,50,2025-04-07T21:22:53.435245
0.4,0.9,54.0,0.0,0.8,99.2,50,2025-04-07T21:22:53.435246
0.4,0.9,55.0,0.0,0.8,99.2,50,2025-04-07T21:22:53.435251
0.4,0.9,56.0,0.0,0.8,99.2,50,2025-04-07T21:22:53.435252
0.4,0.9,57.0,0.0,0.8,99.2,50,2025-04-07T21:22:53.435253
0.4,0.9,58.0,0.0,0.8,99.2,50,2025-04-07T21:22:53.435255
0.4,0.9,59.0,0.0,0.8,99.2,50,2025-04-07T21:22:53.435256
0.4,0.9,60.0,0.0,0.8,99.2,50,2025-04-07T21:22:53.435257
0.4,0.9,61.0,0.0,0.8,99.2,50,2025-04-07T21:22:53.435258
0.4,0.9,62.0,0.0,0.8,99.2,50,2025-04-07T21:22:53.435259
0.4,0.9,63.0,0.0,0.8,99.2,50,2025-04-07T21:22:53.435260
0.4,0.9,64.0,0.0,0.8,99.2,50,2025-04-07T21:22:53.435261
0.4,0.9,65.0,0.0,0.8,99.2,50,2025-04-07T21:22:53.435262
0.4,0.9,66.0,0.0,0.8,99.2,50,2025-04-07T21:22:53.435263
0.4,0.9,67.0,0.0,0.8,99.2,50,2025-04-07T21:22:53.435264
0.4,0.9,68.0,0.0,0.8,99.2,50,2025-04-07T21:22:53.435265
0.4,0.9,69.0,0.0,0.8,99.2,50,2025-04-07T21:22:53.435266
0.4,0.9,70.0,0.0,0.8,99.2,50,2025-04-07T21:22:53.435267
0.4,0.9,71.0,0.0,0.8,99.2,50,2025-04-07T21:22:53.435268
0.4,0.9,72.0,0.0,0.8,99.2,50,2025-04-07T21:22:53.435269
0.4,0.9,73.0,0.0,0.8,99.2,50,2025-04-07T21:22:53.435270
0.4,0.9,74.0,0.0,0.8,99.2,50,2025-04-07T21:22:53.435271
0.4,0.9,75.0,0.0,0.8,99.2,50,2025-04-07T21:22:53.435272
0.4,0.9,76.0,0.0,0.8,99.2,50,2025-04-07T21:22:53.435273
0.4,0.9,77.0,0.0,0.8,99.2,50,2025-04-07T21:22:53.435274
0.4,0.9,78.0,0.0,0.8,99.2,50,2025-04-07T21:22:53.435275
0.4,0.9,79.0,0.0,0.8,99.2,50,2025-04-07T21:22:53.435276
0.4,0.9,80.0,0.0,0.8,99.2,50,2025-04-07T21:22:53.435277
0.4,0.9,81.0,0.0,0.8,99.2,50,2025-04-07T21:22:53.435278
0.4,0.9,82.0,0.0,0.8,99.2,50,2025-04-07T21:22:53.435279
0.4,0.9,83.0,0.0,0.8,99.2,50,2025-04-07T21:22:53.435280
0.4,0.9,84.0,0.0,0.8,99.2,50,2025-04-07T21:22:53.435281
0.4,0.9,85.0,0.0,0.8,99.2,50,2025-04-07T21:22:53.435282
0.4,0.9,86.0,0.0,0.8,99.2,50,2025-04-07T21:22:53.435284
0.4,0.9,87.0,0.0,0.8,99.2,50,2025-04-07T21:22:53.435285
0.4,0.9,88.0,0.0,0.8,99.2,50,2025-04-07T21:22:53.435286
0.4,0.9,89.0,0.0,0.8,99.2,50,2025-04-07T21:22:53.435287
0.4,0.9,90.0,0.0,0.8,99.2,50,2025-04-07T21:22:53.435288
0.4,0.9,91.0,0.0,0.8,99.2,50,2025-04-07T21:22:53.435289
0.4,0.9,92.0,0.0,0.8,99.2,50,2025-04-07T21:22:53.435290
0.4,0.9,93.0,0.0,0.8,99.2,50,2025-04-07T21:22:53.435292
0.4,0.9,94.0,0.0,0.8,99.2,50,2025-04-07T21:22:53.435294
0.4,0.9,95.0,0.0,0.8,99.2,50,2025-04-07T21:22:53.435295
0.4,0.9,96.0,0.0,0.8,99.2,50,2025-04-07T21:22:53.435296
0.4,0.9,97.0,0.0,0.8,99.2,50,2025-04-07T21:22:53.435297
0.4,0.9,98.0,0.0,0.8,99.2,50,2025-04-07T21:22:53.435298
0.4,0.9,99.0,0.0,0.8,99.2,50,2025-04-07T21:22:53.435299
0.4,0.9,100.0,0.0,0.8,99.2,50,2025-04-07T21:22:53.435300
0.4,1.0,0.0,95.0,5.0,0.0,50,2025-04-07T21:22:53.471447
0.4,1.0,1.0,0.0,39.28,60.72,50,2025-04-07T21:22:53.471452
0.4,1.0,2.0,0.0,13.1,86.9,50,2025-04-07T21:22:53.471454
0.4,1.0,3.0,0.0,4.08,95.92,50,2025-04-07T21:22:53.471455
0.4,1.0,4.0,0.0,1.5,98.5,50,2025-04-07T21:22:53.471456
0.4,1.0,5.0,0.0,0.9,99.1,50,2025-04-07T21:22:53.471457
0.4,1.0,6.0,0.0,0.8,99.2,50,2025-04-07T21:22:53.471458
0.4,1.0,7.0,0.0,0.78,99.22,50,2025-04-07T21:22:53.471459
0.4,1.0,8.0,0.0,0.78,99.22,50,2025-04-07T21:22:53.471460
0.4,1.0,9.0,0.0,0.78,99.22,50,2025-04-07T21:22:53.471461
0.4,1.0,10.0,0.0,0.78,99.22,50,2025-04-07T21:22:53.471463
0.4,1.0,11.0,0.0,0.78,99.22,50,2025-04-07T21:22:53.471464
0.4,1.0,12.0,0.0,0.78,99.22,50,2025-04-07T21:22:53.471465
0.4,1.0,13.0,0.0,0.78,99.22,50,2025-04-07T21:22:53.471466
0.4,1.0,14.0,0.0,0.78,99.22,50,2025-04-07T21:22:53.471467
0.4,1.0,15.0,0.0,0.78,99.22,50,2025-04-07T21:22:53.471468
0.4,1.0,16.0,0.0,0.78,99.22,50,2025-04-07T21:22:53.471469
0.4,1.0,17.0,0.0,0.78,99.22,50,2025-04-07T21:22:53.471470
0.4,1.0,18.0,0.0,0.78,99.22,50,2025-04-07T21:22:53.471471
0.4,1.0,19.0,0.0,0.78,99.22,50,2025-04-07T21:22:53.471472
0.4,1.0,20.0,0.0,0.78,99.22,50,2025-04-07T21:22:53.471473
0.4,1.0,21.0,0.0,0.78,99.22,50,2025-04-07T21:22:53.471474
0.4,1.0,22.0,0.0,0.78,99.22,50,2025-04-07T21:22:53.471475
0.4,1.0,23.0,0.0,0.78,99.22,50,2025-04-07T21:22:53.471476
0.4,1.0,24.0,0.0,0.78,99.22,50,2025-04-07T21:22:53.471477
0.4,1.0,25.0,0.0,0.78,99.22,50,2025-04-07T21:22:53.471478
0.4,1.0,26.0,0.0,0.78,99.22,50,2025-04-07T21:22:53.471479
0.4,1.0,27.0,0.0,0.78,99.22,50,2025-04-07T21:22:53.471480
0.4,1.0,28.0,0.0,0.78,99.22,50,2025-04-07T21:22:53.471481
0.4,1.0,29.0,0.0,0.78,99.22,50,2025-04-07T21:22:53.471482
0.4,1.0,30.0,0.0,0.78,99.22,50,2025-04-07T21:22:53.471484
0.4,1.0,31.0,0.0,0.78,99.22,50,2025-04-07T21:22:53.471485
0.4,1.0,32.0,0.0,0.78,99.22,50,2025-04-07T21:22:53.471486
0.4,1.0,33.0,0.0,0.78,99.22,50,2025-04-07T21:22:53.471487
0.4,1.0,34.0,0.0,0.78,99.22,50,2025-04-07T21:22:53.471488
0.4,1.0,35.0,0.0,0.78,99.22,50,2025-04-07T21:22:53.471489
0.4,1.0,36.0,0.0,0.78,99.22,50,2025-04-07T21:22:53.471490
0.4,1.0,37.0,0.0,0.78,99.22,50,2025-04-07T21:22:53.471491
0.4,1.0,38.0,0.0,0.78,99.22,50,2025-04-07T21:22:53.471492
0.4,1.0,39.0,0.0,0.78,99.22,50,2025-04-07T21:22:53.471493
0.4,1.0,40.0,0.0,0.78,99.22,50,2025-04-07T21:22:53.471494
0.4,1.0,41.0,0.0,0.78,99.22,50,2025-04-07T21:22:53.471495
0.4,1.0,42.0,0.0,0.78,99.22,50,2025-04-07T21:22:53.471496
0.4,1.0,43.0,0.0,0.78,99.22,50,2025-04-07T21:22:53.471497
0.4,1.0,44.0,0.0,0.78,99.22,50,2025-04-07T21:22:53.471498
0.4,1.0,45.0,0.0,0.78,99.22,50,2025-04-07T21:22:53.471499
0.4,1.0,46.0,0.0,0.78,99.22,50,2025-04-07T21:22:53.471500
0.4,1.0,47.0,0.0,0.78,99.22,50,2025-04-07T21:22:53.471501
0.4,1.0,48.0,0.0,0.78,99.22,50,2025-04-07T21:22:53.471502
0.4,1.0,49.0,0.0,0.78,99.22,50,2025-04-07T21:22:53.471503
0.4,1.0,50.0,0.0,0.78,99.22,50,2025-04-07T21:22:53.471504
0.4,1.0,51.0,0.0,0.78,99.22,50,2025-04-07T21:22:53.471505
0.4,1.0,52.0,0.0,0.78,99.22,50,2025-04-07T21:22:53.471506
0.4,1.0,53.0,0.0,0.78,99.22,50,2025-04-07T21:22:53.471507
0.4,1.0,54.0,0.0,0.78,99.22,50,2025-04-07T21:22:53.471508
0.4,1.0,55.0,0.0,0.78,99.22,50,2025-04-07T21:22:53.471509
0.4,1.0,56.0,0.0,0.78,99.22,50,2025-04-07T21:22:53.471510
0.4,1.0,57.0,0.0,0.78,99.22,50,2025-04-07T21:22:53.471511
0.4,1.0,58.0,0.0,0.78,99.22,50,2025-04-07T21:22:53.471512
0.4,1.0,59.0,0.0,0.78,99.22,50,2025-04-07T21:22:53.471513
0.4,1.0,60.0,0.0,0.78,99.22,50,2025-04-07T21:22:53.471514
0.4,1.0,61.0,0.0,0.78,99.22,50,2025-04-07T21:22:53.471515
0.4,1.0,62.0,0.0,0.78,99.22,50,2025-04-07T21:22:53.471516
0.4,1.0,63.0,0.0,0.78,99.22,50,2025-04-07T21:22:53.471517
0.4,1.0,64.0,0.0,0.78,99.22,50,2025-04-07T21:22:53.471518
0.4,1.0,65.0,0.0,0.78,99.22,50,2025-04-07T21:22:53.471519
0.4,1.0,66.0,0.0,0.78,99.22,50,2025-04-07T21:22:53.471520
0.4,1.0,67.0,0.0,0.78,99.22,50,2025-04-07T21:22:53.471521
0.4,1.0,68.0,0.0,0.78,99.22,50,2025-04-07T21:22:53.471522
0.4,1.0,69.0,0.0,0.78,99.22,50,2025-04-07T21:22:53.471523
0.4,1.0,70.0,0.0,0.78,99.22,50,2025-04-07T21:22:53.471524
0.4,1.0,71.0,0.0,0.78,99.22,50,2025-04-07T21:22:53.471525
0.4,1.0,72.0,0.0,0.78,99.22,50,2025-04-07T21:22:53.471526
0.4,1.0,73.0,0.0,0.78,99.22,50,2025-04-07T21:22:53.471527
0.4,1.0,74.0,0.0,0.78,99.22,50,2025-04-07T21:22:53.471528
0.4,1.0,75.0,0.0,0.78,99.22,50,2025-04-07T21:22:53.471529
0.4,1.0,76.0,0.0,0.78,99.22,50,2025-04-07T21:22:53.471530
0.4,1.0,77.0,0.0,0.78,99.22,50,2025-04-07T21:22:53.471531
0.4,1.0,78.0,0.0,0.78,99.22,50,2025-04-07T21:22:53.471532
0.4,1.0,79.0,0.0,0.78,99.22,50,2025-04-07T21:22:53.471533
0.4,1.0,80.0,0.0,0.78,99.22,50,2025-04-07T21:22:53.471535
0.4,1.0,81.0,0.0,0.78,99.22,50,2025-04-07T21:22:53.471546
0.4,1.0,82.0,0.0,0.78,99.22,50,2025-04-07T21:22:53.471547
0.4,1.0,83.0,0.0,0.78,99.22,50,2025-04-07T21:22:53.471548
0.4,1.0,84.0,0.0,0.78,99.22,50,2025-04-07T21:22:53.471549
0.4,1.0,85.0,0.0,0.78,99.22,50,2025-04-07T21:22:53.471550
0.4,1.0,86.0,0.0,0.78,99.22,50,2025-04-07T21:22:53.471551
0.4,1.0,87.0,0.0,0.78,99.22,50,2025-04-07T21:22:53.471552
0.4,1.0,88.0,0.0,0.78,99.22,50,2025-04-07T21:22:53.471553
0.4,1.0,89.0,0.0,0.78,99.22,50,2025-04-07T21:22:53.471554
0.4,1.0,90.0,0.0,0.78,99.22,50,2025-04-07T21:22:53.471555
0.4,1.0,91.0,0.0,0.78,99.22,50,2025-04-07T21:22:53.471556
0.4,1.0,92.0,0.0,0.78,99.22,50,2025-04-07T21:22:53.471557
0.4,1.0,93.0,0.0,0.78,99.22,50,2025-04-07T21:22:53.471558
0.4,1.0,94.0,0.0,0.78,99.22,50,2025-04-07T21:22:53.471559
0.4,1.0,95.0,0.0,0.78,99.22,50,2025-04-07T21:22:53.471560
0.4,1.0,96.0,0.0,0.78,99.22,50,2025-04-07T21:22:53.471561
0.4,1.0,97.0,0.0,0.78,99.22,50,2025-04-07T21:22:53.471562
0.4,1.0,98.0,0.0,0.78,99.22,50,2025-04-07T21:22:53.471563
0.4,1.0,99.0,0.0,0.78,99.22,50,2025-04-07T21:22:53.471564
0.4,1.0,100.0,0.0,0.78,99.22,50,2025-04-07T21:22:53.471565
0.5,0.1,0.0,95.0,5.0,0.0,50,2025-04-07T21:22:53.507674
0.5,0.1,1.0,0.0,90.1,9.9,50,2025-04-07T21:22:53.507680
0.5,0.1,2.0,0.0,81.38,18.62,50,2025-04-07T21:22:53.507681
0.5,0.1,3.0,0.0,74.14,25.86,50,2025-04-07T21:22:53.507682
0.5,0.1,4.0,0.0,67.26,32.74,50,2025-04-07T21:22:53.507683
0.5,0.1,5.0,0.0,60.44,39.56,50,2025-04-07T21:22:53.507685
0.5,0.1,6.0,0.0,54.78,45.22,50,2025-04-07T21:22:53.507686
0.5,0.1,7.0,0.0,49.6,50.4,50,2025-04-07T21:22:53.507687
0.5,0.1,8.0,0.0,44.9,55.1,50,2025-04-07T21:22:53.507688
0.5,0.1,9.0,0.0,40.5,59.5,50,2025-04-07T21:22:53.507689
0.5,0.1,10.0,0.0,36.86,63.14,50,2025-04-07T21:22:53.507690
0.5,0.1,11.0,0.0,33.1,66.9,50,2025-04-07T21:22:53.507691
0.5,0.1,12.0,0.0,29.46,70.54,50,2025-04-07T21:22:53.507692
0.5,0.1,13.0,0.0,26.56,73.44,50,2025-04-07T21:22:53.507693
0.5,0.1,14.0,0.0,24.06,75.94,50,2025-04-07T21:22:53.507694
0.5,0.1,15.0,0.0,21.92,78.08,50,2025-04-07T21:22:53.507695
0.5,0.1,16.0,0.0,19.64,80.36,50,2025-04-07T21:22:53.507696
0.5,0.1,17.0,0.0,17.7,82.3,50,2025-04-07T21:22:53.507697
0.5,0.1,18.0,0.0,15.82,84.18,50,2025-04-07T21:22:53.507698
0.5,0.1,19.0,0.0,14.42,85.58,50,2025-04-07T21:22:53.507699
0.5,0.1,20.0,0.0,12.9,87.1,50,2025-04-07T21:22:53.507700
0.5,0.1,21.0,0.0,11.66,88.34,50,2025-04-07T21:22:53.507701
0.5,0.1,22.0,0.0,10.22,89.78,50,2025-04-07T21:22:53.507702
0.5,0.1,23.0,0.0,9.28,90.72,50,2025-04-07T21:22:53.507704
0.5,0.1,24.0,0.0,8.3,91.7,50,2025-04-07T21:22:53.507705
0.5,0.1,25.0,0.0,7.42,92.58,50,2025-04-07T21:22:53.507706
0.5,0.1,26.0,0.0,6.66,93.34,50,2025-04-07T21:22:53.507707
0.5,0.1,27.0,0.0,5.96,94.04,50,2025-04-07T21:22:53.507708
0.5,0.1,28.0,0.0,5.34,94.66,50,2025-04-07T21:22:53.507709
0.5,0.1,29.0,0.0,4.74,95.26,50,2025-04-07T21:22:53.507710
0.5,0.1,30.0,0.0,4.16,95.84,50,2025-04-07T21:22:53.507711
0.5,0.1,31.0,0.0,3.7,96.3,50,2025-04-07T21:22:53.507712
0.5,0.1,32.0,0.0,3.22,96.78,50,2025-04-07T21:22:53.507713
0.5,0.1,33.0,0.0,2.76,97.24,50,2025-04-07T21:22:53.507714
0.5,0.1,34.0,0.0,2.42,97.58,50,2025-04-07T21:22:53.507715
0.5,0.1,35.0,0.0,2.1,97.9,50,2025-04-07T21:22:53.507716
0.5,0.1,36.0,0.0,1.8,98.2,50,2025-04-07T21:22:53.507717
0.5,0.1,37.0,0.0,1.48,98.52,50,2025-04-07T21:22:53.507718
0.5,0.1,38.0,0.0,1.38,98.62,50,2025-04-07T21:22:53.507719
0.5,0.1,39.0,0.0,1.28,98.72,50,2025-04-07T21:22:53.507720
0.5,0.1,40.0,0.0,1.12,98.88,50,2025-04-07T21:22:53.507721
0.5,0.1,41.0,0.0,0.92,99.08,50,2025-04-07T21:22:53.507722
0.5,0.1,42.0,0.0,0.76,99.24,50,2025-04-07T21:22:53.507723
0.5,0.1,43.0,0.0,0.66,99.34,50,2025-04-07T21:22:53.507724
0.5,0.1,44.0,0.0,0.52,99.48,50,2025-04-07T21:22:53.507725
0.5,0.1,45.0,0.0,0.46,99.54,50,2025-04-07T21:22:53.507726
0.5,0.1,46.0,0.0,0.4,99.6,50,2025-04-07T21:22:53.507727
0.5,0.1,47.0,0.0,0.32,99.68,50,2025-04-07T21:22:53.507728
0.5,0.1,48.0,0.0,0.3,99.7,50,2025-04-07T21:22:53.507729
0.5,0.1,49.0,0.0,0.22,99.78,50,2025-04-07T21:22:53.507730
0.5,0.1,50.0,0.0,0.16,99.84,50,2025-04-07T21:22:53.507731
0.5,0.1,51.0,0.0,0.16,99.84,50,2025-04-07T21:22:53.507732
0.5,0.1,52.0,0.0,0.12,99.88,50,2025-04-07T21:22:53.507733
0.5,0.1,53.0,0.0,0.08,99.92,50,2025-04-07T21:22:53.507734
0.5,0.1,54.0,0.0,0.06,99.94,50,2025-04-07T21:22:53.507735
0.5,0.1,55.0,0.0,0.06,99.94,50,2025-04-07T21:22:53.507736
0.5,0.1,56.0,0.0,0.06,99.94,50,2025-04-07T21:22:53.507737
0.5,0.1,57.0,0.0,0.04,99.96,50,2025-04-07T21:22:53.507738
0.5,0.1,58.0,0.0,0.04,99.96,50,2025-04-07T21:22:53.507739
0.5,0.1,59.0,0.0,0.04,99.96,50,2025-04-07T21:22:53.507740
0.5,0.1,60.0,0.0,0.04,99.96,50,2025-04-07T21:22:53.507741
0.5,0.1,61.0,0.0,0.04,99.96,50,2025-04-07T21:22:53.507742
0.5,0.1,62.0,0.0,0.04,99.96,50,2025-04-07T21:22:53.507743
0.5,0.1,63.0,0.0,0.04,99.96,50,2025-04-07T21:22:53.507744
0.5,0.1,64.0,0.0,0.04,99.96,50,2025-04-07T21:22:53.507745
0.5,0.1,65.0,0.0,0.04,99.96,50,2025-04-07T21:22:53.507746
0.5,0.1,66.0,0.0,0.02,99.98,50,2025-04-07T21:22:53.507747
0.5,0.1,67.0,0.0,0.0,100.0,50,2025-04-07T21:22:53.507748
0.5,0.1,68.0,0.0,0.0,100.0,50,2025-04-07T21:22:53.507749
0.5,0.1,69.0,0.0,0.0,100.0,50,2025-04-07T21:22:53.507750
0.5,0.1,70.0,0.0,0.0,100.0,50,2025-04-07T21:22:53.507751
0.5,0.1,71.0,0.0,0.0,100.0,50,2025-04-07T21:22:53.507752
0.5,0.1,72.0,0.0,0.0,100.0,50,2025-04-07T21:22:53.507753
0.5,0.1,73.0,0.0,0.0,100.0,50,2025-04-07T21:22:53.507754
0.5,0.1,74.0,0.0,0.0,100.0,50,2025-04-07T21:22:53.507755
0.5,0.1,75.0,0.0,0.0,100.0,50,2025-04-07T21:22:53.507756
0.5,0.1,76.0,0.0,0.0,100.0,50,2025-04-07T21:22:53.507757
0.5,0.1,77.0,0.0,0.0,100.0,50,2025-04-07T21:22:53.507758
0.5,0.1,78.0,0.0,0.0,100.0,50,2025-04-07T21:22:53.507759
0.5,0.1,79.0,0.0,0.0,100.0,50,2025-04-07T21:22:53.507760
0.5,0.1,80.0,0.0,0.0,100.0,50,2025-04-07T21:22:53.507761
0.5,0.1,81.0,0.0,0.0,100.0,50,2025-04-07T21:22:53.507762
0.5,0.1,82.0,0.0,0.0,100.0,50,2025-04-07T21:22:53.507763
0.5,0.1,83.0,0.0,0.0,100.0,50,2025-04-07T21:22:53.507764
0.5,0.1,84.0,0.0,0.0,100.0,50,2025-04-07T21:22:53.507770
0.5,0.1,85.0,0.0,0.0,100.0,50,2025-04-07T21:22:53.507772
0.5,0.1,86.0,0.0,0.0,100.0,50,2025-04-07T21:22:53.507773
0.5,0.1,87.0,0.0,0.0,100.0,50,2025-04-07T21:22:53.507774
0.5,0.1,88.0,0.0,0.0,100.0,50,2025-04-07T21:22:53.507775
0.5,0.1,89.0,0.0,0.0,100.0,50,2025-04-07T21:22:53.507776
0.5,0.1,90.0,0.0,0.0,100.0,50,2025-04-07T21:22:53.507777
0.5,0.1,91.0,0.0,0.0,100.0,50,2025-04-07T21:22:53.507778
0.5,0.1,92.0,0.0,0.0,100.0,50,2025-04-07T21:22:53.507779
0.5,0.1,93.0,0.0,0.0,100.0,50,2025-04-07T21:22:53.507780
0.5,0.1,94.0,0.0,0.0,100.0,50,2025-04-07T21:22:53.507781
0.5,0.1,95.0,0.0,0.0,100.0,50,2025-04-07T21:22:53.507782
0.5,0.1,96.0,0.0,0.0,100.0,50,2025-04-07T21:22:53.507783
0.5,0.1,97.0,0.0,0.0,100.0,50,2025-04-07T21:22:53.507784
0.5,0.1,98.0,0.0,0.0,100.0,50,2025-04-07T21:22:53.507785
0.5,0.1,99.0,0.0,0.0,100.0,50,2025-04-07T21:22:53.507786
0.5,0.1,100.0,0.0,0.0,100.0,50,2025-04-07T21:22:53.507787
0.5,0.2,0.0,95.0,5.0,0.0,50,2025-04-07T21:22:53.543008
0.5,0.2,1.0,0.0,82.28,17.72,50,2025-04-07T21:22:53.543013
0.5,0.2,2.0,0.0,67.58,32.42,50,2025-04-07T21:22:53.543015
0.5,0.2,3.0,0.0,54.72,45.28,50,2025-04-07T21:22:53.543016
0.5,0.2,4.0,0.0,44.84,55.16,50,2025-04-07T21:22:53.543017
0.5,0.2,5.0,0.0,35.4,64.6,50,2025-04-07T21:22:53.543018
0.5,0.2,6.0,0.0,28.84,71.16,50,2025-04-07T21:22:53.543019
0.5,0.2,7.0,0.0,23.64,76.36,50,2025-04-07T21:22:53.543020
0.5,0.2,8.0,0.0,19.28,80.72,50,2025-04-07T21:22:53.543021
0.5,0.2,9.0,0.0,15.52,84.48,50,2025-04-07T21:22:53.543022
0.5,0.2,10.0,0.0,12.34,87.66,50,2025-04-07T21:22:53.543023
0.5,0.2,11.0,0.0,9.86,90.14,50,2025-04-07T21:22:53.543024
0.5,0.2,12.0,0.0,8.04,91.96,50,2025-04-07T21:22:53.543025
0.5,0.2,13.0,0.0,6.2,93.8,50,2025-04-07T21:22:53.543026
0.5,0.2,14.0,0.0,4.9,95.1,50,2025-04-07T21:22:53.543027
0.5,0.2,15.0,0.0,3.94,96.06,50,2025-04-07T21:22:53.543028
0.5,0.2,16.0,0.0,2.96,97.04,50,2025-04-07T21:22:53.543029
0.5,0.2,17.0,0.0,2.34,97.66,50,2025-04-07T21:22:53.543030
0.5,0.2,18.0,0.0,1.84,98.16,50,2025-04-07T21:22:53.543031
0.5,0.2,19.0,0.0,1.36,98.64,50,2025-04-07T21:22:53.543032
0.5,0.2,20.0,0.0,1.12,98.88,50,2025-04-07T21:22:53.543033
0.5,0.2,21.0,0.0,0.82,99.18,50,2025-04-07T21:22:53.543034
0.5,0.2,22.0,0.0,0.62,99.38,50,2025-04-07T21:22:53.543035
0.5,0.2,23.0,0.0,0.54,99.46,50,2025-04-07T21:22:53.543036
0.5,0.2,24.0,0.0,0.38,99.62,50,2025-04-07T21:22:53.543037
0.5,0.2,25.0,0.0,0.36,99.64,50,2025-04-07T21:22:53.543038
0.5,0.2,26.0,0.0,0.24,99.76,50,2025-04-07T21:22:53.543039
0.5,0.2,27.0,0.0,0.22,99.78,50,2025-04-07T21:22:53.543040
0.5,0.2,28.0,0.0,0.22,99.78,50,2025-04-07T21:22:53.543041
0.5,0.2,29.0,0.0,0.22,99.78,50,2025-04-07T21:22:53.543042
0.5,0.2,30.0,0.0,0.22,99.78,50,2025-04-07T21:22:53.543043
0.5,0.2,31.0,0.0,0.22,99.78,50,2025-04-07T21:22:53.543044
0.5,0.2,32.0,0.0,0.2,99.8,50,2025-04-07T21:22:53.543045
0.5,0.2,33.0,0.0,0.2,99.8,50,2025-04-07T21:22:53.543046
0.5,0.2,34.0,0.0,0.2,99.8,50,2025-04-07T21:22:53.543047
0.5,0.2,35.0,0.0,0.2,99.8,50,2025-04-07T21:22:53.543048
0.5,0.2,36.0,0.0,0.2,99.8,50,2025-04-07T21:22:53.543049
0.5,0.2,37.0,0.0,0.2,99.8,50,2025-04-07T21:22:53.543075
0.5,0.2,38.0,0.0,0.2,99.8,50,2025-04-07T21:22:53.543082
0.5,0.2,39.0,0.0,0.2,99.8,50,2025-04-07T21:22:53.543084
0.5,0.2,40.0,0.0,0.2,99.8,50,2025-04-07T21:22:53.543085
0.5,0.2,41.0,0.0,0.2,99.8,50,2025-04-07T21:22:53.543086
0.5,0.2,42.0,0.0,0.2,99.8,50,2025-04-07T21:22:53.543087
0.5,0.2,43.0,0.0,0.2,99.8,50,2025-04-07T21:22:53.543088
0.5,0.2,44.0,0.0,0.2,99.8,50,2025-04-07T21:22:53.543089
0.5,0.2,45.0,0.0,0.2,99.8,50,2025-04-07T21:22:53.543090
0.5,0.2,46.0,0.0,0.2,99.8,50,2025-04-07T21:22:53.543091
0.5,0.2,47.0,0.0,0.2,99.8,50,2025-04-07T21:22:53.543092
0.5,0.2,48.0,0.0,0.2,99.8,50,2025-04-07T21:22:53.543094
0.5,0.2,49.0,0.0,0.2,99.8,50,2025-04-07T21:22:53.543095
0.5,0.2,50.0,0.0,0.2,99.8,50,2025-04-07T21:22:53.543096
0.5,0.2,51.0,0.0,0.2,99.8,50,2025-04-07T21:22:53.543097
0.5,0.2,52.0,0.0,0.2,99.8,50,2025-04-07T21:22:53.543102
0.5,0.2,53.0,0.0,0.2,99.8,50,2025-04-07T21:22:53.543103
0.5,0.2,54.0,0.0,0.2,99.8,50,2025-04-07T21:22:53.543104
0.5,0.2,55.0,0.0,0.2,99.8,50,2025-04-07T21:22:53.543105
0.5,0.2,56.0,0.0,0.2,99.8,50,2025-04-07T21:22:53.543106
0.5,0.2,57.0,0.0,0.2,99.8,50,2025-04-07T21:22:53.543107
0.5,0.2,58.0,0.0,0.2,99.8,50,2025-04-07T21:22:53.543108
0.5,0.2,59.0,0.0,0.2,99.8,50,2025-04-07T21:22:53.543109
0.5,0.2,60.0,0.0,0.2,99.8,50,2025-04-07T21:22:53.543110
0.5,0.2,61.0,0.0,0.2,99.8,50,2025-04-07T21:22:53.543111
0.5,0.2,62.0,0.0,0.2,99.8,50,2025-04-07T21:22:53.543112
0.5,0.2,63.0,0.0,0.2,99.8,50,2025-04-07T21:22:53.543113
0.5,0.2,64.0,0.0,0.2,99.8,50,2025-04-07T21:22:53.543114
0.5,0.2,65.0,0.0,0.2,99.8,50,2025-04-07T21:22:53.543115
0.5,0.2,66.0,0.0,0.2,99.8,50,2025-04-07T21:22:53.543116
0.5,0.2,67.0,0.0,0.2,99.8,50,2025-04-07T21:22:53.543120
0.5,0.2,68.0,0.0,0.2,99.8,50,2025-04-07T21:22:53.543121
0.5,0.2,69.0,0.0,0.2,99.8,50,2025-04-07T21:22:53.543122
0.5,0.2,70.0,0.0,0.2,99.8,50,2025-04-07T21:22:53.543123
0.5,0.2,71.0,0.0,0.2,99.8,50,2025-04-07T21:22:53.543124
0.5,0.2,72.0,0.0,0.2,99.8,50,2025-04-07T21:22:53.543125
0.5,0.2,73.0,0.0,0.2,99.8,50,2025-04-07T21:22:53.543126
0.5,0.2,74.0,0.0,0.2,99.8,50,2025-04-07T21:22:53.543127
0.5,0.2,75.0,0.0,0.2,99.8,50,2025-04-07T21:22:53.543128
0.5,0.2,76.0,0.0,0.2,99.8,50,2025-04-07T21:22:53.543129
0.5,0.2,77.0,0.0,0.2,99.8,50,2025-04-07T21:22:53.543130
0.5,0.2,78.0,0.0,0.2,99.8,50,2025-04-07T21:22:53.543131
0.5,0.2,79.0,0.0,0.2,99.8,50,2025-04-07T21:22:53.543132
0.5,0.2,80.0,0.0,0.2,99.8,50,2025-04-07T21:22:53.543133
0.5,0.2,81.0,0.0,0.2,99.8,50,2025-04-07T21:22:53.543134
0.5,0.2,82.0,0.0,0.2,99.8,50,2025-04-07T21:22:53.543138
0.5,0.2,83.0,0.0,0.2,99.8,50,2025-04-07T21:22:53.543139
0.5,0.2,84.0,0.0,0.2,99.8,50,2025-04-07T21:22:53.543140
0.5,0.2,85.0,0.0,0.2,99.8,50,2025-04-07T21:22:53.543141
0.5,0.2,86.0,0.0,0.2,99.8,50,2025-04-07T21:22:53.543142
0.5,0.2,87.0,0.0,0.2,99.8,50,2025-04-07T21:22:53.543143
0.5,0.2,88.0,0.0,0.2,99.8,50,2025-04-07T21:22:53.543144
0.5,0.2,89.0,0.0,0.2,99.8,50,2025-04-07T21:22:53.543145
0.5,0.2,90.0,0.0,0.2,99.8,50,2025-04-07T21:22:53.543146
0.5,0.2,91.0,0.0,0.2,99.8,50,2025-04-07T21:22:53.543147
0.5,0.2,92.0,0.0,0.2,99.8,50,2025-04-07T21:22:53.543148
0.5,0.2,93.0,0.0,0.2,99.8,50,2025-04-07T21:22:53.543149
0.5,0.2,94.0,0.0,0.2,99.8,50,2025-04-07T21:22:53.543150
0.5,0.2,95.0,0.0,0.2,99.8,50,2025-04-07T21:22:53.543151
0.5,0.2,96.0,0.0,0.2,99.8,50,2025-04-07T21:22:53.543152
0.5,0.2,97.0,0.0,0.2,99.8,50,2025-04-07T21:22:53.543153
0.5,0.2,98.0,0.0,0.2,99.8,50,2025-04-07T21:22:53.543155
0.5,0.2,99.0,0.0,0.2,99.8,50,2025-04-07T21:22:53.543156
0.5,0.2,100.0,0.0,0.2,99.8,50,2025-04-07T21:22:53.543157
0.5,0.3,0.0,95.0,5.0,0.0,50,2025-04-07T21:22:53.580581
0.5,0.3,1.0,0.0,74.32,25.68,50,2025-04-07T21:22:53.580587
0.5,0.3,2.0,0.0,55.58,44.42,50,2025-04-07T21:22:53.580588
0.5,0.3,3.0,0.0,41.14,58.86,50,2025-04-07T21:22:53.580589
0.5,0.3,4.0,0.0,30.32,69.68,50,2025-04-07T21:22:53.580590
0.5,0.3,5.0,0.0,22.56,77.44,50,2025-04-07T21:22:53.580591
0.5,0.3,6.0,0.0,16.44,83.56,50,2025-04-07T21:22:53.580592
0.5,0.3,7.0,0.0,12.12,87.88,50,2025-04-07T21:22:53.580594
0.5,0.3,8.0,0.0,8.68,91.32,50,2025-04-07T21:22:53.580595
0.5,0.3,9.0,0.0,6.32,93.68,50,2025-04-07T21:22:53.580596
0.5,0.3,10.0,0.0,4.34,95.66,50,2025-04-07T21:22:53.580597
0.5,0.3,11.0,0.0,2.82,97.18,50,2025-04-07T21:22:53.580598
0.5,0.3,12.0,0.0,1.92,98.08,50,2025-04-07T21:22:53.580599
0.5,0.3,13.0,0.0,1.48,98.52,50,2025-04-07T21:22:53.580600
0.5,0.3,14.0,0.0,1.04,98.96,50,2025-04-07T21:22:53.580601
0.5,0.3,15.0,0.0,0.8,99.2,50,2025-04-07T21:22:53.580602
0.5,0.3,16.0,0.0,0.64,99.36,50,2025-04-07T21:22:53.580604
0.5,0.3,17.0,0.0,0.5,99.5,50,2025-04-07T21:22:53.580605
0.5,0.3,18.0,0.0,0.36,99.64,50,2025-04-07T21:22:53.580606
0.5,0.3,19.0,0.0,0.28,99.72,50,2025-04-07T21:22:53.580607
0.5,0.3,20.0,0.0,0.28,99.72,50,2025-04-07T21:22:53.580608
0.5,0.3,21.0,0.0,0.28,99.72,50,2025-04-07T21:22:53.580609
0.5,0.3,22.0,0.0,0.24,99.76,50,2025-04-07T21:22:53.580610
0.5,0.3,23.0,0.0,0.22,99.78,50,2025-04-07T21:22:53.580611
0.5,0.3,24.0,0.0,0.22,99.78,50,2025-04-07T21:22:53.580612
0.5,0.3,25.0,0.0,0.22,99.78,50,2025-04-07T21:22:53.580613
0.5,0.3,26.0,0.0,0.22,99.78,50,2025-04-07T21:22:53.580614
0.5,0.3,27.0,0.0,0.22,99.78,50,2025-04-07T21:22:53.580616
0.5,0.3,28.0,0.0,0.22,99.78,50,2025-04-07T21:22:53.580617
0.5,0.3,29.0,0.0,0.22,99.78,50,2025-04-07T21:22:53.580618
0.5,0.3,30.0,0.0,0.22,99.78,50,2025-04-07T21:22:53.580619
0.5,0.3,31.0,0.0,0.22,99.78,50,2025-04-07T21:22:53.580620
0.5,0.3,32.0,0.0,0.22,99.78,50,2025-04-07T21:22:53.580621
0.5,0.3,33.0,0.0,0.22,99.78,50,2025-04-07T21:22:53.580622
0.5,0.3,34.0,0.0,0.22,99.78,50,2025-04-07T21:22:53.580623
0.5,0.3,35.0,0.0,0.22,99.78,50,2025-04-07T21:22:53.580624
0.5,0.3,36.0,0.0,0.22,99.78,50,2025-04-07T21:22:53.580625
0.5,0.3,37.0,0.0,0.22,99.78,50,2025-04-07T21:22:53.580626
0.5,0.3,38.0,0.0,0.22,99.78,50,2025-04-07T21:22:53.580627
0.5,0.3,39.0,0.0,0.22,99.78,50,2025-04-07T21:22:53.580628
0.5,0.3,40.0,0.0,0.22,99.78,50,2025-04-07T21:22:53.580630
0.5,0.3,41.0,0.0,0.22,99.78,50,2025-04-07T21:22:53.580631
0.5,0.3,42.0,0.0,0.22,99.78,50,2025-04-07T21:22:53.580632
0.5,0.3,43.0,0.0,0.22,99.78,50,2025-04-07T21:22:53.580633
0.5,0.3,44.0,0.0,0.22,99.78,50,2025-04-07T21:22:53.580634
0.5,0.3,45.0,0.0,0.22,99.78,50,2025-04-07T21:22:53.580635
0.5,0.3,46.0,0.0,0.22,99.78,50,2025-04-07T21:22:53.580636
0.5,0.3,47.0,0.0,0.22,99.78,50,2025-04-07T21:22:53.580637
0.5,0.3,48.0,0.0,0.22,99.78,50,2025-04-07T21:22:53.580638
0.5,0.3,49.0,0.0,0.22,99.78,50,2025-04-07T21:22:53.580639
0.5,0.3,50.0,0.0,0.22,99.78,50,2025-04-07T21:22:53.580640
0.5,0.3,51.0,0.0,0.22,99.78,50,2025-04-07T21:22:53.580641
0.5,0.3,52.0,0.0,0.22,99.78,50,2025-04-07T21:22:53.580643
0.5,0.3,53.0,0.0,0.22,99.78,50,2025-04-07T21:22:53.580644
0.5,0.3,54.0,0.0,0.22,99.78,50,2025-04-07T21:22:53.580645
0.5,0.3,55.0,0.0,0.22,99.78,50,2025-04-07T21:22:53.580646
0.5,0.3,56.0,0.0,0.22,99.78,50,2025-04-07T21:22:53.580647
0.5,0.3,57.0,0.0,0.22,99.78,50,2025-04-07T21:22:53.580648
0.5,0.3,58.0,0.0,0.22,99.78,50,2025-04-07T21:22:53.580649
0.5,0.3,59.0,0.0,0.22,99.78,50,2025-04-07T21:22:53.580650
0.5,0.3,60.0,0.0,0.22,99.78,50,2025-04-07T21:22:53.580651
0.5,0.3,61.0,0.0,0.22,99.78,50,2025-04-07T21:22:53.580652
0.5,0.3,62.0,0.0,0.22,99.78,50,2025-04-07T21:22:53.580653
0.5,0.3,63.0,0.0,0.22,99.78,50,2025-04-07T21:22:53.580654
0.5,0.3,64.0,0.0,0.22,99.78,50,2025-04-07T21:22:53.580655
0.5,0.3,65.0,0.0,0.22,99.78,50,2025-04-07T21:22:53.580656
0.5,0.3,66.0,0.0,0.22,99.78,50,2025-04-07T21:22:53.580657
0.5,0.3,67.0,0.0,0.22,99.78,50,2025-04-07T21:22:53.580658
0.5,0.3,68.0,0.0,0.22,99.78,50,2025-04-07T21:22:53.580659
0.5,0.3,69.0,0.0,0.22,99.78,50,2025-04-07T21:22:53.580661
0.5,0.3,70.0,0.0,0.22,99.78,50,2025-04-07T21:22:53.580662
0.5,0.3,71.0,0.0,0.22,99.78,50,2025-04-07T21:22:53.580663
0.5,0.3,72.0,0.0,0.22,99.78,50,2025-04-07T21:22:53.580667
0.5,0.3,73.0,0.0,0.22,99.78,50,2025-04-07T21:22:53.580668
0.5,0.3,74.0,0.0,0.22,99.78,50,2025-04-07T21:22:53.580669
0.5,0.3,75.0,0.0,0.22,99.78,50,2025-04-07T21:22:53.580670
0.5,0.3,76.0,0.0,0.22,99.78,50,2025-04-07T21:22:53.580671
0.5,0.3,77.0,0.0,0.22,99.78,50,2025-04-07T21:22:53.580672
0.5,0.3,78.0,0.0,0.22,99.78,50,2025-04-07T21:22:53.580673
0.5,0.3,79.0,0.0,0.22,99.78,50,2025-04-07T21:22:53.580674
0.5,0.3,80.0,0.0,0.22,99.78,50,2025-04-07T21:22:53.580675
0.5,0.3,81.0,0.0,0.22,99.78,50,2025-04-07T21:22:53.580676
0.5,0.3,82.0,0.0,0.22,99.78,50,2025-04-07T21:22:53.580677
0.5,0.3,83.0,0.0,0.22,99.78,50,2025-04-07T21:22:53.580679
0.5,0.3,84.0,0.0,0.22,99.78,50,2025-04-07T21:22:53.580680
0.5,0.3,85.0,0.0,0.22,99.78,50,2025-04-07T21:22:53.580681
0.5,0.3,86.0,0.0,0.22,99.78,50,2025-04-07T21:22:53.580682
0.5,0.3,87.0,0.0,0.22,99.78,50,2025-04-07T21:22:53.580683
0.5,0.3,88.0,0.0,0.22,99.78,50,2025-04-07T21:22:53.580684
0.5,0.3,89.0,0.0,0.22,99.78,50,2025-04-07T21:22:53.580686
0.5,0.3,90.0,0.0,0.22,99.78,50,2025-04-07T21:22:53.580687
0.5,0.3,91.0,0.0,0.22,99.78,50,2025-04-07T21:22:53.580689
0.5,0.3,92.0,0.0,0.22,99.78,50,2025-04-07T21:22:53.580690
0.5,0.3,93.0,0.0,0.22,99.78,50,2025-04-07T21:22:53.580691
0.5,0.3,94.0,0.0,0.22,99.78,50,2025-04-07T21:22:53.580692
0.5,0.3,95.0,0.0,0.22,99.78,50,2025-04-07T21:22:53.580693
0.5,0.3,96.0,0.0,0.22,99.78,50,2025-04-07T21:22:53.580694
0.5,0.3,97.0,0.0,0.22,99.78,50,2025-04-07T21:22:53.580695
0.5,0.3,98.0,0.0,0.22,99.78,50,2025-04-07T21:22:53.580696
0.5,0.3,99.0,0.0,0.22,99.78,50,2025-04-07T21:22:53.580697
0.5,0.3,100.0,0.0,0.22,99.78,50,2025-04-07T21:22:53.580698
0.5,0.4,0.0,95.0,5.0,0.0,50,2025-04-07T21:22:53.616753
0.5,0.4,1.0,0.0,67.9,32.1,50,2025-04-07T21:22:53.616759
0.5,0.4,2.0,0.0,44.34,55.66,50,2025-04-07T21:22:53.616760
0.5,0.4,3.0,0.0,29.3,70.7,50,2025-04-07T21:22:53.616762
0.5,0.4,4.0,0.0,20.3,79.7,50,2025-04-07T21:22:53.616763
0.5,0.4,5.0,0.0,13.48,86.52,50,2025-04-07T21:22:53.616764
0.5,0.4,6.0,0.0,8.7,91.3,50,2025-04-07T21:22:53.616765
0.5,0.4,7.0,0.0,5.54,94.46,50,2025-04-07T21:22:53.616767
0.5,0.4,8.0,0.0,3.8,96.2,50,2025-04-07T21:22:53.616768
0.5,0.4,9.0,0.0,2.48,97.52,50,2025-04-07T21:22:53.616769
0.5,0.4,10.0,0.0,1.4,98.6,50,2025-04-07T21:22:53.616770
0.5,0.4,11.0,0.0,0.84,99.16,50,2025-04-07T21:22:53.616771
0.5,0.4,12.0,0.0,0.44,99.56,50,2025-04-07T21:22:53.616772
0.5,0.4,13.0,0.0,0.36,99.64,50,2025-04-07T21:22:53.616773
0.5,0.4,14.0,0.0,0.24,99.76,50,2025-04-07T21:22:53.616774
0.5,0.4,15.0,0.0,0.22,99.78,50,2025-04-07T21:22:53.616776
0.5,0.4,16.0,0.0,0.2,99.8,50,2025-04-07T21:22:53.616777
0.5,0.4,17.0,0.0,0.18,99.82,50,2025-04-07T21:22:53.616778
0.5,0.4,18.0,0.0,0.18,99.82,50,2025-04-07T21:22:53.616779
0.5,0.4,19.0,0.0,0.18,99.82,50,2025-04-07T21:22:53.616780
0.5,0.4,20.0,0.0,0.18,99.82,50,2025-04-07T21:22:53.616781
0.5,0.4,21.0,0.0,0.18,99.82,50,2025-04-07T21:22:53.616782
0.5,0.4,22.0,0.0,0.18,99.82,50,2025-04-07T21:22:53.616783
0.5,0.4,23.0,0.0,0.18,99.82,50,2025-04-07T21:22:53.616784
0.5,0.4,24.0,0.0,0.18,99.82,50,2025-04-07T21:22:53.616785
0.5,0.4,25.0,0.0,0.18,99.82,50,2025-04-07T21:22:53.616786
0.5,0.4,26.0,0.0,0.18,99.82,50,2025-04-07T21:22:53.616788
0.5,0.4,27.0,0.0,0.18,99.82,50,2025-04-07T21:22:53.616789
0.5,0.4,28.0,0.0,0.18,99.82,50,2025-04-07T21:22:53.616790
0.5,0.4,29.0,0.0,0.18,99.82,50,2025-04-07T21:22:53.616791
0.5,0.4,30.0,0.0,0.18,99.82,50,2025-04-07T21:22:53.616792
0.5,0.4,31.0,0.0,0.18,99.82,50,2025-04-07T21:22:53.616793
0.5,0.4,32.0,0.0,0.18,99.82,50,2025-04-07T21:22:53.616794
0.5,0.4,33.0,0.0,0.18,99.82,50,2025-04-07T21:22:53.616795
0.5,0.4,34.0,0.0,0.18,99.82,50,2025-04-07T21:22:53.616796
0.5,0.4,35.0,0.0,0.18,99.82,50,2025-04-07T21:22:53.616797
0.5,0.4,36.0,0.0,0.18,99.82,50,2025-04-07T21:22:53.616799
0.5,0.4,37.0,0.0,0.18,99.82,50,2025-04-07T21:22:53.616800
0.5,0.4,38.0,0.0,0.18,99.82,50,2025-04-07T21:22:53.616801
0.5,0.4,39.0,0.0,0.18,99.82,50,2025-04-07T21:22:53.616802
0.5,0.4,40.0,0.0,0.18,99.82,50,2025-04-07T21:22:53.616803
0.5,0.4,41.0,0.0,0.18,99.82,50,2025-04-07T21:22:53.616804
0.5,0.4,42.0,0.0,0.18,99.82,50,2025-04-07T21:22:53.616805
0.5,0.4,43.0,0.0,0.18,99.82,50,2025-04-07T21:22:53.616806
0.5,0.4,44.0,0.0,0.18,99.82,50,2025-04-07T21:22:53.616807
0.5,0.4,45.0,0.0,0.18,99.82,50,2025-04-07T21:22:53.616808
0.5,0.4,46.0,0.0,0.18,99.82,50,2025-04-07T21:22:53.616810
0.5,0.4,47.0,0.0,0.18,99.82,50,2025-04-07T21:22:53.616811
0.5,0.4,48.0,0.0,0.18,99.82,50,2025-04-07T21:22:53.616812
0.5,0.4,49.0,0.0,0.18,99.82,50,2025-04-07T21:22:53.616813
0.5,0.4,50.0,0.0,0.18,99.82,50,2025-04-07T21:22:53.616814
0.5,0.4,51.0,0.0,0.18,99.82,50,2025-04-07T21:22:53.616815
0.5,0.4,52.0,0.0,0.18,99.82,50,2025-04-07T21:22:53.616816
0.5,0.4,53.0,0.0,0.18,99.82,50,2025-04-07T21:22:53.616817
0.5,0.4,54.0,0.0,0.18,99.82,50,2025-04-07T21:22:53.616818
0.5,0.4,55.0,0.0,0.18,99.82,50,2025-04-07T21:22:53.616819
0.5,0.4,56.0,0.0,0.18,99.82,50,2025-04-07T21:22:53.616820
0.5,0.4,57.0,0.0,0.18,99.82,50,2025-04-07T21:22:53.616821
0.5,0.4,58.0,0.0,0.18,99.82,50,2025-04-07T21:22:53.616822
0.5,0.4,59.0,0.0,0.18,99.82,50,2025-04-07T21:22:53.616824
0.5,0.4,60.0,0.0,0.18,99.82,50,2025-04-07T21:22:53.616825
0.5,0.4,61.0,0.0,0.18,99.82,50,2025-04-07T21:22:53.616826
0.5,0.4,62.0,0.0,0.18,99.82,50,2025-04-07T21:22:53.616827
0.5,0.4,63.0,0.0,0.18,99.82,50,2025-04-07T21:22:53.616828
0.5,0.4,64.0,0.0,0.18,99.82,50,2025-04-07T21:22:53.616829
0.5,0.4,65.0,0.0,0.18,99.82,50,2025-04-07T21:22:53.616830
0.5,0.4,66.0,0.0,0.18,99.82,50,2025-04-07T21:22:53.616834
0.5,0.4,67.0,0.0,0.18,99.82,50,2025-04-07T21:22:53.616835
0.5,0.4,68.0,0.0,0.18,99.82,50,2025-04-07T21:22:53.616836
0.5,0.4,69.0,0.0,0.18,99.82,50,2025-04-07T21:22:53.616837
0.5,0.4,70.0,0.0,0.18,99.82,50,2025-04-07T21:22:53.616838
0.5,0.4,71.0,0.0,0.18,99.82,50,2025-04-07T21:22:53.616839
0.5,0.4,72.0,0.0,0.18,99.82,50,2025-04-07T21:22:53.616840
0.5,0.4,73.0,0.0,0.18,99.82,50,2025-04-07T21:22:53.616841
0.5,0.4,74.0,0.0,0.18,99.82,50,2025-04-07T21:22:53.616842
0.5,0.4,75.0,0.0,0.18,99.82,50,2025-04-07T21:22:53.616843
0.5,0.4,76.0,0.0,0.18,99.82,50,2025-04-07T21:22:53.616844
0.5,0.4,77.0,0.0,0.18,99.82,50,2025-04-07T21:22:53.616845
0.5,0.4,78.0,0.0,0.18,99.82,50,2025-04-07T21:22:53.616846
0.5,0.4,79.0,0.0,0.18,99.82,50,2025-04-07T21:22:53.616847
0.5,0.4,80.0,0.0,0.18,99.82,50,2025-04-07T21:22:53.616848
0.5,0.4,81.0,0.0,0.18,99.82,50,2025-04-07T21:22:53.616849
0.5,0.4,82.0,0.0,0.18,99.82,50,2025-04-07T21:22:53.616850
0.5,0.4,83.0,0.0,0.18,99.82,50,2025-04-07T21:22:53.616851
0.5,0.4,84.0,0.0,0.18,99.82,50,2025-04-07T21:22:53.616852
0.5,0.4,85.0,0.0,0.18,99.82,50,2025-04-07T21:22:53.616853
0.5,0.4,86.0,0.0,0.18,99.82,50,2025-04-07T21:22:53.616854
0.5,0.4,87.0,0.0,0.18,99.82,50,2025-04-07T21:22:53.616855
0.5,0.4,88.0,0.0,0.18,99.82,50,2025-04-07T21:22:53.616856
0.5,0.4,89.0,0.0,0.18,99.82,50,2025-04-07T21:22:53.616857
0.5,0.4,90.0,0.0,0.18,99.82,50,2025-04-07T21:22:53.616858
0.5,0.4,91.0,0.0,0.18,99.82,50,2025-04-07T21:22:53.616859
0.5,0.4,92.0,0.0,0.18,99.82,50,2025-04-07T21:22:53.616860
0.5,0.4,93.0,0.0,0.18,99.82,50,2025-04-07T21:22:53.616861
0.5,0.4,94.0,0.0,0.18,99.82,50,2025-04-07T21:22:53.616862
0.5,0.4,95.0,0.0,0.18,99.82,50,2025-04-07T21:22:53.616863
0.5,0.4,96.0,0.0,0.18,99.82,50,2025-04-07T21:22:53.616864
0.5,0.4,97.0,0.0,0.18,99.82,50,2025-04-07T21:22:53.616865
0.5,0.4,98.0,0.0,0.18,99.82,50,2025-04-07T21:22:53.616866
0.5,0.4,99.0,0.0,0.18,99.82,50,2025-04-07T21:22:53.616867
0.5,0.4,100.0,0.0,0.18,99.82,50,2025-04-07T21:22:53.616868
0.5,0.5,0.0,95.0,5.0,0.0,50,2025-04-07T21:22:53.653944
0.5,0.5,1.0,0.0,61.72,38.28,50,2025-04-07T21:22:53.653950
0.5,0.5,2.0,0.0,37.8,62.2,50,2025-04-07T21:22:53.653951
0.5,0.5,3.0,0.0,22.36,77.64,50,2025-04-07T21:22:53.653952
0.5,0.5,4.0,0.0,13.14,86.86,50,2025-04-07T21:22:53.653954
0.5,0.5,5.0,0.0,7.68,92.32,50,2025-04-07T21:22:53.653955
0.5,0.5,6.0,0.0,4.1,95.9,50,2025-04-07T21:22:53.653956
0.5,0.5,7.0,0.0,2.06,97.94,50,2025-04-07T21:22:53.653957
0.5,0.5,8.0,0.0,1.18,98.82,50,2025-04-07T21:22:53.653958
0.5,0.5,9.0,0.0,0.74,99.26,50,2025-04-07T21:22:53.653959
0.5,0.5,10.0,0.0,0.54,99.46,50,2025-04-07T21:22:53.653960
0.5,0.5,11.0,0.0,0.52,99.48,50,2025-04-07T21:22:53.653961
0.5,0.5,12.0,0.0,0.48,99.52,50,2025-04-07T21:22:53.653962
0.5,0.5,13.0,0.0,0.46,99.54,50,2025-04-07T21:22:53.653963
0.5,0.5,14.0,0.0,0.44,99.56,50,2025-04-07T21:22:53.653964
0.5,0.5,15.0,0.0,0.44,99.56,50,2025-04-07T21:22:53.653965
0.5,0.5,16.0,0.0,0.44,99.56,50,2025-04-07T21:22:53.653966
0.5,0.5,17.0,0.0,0.44,99.56,50,2025-04-07T21:22:53.653967
0.5,0.5,18.0,0.0,0.44,99.56,50,2025-04-07T21:22:53.653968
0.5,0.5,19.0,0.0,0.44,99.56,50,2025-04-07T21:22:53.653969
0.5,0.5,20.0,0.0,0.44,99.56,50,2025-04-07T21:22:53.653970
0.5,0.5,21.0,0.0,0.44,99.56,50,2025-04-07T21:22:53.653971
0.5,0.5,22.0,0.0,0.44,99.56,50,2025-04-07T21:22:53.653972
0.5,0.5,23.0,0.0,0.44,99.56,50,2025-04-07T21:22:53.653973
0.5,0.5,24.0,0.0,0.44,99.56,50,2025-04-07T21:22:53.653974
0.5,0.5,25.0,0.0,0.44,99.56,50,2025-04-07T21:22:53.653975
0.5,0.5,26.0,0.0,0.44,99.56,50,2025-04-07T21:22:53.653976
0.5,0.5,27.0,0.0,0.44,99.56,50,2025-04-07T21:22:53.653977
0.5,0.5,28.0,0.0,0.44,99.56,50,2025-04-07T21:22:53.653978
0.5,0.5,29.0,0.0,0.44,99.56,50,2025-04-07T21:22:53.653979
0.5,0.5,30.0,0.0,0.44,99.56,50,2025-04-07T21:22:53.653980
0.5,0.5,31.0,0.0,0.44,99.56,50,2025-04-07T21:22:53.653981
0.5,0.5,32.0,0.0,0.44,99.56,50,2025-04-07T21:22:53.653982
0.5,0.5,33.0,0.0,0.44,99.56,50,2025-04-07T21:22:53.653983
0.5,0.5,34.0,0.0,0.44,99.56,50,2025-04-07T21:22:53.653984
0.5,0.5,35.0,0.0,0.44,99.56,50,2025-04-07T21:22:53.653985
0.5,0.5,36.0,0.0,0.44,99.56,50,2025-04-07T21:22:53.653986
0.5,0.5,37.0,0.0,0.44,99.56,50,2025-04-07T21:22:53.653987
0.5,0.5,38.0,0.0,0.44,99.56,50,2025-04-07T21:22:53.653988
0.5,0.5,39.0,0.0,0.44,99.56,50,2025-04-07T21:22:53.653989
0.5,0.5,40.0,0.0,0.44,99.56,50,2025-04-07T21:22:53.653990
0.5,0.5,41.0,0.0,0.44,99.56,50,2025-04-07T21:22:53.653991
0.5,0.5,42.0,0.0,0.44,99.56,50,2025-04-07T21:22:53.653992
0.5,0.5,43.0,0.0,0.44,99.56,50,2025-04-07T21:22:53.653993
0.5,0.5,44.0,0.0,0.44,99.56,50,2025-04-07T21:22:53.653994
0.5,0.5,45.0,0.0,0.44,99.56,50,2025-04-07T21:22:53.653996
0.5,0.5,46.0,0.0,0.44,99.56,50,2025-04-07T21:22:53.653997
0.5,0.5,47.0,0.0,0.44,99.56,50,2025-04-07T21:22:53.653998
0.5,0.5,48.0,0.0,0.44,99.56,50,2025-04-07T21:22:53.653999
0.5,0.5,49.0,0.0,0.44,99.56,50,2025-04-07T21:22:53.654000
0.5,0.5,50.0,0.0,0.44,99.56,50,2025-04-07T21:22:53.654001
0.5,0.5,51.0,0.0,0.44,99.56,50,2025-04-07T21:22:53.654002
0.5,0.5,52.0,0.0,0.44,99.56,50,2025-04-07T21:22:53.654003
0.5,0.5,53.0,0.0,0.44,99.56,50,2025-04-07T21:22:53.654004
0.5,0.5,54.0,0.0,0.44,99.56,50,2025-04-07T21:22:53.654005
0.5,0.5,55.0,0.0,0.44,99.56,50,2025-04-07T21:22:53.654005
0.5,0.5,56.0,0.0,0.44,99.56,50,2025-04-07T21:22:53.654006
0.5,0.5,57.0,0.0,0.44,99.56,50,2025-04-07T21:22:53.654008
0.5,0.5,58.0,0.0,0.44,99.56,50,2025-04-07T21:22:53.654009
0.5,0.5,59.0,0.0,0.44,99.56,50,2025-04-07T21:22:53.654010
0.5,0.5,60.0,0.0,0.44,99.56,50,2025-04-07T21:22:53.654011
0.5,0.5,61.0,0.0,0.44,99.56,50,2025-04-07T21:22:53.654012
0.5,0.5,62.0,0.0,0.44,99.56,50,2025-04-07T21:22:53.654013
0.5,0.5,63.0,0.0,0.44,99.56,50,2025-04-07T21:22:53.654025
0.5,0.5,64.0,0.0,0.44,99.56,50,2025-04-07T21:22:53.654026
0.5,0.5,65.0,0.0,0.44,99.56,50,2025-04-07T21:22:53.654027
0.5,0.5,66.0,0.0,0.44,99.56,50,2025-04-07T21:22:53.654028
0.5,0.5,67.0,0.0,0.44,99.56,50,2025-04-07T21:22:53.654029
0.5,0.5,68.0,0.0,0.44,99.56,50,2025-04-07T21:22:53.654030
0.5,0.5,69.0,0.0,0.44,99.56,50,2025-04-07T21:22:53.654031
0.5,0.5,70.0,0.0,0.44,99.56,50,2025-04-07T21:22:53.654032
0.5,0.5,71.0,0.0,0.44,99.56,50,2025-04-07T21:22:53.654033
0.5,0.5,72.0,0.0,0.44,99.56,50,2025-04-07T21:22:53.654034
0.5,0.5,73.0,0.0,0.44,99.56,50,2025-04-07T21:22:53.654035
0.5,0.5,74.0,0.0,0.44,99.56,50,2025-04-07T21:22:53.654036
0.5,0.5,75.0,0.0,0.44,99.56,50,2025-04-07T21:22:53.654037
0.5,0.5,76.0,0.0,0.44,99.56,50,2025-04-07T21:22:53.654038
0.5,0.5,77.0,0.0,0.44,99.56,50,2025-04-07T21:22:53.654039
0.5,0.5,78.0,0.0,0.44,99.56,50,2025-04-07T21:22:53.654040
0.5,0.5,79.0,0.0,0.44,99.56,50,2025-04-07T21:22:53.654041
0.5,0.5,80.0,0.0,0.44,99.56,50,2025-04-07T21:22:53.654042
0.5,0.5,81.0,0.0,0.44,99.56,50,2025-04-07T21:22:53.654043
0.5,0.5,82.0,0.0,0.44,99.56,50,2025-04-07T21:22:53.654044
0.5,0.5,83.0,0.0,0.44,99.56,50,2025-04-07T21:22:53.654045
0.5,0.5,84.0,0.0,0.44,99.56,50,2025-04-07T21:22:53.654046
0.5,0.5,85.0,0.0,0.44,99.56,50,2025-04-07T21:22:53.654047
0.5,0.5,86.0,0.0,0.44,99.56,50,2025-04-07T21:22:53.654052
0.5,0.5,87.0,0.0,0.44,99.56,50,2025-04-07T21:22:53.654054
0.5,0.5,88.0,0.0,0.44,99.56,50,2025-04-07T21:22:53.654055
0.5,0.5,89.0,0.0,0.44,99.56,50,2025-04-07T21:22:53.654056
0.5,0.5,90.0,0.0,0.44,99.56,50,2025-04-07T21:22:53.654057
0.5,0.5,91.0,0.0,0.44,99.56,50,2025-04-07T21:22:53.654058
0.5,0.5,92.0,0.0,0.44,99.56,50,2025-04-07T21:22:53.654059
0.5,0.5,93.0,0.0,0.44,99.56,50,2025-04-07T21:22:53.654060
0.5,0.5,94.0,0.0,0.44,99.56,50,2025-04-07T21:22:53.654061
0.5,0.5,95.0,0.0,0.44,99.56,50,2025-04-07T21:22:53.654061
0.5,0.5,96.0,0.0,0.44,99.56,50,2025-04-07T21:22:53.654062
0.5,0.5,97.0,0.0,0.44,99.56,50,2025-04-07T21:22:53.654063
0.5,0.5,98.0,0.0,0.44,99.56,50,2025-04-07T21:22:53.654064
0.5,0.5,99.0,0.0,0.44,99.56,50,2025-04-07T21:22:53.654065
0.5,0.5,100.0,0.0,0.44,99.56,50,2025-04-07T21:22:53.654066
0.5,0.6,0.0,95.0,5.0,0.0,50,2025-04-07T21:22:53.692471
0.5,0.6,1.0,0.0,55.68,44.32,50,2025-04-07T21:22:53.692478
0.5,0.6,2.0,0.0,31.18,68.82,50,2025-04-07T21:22:53.692479
0.5,0.6,3.0,0.0,17.56,82.44,50,2025-04-07T21:22:53.692481
0.5,0.6,4.0,0.0,9.14,90.86,50,2025-04-07T21:22:53.692482
0.5,0.6,5.0,0.0,4.8,95.2,50,2025-04-07T21:22:53.692483
0.5,0.6,6.0,0.0,2.48,97.52,50,2025-04-07T21:22:53.692484
0.5,0.6,7.0,0.0,1.26,98.74,50,2025-04-07T21:22:53.692485
0.5,0.6,8.0,0.0,0.76,99.24,50,2025-04-07T21:22:53.692486
0.5,0.6,9.0,0.0,0.56,99.44,50,2025-04-07T21:22:53.692487
0.5,0.6,10.0,0.0,0.52,99.48,50,2025-04-07T21:22:53.692488
0.5,0.6,11.0,0.0,0.46,99.54,50,2025-04-07T21:22:53.692490
0.5,0.6,12.0,0.0,0.46,99.54,50,2025-04-07T21:22:53.692491
0.5,0.6,13.0,0.0,0.46,99.54,50,2025-04-07T21:22:53.692492
0.5,0.6,14.0,0.0,0.46,99.54,50,2025-04-07T21:22:53.692493
0.5,0.6,15.0,0.0,0.46,99.54,50,2025-04-07T21:22:53.692494
0.5,0.6,16.0,0.0,0.46,99.54,50,2025-04-07T21:22:53.692495
0.5,0.6,17.0,0.0,0.46,99.54,50,2025-04-07T21:22:53.692496
0.5,0.6,18.0,0.0,0.46,99.54,50,2025-04-07T21:22:53.692497
0.5,0.6,19.0,0.0,0.46,99.54,50,2025-04-07T21:22:53.692498
0.5,0.6,20.0,0.0,0.46,99.54,50,2025-04-07T21:22:53.692499
0.5,0.6,21.0,0.0,0.46,99.54,50,2025-04-07T21:22:53.692500
0.5,0.6,22.0,0.0,0.46,99.54,50,2025-04-07T21:22:53.692502
0.5,0.6,23.0,0.0,0.46,99.54,50,2025-04-07T21:22:53.692503
0.5,0.6,24.0,0.0,0.46,99.54,50,2025-04-07T21:22:53.692504
0.5,0.6,25.0,0.0,0.46,99.54,50,2025-04-07T21:22:53.692505
0.5,0.6,26.0,0.0,0.46,99.54,50,2025-04-07T21:22:53.692506
0.5,0.6,27.0,0.0,0.46,99.54,50,2025-04-07T21:22:53.692507
0.5,0.6,28.0,0.0,0.46,99.54,50,2025-04-07T21:22:53.692508
0.5,0.6,29.0,0.0,0.46,99.54,50,2025-04-07T21:22:53.692509
0.5,0.6,30.0,0.0,0.46,99.54,50,2025-04-07T21:22:53.692510
0.5,0.6,31.0,0.0,0.46,99.54,50,2025-04-07T21:22:53.692511
0.5,0.6,32.0,0.0,0.46,99.54,50,2025-04-07T21:22:53.692512
0.5,0.6,33.0,0.0,0.46,99.54,50,2025-04-07T21:22:53.692513
0.5,0.6,34.0,0.0,0.46,99.54,50,2025-04-07T21:22:53.692515
0.5,0.6,35.0,0.0,0.46,99.54,50,2025-04-07T21:22:53.692516
0.5,0.6,36.0,0.0,0.46,99.54,50,2025-04-07T21:22:53.692517
0.5,0.6,37.0,0.0,0.46,99.54,50,2025-04-07T21:22:53.692518
0.5,0.6,38.0,0.0,0.46,99.54,50,2025-04-07T21:22:53.692519
0.5,0.6,39.0,0.0,0.46,99.54,50,2025-04-07T21:22:53.692520
0.5,0.6,40.0,0.0,0.46,99.54,50,2025-04-07T21:22:53.692521
0.5,0.6,41.0,0.0,0.46,99.54,50,2025-04-07T21:22:53.692522
0.5,0.6,42.0,0.0,0.46,99.54,50,2025-04-07T21:22:53.692523
0.5,0.6,43.0,0.0,0.46,99.54,50,2025-04-07T21:22:53.692524
0.5,0.6,44.0,0.0,0.46,99.54,50,2025-04-07T21:22:53.692525
0.5,0.6,45.0,0.0,0.46,99.54,50,2025-04-07T21:22:53.692526
0.5,0.6,46.0,0.0,0.46,99.54,50,2025-04-07T21:22:53.692527
0.5,0.6,47.0,0.0,0.46,99.54,50,2025-04-07T21:22:53.692528
0.5,0.6,48.0,0.0,0.46,99.54,50,2025-04-07T21:22:53.692530
0.5,0.6,49.0,0.0,0.46,99.54,50,2025-04-07T21:22:53.692531
0.5,0.6,50.0,0.0,0.46,99.54,50,2025-04-07T21:22:53.692532
0.5,0.6,51.0,0.0,0.46,99.54,50,2025-04-07T21:22:53.692533
0.5,0.6,52.0,0.0,0.46,99.54,50,2025-04-07T21:22:53.692534
0.5,0.6,53.0,0.0,0.46,99.54,50,2025-04-07T21:22:53.692535
0.5,0.6,54.0,0.0,0.46,99.54,50,2025-04-07T21:22:53.692536
0.5,0.6,55.0,0.0,0.46,99.54,50,2025-04-07T21:22:53.692537
0.5,0.6,56.0,0.0,0.46,99.54,50,2025-04-07T21:22:53.692538
0.5,0.6,57.0,0.0,0.46,99.54,50,2025-04-07T21:22:53.692539
0.5,0.6,58.0,0.0,0.46,99.54,50,2025-04-07T21:22:53.692540
0.5,0.6,59.0,0.0,0.46,99.54,50,2025-04-07T21:22:53.692541
0.5,0.6,60.0,0.0,0.46,99.54,50,2025-04-07T21:22:53.692542
0.5,0.6,61.0,0.0,0.46,99.54,50,2025-04-07T21:22:53.692543
0.5,0.6,62.0,0.0,0.46,99.54,50,2025-04-07T21:22:53.692544
0.5,0.6,63.0,0.0,0.46,99.54,50,2025-04-07T21:22:53.692545
0.5,0.6,64.0,0.0,0.46,99.54,50,2025-04-07T21:22:53.692546
0.5,0.6,65.0,0.0,0.46,99.54,50,2025-04-07T21:22:53.692547
0.5,0.6,66.0,0.0,0.46,99.54,50,2025-04-07T21:22:53.692549
0.5,0.6,67.0,0.0,0.46,99.54,50,2025-04-07T21:22:53.692550
0.5,0.6,68.0,0.0,0.46,99.54,50,2025-04-07T21:22:53.692551
0.5,0.6,69.0,0.0,0.46,99.54,50,2025-04-07T21:22:53.692552
0.5,0.6,70.0,0.0,0.46,99.54,50,2025-04-07T21:22:53.692553
0.5,0.6,71.0,0.0,0.46,99.54,50,2025-04-07T21:22:53.692554
0.5,0.6,72.0,0.0,0.46,99.54,50,2025-04-07T21:22:53.692555
0.5,0.6,73.0,0.0,0.46,99.54,50,2025-04-07T21:22:53.692556
0.5,0.6,74.0,0.0,0.46,99.54,50,2025-04-07T21:22:53.692557
0.5,0.6,75.0,0.0,0.46,99.54,50,2025-04-07T21:22:53.692559
0.5,0.6,76.0,0.0,0.46,99.54,50,2025-04-07T21:22:53.692560
0.5,0.6,77.0,0.0,0.46,99.54,50,2025-04-07T21:22:53.692561
0.5,0.6,78.0,0.0,0.46,99.54,50,2025-04-07T21:22:53.692562
0.5,0.6,79.0,0.0,0.46,99.54,50,2025-04-07T21:22:53.692563
0.5,0.6,80.0,0.0,0.46,99.54,50,2025-04-07T21:22:53.692564
0.5,0.6,81.0,0.0,0.46,99.54,50,2025-04-07T21:22:53.692565
0.5,0.6,82.0,0.0,0.46,99.54,50,2025-04-07T21:22:53.692566
0.5,0.6,83.0,0.0,0.46,99.54,50,2025-04-07T21:22:53.692567
0.5,0.6,84.0,0.0,0.46,99.54,50,2025-04-07T21:22:53.692568
0.5,0.6,85.0,0.0,0.46,99.54,50,2025-04-07T21:22:53.692569
0.5,0.6,86.0,0.0,0.46,99.54,50,2025-04-07T21:22:53.692570
0.5,0.6,87.0,0.0,0.46,99.54,50,2025-04-07T21:22:53.692571
0.5,0.6,88.0,0.0,0.46,99.54,50,2025-04-07T21:22:53.692572
0.5,0.6,89.0,0.0,0.46,99.54,50,2025-04-07T21:22:53.692573
0.5,0.6,90.0,0.0,0.46,99.54,50,2025-04-07T21:22:53.692574
0.5,0.6,91.0,0.0,0.46,99.54,50,2025-04-07T21:22:53.692575
0.5,0.6,92.0,0.0,0.46,99.54,50,2025-04-07T21:22:53.692576
0.5,0.6,93.0,0.0,0.46,99.54,50,2025-04-07T21:22:53.692577
0.5,0.6,94.0,0.0,0.46,99.54,50,2025-04-07T21:22:53.692578
0.5,0.6,95.0,0.0,0.46,99.54,50,2025-04-07T21:22:53.692580
0.5,0.6,96.0,0.0,0.46,99.54,50,2025-04-07T21:22:53.692581
0.5,0.6,97.0,0.0,0.46,99.54,50,2025-04-07T21:22:53.692582
0.5,0.6,98.0,0.0,0.46,99.54,50,2025-04-07T21:22:53.692591
0.5,0.6,99.0,0.0,0.46,99.54,50,2025-04-07T21:22:53.692592
0.5,0.6,100.0,0.0,0.46,99.54,50,2025-04-07T21:22:53.692594
0.5,0.7000000000000001,0.0,95.0,5.0,0.0,50,2025-04-07T21:22:53.729469
0.5,0.7000000000000001,1.0,0.0,50.16,49.84,50,2025-04-07T21:22:53.729476
0.5,0.7000000000000001,2.0,0.0,25.16,74.84,50,2025-04-07T21:22:53.729477
0.5,0.7000000000000001,3.0,0.0,12.78,87.22,50,2025-04-07T21:22:53.729478
0.5,0.7000000000000001,4.0,0.0,5.68,94.32,50,2025-04-07T21:22:53.729479
0.5,0.7000000000000001,5.0,0.0,2.36,97.64,50,2025-04-07T21:22:53.729480
0.5,0.7000000000000001,6.0,0.0,1.08,98.92,50,2025-04-07T21:22:53.729481
0.5,0.7000000000000001,7.0,0.0,0.62,99.38,50,2025-04-07T21:22:53.729482
0.5,0.7000000000000001,8.0,0.0,0.5,99.5,50,2025-04-07T21:22:53.729483
0.5,0.7000000000000001,9.0,0.0,0.44,99.56,50,2025-04-07T21:22:53.729484
0.5,0.7000000000000001,10.0,0.0,0.44,99.56,50,2025-04-07T21:22:53.729485
0.5,0.7000000000000001,11.0,0.0,0.44,99.56,50,2025-04-07T21:22:53.729486
0.5,0.7000000000000001,12.0,0.0,0.44,99.56,50,2025-04-07T21:22:53.729488
0.5,0.7000000000000001,13.0,0.0,0.44,99.56,50,2025-04-07T21:22:53.729489
0.5,0.7000000000000001,14.0,0.0,0.44,99.56,50,2025-04-07T21:22:53.729490
0.5,0.7000000000000001,15.0,0.0,0.44,99.56,50,2025-04-07T21:22:53.729491
0.5,0.7000000000000001,16.0,0.0,0.44,99.56,50,2025-04-07T21:22:53.729492
0.5,0.7000000000000001,17.0,0.0,0.44,99.56,50,2025-04-07T21:22:53.729493
0.5,0.7000000000000001,18.0,0.0,0.44,99.56,50,2025-04-07T21:22:53.729494
0.5,0.7000000000000001,19.0,0.0,0.44,99.56,50,2025-04-07T21:22:53.729495
0.5,0.7000000000000001,20.0,0.0,0.44,99.56,50,2025-04-07T21:22:53.729496
0.5,0.7000000000000001,21.0,0.0,0.44,99.56,50,2025-04-07T21:22:53.729497
0.5,0.7000000000000001,22.0,0.0,0.44,99.56,50,2025-04-07T21:22:53.729498
0.5,0.7000000000000001,23.0,0.0,0.44,99.56,50,2025-04-07T21:22:53.729499
0.5,0.7000000000000001,24.0,0.0,0.44,99.56,50,2025-04-07T21:22:53.729500
0.5,0.7000000000000001,25.0,0.0,0.44,99.56,50,2025-04-07T21:22:53.729501
0.5,0.7000000000000001,26.0,0.0,0.44,99.56,50,2025-04-07T21:22:53.729502
0.5,0.7000000000000001,27.0,0.0,0.44,99.56,50,2025-04-07T21:22:53.729503
0.5,0.7000000000000001,28.0,0.0,0.44,99.56,50,2025-04-07T21:22:53.729504
0.5,0.7000000000000001,29.0,0.0,0.44,99.56,50,2025-04-07T21:22:53.729505
0.5,0.7000000000000001,30.0,0.0,0.44,99.56,50,2025-04-07T21:22:53.729506
0.5,0.7000000000000001,31.0,0.0,0.44,99.56,50,2025-04-07T21:22:53.729507
0.5,0.7000000000000001,32.0,0.0,0.44,99.56,50,2025-04-07T21:22:53.729508
0.5,0.7000000000000001,33.0,0.0,0.44,99.56,50,2025-04-07T21:22:53.729509
0.5,0.7000000000000001,34.0,0.0,0.44,99.56,50,2025-04-07T21:22:53.729510
0.5,0.7000000000000001,35.0,0.0,0.44,99.56,50,2025-04-07T21:22:53.729511
0.5,0.7000000000000001,36.0,0.0,0.44,99.56,50,2025-04-07T21:22:53.729512
0.5,0.7000000000000001,37.0,0.0,0.44,99.56,50,2025-04-07T21:22:53.729513
0.5,0.7000000000000001,38.0,0.0,0.44,99.56,50,2025-04-07T21:22:53.729514
0.5,0.7000000000000001,39.0,0.0,0.44,99.56,50,2025-04-07T21:22:53.729515
0.5,0.7000000000000001,40.0,0.0,0.44,99.56,50,2025-04-07T21:22:53.729516
0.5,0.7000000000000001,41.0,0.0,0.44,99.56,50,2025-04-07T21:22:53.729517
0.5,0.7000000000000001,42.0,0.0,0.44,99.56,50,2025-04-07T21:22:53.729518
0.5,0.7000000000000001,43.0,0.0,0.44,99.56,50,2025-04-07T21:22:53.729519
0.5,0.7000000000000001,44.0,0.0,0.44,99.56,50,2025-04-07T21:22:53.729520
0.5,0.7000000000000001,45.0,0.0,0.44,99.56,50,2025-04-07T21:22:53.729521
0.5,0.7000000000000001,46.0,0.0,0.44,99.56,50,2025-04-07T21:22:53.729522
0.5,0.7000000000000001,47.0,0.0,0.44,99.56,50,2025-04-07T21:22:53.729523
0.5,0.7000000000000001,48.0,0.0,0.44,99.56,50,2025-04-07T21:22:53.729524
0.5,0.7000000000000001,49.0,0.0,0.44,99.56,50,2025-04-07T21:22:53.729525
0.5,0.7000000000000001,50.0,0.0,0.44,99.56,50,2025-04-07T21:22:53.729526
0.5,0.7000000000000001,51.0,0.0,0.44,99.56,50,2025-04-07T21:22:53.729527
0.5,0.7000000000000001,52.0,0.0,0.44,99.56,50,2025-04-07T21:22:53.729528
0.5,0.7000000000000001,53.0,0.0,0.44,99.56,50,2025-04-07T21:22:53.729529
0.5,0.7000000000000001,54.0,0.0,0.44,99.56,50,2025-04-07T21:22:53.729530
0.5,0.7000000000000001,55.0,0.0,0.44,99.56,50,2025-04-07T21:22:53.729531
0.5,0.7000000000000001,56.0,0.0,0.44,99.56,50,2025-04-07T21:22:53.729532
0.5,0.7000000000000001,57.0,0.0,0.44,99.56,50,2025-04-07T21:22:53.729533
0.5,0.7000000000000001,58.0,0.0,0.44,99.56,50,2025-04-07T21:22:53.729534
0.5,0.7000000000000001,59.0,0.0,0.44,99.56,50,2025-04-07T21:22:53.729535
0.5,0.7000000000000001,60.0,0.0,0.44,99.56,50,2025-04-07T21:22:53.729536
0.5,0.7000000000000001,61.0,0.0,0.44,99.56,50,2025-04-07T21:22:53.729537
0.5,0.7000000000000001,62.0,0.0,0.44,99.56,50,2025-04-07T21:22:53.729538
0.5,0.7000000000000001,63.0,0.0,0.44,99.56,50,2025-04-07T21:22:53.729539
0.5,0.7000000000000001,64.0,0.0,0.44,99.56,50,2025-04-07T21:22:53.729540
0.5,0.7000000000000001,65.0,0.0,0.44,99.56,50,2025-04-07T21:22:53.729541
0.5,0.7000000000000001,66.0,0.0,0.44,99.56,50,2025-04-07T21:22:53.729542
0.5,0.7000000000000001,67.0,0.0,0.44,99.56,50,2025-04-07T21:22:53.729542
0.5,0.7000000000000001,68.0,0.0,0.44,99.56,50,2025-04-07T21:22:53.729544
0.5,0.7000000000000001,69.0,0.0,0.44,99.56,50,2025-04-07T21:22:53.729545
0.5,0.7000000000000001,70.0,0.0,0.44,99.56,50,2025-04-07T21:22:53.729546
0.5,0.7000000000000001,71.0,0.0,0.44,99.56,50,2025-04-07T21:22:53.729547
0.5,0.7000000000000001,72.0,0.0,0.44,99.56,50,2025-04-07T21:22:53.729548
0.5,0.7000000000000001,73.0,0.0,0.44,99.56,50,2025-04-07T21:22:53.729549
0.5,0.7000000000000001,74.0,0.0,0.44,99.56,50,2025-04-07T21:22:53.729550
0.5,0.7000000000000001,75.0,0.0,0.44,99.56,50,2025-04-07T21:22:53.729557
0.5,0.7000000000000001,76.0,0.0,0.44,99.56,50,2025-04-07T21:22:53.729558
0.5,0.7000000000000001,77.0,0.0,0.44,99.56,50,2025-04-07T21:22:53.729559
0.5,0.7000000000000001,78.0,0.0,0.44,99.56,50,2025-04-07T21:22:53.729560
0.5,0.7000000000000001,79.0,0.0,0.44,99.56,50,2025-04-07T21:22:53.729561
0.5,0.7000000000000001,80.0,0.0,0.44,99.56,50,2025-04-07T21:22:53.729562
0.5,0.7000000000000001,81.0,0.0,0.44,99.56,50,2025-04-07T21:22:53.729563
0.5,0.7000000000000001,82.0,0.0,0.44,99.56,50,2025-04-07T21:22:53.729564
0.5,0.7000000000000001,83.0,0.0,0.44,99.56,50,2025-04-07T21:22:53.729565
0.5,0.7000000000000001,84.0,0.0,0.44,99.56,50,2025-04-07T21:22:53.729566
0.5,0.7000000000000001,85.0,0.0,0.44,99.56,50,2025-04-07T21:22:53.729567
0.5,0.7000000000000001,86.0,0.0,0.44,99.56,50,2025-04-07T21:22:53.729568
0.5,0.7000000000000001,87.0,0.0,0.44,99.56,50,2025-04-07T21:22:53.729569
0.5,0.7000000000000001,88.0,0.0,0.44,99.56,50,2025-04-07T21:22:53.729570
0.5,0.7000000000000001,89.0,0.0,0.44,99.56,50,2025-04-07T21:22:53.729571
0.5,0.7000000000000001,90.0,0.0,0.44,99.56,50,2025-04-07T21:22:53.729572
0.5,0.7000000000000001,91.0,0.0,0.44,99.56,50,2025-04-07T21:22:53.729573
0.5,0.7000000000000001,92.0,0.0,0.44,99.56,50,2025-04-07T21:22:53.729574
0.5,0.7000000000000001,93.0,0.0,0.44,99.56,50,2025-04-07T21:22:53.729575
0.5,0.7000000000000001,94.0,0.0,0.44,99.56,50,2025-04-07T21:22:53.729576
0.5,0.7000000000000001,95.0,0.0,0.44,99.56,50,2025-04-07T21:22:53.729577
0.5,0.7000000000000001,96.0,0.0,0.44,99.56,50,2025-04-07T21:22:53.729578
0.5,0.7000000000000001,97.0,0.0,0.44,99.56,50,2025-04-07T21:22:53.729579
0.5,0.7000000000000001,98.0,0.0,0.44,99.56,50,2025-04-07T21:22:53.729580
0.5,0.7000000000000001,99.0,0.0,0.44,99.56,50,2025-04-07T21:22:53.729581
0.5,0.7000000000000001,100.0,0.0,0.44,99.56,50,2025-04-07T21:22:53.729582
0.5,0.8,0.0,95.0,5.0,0.0,50,2025-04-07T21:22:53.765580
0.5,0.8,1.0,0.0,46.16,53.84,50,2025-04-07T21:22:53.765586
0.5,0.8,2.0,0.0,20.4,79.6,50,2025-04-07T21:22:53.765587
0.5,0.8,3.0,0.0,8.24,91.76,50,2025-04-07T21:22:53.765589
0.5,0.8,4.0,0.0,2.9,97.1,50,2025-04-07T21:22:53.765590
0.5,0.8,5.0,0.0,1.24,98.76,50,2025-04-07T21:22:53.765591
0.5,0.8,6.0,0.0,0.74,99.26,50,2025-04-07T21:22:53.765592
0.5,0.8,7.0,0.0,0.66,99.34,50,2025-04-07T21:22:53.765593
0.5,0.8,8.0,0.0,0.58,99.42,50,2025-04-07T21:22:53.765594
0.5,0.8,9.0,0.0,0.56,99.44,50,2025-04-07T21:22:53.765595
0.5,0.8,10.0,0.0,0.56,99.44,50,2025-04-07T21:22:53.765596
0.5,0.8,11.0,0.0,0.56,99.44,50,2025-04-07T21:22:53.765597
0.5,0.8,12.0,0.0,0.56,99.44,50,2025-04-07T21:22:53.765598
0.5,0.8,13.0,0.0,0.56,99.44,50,2025-04-07T21:22:53.765599
0.5,0.8,14.0,0.0,0.56,99.44,50,2025-04-07T21:22:53.765600
0.5,0.8,15.0,0.0,0.56,99.44,50,2025-04-07T21:22:53.765601
0.5,0.8,16.0,0.0,0.56,99.44,50,2025-04-07T21:22:53.765602
0.5,0.8,17.0,0.0,0.56,99.44,50,2025-04-07T21:22:53.765603
0.5,0.8,18.0,0.0,0.56,99.44,50,2025-04-07T21:22:53.765604
0.5,0.8,19.0,0.0,0.56,99.44,50,2025-04-07T21:22:53.765605
0.5,0.8,20.0,0.0,0.56,99.44,50,2025-04-07T21:22:53.765607
0.5,0.8,21.0,0.0,0.56,99.44,50,2025-04-07T21:22:53.765608
0.5,0.8,22.0,0.0,0.56,99.44,50,2025-04-07T21:22:53.765609
0.5,0.8,23.0,0.0,0.56,99.44,50,2025-04-07T21:22:53.765609
0.5,0.8,24.0,0.0,0.56,99.44,50,2025-04-07T21:22:53.765610
0.5,0.8,25.0,0.0,0.56,99.44,50,2025-04-07T21:22:53.765611
0.5,0.8,26.0,0.0,0.56,99.44,50,2025-04-07T21:22:53.765612
0.5,0.8,27.0,0.0,0.56,99.44,50,2025-04-07T21:22:53.765614
0.5,0.8,28.0,0.0,0.56,99.44,50,2025-04-07T21:22:53.765615
0.5,0.8,29.0,0.0,0.56,99.44,50,2025-04-07T21:22:53.765616
0.5,0.8,30.0,0.0,0.56,99.44,50,2025-04-07T21:22:53.765617
0.5,0.8,31.0,0.0,0.56,99.44,50,2025-04-07T21:22:53.765618
0.5,0.8,32.0,0.0,0.56,99.44,50,2025-04-07T21:22:53.765619
0.5,0.8,33.0,0.0,0.56,99.44,50,2025-04-07T21:22:53.765620
0.5,0.8,34.0,0.0,0.56,99.44,50,2025-04-07T21:22:53.765621
0.5,0.8,35.0,0.0,0.56,99.44,50,2025-04-07T21:22:53.765622
0.5,0.8,36.0,0.0,0.56,99.44,50,2025-04-07T21:22:53.765623
0.5,0.8,37.0,0.0,0.56,99.44,50,2025-04-07T21:22:53.765624
0.5,0.8,38.0,0.0,0.56,99.44,50,2025-04-07T21:22:53.765625
0.5,0.8,39.0,0.0,0.56,99.44,50,2025-04-07T21:22:53.765626
0.5,0.8,40.0,0.0,0.56,99.44,50,2025-04-07T21:22:53.765627
0.5,0.8,41.0,0.0,0.56,99.44,50,2025-04-07T21:22:53.765628
0.5,0.8,42.0,0.0,0.56,99.44,50,2025-04-07T21:22:53.765629
0.5,0.8,43.0,0.0,0.56,99.44,50,2025-04-07T21:22:53.765630
0.5,0.8,44.0,0.0,0.56,99.44,50,2025-04-07T21:22:53.765631
0.5,0.8,45.0,0.0,0.56,99.44,50,2025-04-07T21:22:53.765632
0.5,0.8,46.0,0.0,0.56,99.44,50,2025-04-07T21:22:53.765633
0.5,0.8,47.0,0.0,0.56,99.44,50,2025-04-07T21:22:53.765634
0.5,0.8,48.0,0.0,0.56,99.44,50,2025-04-07T21:22:53.765635
0.5,0.8,49.0,0.0,0.56,99.44,50,2025-04-07T21:22:53.765636
0.5,0.8,50.0,0.0,0.56,99.44,50,2025-04-07T21:22:53.765637
0.5,0.8,51.0,0.0,0.56,99.44,50,2025-04-07T21:22:53.765638
0.5,0.8,52.0,0.0,0.56,99.44,50,2025-04-07T21:22:53.765643
0.5,0.8,53.0,0.0,0.56,99.44,50,2025-04-07T21:22:53.765644
0.5,0.8,54.0,0.0,0.56,99.44,50,2025-04-07T21:22:53.765645
0.5,0.8,55.0,0.0,0.56,99.44,50,2025-04-07T21:22:53.765646
0.5,0.8,56.0,0.0,0.56,99.44,50,2025-04-07T21:22:53.765647
0.5,0.8,57.0,0.0,0.56,99.44,50,2025-04-07T21:22:53.765648
0.5,0.8,58.0,0.0,0.56,99.44,50,2025-04-07T21:22:53.765649
0.5,0.8,59.0,0.0,0.56,99.44,50,2025-04-07T21:22:53.765650
0.5,0.8,60.0,0.0,0.56,99.44,50,2025-04-07T21:22:53.765651
0.5,0.8,61.0,0.0,0.56,99.44,50,2025-04-07T21:22:53.765652
0.5,0.8,62.0,0.0,0.56,99.44,50,2025-04-07T21:22:53.765653
0.5,0.8,63.0,0.0,0.56,99.44,50,2025-04-07T21:22:53.765654
0.5,0.8,64.0,0.0,0.56,99.44,50,2025-04-07T21:22:53.765655
0.5,0.8,65.0,0.0,0.56,99.44,50,2025-04-07T21:22:53.765656
0.5,0.8,66.0,0.0,0.56,99.44,50,2025-04-07T21:22:53.765657
0.5,0.8,67.0,0.0,0.56,99.44,50,2025-04-07T21:22:53.765658
0.5,0.8,68.0,0.0,0.56,99.44,50,2025-04-07T21:22:53.765659
0.5,0.8,69.0,0.0,0.56,99.44,50,2025-04-07T21:22:53.765659
0.5,0.8,70.0,0.0,0.56,99.44,50,2025-04-07T21:22:53.765661
0.5,0.8,71.0,0.0,0.56,99.44,50,2025-04-07T21:22:53.765661
0.5,0.8,72.0,0.0,0.56,99.44,50,2025-04-07T21:22:53.765662
0.5,0.8,73.0,0.0,0.56,99.44,50,2025-04-07T21:22:53.765664
0.5,0.8,74.0,0.0,0.56,99.44,50,2025-04-07T21:22:53.765665
0.5,0.8,75.0,0.0,0.56,99.44,50,2025-04-07T21:22:53.765666
0.5,0.8,76.0,0.0,0.56,99.44,50,2025-04-07T21:22:53.765667
0.5,0.8,77.0,0.0,0.56,99.44,50,2025-04-07T21:22:53.765668
0.5,0.8,78.0,0.0,0.56,99.44,50,2025-04-07T21:22:53.765669
0.5,0.8,79.0,0.0,0.56,99.44,50,2025-04-07T21:22:53.765670
0.5,0.8,80.0,0.0,0.56,99.44,50,2025-04-07T21:22:53.765670
0.5,0.8,81.0,0.0,0.56,99.44,50,2025-04-07T21:22:53.765671
0.5,0.8,82.0,0.0,0.56,99.44,50,2025-04-07T21:22:53.765672
0.5,0.8,83.0,0.0,0.56,99.44,50,2025-04-07T21:22:53.765673
0.5,0.8,84.0,0.0,0.56,99.44,50,2025-04-07T21:22:53.765674
0.5,0.8,85.0,0.0,0.56,99.44,50,2025-04-07T21:22:53.765675
0.5,0.8,86.0,0.0,0.56,99.44,50,2025-04-07T21:22:53.765676
0.5,0.8,87.0,0.0,0.56,99.44,50,2025-04-07T21:22:53.765677
0.5,0.8,88.0,0.0,0.56,99.44,50,2025-04-07T21:22:53.765678
0.5,0.8,89.0,0.0,0.56,99.44,50,2025-04-07T21:22:53.765679
0.5,0.8,90.0,0.0,0.56,99.44,50,2025-04-07T21:22:53.765680
0.5,0.8,91.0,0.0,0.56,99.44,50,2025-04-07T21:22:53.765681
0.5,0.8,92.0,0.0,0.56,99.44,50,2025-04-07T21:22:53.765682
0.5,0.8,93.0,0.0,0.56,99.44,50,2025-04-07T21:22:53.765683
0.5,0.8,94.0,0.0,0.56,99.44,50,2025-04-07T21:22:53.765684
0.5,0.8,95.0,0.0,0.56,99.44,50,2025-04-07T21:22:53.765685
0.5,0.8,96.0,0.0,0.56,99.44,50,2025-04-07T21:22:53.765686
0.5,0.8,97.0,0.0,0.56,99.44,50,2025-04-07T21:22:53.765687
0.5,0.8,98.0,0.0,0.56,99.44,50,2025-04-07T21:22:53.765688
0.5,0.8,99.0,0.0,0.56,99.44,50,2025-04-07T21:22:53.765689
0.5,0.8,100.0,0.0,0.56,99.44,50,2025-04-07T21:22:53.765690
0.5,0.9,0.0,95.0,5.0,0.0,50,2025-04-07T21:22:53.802082
0.5,0.9,1.0,0.0,41.72,58.28,50,2025-04-07T21:22:53.802088
0.5,0.9,2.0,0.0,16.12,83.88,50,2025-04-07T21:22:53.802090
0.5,0.9,3.0,0.0,5.32,94.68,50,2025-04-07T21:22:53.802091
0.5,0.9,4.0,0.0,1.76,98.24,50,2025-04-07T21:22:53.802092
0.5,0.9,5.0,0.0,0.92,99.08,50,2025-04-07T21:22:53.802093
0.5,0.9,6.0,0.0,0.74,99.26,50,2025-04-07T21:22:53.802094
0.5,0.9,7.0,0.0,0.7,99.3,50,2025-04-07T21:22:53.802095
0.5,0.9,8.0,0.0,0.7,99.3,50,2025-04-07T21:22:53.802096
0.5,0.9,9.0,0.0,0.7,99.3,50,2025-04-07T21:22:53.802097
0.5,0.9,10.0,0.0,0.7,99.3,50,2025-04-07T21:22:53.802098
0.5,0.9,11.0,0.0,0.7,99.3,50,2025-04-07T21:22:53.802099
0.5,0.9,12.0,0.0,0.7,99.3,50,2025-04-07T21:22:53.802100
0.5,0.9,13.0,0.0,0.7,99.3,50,2025-04-07T21:22:53.802101
0.5,0.9,14.0,0.0,0.7,99.3,50,2025-04-07T21:22:53.802102
0.5,0.9,15.0,0.0,0.7,99.3,50,2025-04-07T21:22:53.802103
0.5,0.9,16.0,0.0,0.7,99.3,50,2025-04-07T21:22:53.802104
0.5,0.9,17.0,0.0,0.7,99.3,50,2025-04-07T21:22:53.802105
0.5,0.9,18.0,0.0,0.7,99.3,50,2025-04-07T21:22:53.802106
0.5,0.9,19.0,0.0,0.7,99.3,50,2025-04-07T21:22:53.802107
0.5,0.9,20.0,0.0,0.7,99.3,50,2025-04-07T21:22:53.802108
0.5,0.9,21.0,0.0,0.7,99.3,50,2025-04-07T21:22:53.802109
0.5,0.9,22.0,0.0,0.7,99.3,50,2025-04-07T21:22:53.802110
0.5,0.9,23.0,0.0,0.7,99.3,50,2025-04-07T21:22:53.802111
0.5,0.9,24.0,0.0,0.7,99.3,50,2025-04-07T21:22:53.802112
0.5,0.9,25.0,0.0,0.7,99.3,50,2025-04-07T21:22:53.802113
0.5,0.9,26.0,0.0,0.7,99.3,50,2025-04-07T21:22:53.802114
0.5,0.9,27.0,0.0,0.7,99.3,50,2025-04-07T21:22:53.802115
0.5,0.9,28.0,0.0,0.7,99.3,50,2025-04-07T21:22:53.802116
0.5,0.9,29.0,0.0,0.7,99.3,50,2025-04-07T21:22:53.802118
0.5,0.9,30.0,0.0,0.7,99.3,50,2025-04-07T21:22:53.802119
0.5,0.9,31.0,0.0,0.7,99.3,50,2025-04-07T21:22:53.802120
0.5,0.9,32.0,0.0,0.7,99.3,50,2025-04-07T21:22:53.802121
0.5,0.9,33.0,0.0,0.7,99.3,50,2025-04-07T21:22:53.802122
0.5,0.9,34.0,0.0,0.7,99.3,50,2025-04-07T21:22:53.802123
0.5,0.9,35.0,0.0,0.7,99.3,50,2025-04-07T21:22:53.802124
0.5,0.9,36.0,0.0,0.7,99.3,50,2025-04-07T21:22:53.802125
0.5,0.9,37.0,0.0,0.7,99.3,50,2025-04-07T21:22:53.802126
0.5,0.9,38.0,0.0,0.7,99.3,50,2025-04-07T21:22:53.802127
0.5,0.9,39.0,0.0,0.7,99.3,50,2025-04-07T21:22:53.802128
0.5,0.9,40.0,0.0,0.7,99.3,50,2025-04-07T21:22:53.802129
0.5,0.9,41.0,0.0,0.7,99.3,50,2025-04-07T21:22:53.802130
0.5,0.9,42.0,0.0,0.7,99.3,50,2025-04-07T21:22:53.802131
0.5,0.9,43.0,0.0,0.7,99.3,50,2025-04-07T21:22:53.802137
0.5,0.9,44.0,0.0,0.7,99.3,50,2025-04-07T21:22:53.802138
0.5,0.9,45.0,0.0,0.7,99.3,50,2025-04-07T21:22:53.802140
0.5,0.9,46.0,0.0,0.7,99.3,50,2025-04-07T21:22:53.802141
0.5,0.9,47.0,0.0,0.7,99.3,50,2025-04-07T21:22:53.802142
0.5,0.9,48.0,0.0,0.7,99.3,50,2025-04-07T21:22:53.802143
0.5,0.9,49.0,0.0,0.7,99.3,50,2025-04-07T21:22:53.802144
0.5,0.9,50.0,0.0,0.7,99.3,50,2025-04-07T21:22:53.802145
0.5,0.9,51.0,0.0,0.7,99.3,50,2025-04-07T21:22:53.802145
0.5,0.9,52.0,0.0,0.7,99.3,50,2025-04-07T21:22:53.802146
0.5,0.9,53.0,0.0,0.7,99.3,50,2025-04-07T21:22:53.802147
0.5,0.9,54.0,0.0,0.7,99.3,50,2025-04-07T21:22:53.802148
0.5,0.9,55.0,0.0,0.7,99.3,50,2025-04-07T21:22:53.802149
0.5,0.9,56.0,0.0,0.7,99.3,50,2025-04-07T21:22:53.802150
0.5,0.9,57.0,0.0,0.7,99.3,50,2025-04-07T21:22:53.802151
0.5,0.9,58.0,0.0,0.7,99.3,50,2025-04-07T21:22:53.802152
0.5,0.9,59.0,0.0,0.7,99.3,50,2025-04-07T21:22:53.802153
0.5,0.9,60.0,0.0,0.7,99.3,50,2025-04-07T21:22:53.802154
0.5,0.9,61.0,0.0,0.7,99.3,50,2025-04-07T21:22:53.802155
0.5,0.9,62.0,0.0,0.7,99.3,50,2025-04-07T21:22:53.802156
0.5,0.9,63.0,0.0,0.7,99.3,50,2025-04-07T21:22:53.802157
0.5,0.9,64.0,0.0,0.7,99.3,50,2025-04-07T21:22:53.802158
0.5,0.9,65.0,0.0,0.7,99.3,50,2025-04-07T21:22:53.802163
0.5,0.9,66.0,0.0,0.7,99.3,50,2025-04-07T21:22:53.802164
0.5,0.9,67.0,0.0,0.7,99.3,50,2025-04-07T21:22:53.802165
0.5,0.9,68.0,0.0,0.7,99.3,50,2025-04-07T21:22:53.802166
0.5,0.9,69.0,0.0,0.7,99.3,50,2025-04-07T21:22:53.802167
0.5,0.9,70.0,0.0,0.7,99.3,50,2025-04-07T21:22:53.802168
0.5,0.9,71.0,0.0,0.7,99.3,50,2025-04-07T21:22:53.802169
0.5,0.9,72.0,0.0,0.7,99.3,50,2025-04-07T21:22:53.802170
0.5,0.9,73.0,0.0,0.7,99.3,50,2025-04-07T21:22:53.802171
0.5,0.9,74.0,0.0,0.7,99.3,50,2025-04-07T21:22:53.802172
0.5,0.9,75.0,0.0,0.7,99.3,50,2025-04-07T21:22:53.802173
0.5,0.9,76.0,0.0,0.7,99.3,50,2025-04-07T21:22:53.802174
0.5,0.9,77.0,0.0,0.7,99.3,50,2025-04-07T21:22:53.802175
0.5,0.9,78.0,0.0,0.7,99.3,50,2025-04-07T21:22:53.802176
0.5,0.9,79.0,0.0,0.7,99.3,50,2025-04-07T21:22:53.802177
0.5,0.9,80.0,0.0,0.7,99.3,50,2025-04-07T21:22:53.802178
0.5,0.9,81.0,0.0,0.7,99.3,50,2025-04-07T21:22:53.802179
0.5,0.9,82.0,0.0,0.7,99.3,50,2025-04-07T21:22:53.802180
0.5,0.9,83.0,0.0,0.7,99.3,50,2025-04-07T21:22:53.802181
0.5,0.9,84.0,0.0,0.7,99.3,50,2025-04-07T21:22:53.802182
0.5,0.9,85.0,0.0,0.7,99.3,50,2025-04-07T21:22:53.802183
0.5,0.9,86.0,0.0,0.7,99.3,50,2025-04-07T21:22:53.802184
0.5,0.9,87.0,0.0,0.7,99.3,50,2025-04-07T21:22:53.802185
0.5,0.9,88.0,0.0,0.7,99.3,50,2025-04-07T21:22:53.802186
0.5,0.9,89.0,0.0,0.7,99.3,50,2025-04-07T21:22:53.802187
0.5,0.9,90.0,0.0,0.7,99.3,50,2025-04-07T21:22:53.802188
0.5,0.9,91.0,0.0,0.7,99.3,50,2025-04-07T21:22:53.802189
0.5,0.9,92.0,0.0,0.7,99.3,50,2025-04-07T21:22:53.802190
0.5,0.9,93.0,0.0,0.7,99.3,50,2025-04-07T21:22:53.802191
0.5,0.9,94.0,0.0,0.7,99.3,50,2025-04-07T21:22:53.802192
0.5,0.9,95.0,0.0,0.7,99.3,50,2025-04-07T21:22:53.802193
0.5,0.9,96.0,0.0,0.7,99.3,50,2025-04-07T21:22:53.802194
0.5,0.9,97.0,0.0,0.7,99.3,50,2025-04-07T21:22:53.802195
0.5,0.9,98.0,0.0,0.7,99.3,50,2025-04-07T21:22:53.802196
0.5,0.9,99.0,0.0,0.7,99.3,50,2025-04-07T21:22:53.802197
0.5,0.9,100.0,0.0,0.7,99.3,50,2025-04-07T21:22:53.802198
0.5,1.0,0.0,95.0,5.0,0.0,50,2025-04-07T21:22:53.838753
0.5,1.0,1.0,0.0,38.64,61.36,50,2025-04-07T21:22:53.838759
0.5,1.0,2.0,0.0,13.84,86.16,50,2025-04-07T21:22:53.838761
0.5,1.0,3.0,0.0,4.1,95.9,50,2025-04-07T21:22:53.838762
0.5,1.0,4.0,0.0,0.96,99.04,50,2025-04-07T21:22:53.838763
0.5,1.0,5.0,0.0,0.32,99.68,50,2025-04-07T21:22:53.838764
0.5,1.0,6.0,0.0,0.26,99.74,50,2025-04-07T21:22:53.838765
0.5,1.0,7.0,0.0,0.26,99.74,50,2025-04-07T21:22:53.838766
0.5,1.0,8.0,0.0,0.26,99.74,50,2025-04-07T21:22:53.838767
0.5,1.0,9.0,0.0,0.26,99.74,50,2025-04-07T21:22:53.838768
0.5,1.0,10.0,0.0,0.26,99.74,50,2025-04-07T21:22:53.838769
0.5,1.0,11.0,0.0,0.26,99.74,50,2025-04-07T21:22:53.838770
0.5,1.0,12.0,0.0,0.26,99.74,50,2025-04-07T21:22:53.838771
0.5,1.0,13.0,0.0,0.26,99.74,50,2025-04-07T21:22:53.838772
0.5,1.0,14.0,0.0,0.26,99.74,50,2025-04-07T21:22:53.838773
0.5,1.0,15.0,0.0,0.26,99.74,50,2025-04-07T21:22:53.838774
0.5,1.0,16.0,0.0,0.26,99.74,50,2025-04-07T21:22:53.838775
0.5,1.0,17.0,0.0,0.26,99.74,50,2025-04-07T21:22:53.838776
0.5,1.0,18.0,0.0,0.26,99.74,50,2025-04-07T21:22:53.838777
0.5,1.0,19.0,0.0,0.26,99.74,50,2025-04-07T21:22:53.838778
0.5,1.0,20.0,0.0,0.26,99.74,50,2025-04-07T21:22:53.838779
0.5,1.0,21.0,0.0,0.26,99.74,50,2025-04-07T21:22:53.838780
0.5,1.0,22.0,0.0,0.26,99.74,50,2025-04-07T21:22:53.838781
0.5,1.0,23.0,0.0,0.26,99.74,50,2025-04-07T21:22:53.838782
0.5,1.0,24.0,0.0,0.26,99.74,50,2025-04-07T21:22:53.838783
0.5,1.0,25.0,0.0,0.26,99.74,50,2025-04-07T21:22:53.838784
0.5,1.0,26.0,0.0,0.26,99.74,50,2025-04-07T21:22:53.838785
0.5,1.0,27.0,0.0,0.26,99.74,50,2025-04-07T21:22:53.838786
0.5,1.0,28.0,0.0,0.26,99.74,50,2025-04-07T21:22:53.838787
0.5,1.0,29.0,0.0,0.26,99.74,50,2025-04-07T21:22:53.838788
0.5,1.0,30.0,0.0,0.26,99.74,50,2025-04-07T21:22:53.838789
0.5,1.0,31.0,0.0,0.26,99.74,50,2025-04-07T21:22:53.838790
0.5,1.0,32.0,0.0,0.26,99.74,50,2025-04-07T21:22:53.838791
0.5,1.0,33.0,0.0,0.26,99.74,50,2025-04-07T21:22:53.838792
0.5,1.0,34.0,0.0,0.26,99.74,50,2025-04-07T21:22:53.838793
0.5,1.0,35.0,0.0,0.26,99.74,50,2025-04-07T21:22:53.838794
0.5,1.0,36.0,0.0,0.26,99.74,50,2025-04-07T21:22:53.838795
0.5,1.0,37.0,0.0,0.26,99.74,50,2025-04-07T21:22:53.838796
0.5,1.0,38.0,0.0,0.26,99.74,50,2025-04-07T21:22:53.838797
0.5,1.0,39.0,0.0,0.26,99.74,50,2025-04-07T21:22:53.838798
0.5,1.0,40.0,0.0,0.26,99.74,50,2025-04-07T21:22:53.838799
0.5,1.0,41.0,0.0,0.26,99.74,50,2025-04-07T21:22:53.838800
0.5,1.0,42.0,0.0,0.26,99.74,50,2025-04-07T21:22:53.838801
0.5,1.0,43.0,0.0,0.26,99.74,50,2025-04-07T21:22:53.838802
0.5,1.0,44.0,0.0,0.26,99.74,50,2025-04-07T21:22:53.838803
0.5,1.0,45.0,0.0,0.26,99.74,50,2025-04-07T21:22:53.838804
0.5,1.0,46.0,0.0,0.26,99.74,50,2025-04-07T21:22:53.838805
0.5,1.0,47.0,0.0,0.26,99.74,50,2025-04-07T21:22:53.838806
0.5,1.0,48.0,0.0,0.26,99.74,50,2025-04-07T21:22:53.838807
0.5,1.0,49.0,0.0,0.26,99.74,50,2025-04-07T21:22:53.838808
0.5,1.0,50.0,0.0,0.26,99.74,50,2025-04-07T21:22:53.838809
0.5,1.0,51.0,0.0,0.26,99.74,50,2025-04-07T21:22:53.838810
0.5,1.0,52.0,0.0,0.26,99.74,50,2025-04-07T21:22:53.838811
0.5,1.0,53.0,0.0,0.26,99.74,50,2025-04-07T21:22:53.838812
0.5,1.0,54.0,0.0,0.26,99.74,50,2025-04-07T21:22:53.838813
0.5,1.0,55.0,0.0,0.26,99.74,50,2025-04-07T21:22:53.838814
0.5,1.0,56.0,0.0,0.26,99.74,50,2025-04-07T21:22:53.838815
0.5,1.0,57.0,0.0,0.26,99.74,50,2025-04-07T21:22:53.838816
0.5,1.0,58.0,0.0,0.26,99.74,50,2025-04-07T21:22:53.838818
0.5,1.0,59.0,0.0,0.26,99.74,50,2025-04-07T21:22:53.838819
0.5,1.0,60.0,0.0,0.26,99.74,50,2025-04-07T21:22:53.838820
0.5,1.0,61.0,0.0,0.26,99.74,50,2025-04-07T21:22:53.838821
0.5,1.0,62.0,0.0,0.26,99.74,50,2025-04-07T21:22:53.838821
0.5,1.0,63.0,0.0,0.26,99.74,50,2025-04-07T21:22:53.838822
0.5,1.0,64.0,0.0,0.26,99.74,50,2025-04-07T21:22:53.838823
0.5,1.0,65.0,0.0,0.26,99.74,50,2025-04-07T21:22:53.838824
0.5,1.0,66.0,0.0,0.26,99.74,50,2025-04-07T21:22:53.838825
0.5,1.0,67.0,0.0,0.26,99.74,50,2025-04-07T21:22:53.838826
0.5,1.0,68.0,0.0,0.26,99.74,50,2025-04-07T21:22:53.838827
0.5,1.0,69.0,0.0,0.26,99.74,50,2025-04-07T21:22:53.838828
0.5,1.0,70.0,0.0,0.26,99.74,50,2025-04-07T21:22:53.838829
0.5,1.0,71.0,0.0,0.26,99.74,50,2025-04-07T21:22:53.838830
0.5,1.0,72.0,0.0,0.26,99.74,50,2025-04-07T21:22:53.838831
0.5,1.0,73.0,0.0,0.26,99.74,50,2025-04-07T21:22:53.838832
0.5,1.0,74.0,0.0,0.26,99.74,50,2025-04-07T21:22:53.838833
0.5,1.0,75.0,0.0,0.26,99.74,50,2025-04-07T21:22:53.838834
0.5,1.0,76.0,0.0,0.26,99.74,50,2025-04-07T21:22:53.838835
0.5,1.0,77.0,0.0,0.26,99.74,50,2025-04-07T21:22:53.838836
0.5,1.0,78.0,0.0,0.26,99.74,50,2025-04-07T21:22:53.838837
0.5,1.0,79.0,0.0,0.26,99.74,50,2025-04-07T21:22:53.838838
0.5,1.0,80.0,0.0,0.26,99.74,50,2025-04-07T21:22:53.838839
0.5,1.0,81.0,0.0,0.26,99.74,50,2025-04-07T21:22:53.838840
0.5,1.0,82.0,0.0,0.26,99.74,50,2025-04-07T21:22:53.838841
0.5,1.0,83.0,0.0,0.26,99.74,50,2025-04-07T21:22:53.838842
0.5,1.0,84.0,0.0,0.26,99.74,50,2025-04-07T21:22:53.838843
0.5,1.0,85.0,0.0,0.26,99.74,50,2025-04-07T21:22:53.838844
0.5,1.0,86.0,0.0,0.26,99.74,50,2025-04-07T21:22:53.838845
0.5,1.0,87.0,0.0,0.26,99.74,50,2025-04-07T21:22:53.838846
0.5,1.0,88.0,0.0,0.26,99.74,50,2025-04-07T21:22:53.838847
0.5,1.0,89.0,0.0,0.26,99.74,50,2025-04-07T21:22:53.838848
0.5,1.0,90.0,0.0,0.26,99.74,50,2025-04-07T21:22:53.838849
0.5,1.0,91.0,0.0,0.26,99.74,50,2025-04-07T21:22:53.838860
0.5,1.0,92.0,0.0,0.26,99.74,50,2025-04-07T21:22:53.838861
0.5,1.0,93.0,0.0,0.26,99.74,50,2025-04-07T21:22:53.838862
0.5,1.0,94.0,0.0,0.26,99.74,50,2025-04-07T21:22:53.838863
0.5,1.0,95.0,0.0,0.26,99.74,50,2025-04-07T21:22:53.838864
0.5,1.0,96.0,0.0,0.26,99.74,50,2025-04-07T21:22:53.838865
0.5,1.0,97.0,0.0,0.26,99.74,50,2025-04-07T21:22:53.838866
0.5,1.0,98.0,0.0,0.26,99.74,50,2025-04-07T21:22:53.838867
0.5,1.0,99.0,0.0,0.26,99.74,50,2025-04-07T21:22:53.838868
0.5,1.0,100.0,0.0,0.26,99.74,50,2025-04-07T21:22:53.838869
0.6,0.1,0.0,95.0,5.0,0.0,50,2025-04-07T21:22:53.907976
0.6,0.1,1.0,0.0,90.02,9.98,50,2025-04-07T21:22:53.907982
0.6,0.1,2.0,0.0,82.0,18.0,50,2025-04-07T21:22:53.907983
0.6,0.1,3.0,0.0,73.96,26.04,50,2025-04-07T21:22:53.907984
0.6,0.1,4.0,0.0,66.4,33.6,50,2025-04-07T21:22:53.907985
0.6,0.1,5.0,0.0,59.52,40.48,50,2025-04-07T21:22:53.907986
0.6,0.1,6.0,0.0,53.38,46.62,50,2025-04-07T21:22:53.907988
0.6,0.1,7.0,0.0,47.86,52.14,50,2025-04-07T21:22:53.907989
0.6,0.1,8.0,0.0,43.42,56.58,50,2025-04-07T21:22:53.907990
0.6,0.1,9.0,0.0,39.16,60.84,50,2025-04-07T21:22:53.907991
0.6,0.1,10.0,0.0,35.38,64.62,50,2025-04-07T21:22:53.907992
0.6,0.1,11.0,0.0,32.0,68.0,50,2025-04-07T21:22:53.907993
0.6,0.1,12.0,0.0,28.56,71.44,50,2025-04-07T21:22:53.907994
0.6,0.1,13.0,0.0,25.82,74.18,50,2025-04-07T21:22:53.907995
0.6,0.1,14.0,0.0,23.52,76.48,50,2025-04-07T21:22:53.907996
0.6,0.1,15.0,0.0,21.16,78.84,50,2025-04-07T21:22:53.907997
0.6,0.1,16.0,0.0,19.12,80.88,50,2025-04-07T21:22:53.907998
0.6,0.1,17.0,0.0,17.26,82.74,50,2025-04-07T21:22:53.907999
0.6,0.1,18.0,0.0,15.48,84.52,50,2025-04-07T21:22:53.908000
0.6,0.1,19.0,0.0,14.22,85.78,50,2025-04-07T21:22:53.908001
0.6,0.1,20.0,0.0,12.9,87.1,50,2025-04-07T21:22:53.908002
0.6,0.1,21.0,0.0,11.64,88.36,50,2025-04-07T21:22:53.908003
0.6,0.1,22.0,0.0,10.36,89.64,50,2025-04-07T21:22:53.908004
0.6,0.1,23.0,0.0,9.3,90.7,50,2025-04-07T21:22:53.908005
0.6,0.1,24.0,0.0,8.4,91.6,50,2025-04-07T21:22:53.908006
0.6,0.1,25.0,0.0,7.28,92.72,50,2025-04-07T21:22:53.908007
0.6,0.1,26.0,0.0,6.4,93.6,50,2025-04-07T21:22:53.908008
0.6,0.1,27.0,0.0,5.74,94.26,50,2025-04-07T21:22:53.908009
0.6,0.1,28.0,0.0,5.0,95.0,50,2025-04-07T21:22:53.908010
0.6,0.1,29.0,0.0,4.28,95.72,50,2025-04-07T21:22:53.908011
0.6,0.1,30.0,0.0,3.8,96.2,50,2025-04-07T21:22:53.908012
0.6,0.1,31.0,0.0,3.28,96.72,50,2025-04-07T21:22:53.908013
0.6,0.1,32.0,0.0,3.0,97.0,50,2025-04-07T21:22:53.908014
0.6,0.1,33.0,0.0,2.44,97.56,50,2025-04-07T21:22:53.908015
0.6,0.1,34.0,0.0,2.12,97.88,50,2025-04-07T21:22:53.908016
0.6,0.1,35.0,0.0,1.88,98.12,50,2025-04-07T21:22:53.908017
0.6,0.1,36.0,0.0,1.58,98.42,50,2025-04-07T21:22:53.908019
0.6,0.1,37.0,0.0,1.38,98.62,50,2025-04-07T21:22:53.908020
0.6,0.1,38.0,0.0,1.16,98.84,50,2025-04-07T21:22:53.908021
0.6,0.1,39.0,0.0,0.92,99.08,50,2025-04-07T21:22:53.908022
0.6,0.1,40.0,0.0,0.86,99.14,50,2025-04-07T21:22:53.908023
0.6,0.1,41.0,0.0,0.76,99.24,50,2025-04-07T21:22:53.908024
0.6,0.1,42.0,0.0,0.62,99.38,50,2025-04-07T21:22:53.908025
0.6,0.1,43.0,0.0,0.54,99.46,50,2025-04-07T21:22:53.908026
0.6,0.1,44.0,0.0,0.42,99.58,50,2025-04-07T21:22:53.908027
0.6,0.1,45.0,0.0,0.42,99.58,50,2025-04-07T21:22:53.908028
0.6,0.1,46.0,0.0,0.36,99.64,50,2025-04-07T21:22:53.908029
0.6,0.1,47.0,0.0,0.36,99.64,50,2025-04-07T21:22:53.908030
0.6,0.1,48.0,0.0,0.34,99.66,50,2025-04-07T21:22:53.908031
0.6,0.1,49.0,0.0,0.26,99.74,50,2025-04-07T21:22:53.908032
0.6,0.1,50.0,0.0,0.26,99.74,50,2025-04-07T21:22:53.908033
0.6,0.1,51.0,0.0,0.24,99.76,50,2025-04-07T21:22:53.908034
0.6,0.1,52.0,0.0,0.24,99.76,50,2025-04-07T21:22:53.908035
0.6,0.1,53.0,0.0,0.22,99.78,50,2025-04-07T21:22:53.908036
0.6,0.1,54.0,0.0,0.2,99.8,50,2025-04-07T21:22:53.908037
0.6,0.1,55.0,0.0,0.18,99.82,50,2025-04-07T21:22:53.908038
0.6,0.1,56.0,0.0,0.14,99.86,50,2025-04-07T21:22:53.908039
0.6,0.1,57.0,0.0,0.12,99.88,50,2025-04-07T21:22:53.908040
0.6,0.1,58.0,0.0,0.12,99.88,50,2025-04-07T21:22:53.908041
0.6,0.1,59.0,0.0,0.12,99.88,50,2025-04-07T21:22:53.908042
0.6,0.1,60.0,0.0,0.12,99.88,50,2025-04-07T21:22:53.908043
0.6,0.1,61.0,0.0,0.12,99.88,50,2025-04-07T21:22:53.908049
0.6,0.1,62.0,0.0,0.12,99.88,50,2025-04-07T21:22:53.908050
0.6,0.1,63.0,0.0,0.12,99.88,50,2025-04-07T21:22:53.908051
0.6,0.1,64.0,0.0,0.12,99.88,50,2025-04-07T21:22:53.908052
0.6,0.1,65.0,0.0,0.12,99.88,50,2025-04-07T21:22:53.908053
0.6,0.1,66.0,0.0,0.12,99.88,50,2025-04-07T21:22:53.908054
0.6,0.1,67.0,0.0,0.12,99.88,50,2025-04-07T21:22:53.908055
0.6,0.1,68.0,0.0,0.12,99.88,50,2025-04-07T21:22:53.908056
0.6,0.1,69.0,0.0,0.1,99.9,50,2025-04-07T21:22:53.908057
0.6,0.1,70.0,0.0,0.08,99.92,50,2025-04-07T21:22:53.908058
0.6,0.1,71.0,0.0,0.08,99.92,50,2025-04-07T21:22:53.908059
0.6,0.1,72.0,0.0,0.08,99.92,50,2025-04-07T21:22:53.908060
0.6,0.1,73.0,0.0,0.08,99.92,50,2025-04-07T21:22:53.908061
0.6,0.1,74.0,0.0,0.08,99.92,50,2025-04-07T21:22:53.908062
0.6,0.1,75.0,0.0,0.08,99.92,50,2025-04-07T21:22:53.908063
0.6,0.1,76.0,0.0,0.08,99.92,50,2025-04-07T21:22:53.908064
0.6,0.1,77.0,0.0,0.08,99.92,50,2025-04-07T21:22:53.908065
0.6,0.1,78.0,0.0,0.08,99.92,50,2025-04-07T21:22:53.908066
0.6,0.1,79.0,0.0,0.08,99.92,50,2025-04-07T21:22:53.908067
0.6,0.1,80.0,0.0,0.08,99.92,50,2025-04-07T21:22:53.908068
0.6,0.1,81.0,0.0,0.08,99.92,50,2025-04-07T21:22:53.908069
0.6,0.1,82.0,0.0,0.08,99.92,50,2025-04-07T21:22:53.908070
0.6,0.1,83.0,0.0,0.08,99.92,50,2025-04-07T21:22:53.908071
0.6,0.1,84.0,0.0,0.08,99.92,50,2025-04-07T21:22:53.908072
0.6,0.1,85.0,0.0,0.08,99.92,50,2025-04-07T21:22:53.908073
0.6,0.1,86.0,0.0,0.08,99.92,50,2025-04-07T21:22:53.908074
0.6,0.1,87.0,0.0,0.08,99.92,50,2025-04-07T21:22:53.908075
0.6,0.1,88.0,0.0,0.08,99.92,50,2025-04-07T21:22:53.908076
0.6,0.1,89.0,0.0,0.08,99.92,50,2025-04-07T21:22:53.908077
0.6,0.1,90.0,0.0,0.08,99.92,50,2025-04-07T21:22:53.908078
0.6,0.1,91.0,0.0,0.08,99.92,50,2025-04-07T21:22:53.908079
0.6,0.1,92.0,0.0,0.08,99.92,50,2025-04-07T21:22:53.908080
0.6,0.1,93.0,0.0,0.08,99.92,50,2025-04-07T21:22:53.908081
0.6,0.1,94.0,0.0,0.08,99.92,50,2025-04-07T21:22:53.908082
0.6,0.1,95.0,0.0,0.08,99.92,50,2025-04-07T21:22:53.908083
0.6,0.1,96.0,0.0,0.08,99.92,50,2025-04-07T21:22:53.908084
0.6,0.1,97.0,0.0,0.08,99.92,50,2025-04-07T21:22:53.908085
0.6,0.1,98.0,0.0,0.08,99.92,50,2025-04-07T21:22:53.908086
0.6,0.1,99.0,0.0,0.08,99.92,50,2025-04-07T21:22:53.908087
0.6,0.1,100.0,0.0,0.08,99.92,50,2025-04-07T21:22:53.908088
0.6,0.2,0.0,95.0,5.0,0.0,50,2025-04-07T21:22:53.944182
0.6,0.2,1.0,0.0,82.0,18.0,50,2025-04-07T21:22:53.944188
0.6,0.2,2.0,0.0,66.72,33.28,50,2025-04-07T21:22:53.944189
0.6,0.2,3.0,0.0,54.02,45.98,50,2025-04-07T21:22:53.944191
0.6,0.2,4.0,0.0,44.2,55.8,50,2025-04-07T21:22:53.944192
0.6,0.2,5.0,0.0,36.38,63.62,50,2025-04-07T21:22:53.944193
0.6,0.2,6.0,0.0,29.1,70.9,50,2025-04-07T21:22:53.944194
0.6,0.2,7.0,0.0,24.16,75.84,50,2025-04-07T21:22:53.944195
0.6,0.2,8.0,0.0,19.18,80.82,50,2025-04-07T21:22:53.944196
0.6,0.2,9.0,0.0,15.7,84.3,50,2025-04-07T21:22:53.944197
0.6,0.2,10.0,0.0,12.82,87.18,50,2025-04-07T21:22:53.944198
0.6,0.2,11.0,0.0,10.28,89.72,50,2025-04-07T21:22:53.944199
0.6,0.2,12.0,0.0,8.4,91.6,50,2025-04-07T21:22:53.944200
0.6,0.2,13.0,0.0,6.62,93.38,50,2025-04-07T21:22:53.944201
0.6,0.2,14.0,0.0,4.92,95.08,50,2025-04-07T21:22:53.944202
0.6,0.2,15.0,0.0,3.76,96.24,50,2025-04-07T21:22:53.944203
0.6,0.2,16.0,0.0,2.78,97.22,50,2025-04-07T21:22:53.944204
0.6,0.2,17.0,0.0,2.12,97.88,50,2025-04-07T21:22:53.944205
0.6,0.2,18.0,0.0,1.62,98.38,50,2025-04-07T21:22:53.944206
0.6,0.2,19.0,0.0,1.12,98.88,50,2025-04-07T21:22:53.944207
0.6,0.2,20.0,0.0,0.84,99.16,50,2025-04-07T21:22:53.944208
0.6,0.2,21.0,0.0,0.62,99.38,50,2025-04-07T21:22:53.944209
0.6,0.2,22.0,0.0,0.42,99.58,50,2025-04-07T21:22:53.944210
0.6,0.2,23.0,0.0,0.3,99.7,50,2025-04-07T21:22:53.944211
0.6,0.2,24.0,0.0,0.22,99.78,50,2025-04-07T21:22:53.944212
0.6,0.2,25.0,0.0,0.18,99.82,50,2025-04-07T21:22:53.944214
0.6,0.2,26.0,0.0,0.14,99.86,50,2025-04-07T21:22:53.944215
0.6,0.2,27.0,0.0,0.14,99.86,50,2025-04-07T21:22:53.944216
0.6,0.2,28.0,0.0,0.1,99.9,50,2025-04-07T21:22:53.944217
0.6,0.2,29.0,0.0,0.1,99.9,50,2025-04-07T21:22:53.944218
0.6,0.2,30.0,0.0,0.1,99.9,50,2025-04-07T21:22:53.944219
0.6,0.2,31.0,0.0,0.1,99.9,50,2025-04-07T21:22:53.944220
0.6,0.2,32.0,0.0,0.1,99.9,50,2025-04-07T21:22:53.944221
0.6,0.2,33.0,0.0,0.1,99.9,50,2025-04-07T21:22:53.944222
0.6,0.2,34.0,0.0,0.08,99.92,50,2025-04-07T21:22:53.944223
0.6,0.2,35.0,0.0,0.08,99.92,50,2025-04-07T21:22:53.944224
0.6,0.2,36.0,0.0,0.08,99.92,50,2025-04-07T21:22:53.944225
0.6,0.2,37.0,0.0,0.08,99.92,50,2025-04-07T21:22:53.944226
0.6,0.2,38.0,0.0,0.08,99.92,50,2025-04-07T21:22:53.944227
0.6,0.2,39.0,0.0,0.08,99.92,50,2025-04-07T21:22:53.944228
0.6,0.2,40.0,0.0,0.08,99.92,50,2025-04-07T21:22:53.944229
0.6,0.2,41.0,0.0,0.08,99.92,50,2025-04-07T21:22:53.944230
0.6,0.2,42.0,0.0,0.08,99.92,50,2025-04-07T21:22:53.944231
0.6,0.2,43.0,0.0,0.08,99.92,50,2025-04-07T21:22:53.944232
0.6,0.2,44.0,0.0,0.08,99.92,50,2025-04-07T21:22:53.944233
0.6,0.2,45.0,0.0,0.08,99.92,50,2025-04-07T21:22:53.944234
0.6,0.2,46.0,0.0,0.08,99.92,50,2025-04-07T21:22:53.944235
0.6,0.2,47.0,0.0,0.08,99.92,50,2025-04-07T21:22:53.944236
0.6,0.2,48.0,0.0,0.08,99.92,50,2025-04-07T21:22:53.944237
0.6,0.2,49.0,0.0,0.08,99.92,50,2025-04-07T21:22:53.944238
0.6,0.2,50.0,0.0,0.08,99.92,50,2025-04-07T21:22:53.944239
0.6,0.2,51.0,0.0,0.08,99.92,50,2025-04-07T21:22:53.944240
0.6,0.2,52.0,0.0,0.08,99.92,50,2025-04-07T21:22:53.944241
0.6,0.2,53.0,0.0,0.08,99.92,50,2025-04-07T21:22:53.944242
0.6,0.2,54.0,0.0,0.08,99.92,50,2025-04-07T21:22:53.944243
0.6,0.2,55.0,0.0,0.08,99.92,50,2025-04-07T21:22:53.944244
0.6,0.2,56.0,0.0,0.08,99.92,50,2025-04-07T21:22:53.944245
0.6,0.2,57.0,0.0,0.08,99.92,50,2025-04-07T21:22:53.944246
0.6,0.2,58.0,0.0,0.08,99.92,50,2025-04-07T21:22:53.944247
0.6,0.2,59.0,0.0,0.08,99.92,50,2025-04-07T21:22:53.944248
0.6,0.2,60.0,0.0,0.08,99.92,50,2025-04-07T21:22:53.944249
0.6,0.2,61.0,0.0,0.08,99.92,50,2025-04-07T21:22:53.944250
0.6,0.2,62.0,0.0,0.08,99.92,50,2025-04-07T21:22:53.944251
0.6,0.2,63.0,0.0,0.08,99.92,50,2025-04-07T21:22:53.944252
0.6,0.2,64.0,0.0,0.08,99.92,50,2025-04-07T21:22:53.944253
0.6,0.2,65.0,0.0,0.08,99.92,50,2025-04-07T21:22:53.944254
0.6,0.2,66.0,0.0,0.08,99.92,50,2025-04-07T21:22:53.944255
0.6,0.2,67.0,0.0,0.08,99.92,50,2025-04-07T21:22:53.944256
0.6,0.2,68.0,0.0,0.08,99.92,50,2025-04-07T21:22:53.944257
0.6,0.2,69.0,0.0,0.08,99.92,50,2025-04-07T21:22:53.944258
0.6,0.2,70.0,0.0,0.08,99.92,50,2025-04-07T21:22:53.944259
0.6,0.2,71.0,0.0,0.08,99.92,50,2025-04-07T21:22:53.944260
0.6,0.2,72.0,0.0,0.08,99.92,50,2025-04-07T21:22:53.944261
0.6,0.2,73.0,0.0,0.08,99.92,50,2025-04-07T21:22:53.944262
0.6,0.2,74.0,0.0,0.08,99.92,50,2025-04-07T21:22:53.944263
0.6,0.2,75.0,0.0,0.08,99.92,50,2025-04-07T21:22:53.944264
0.6,0.2,76.0,0.0,0.08,99.92,50,2025-04-07T21:22:53.944265
0.6,0.2,77.0,0.0,0.08,99.92,50,2025-04-07T21:22:53.944266
0.6,0.2,78.0,0.0,0.08,99.92,50,2025-04-07T21:22:53.944267
0.6,0.2,79.0,0.0,0.08,99.92,50,2025-04-07T21:22:53.944268
0.6,0.2,80.0,0.0,0.08,99.92,50,2025-04-07T21:22:53.944269
0.6,0.2,81.0,0.0,0.08,99.92,50,2025-04-07T21:22:53.944270
0.6,0.2,82.0,0.0,0.08,99.92,50,2025-04-07T21:22:53.944271
0.6,0.2,83.0,0.0,0.08,99.92,50,2025-04-07T21:22:53.944272
0.6,0.2,84.0,0.0,0.08,99.92,50,2025-04-07T21:22:53.944273
0.6,0.2,85.0,0.0,0.08,99.92,50,2025-04-07T21:22:53.944274
0.6,0.2,86.0,0.0,0.08,99.92,50,2025-04-07T21:22:53.944275
0.6,0.2,87.0,0.0,0.08,99.92,50,2025-04-07T21:22:53.944276
0.6,0.2,88.0,0.0,0.08,99.92,50,2025-04-07T21:22:53.944277
0.6,0.2,89.0,0.0,0.08,99.92,50,2025-04-07T21:22:53.944278
0.6,0.2,90.0,0.0,0.08,99.92,50,2025-04-07T21:22:53.944279
0.6,0.2,91.0,0.0,0.08,99.92,50,2025-04-07T21:22:53.944280
0.6,0.2,92.0,0.0,0.08,99.92,50,2025-04-07T21:22:53.944281
0.6,0.2,93.0,0.0,0.08,99.92,50,2025-04-07T21:22:53.944282
0.6,0.2,94.0,0.0,0.08,99.92,50,2025-04-07T21:22:53.944283
0.6,0.2,95.0,0.0,0.08,99.92,50,2025-04-07T21:22:53.944284
0.6,0.2,96.0,0.0,0.08,99.92,50,2025-04-07T21:22:53.944285
0.6,0.2,97.0,0.0,0.08,99.92,50,2025-04-07T21:22:53.944286
0.6,0.2,98.0,0.0,0.08,99.92,50,2025-04-07T21:22:53.944287
0.6,0.2,99.0,0.0,0.08,99.92,50,2025-04-07T21:22:53.944288
0.6,0.2,100.0,0.0,0.08,99.92,50,2025-04-07T21:22:53.944289
0.6,0.3,0.0,95.0,5.0,0.0,50,2025-04-07T21:22:53.981037
0.6,0.3,1.0,0.0,74.3,25.7,50,2025-04-07T21:22:53.981042
0.6,0.3,2.0,0.0,54.16,45.84,50,2025-04-07T21:22:53.981044
0.6,0.3,3.0,0.0,40.24,59.76,50,2025-04-07T21:22:53.981045
0.6,0.3,4.0,0.0,29.38,70.62,50,2025-04-07T21:22:53.981046
0.6,0.3,5.0,0.0,21.56,78.44,50,2025-04-07T21:22:53.981047
0.6,0.3,6.0,0.0,15.76,84.24,50,2025-04-07T21:22:53.981048
0.6,0.3,7.0,0.0,11.5,88.5,50,2025-04-07T21:22:53.981049
0.6,0.3,8.0,0.0,8.2,91.8,50,2025-04-07T21:22:53.981050
0.6,0.3,9.0,0.0,5.86,94.14,50,2025-04-07T21:22:53.981051
0.6,0.3,10.0,0.0,4.46,95.54,50,2025-04-07T21:22:53.981052
0.6,0.3,11.0,0.0,3.02,96.98,50,2025-04-07T21:22:53.981053
0.6,0.3,12.0,0.0,1.94,98.06,50,2025-04-07T21:22:53.981054
0.6,0.3,13.0,0.0,1.34,98.66,50,2025-04-07T21:22:53.981055
0.6,0.3,14.0,0.0,0.86,99.14,50,2025-04-07T21:22:53.981056
0.6,0.3,15.0,0.0,0.56,99.44,50,2025-04-07T21:22:53.981057
0.6,0.3,16.0,0.0,0.4,99.6,50,2025-04-07T21:22:53.981058
0.6,0.3,17.0,0.0,0.3,99.7,50,2025-04-07T21:22:53.981059
0.6,0.3,18.0,0.0,0.24,99.76,50,2025-04-07T21:22:53.981060
0.6,0.3,19.0,0.0,0.24,99.76,50,2025-04-07T21:22:53.981061
0.6,0.3,20.0,0.0,0.22,99.78,50,2025-04-07T21:22:53.981062
0.6,0.3,21.0,0.0,0.2,99.8,50,2025-04-07T21:22:53.981063
0.6,0.3,22.0,0.0,0.2,99.8,50,2025-04-07T21:22:53.981064
0.6,0.3,23.0,0.0,0.2,99.8,50,2025-04-07T21:22:53.981065
0.6,0.3,24.0,0.0,0.2,99.8,50,2025-04-07T21:22:53.981066
0.6,0.3,25.0,0.0,0.2,99.8,50,2025-04-07T21:22:53.981067
0.6,0.3,26.0,0.0,0.2,99.8,50,2025-04-07T21:22:53.981068
0.6,0.3,27.0,0.0,0.2,99.8,50,2025-04-07T21:22:53.981075
0.6,0.3,28.0,0.0,0.2,99.8,50,2025-04-07T21:22:53.981076
0.6,0.3,29.0,0.0,0.2,99.8,50,2025-04-07T21:22:53.981077
0.6,0.3,30.0,0.0,0.2,99.8,50,2025-04-07T21:22:53.981078
0.6,0.3,31.0,0.0,0.2,99.8,50,2025-04-07T21:22:53.981079
0.6,0.3,32.0,0.0,0.2,99.8,50,2025-04-07T21:22:53.981080
0.6,0.3,33.0,0.0,0.2,99.8,50,2025-04-07T21:22:53.981081
0.6,0.3,34.0,0.0,0.2,99.8,50,2025-04-07T21:22:53.981082
0.6,0.3,35.0,0.0,0.2,99.8,50,2025-04-07T21:22:53.981083
0.6,0.3,36.0,0.0,0.2,99.8,50,2025-04-07T21:22:53.981084
0.6,0.3,37.0,0.0,0.2,99.8,50,2025-04-07T21:22:53.981085
0.6,0.3,38.0,0.0,0.2,99.8,50,2025-04-07T21:22:53.981086
0.6,0.3,39.0,0.0,0.2,99.8,50,2025-04-07T21:22:53.981087
0.6,0.3,40.0,0.0,0.2,99.8,50,2025-04-07T21:22:53.981088
0.6,0.3,41.0,0.0,0.2,99.8,50,2025-04-07T21:22:53.981089
0.6,0.3,42.0,0.0,0.2,99.8,50,2025-04-07T21:22:53.981090
0.6,0.3,43.0,0.0,0.2,99.8,50,2025-04-07T21:22:53.981092
0.6,0.3,44.0,0.0,0.2,99.8,50,2025-04-07T21:22:53.981093
0.6,0.3,45.0,0.0,0.2,99.8,50,2025-04-07T21:22:53.981094
0.6,0.3,46.0,0.0,0.2,99.8,50,2025-04-07T21:22:53.981095
0.6,0.3,47.0,0.0,0.2,99.8,50,2025-04-07T21:22:53.981096
0.6,0.3,48.0,0.0,0.2,99.8,50,2025-04-07T21:22:53.981097
0.6,0.3,49.0,0.0,0.2,99.8,50,2025-04-07T21:22:53.981098
0.6,0.3,50.0,0.0,0.2,99.8,50,2025-04-07T21:22:53.981099
0.6,0.3,51.0,0.0,0.2,99.8,50,2025-04-07T21:22:53.981100
0.6,0.3,52.0,0.0,0.2,99.8,50,2025-04-07T21:22:53.981101
0.6,0.3,53.0,0.0,0.2,99.8,50,2025-04-07T21:22:53.981102
0.6,0.3,54.0,0.0,0.2,99.8,50,2025-04-07T21:22:53.981103
0.6,0.3,55.0,0.0,0.2,99.8,50,2025-04-07T21:22:53.981107
0.6,0.3,56.0,0.0,0.2,99.8,50,2025-04-07T21:22:53.981108
0.6,0.3,57.0,0.0,0.2,99.8,50,2025-04-07T21:22:53.981109
0.6,0.3,58.0,0.0,0.2,99.8,50,2025-04-07T21:22:53.981110
0.6,0.3,59.0,0.0,0.2,99.8,50,2025-04-07T21:22:53.981111
0.6,0.3,60.0,0.0,0.2,99.8,50,2025-04-07T21:22:53.981112
0.6,0.3,61.0,0.0,0.2,99.8,50,2025-04-07T21:22:53.981113
0.6,0.3,62.0,0.0,0.2,99.8,50,2025-04-07T21:22:53.981114
0.6,0.3,63.0,0.0,0.2,99.8,50,2025-04-07T21:22:53.981115
0.6,0.3,64.0,0.0,0.2,99.8,50,2025-04-07T21:22:53.981116
0.6,0.3,65.0,0.0,0.2,99.8,50,2025-04-07T21:22:53.981117
0.6,0.3,66.0,0.0,0.2,99.8,50,2025-04-07T21:22:53.981118
0.6,0.3,67.0,0.0,0.2,99.8,50,2025-04-07T21:22:53.981119
0.6,0.3,68.0,0.0,0.2,99.8,50,2025-04-07T21:22:53.981120
0.6,0.3,69.0,0.0,0.2,99.8,50,2025-04-07T21:22:53.981121
0.6,0.3,70.0,0.0,0.2,99.8,50,2025-04-07T21:22:53.981122
0.6,0.3,71.0,0.0,0.2,99.8,50,2025-04-07T21:22:53.981123
0.6,0.3,72.0,0.0,0.2,99.8,50,2025-04-07T21:22:53.981124
0.6,0.3,73.0,0.0,0.2,99.8,50,2025-04-07T21:22:53.981125
0.6,0.3,74.0,0.0,0.2,99.8,50,2025-04-07T21:22:53.981126
0.6,0.3,75.0,0.0,0.2,99.8,50,2025-04-07T21:22:53.981127
0.6,0.3,76.0,0.0,0.2,99.8,50,2025-04-07T21:22:53.981128
0.6,0.3,77.0,0.0,0.2,99.8,50,2025-04-07T21:22:53.981129
0.6,0.3,78.0,0.0,0.2,99.8,50,2025-04-07T21:22:53.981130
0.6,0.3,79.0,0.0,0.2,99.8,50,2025-04-07T21:22:53.981131
0.6,0.3,80.0,0.0,0.2,99.8,50,2025-04-07T21:22:53.981132
0.6,0.3,81.0,0.0,0.2,99.8,50,2025-04-07T21:22:53.981133
0.6,0.3,82.0,0.0,0.2,99.8,50,2025-04-07T21:22:53.981134
0.6,0.3,83.0,0.0,0.2,99.8,50,2025-04-07T21:22:53.981135
0.6,0.3,84.0,0.0,0.2,99.8,50,2025-04-07T21:22:53.981136
0.6,0.3,85.0,0.0,0.2,99.8,50,2025-04-07T21:22:53.981137
0.6,0.3,86.0,0.0,0.2,99.8,50,2025-04-07T21:22:53.981138
0.6,0.3,87.0,0.0,0.2,99.8,50,2025-04-07T21:22:53.981139
0.6,0.3,88.0,0.0,0.2,99.8,50,2025-04-07T21:22:53.981140
0.6,0.3,89.0,0.0,0.2,99.8,50,2025-04-07T21:22:53.981141
0.6,0.3,90.0,0.0,0.2,99.8,50,2025-04-07T21:22:53.981142
0.6,0.3,91.0,0.0,0.2,99.8,50,2025-04-07T21:22:53.981143
0.6,0.3,92.0,0.0,0.2,99.8,50,2025-04-07T21:22:53.981144
0.6,0.3,93.0,0.0,0.2,99.8,50,2025-04-07T21:22:53.981146
0.6,0.3,94.0,0.0,0.2,99.8,50,2025-04-07T21:22:53.981147
0.6,0.3,95.0,0.0,0.2,99.8,50,2025-04-07T21:22:53.981148
0.6,0.3,96.0,0.0,0.2,99.8,50,2025-04-07T21:22:53.981149
0.6,0.3,97.0,0.0,0.2,99.8,50,2025-04-07T21:22:53.981150
0.6,0.3,98.0,0.0,0.2,99.8,50,2025-04-07T21:22:53.981151
0.6,0.3,99.0,0.0,0.2,99.8,50,2025-04-07T21:22:53.981152
0.6,0.3,100.0,0.0,0.2,99.8,50,2025-04-07T21:22:53.981153
0.6,0.4,0.0,95.0,5.0,0.0,50,2025-04-07T21:22:54.017447
0.6,0.4,1.0,0.0,67.04,32.96,50,2025-04-07T21:22:54.017452
0.6,0.4,2.0,0.0,44.12,55.88,50,2025-04-07T21:22:54.017454
0.6,0.4,3.0,0.0,29.64,70.36,50,2025-04-07T21:22:54.017455
0.6,0.4,4.0,0.0,18.94,81.06,50,2025-04-07T21:22:54.017456
0.6,0.4,5.0,0.0,12.32,87.68,50,2025-04-07T21:22:54.017457
0.6,0.4,6.0,0.0,8.32,91.68,50,2025-04-07T21:22:54.017458
0.6,0.4,7.0,0.0,5.58,94.42,50,2025-04-07T21:22:54.017459
0.6,0.4,8.0,0.0,3.04,96.96,50,2025-04-07T21:22:54.017460
0.6,0.4,9.0,0.0,1.92,98.08,50,2025-04-07T21:22:54.017461
0.6,0.4,10.0,0.0,1.18,98.82,50,2025-04-07T21:22:54.017462
0.6,0.4,11.0,0.0,0.68,99.32,50,2025-04-07T21:22:54.017463
0.6,0.4,12.0,0.0,0.4,99.6,50,2025-04-07T21:22:54.017464
0.6,0.4,13.0,0.0,0.3,99.7,50,2025-04-07T21:22:54.017465
0.6,0.4,14.0,0.0,0.26,99.74,50,2025-04-07T21:22:54.017466
0.6,0.4,15.0,0.0,0.24,99.76,50,2025-04-07T21:22:54.017467
0.6,0.4,16.0,0.0,0.24,99.76,50,2025-04-07T21:22:54.017469
0.6,0.4,17.0,0.0,0.22,99.78,50,2025-04-07T21:22:54.017470
0.6,0.4,18.0,0.0,0.22,99.78,50,2025-04-07T21:22:54.017471
0.6,0.4,19.0,0.0,0.22,99.78,50,2025-04-07T21:22:54.017472
0.6,0.4,20.0,0.0,0.22,99.78,50,2025-04-07T21:22:54.017473
0.6,0.4,21.0,0.0,0.22,99.78,50,2025-04-07T21:22:54.017474
0.6,0.4,22.0,0.0,0.22,99.78,50,2025-04-07T21:22:54.017475
0.6,0.4,23.0,0.0,0.22,99.78,50,2025-04-07T21:22:54.017476
0.6,0.4,24.0,0.0,0.22,99.78,50,2025-04-07T21:22:54.017477
0.6,0.4,25.0,0.0,0.22,99.78,50,2025-04-07T21:22:54.017478
0.6,0.4,26.0,0.0,0.22,99.78,50,2025-04-07T21:22:54.017479
0.6,0.4,27.0,0.0,0.22,99.78,50,2025-04-07T21:22:54.017480
0.6,0.4,28.0,0.0,0.22,99.78,50,2025-04-07T21:22:54.017481
0.6,0.4,29.0,0.0,0.22,99.78,50,2025-04-07T21:22:54.017482
0.6,0.4,30.0,0.0,0.22,99.78,50,2025-04-07T21:22:54.017483
0.6,0.4,31.0,0.0,0.22,99.78,50,2025-04-07T21:22:54.017484
0.6,0.4,32.0,0.0,0.22,99.78,50,2025-04-07T21:22:54.017485
0.6,0.4,33.0,0.0,0.22,99.78,50,2025-04-07T21:22:54.017486
0.6,0.4,34.0,0.0,0.22,99.78,50,2025-04-07T21:22:54.017487
0.6,0.4,35.0,0.0,0.22,99.78,50,2025-04-07T21:22:54.017488
0.6,0.4,36.0,0.0,0.22,99.78,50,2025-04-07T21:22:54.017489
0.6,0.4,37.0,0.0,0.22,99.78,50,2025-04-07T21:22:54.017490
0.6,0.4,38.0,0.0,0.22,99.78,50,2025-04-07T21:22:54.017491
0.6,0.4,39.0,0.0,0.22,99.78,50,2025-04-07T21:22:54.017492
0.6,0.4,40.0,0.0,0.22,99.78,50,2025-04-07T21:22:54.017493
0.6,0.4,41.0,0.0,0.22,99.78,50,2025-04-07T21:22:54.017494
0.6,0.4,42.0,0.0,0.22,99.78,50,2025-04-07T21:22:54.017495
0.6,0.4,43.0,0.0,0.22,99.78,50,2025-04-07T21:22:54.017496
0.6,0.4,44.0,0.0,0.22,99.78,50,2025-04-07T21:22:54.017497
0.6,0.4,45.0,0.0,0.22,99.78,50,2025-04-07T21:22:54.017498
0.6,0.4,46.0,0.0,0.22,99.78,50,2025-04-07T21:22:54.017499
0.6,0.4,47.0,0.0,0.22,99.78,50,2025-04-07T21:22:54.017500
0.6,0.4,48.0,0.0,0.22,99.78,50,2025-04-07T21:22:54.017501
0.6,0.4,49.0,0.0,0.22,99.78,50,2025-04-07T21:22:54.017502
0.6,0.4,50.0,0.0,0.22,99.78,50,2025-04-07T21:22:54.017503
0.6,0.4,51.0,0.0,0.22,99.78,50,2025-04-07T21:22:54.017504
0.6,0.4,52.0,0.0,0.22,99.78,50,2025-04-07T21:22:54.017505
0.6,0.4,53.0,0.0,0.22,99.78,50,2025-04-07T21:22:54.017506
0.6,0.4,54.0,0.0,0.22,99.78,50,2025-04-07T21:22:54.017507
0.6,0.4,55.0,0.0,0.22,99.78,50,2025-04-07T21:22:54.017508
0.6,0.4,56.0,0.0,0.22,99.78,50,2025-04-07T21:22:54.017509
0.6,0.4,57.0,0.0,0.22,99.78,50,2025-04-07T21:22:54.017510
0.6,0.4,58.0,0.0,0.22,99.78,50,2025-04-07T21:22:54.017511
0.6,0.4,59.0,0.0,0.22,99.78,50,2025-04-07T21:22:54.017512
0.6,0.4,60.0,0.0,0.22,99.78,50,2025-04-07T21:22:54.017513
0.6,0.4,61.0,0.0,0.22,99.78,50,2025-04-07T21:22:54.017514
0.6,0.4,62.0,0.0,0.22,99.78,50,2025-04-07T21:22:54.017515
0.6,0.4,63.0,0.0,0.22,99.78,50,2025-04-07T21:22:54.017516
0.6,0.4,64.0,0.0,0.22,99.78,50,2025-04-07T21:22:54.017517
0.6,0.4,65.0,0.0,0.22,99.78,50,2025-04-07T21:22:54.017518
0.6,0.4,66.0,0.0,0.22,99.78,50,2025-04-07T21:22:54.017519
0.6,0.4,67.0,0.0,0.22,99.78,50,2025-04-07T21:22:54.017520
0.6,0.4,68.0,0.0,0.22,99.78,50,2025-04-07T21:22:54.017521
0.6,0.4,69.0,0.0,0.22,99.78,50,2025-04-07T21:22:54.017523
0.6,0.4,70.0,0.0,0.22,99.78,50,2025-04-07T21:22:54.017528
0.6,0.4,71.0,0.0,0.22,99.78,50,2025-04-07T21:22:54.017529
0.6,0.4,72.0,0.0,0.22,99.78,50,2025-04-07T21:22:54.017530
0.6,0.4,73.0,0.0,0.22,99.78,50,2025-04-07T21:22:54.017531
0.6,0.4,74.0,0.0,0.22,99.78,50,2025-04-07T21:22:54.017532
0.6,0.4,75.0,0.0,0.22,99.78,50,2025-04-07T21:22:54.017533
0.6,0.4,76.0,0.0,0.22,99.78,50,2025-04-07T21:22:54.017534
0.6,0.4,77.0,0.0,0.22,99.78,50,2025-04-07T21:22:54.017535
0.6,0.4,78.0,0.0,0.22,99.78,50,2025-04-07T21:22:54.017536
0.6,0.4,79.0,0.0,0.22,99.78,50,2025-04-07T21:22:54.017537
0.6,0.4,80.0,0.0,0.22,99.78,50,2025-04-07T21:22:54.017538
0.6,0.4,81.0,0.0,0.22,99.78,50,2025-04-07T21:22:54.017539
0.6,0.4,82.0,0.0,0.22,99.78,50,2025-04-07T21:22:54.017540
0.6,0.4,83.0,0.0,0.22,99.78,50,2025-04-07T21:22:54.017541
0.6,0.4,84.0,0.0,0.22,99.78,50,2025-04-07T21:22:54.017542
0.6,0.4,85.0,0.0,0.22,99.78,50,2025-04-07T21:22:54.017543
0.6,0.4,86.0,0.0,0.22,99.78,50,2025-04-07T21:22:54.017544
0.6,0.4,87.0,0.0,0.22,99.78,50,2025-04-07T21:22:54.017545
0.6,0.4,88.0,0.0,0.22,99.78,50,2025-04-07T21:22:54.017546
0.6,0.4,89.0,0.0,0.22,99.78,50,2025-04-07T21:22:54.017547
0.6,0.4,90.0,0.0,0.22,99.78,50,2025-04-07T21:22:54.017548
0.6,0.4,91.0,0.0,0.22,99.78,50,2025-04-07T21:22:54.017549
0.6,0.4,92.0,0.0,0.22,99.78,50,2025-04-07T21:22:54.017550
0.6,0.4,93.0,0.0,0.22,99.78,50,2025-04-07T21:22:54.017551
0.6,0.4,94.0,0.0,0.22,99.78,50,2025-04-07T21:22:54.017552
0.6,0.4,95.0,0.0,0.22,99.78,50,2025-04-07T21:22:54.017553
0.6,0.4,96.0,0.0,0.22,99.78,50,2025-04-07T21:22:54.017554
0.6,0.4,97.0,0.0,0.22,99.78,50,2025-04-07T21:22:54.017555
0.6,0.4,98.0,0.0,0.22,99.78,50,2025-04-07T21:22:54.017556
0.6,0.4,99.0,0.0,0.22,99.78,50,2025-04-07T21:22:54.017557
0.6,0.4,100.0,0.0,0.22,99.78,50,2025-04-07T21:22:54.017558
0.6,0.5,0.0,95.0,5.0,0.0,50,2025-04-07T21:22:54.054233
0.6,0.5,1.0,0.0,60.84,39.16,50,2025-04-07T21:22:54.054239
0.6,0.5,2.0,0.0,36.54,63.46,50,2025-04-07T21:22:54.054240
0.6,0.5,3.0,0.0,22.02,77.98,50,2025-04-07T21:22:54.054241
0.6,0.5,4.0,0.0,13.46,86.54,50,2025-04-07T21:22:54.054242
0.6,0.5,5.0,0.0,7.58,92.42,50,2025-04-07T21:22:54.054244
0.6,0.5,6.0,0.0,4.2,95.8,50,2025-04-07T21:22:54.054245
0.6,0.5,7.0,0.0,2.22,97.78,50,2025-04-07T21:22:54.054246
0.6,0.5,8.0,0.0,1.48,98.52,50,2025-04-07T21:22:54.054247
0.6,0.5,9.0,0.0,0.78,99.22,50,2025-04-07T21:22:54.054248
0.6,0.5,10.0,0.0,0.52,99.48,50,2025-04-07T21:22:54.054249
0.6,0.5,11.0,0.0,0.32,99.68,50,2025-04-07T21:22:54.054250
0.6,0.5,12.0,0.0,0.3,99.7,50,2025-04-07T21:22:54.054251
0.6,0.5,13.0,0.0,0.3,99.7,50,2025-04-07T21:22:54.054252
0.6,0.5,14.0,0.0,0.28,99.72,50,2025-04-07T21:22:54.054253
0.6,0.5,15.0,0.0,0.28,99.72,50,2025-04-07T21:22:54.054254
0.6,0.5,16.0,0.0,0.28,99.72,50,2025-04-07T21:22:54.054255
0.6,0.5,17.0,0.0,0.28,99.72,50,2025-04-07T21:22:54.054256
0.6,0.5,18.0,0.0,0.28,99.72,50,2025-04-07T21:22:54.054257
0.6,0.5,19.0,0.0,0.28,99.72,50,2025-04-07T21:22:54.054258
0.6,0.5,20.0,0.0,0.28,99.72,50,2025-04-07T21:22:54.054259
0.6,0.5,21.0,0.0,0.28,99.72,50,2025-04-07T21:22:54.054260
0.6,0.5,22.0,0.0,0.28,99.72,50,2025-04-07T21:22:54.054262
0.6,0.5,23.0,0.0,0.28,99.72,50,2025-04-07T21:22:54.054263
0.6,0.5,24.0,0.0,0.28,99.72,50,2025-04-07T21:22:54.054264
0.6,0.5,25.0,0.0,0.28,99.72,50,2025-04-07T21:22:54.054265
0.6,0.5,26.0,0.0,0.28,99.72,50,2025-04-07T21:22:54.054266
0.6,0.5,27.0,0.0,0.28,99.72,50,2025-04-07T21:22:54.054267
0.6,0.5,28.0,0.0,0.28,99.72,50,2025-04-07T21:22:54.054268
0.6,0.5,29.0,0.0,0.28,99.72,50,2025-04-07T21:22:54.054269
0.6,0.5,30.0,0.0,0.28,99.72,50,2025-04-07T21:22:54.054270
0.6,0.5,31.0,0.0,0.28,99.72,50,2025-04-07T21:22:54.054271
0.6,0.5,32.0,0.0,0.28,99.72,50,2025-04-07T21:22:54.054272
0.6,0.5,33.0,0.0,0.28,99.72,50,2025-04-07T21:22:54.054273
0.6,0.5,34.0,0.0,0.28,99.72,50,2025-04-07T21:22:54.054274
0.6,0.5,35.0,0.0,0.28,99.72,50,2025-04-07T21:22:54.054275
0.6,0.5,36.0,0.0,0.28,99.72,50,2025-04-07T21:22:54.054276
0.6,0.5,37.0,0.0,0.28,99.72,50,2025-04-07T21:22:54.054277
0.6,0.5,38.0,0.0,0.28,99.72,50,2025-04-07T21:22:54.054278
0.6,0.5,39.0,0.0,0.28,99.72,50,2025-04-07T21:22:54.054279
0.6,0.5,40.0,0.0,0.28,99.72,50,2025-04-07T21:22:54.054280
0.6,0.5,41.0,0.0,0.28,99.72,50,2025-04-07T21:22:54.054281
0.6,0.5,42.0,0.0,0.28,99.72,50,2025-04-07T21:22:54.054282
0.6,0.5,43.0,0.0,0.28,99.72,50,2025-04-07T21:22:54.054283
0.6,0.5,44.0,0.0,0.28,99.72,50,2025-04-07T21:22:54.054284
0.6,0.5,45.0,0.0,0.28,99.72,50,2025-04-07T21:22:54.054285
0.6,0.5,46.0,0.0,0.28,99.72,50,2025-04-07T21:22:54.054286
0.6,0.5,47.0,0.0,0.28,99.72,50,2025-04-07T21:22:54.054292
0.6,0.5,48.0,0.0,0.28,99.72,50,2025-04-07T21:22:54.054293
0.6,0.5,49.0,0.0,0.28,99.72,50,2025-04-07T21:22:54.054294
0.6,0.5,50.0,0.0,0.28,99.72,50,2025-04-07T21:22:54.054295
0.6,0.5,51.0,0.0,0.28,99.72,50,2025-04-07T21:22:54.054297
0.6,0.5,52.0,0.0,0.28,99.72,50,2025-04-07T21:22:54.054298
0.6,0.5,53.0,0.0,0.28,99.72,50,2025-04-07T21:22:54.054299
0.6,0.5,54.0,0.0,0.28,99.72,50,2025-04-07T21:22:54.054300
0.6,0.5,55.0,0.0,0.28,99.72,50,2025-04-07T21:22:54.054301
0.6,0.5,56.0,0.0,0.28,99.72,50,2025-04-07T21:22:54.054302
0.6,0.5,57.0,0.0,0.28,99.72,50,2025-04-07T21:22:54.054303
0.6,0.5,58.0,0.0,0.28,99.72,50,2025-04-07T21:22:54.054304
0.6,0.5,59.0,0.0,0.28,99.72,50,2025-04-07T21:22:54.054305
0.6,0.5,60.0,0.0,0.28,99.72,50,2025-04-07T21:22:54.054306
0.6,0.5,61.0,0.0,0.28,99.72,50,2025-04-07T21:22:54.054307
0.6,0.5,62.0,0.0,0.28,99.72,50,2025-04-07T21:22:54.054308
0.6,0.5,63.0,0.0,0.28,99.72,50,2025-04-07T21:22:54.054309
0.6,0.5,64.0,0.0,0.28,99.72,50,2025-04-07T21:22:54.054310
0.6,0.5,65.0,0.0,0.28,99.72,50,2025-04-07T21:22:54.054311
0.6,0.5,66.0,0.0,0.28,99.72,50,2025-04-07T21:22:54.054312
0.6,0.5,67.0,0.0,0.28,99.72,50,2025-04-07T21:22:54.054313
0.6,0.5,68.0,0.0,0.28,99.72,50,2025-04-07T21:22:54.054314
0.6,0.5,69.0,0.0,0.28,99.72,50,2025-04-07T21:22:54.054315
0.6,0.5,70.0,0.0,0.28,99.72,50,2025-04-07T21:22:54.054316
0.6,0.5,71.0,0.0,0.28,99.72,50,2025-04-07T21:22:54.054317
0.6,0.5,72.0,0.0,0.28,99.72,50,2025-04-07T21:22:54.054318
0.6,0.5,73.0,0.0,0.28,99.72,50,2025-04-07T21:22:54.054319
0.6,0.5,74.0,0.0,0.28,99.72,50,2025-04-07T21:22:54.054320
0.6,0.5,75.0,0.0,0.28,99.72,50,2025-04-07T21:22:54.054321
0.6,0.5,76.0,0.0,0.28,99.72,50,2025-04-07T21:22:54.054322
0.6,0.5,77.0,0.0,0.28,99.72,50,2025-04-07T21:22:54.054323
0.6,0.5,78.0,0.0,0.28,99.72,50,2025-04-07T21:22:54.054324
0.6,0.5,79.0,0.0,0.28,99.72,50,2025-04-07T21:22:54.054325
0.6,0.5,80.0,0.0,0.28,99.72,50,2025-04-07T21:22:54.054326
0.6,0.5,81.0,0.0,0.28,99.72,50,2025-04-07T21:22:54.054327
0.6,0.5,82.0,0.0,0.28,99.72,50,2025-04-07T21:22:54.054328
0.6,0.5,83.0,0.0,0.28,99.72,50,2025-04-07T21:22:54.054329
0.6,0.5,84.0,0.0,0.28,99.72,50,2025-04-07T21:22:54.054330
0.6,0.5,85.0,0.0,0.28,99.72,50,2025-04-07T21:22:54.054331
0.6,0.5,86.0,0.0,0.28,99.72,50,2025-04-07T21:22:54.054332
0.6,0.5,87.0,0.0,0.28,99.72,50,2025-04-07T21:22:54.054334
0.6,0.5,88.0,0.0,0.28,99.72,50,2025-04-07T21:22:54.054335
0.6,0.5,89.0,0.0,0.28,99.72,50,2025-04-07T21:22:54.054336
0.6,0.5,90.0,0.0,0.28,99.72,50,2025-04-07T21:22:54.054338
0.6,0.5,91.0,0.0,0.28,99.72,50,2025-04-07T21:22:54.054339
0.6,0.5,92.0,0.0,0.28,99.72,50,2025-04-07T21:22:54.054340
0.6,0.5,93.0,0.0,0.28,99.72,50,2025-04-07T21:22:54.054341
0.6,0.5,94.0,0.0,0.28,99.72,50,2025-04-07T21:22:54.054342
0.6,0.5,95.0,0.0,0.28,99.72,50,2025-04-07T21:22:54.054343
0.6,0.5,96.0,0.0,0.28,99.72,50,2025-04-07T21:22:54.054346
0.6,0.5,97.0,0.0,0.28,99.72,50,2025-04-07T21:22:54.054347
0.6,0.5,98.0,0.0,0.28,99.72,50,2025-04-07T21:22:54.054348
0.6,0.5,99.0,0.0,0.28,99.72,50,2025-04-07T21:22:54.054349
0.6,0.5,100.0,0.0,0.28,99.72,50,2025-04-07T21:22:54.054350
0.6,0.6,0.0,95.0,5.0,0.0,50,2025-04-07T21:22:54.097232
0.6,0.6,1.0,0.0,55.86,44.14,50,2025-04-07T21:22:54.097238
0.6,0.6,2.0,0.0,29.32,70.68,50,2025-04-07T21:22:54.097240
0.6,0.6,3.0,0.0,15.84,84.16,50,2025-04-07T21:22:54.097241
0.6,0.6,4.0,0.0,7.96,92.04,50,2025-04-07T21:22:54.097242
0.6,0.6,5.0,0.0,3.96,96.04,50,2025-04-07T21:22:54.097243
0.6,0.6,6.0,0.0,1.9,98.1,50,2025-04-07T21:22:54.097244
0.6,0.6,7.0,0.0,0.94,99.06,50,2025-04-07T21:22:54.097245
0.6,0.6,8.0,0.0,0.58,99.42,50,2025-04-07T21:22:54.097246
0.6,0.6,9.0,0.0,0.48,99.52,50,2025-04-07T21:22:54.097247
0.6,0.6,10.0,0.0,0.44,99.56,50,2025-04-07T21:22:54.097249
0.6,0.6,11.0,0.0,0.42,99.58,50,2025-04-07T21:22:54.097250
0.6,0.6,12.0,0.0,0.42,99.58,50,2025-04-07T21:22:54.097251
0.6,0.6,13.0,0.0,0.42,99.58,50,2025-04-07T21:22:54.097252
0.6,0.6,14.0,0.0,0.42,99.58,50,2025-04-07T21:22:54.097253
0.6,0.6,15.0,0.0,0.42,99.58,50,2025-04-07T21:22:54.097254
0.6,0.6,16.0,0.0,0.42,99.58,50,2025-04-07T21:22:54.097255
0.6,0.6,17.0,0.0,0.42,99.58,50,2025-04-07T21:22:54.097256
0.6,0.6,18.0,0.0,0.42,99.58,50,2025-04-07T21:22:54.097257
0.6,0.6,19.0,0.0,0.42,99.58,50,2025-04-07T21:22:54.097258
0.6,0.6,20.0,0.0,0.42,99.58,50,2025-04-07T21:22:54.097259
0.6,0.6,21.0,0.0,0.42,99.58,50,2025-04-07T21:22:54.097260
0.6,0.6,22.0,0.0,0.42,99.58,50,2025-04-07T21:22:54.097261
0.6,0.6,23.0,0.0,0.42,99.58,50,2025-04-07T21:22:54.097262
0.6,0.6,24.0,0.0,0.42,99.58,50,2025-04-07T21:22:54.097263
0.6,0.6,25.0,0.0,0.42,99.58,50,2025-04-07T21:22:54.097265
0.6,0.6,26.0,0.0,0.42,99.58,50,2025-04-07T21:22:54.097266
0.6,0.6,27.0,0.0,0.42,99.58,50,2025-04-07T21:22:54.097267
0.6,0.6,28.0,0.0,0.42,99.58,50,2025-04-07T21:22:54.097268
0.6,0.6,29.0,0.0,0.42,99.58,50,2025-04-07T21:22:54.097269
0.6,0.6,30.0,0.0,0.42,99.58,50,2025-04-07T21:22:54.097270
0.6,0.6,31.0,0.0,0.42,99.58,50,2025-04-07T21:22:54.097271
0.6,0.6,32.0,0.0,0.42,99.58,50,2025-04-07T21:22:54.097272
0.6,0.6,33.0,0.0,0.42,99.58,50,2025-04-07T21:22:54.097273
0.6,0.6,34.0,0.0,0.42,99.58,50,2025-04-07T21:22:54.097274
0.6,0.6,35.0,0.0,0.42,99.58,50,2025-04-07T21:22:54.097275
0.6,0.6,36.0,0.0,0.42,99.58,50,2025-04-07T21:22:54.097276
0.6,0.6,37.0,0.0,0.42,99.58,50,2025-04-07T21:22:54.097277
0.6,0.6,38.0,0.0,0.42,99.58,50,2025-04-07T21:22:54.097278
0.6,0.6,39.0,0.0,0.42,99.58,50,2025-04-07T21:22:54.097279
0.6,0.6,40.0,0.0,0.42,99.58,50,2025-04-07T21:22:54.097280
0.6,0.6,41.0,0.0,0.42,99.58,50,2025-04-07T21:22:54.097281
0.6,0.6,42.0,0.0,0.42,99.58,50,2025-04-07T21:22:54.097282
0.6,0.6,43.0,0.0,0.42,99.58,50,2025-04-07T21:22:54.097283
0.6,0.6,44.0,0.0,0.42,99.58,50,2025-04-07T21:22:54.097284
0.6,0.6,45.0,0.0,0.42,99.58,50,2025-04-07T21:22:54.097285
0.6,0.6,46.0,0.0,0.42,99.58,50,2025-04-07T21:22:54.097288
0.6,0.6,47.0,0.0,0.42,99.58,50,2025-04-07T21:22:54.097289
0.6,0.6,48.0,0.0,0.42,99.58,50,2025-04-07T21:22:54.097290
0.6,0.6,49.0,0.0,0.42,99.58,50,2025-04-07T21:22:54.097291
0.6,0.6,50.0,0.0,0.42,99.58,50,2025-04-07T21:22:54.097292
0.6,0.6,51.0,0.0,0.42,99.58,50,2025-04-07T21:22:54.097293
0.6,0.6,52.0,0.0,0.42,99.58,50,2025-04-07T21:22:54.097294
0.6,0.6,53.0,0.0,0.42,99.58,50,2025-04-07T21:22:54.097295
0.6,0.6,54.0,0.0,0.42,99.58,50,2025-04-07T21:22:54.097296
0.6,0.6,55.0,0.0,0.42,99.58,50,2025-04-07T21:22:54.097297
0.6,0.6,56.0,0.0,0.42,99.58,50,2025-04-07T21:22:54.097298
0.6,0.6,57.0,0.0,0.42,99.58,50,2025-04-07T21:22:54.097299
0.6,0.6,58.0,0.0,0.42,99.58,50,2025-04-07T21:22:54.097301
0.6,0.6,59.0,0.0,0.42,99.58,50,2025-04-07T21:22:54.097302
0.6,0.6,60.0,0.0,0.42,99.58,50,2025-04-07T21:22:54.097303
0.6,0.6,61.0,0.0,0.42,99.58,50,2025-04-07T21:22:54.097304
0.6,0.6,62.0,0.0,0.42,99.58,50,2025-04-07T21:22:54.097305
0.6,0.6,63.0,0.0,0.42,99.58,50,2025-04-07T21:22:54.097306
0.6,0.6,64.0,0.0,0.42,99.58,50,2025-04-07T21:22:54.097307
0.6,0.6,65.0,0.0,0.42,99.58,50,2025-04-07T21:22:54.097308
0.6,0.6,66.0,0.0,0.42,99.58,50,2025-04-07T21:22:54.097309
0.6,0.6,67.0,0.0,0.42,99.58,50,2025-04-07T21:22:54.097310
0.6,0.6,68.0,0.0,0.42,99.58,50,2025-04-07T21:22:54.097311
0.6,0.6,69.0,0.0,0.42,99.58,50,2025-04-07T21:22:54.097312
0.6,0.6,70.0,0.0,0.42,99.58,50,2025-04-07T21:22:54.097313
0.6,0.6,71.0,0.0,0.42,99.58,50,2025-04-07T21:22:54.097314
0.6,0.6,72.0,0.0,0.42,99.58,50,2025-04-07T21:22:54.097315
0.6,0.6,73.0,0.0,0.42,99.58,50,2025-04-07T21:22:54.097316
0.6,0.6,74.0,0.0,0.42,99.58,50,2025-04-07T21:22:54.097317
0.6,0.6,75.0,0.0,0.42,99.58,50,2025-04-07T21:22:54.097318
0.6,0.6,76.0,0.0,0.42,99.58,50,2025-04-07T21:22:54.097319
0.6,0.6,77.0,0.0,0.42,99.58,50,2025-04-07T21:22:54.097320
0.6,0.6,78.0,0.0,0.42,99.58,50,2025-04-07T21:22:54.097321
0.6,0.6,79.0,0.0,0.42,99.58,50,2025-04-07T21:22:54.097322
0.6,0.6,80.0,0.0,0.42,99.58,50,2025-04-07T21:22:54.097323
0.6,0.6,81.0,0.0,0.42,99.58,50,2025-04-07T21:22:54.097324
0.6,0.6,82.0,0.0,0.42,99.58,50,2025-04-07T21:22:54.097325
0.6,0.6,83.0,0.0,0.42,99.58,50,2025-04-07T21:22:54.097326
0.6,0.6,84.0,0.0,0.42,99.58,50,2025-04-07T21:22:54.097327
0.6,0.6,85.0,0.0,0.42,99.58,50,2025-04-07T21:22:54.097328
0.6,0.6,86.0,0.0,0.42,99.58,50,2025-04-07T21:22:54.097329
0.6,0.6,87.0,0.0,0.42,99.58,50,2025-04-07T21:22:54.097330
0.6,0.6,88.0,0.0,0.42,99.58,50,2025-04-07T21:22:54.097331
0.6,0.6,89.0,0.0,0.42,99.58,50,2025-04-07T21:22:54.097332
0.6,0.6,90.0,0.0,0.42,99.58,50,2025-04-07T21:22:54.097333
0.6,0.6,91.0,0.0,0.42,99.58,50,2025-04-07T21:22:54.097334
0.6,0.6,92.0,0.0,0.42,99.58,50,2025-04-07T21:22:54.097335
0.6,0.6,93.0,0.0,0.42,99.58,50,2025-04-07T21:22:54.097336
0.6,0.6,94.0,0.0,0.42,99.58,50,2025-04-07T21:22:54.097338
0.6,0.6,95.0,0.0,0.42,99.58,50,2025-04-07T21:22:54.097339
0.6,0.6,96.0,0.0,0.42,99.58,50,2025-04-07T21:22:54.097340
0.6,0.6,97.0,0.0,0.42,99.58,50,2025-04-07T21:22:54.097341
0.6,0.6,98.0,0.0,0.42,99.58,50,2025-04-07T21:22:54.097342
0.6,0.6,99.0,0.0,0.42,99.58,50,2025-04-07T21:22:54.097343
0.6,0.6,100.0,0.0,0.42,99.58,50,2025-04-07T21:22:54.097344
0.6,0.7000000000000001,0.0,95.0,5.0,0.0,50,2025-04-07T21:22:54.169023
0.6,0.7000000000000001,1.0,0.0,50.6,49.4,50,2025-04-07T21:22:54.169030
0.6,0.7000000000000001,2.0,0.0,24.28,75.72,50,2025-04-07T21:22:54.169031
0.6,0.7000000000000001,3.0,0.0,11.62,88.38,50,2025-04-07T21:22:54.169032
0.6,0.7000000000000001,4.0,0.0,5.68,94.32,50,2025-04-07T21:22:54.169033
0.6,0.7000000000000001,5.0,0.0,2.36,97.64,50,2025-04-07T21:22:54.169034
0.6,0.7000000000000001,6.0,0.0,0.92,99.08,50,2025-04-07T21:22:54.169035
0.6,0.7000000000000001,7.0,0.0,0.54,99.46,50,2025-04-07T21:22:54.169036
0.6,0.7000000000000001,8.0,0.0,0.4,99.6,50,2025-04-07T21:22:54.169037
0.6,0.7000000000000001,9.0,0.0,0.36,99.64,50,2025-04-07T21:22:54.169038
0.6,0.7000000000000001,10.0,0.0,0.36,99.64,50,2025-04-07T21:22:54.169039
0.6,0.7000000000000001,11.0,0.0,0.36,99.64,50,2025-04-07T21:22:54.169041
0.6,0.7000000000000001,12.0,0.0,0.36,99.64,50,2025-04-07T21:22:54.169041
0.6,0.7000000000000001,13.0,0.0,0.36,99.64,50,2025-04-07T21:22:54.169042
0.6,0.7000000000000001,14.0,0.0,0.36,99.64,50,2025-04-07T21:22:54.169043
0.6,0.7000000000000001,15.0,0.0,0.36,99.64,50,2025-04-07T21:22:54.169044
0.6,0.7000000000000001,16.0,0.0,0.36,99.64,50,2025-04-07T21:22:54.169045
0.6,0.7000000000000001,17.0,0.0,0.36,99.64,50,2025-04-07T21:22:54.169046
0.6,0.7000000000000001,18.0,0.0,0.36,99.64,50,2025-04-07T21:22:54.169047
0.6,0.7000000000000001,19.0,0.0,0.36,99.64,50,2025-04-07T21:22:54.169048
0.6,0.7000000000000001,20.0,0.0,0.36,99.64,50,2025-04-07T21:22:54.169049
0.6,0.7000000000000001,21.0,0.0,0.36,99.64,50,2025-04-07T21:22:54.169050
0.6,0.7000000000000001,22.0,0.0,0.36,99.64,50,2025-04-07T21:22:54.169051
0.6,0.7000000000000001,23.0,0.0,0.36,99.64,50,2025-04-07T21:22:54.169052
0.6,0.7000000000000001,24.0,0.0,0.36,99.64,50,2025-04-07T21:22:54.169053
0.6,0.7000000000000001,25.0,0.0,0.36,99.64,50,2025-04-07T21:22:54.169054
0.6,0.7000000000000001,26.0,0.0,0.36,99.64,50,2025-04-07T21:22:54.169055
0.6,0.7000000000000001,27.0,0.0,0.36,99.64,50,2025-04-07T21:22:54.169056
0.6,0.7000000000000001,28.0,0.0,0.36,99.64,50,2025-04-07T21:22:54.169057
0.6,0.7000000000000001,29.0,0.0,0.36,99.64,50,2025-04-07T21:22:54.169058
0.6,0.7000000000000001,30.0,0.0,0.36,99.64,50,2025-04-07T21:22:54.169059
0.6,0.7000000000000001,31.0,0.0,0.36,99.64,50,2025-04-07T21:22:54.169060
0.6,0.7000000000000001,32.0,0.0,0.36,99.64,50,2025-04-07T21:22:54.169061
0.6,0.7000000000000001,33.0,0.0,0.36,99.64,50,2025-04-07T21:22:54.169062
0.6,0.7000000000000001,34.0,0.0,0.36,99.64,50,2025-04-07T21:22:54.169063
0.6,0.7000000000000001,35.0,0.0,0.36,99.64,50,2025-04-07T21:22:54.169064
0.6,0.7000000000000001,36.0,0.0,0.36,99.64,50,2025-04-07T21:22:54.169065
0.6,0.7000000000000001,37.0,0.0,0.36,99.64,50,2025-04-07T21:22:54.169066
0.6,0.7000000000000001,38.0,0.0,0.36,99.64,50,2025-04-07T21:22:54.169067
0.6,0.7000000000000001,39.0,0.0,0.36,99.64,50,2025-04-07T21:22:54.169068
0.6,0.7000000000000001,40.0,0.0,0.36,99.64,50,2025-04-07T21:22:54.169069
0.6,0.7000000000000001,41.0,0.0,0.36,99.64,50,2025-04-07T21:22:54.169070
0.6,0.7000000000000001,42.0,0.0,0.36,99.64,50,2025-04-07T21:22:54.169071
0.6,0.7000000000000001,43.0,0.0,0.36,99.64,50,2025-04-07T21:22:54.169072
0.6,0.7000000000000001,44.0,0.0,0.36,99.64,50,2025-04-07T21:22:54.169073
0.6,0.7000000000000001,45.0,0.0,0.36,99.64,50,2025-04-07T21:22:54.169074
0.6,0.7000000000000001,46.0,0.0,0.36,99.64,50,2025-04-07T21:22:54.169075
0.6,0.7000000000000001,47.0,0.0,0.36,99.64,50,2025-04-07T21:22:54.169076
0.6,0.7000000000000001,48.0,0.0,0.36,99.64,50,2025-04-07T21:22:54.169077
0.6,0.7000000000000001,49.0,0.0,0.36,99.64,50,2025-04-07T21:22:54.169078
0.6,0.7000000000000001,50.0,0.0,0.36,99.64,50,2025-04-07T21:22:54.169079
0.6,0.7000000000000001,51.0,0.0,0.36,99.64,50,2025-04-07T21:22:54.169080
0.6,0.7000000000000001,52.0,0.0,0.36,99.64,50,2025-04-07T21:22:54.169081
0.6,0.7000000000000001,53.0,0.0,0.36,99.64,50,2025-04-07T21:22:54.169082
0.6,0.7000000000000001,54.0,0.0,0.36,99.64,50,2025-04-07T21:22:54.169083
0.6,0.7000000000000001,55.0,0.0,0.36,99.64,50,2025-04-07T21:22:54.169084
0.6,0.7000000000000001,56.0,0.0,0.36,99.64,50,2025-04-07T21:22:54.169085
0.6,0.7000000000000001,57.0,0.0,0.36,99.64,50,2025-04-07T21:22:54.169086
0.6,0.7000000000000001,58.0,0.0,0.36,99.64,50,2025-04-07T21:22:54.169087
0.6,0.7000000000000001,59.0,0.0,0.36,99.64,50,2025-04-07T21:22:54.169088
0.6,0.7000000000000001,60.0,0.0,0.36,99.64,50,2025-04-07T21:22:54.169089
0.6,0.7000000000000001,61.0,0.0,0.36,99.64,50,2025-04-07T21:22:54.169090
0.6,0.7000000000000001,62.0,0.0,0.36,99.64,50,2025-04-07T21:22:54.169091
0.6,0.7000000000000001,63.0,0.0,0.36,99.64,50,2025-04-07T21:22:54.169092
0.6,0.7000000000000001,64.0,0.0,0.36,99.64,50,2025-04-07T21:22:54.169093
0.6,0.7000000000000001,65.0,0.0,0.36,99.64,50,2025-04-07T21:22:54.169094
0.6,0.7000000000000001,66.0,0.0,0.36,99.64,50,2025-04-07T21:22:54.169095
0.6,0.7000000000000001,67.0,0.0,0.36,99.64,50,2025-04-07T21:22:54.169096
0.6,0.7000000000000001,68.0,0.0,0.36,99.64,50,2025-04-07T21:22:54.169097
0.6,0.7000000000000001,69.0,0.0,0.36,99.64,50,2025-04-07T21:22:54.169098
0.6,0.7000000000000001,70.0,0.0,0.36,99.64,50,2025-04-07T21:22:54.169099
0.6,0.7000000000000001,71.0,0.0,0.36,99.64,50,2025-04-07T21:22:54.169100
0.6,0.7000000000000001,72.0,0.0,0.36,99.64,50,2025-04-07T21:22:54.169101
0.6,0.7000000000000001,73.0,0.0,0.36,99.64,50,2025-04-07T21:22:54.169102
0.6,0.7000000000000001,74.0,0.0,0.36,99.64,50,2025-04-07T21:22:54.169103
0.6,0.7000000000000001,75.0,0.0,0.36,99.64,50,2025-04-07T21:22:54.169104
0.6,0.7000000000000001,76.0,0.0,0.36,99.64,50,2025-04-07T21:22:54.169105
0.6,0.7000000000000001,77.0,0.0,0.36,99.64,50,2025-04-07T21:22:54.169106
0.6,0.7000000000000001,78.0,0.0,0.36,99.64,50,2025-04-07T21:22:54.169107
0.6,0.7000000000000001,79.0,0.0,0.36,99.64,50,2025-04-07T21:22:54.169108
0.6,0.7000000000000001,80.0,0.0,0.36,99.64,50,2025-04-07T21:22:54.169109
0.6,0.7000000000000001,81.0,0.0,0.36,99.64,50,2025-04-07T21:22:54.169110
0.6,0.7000000000000001,82.0,0.0,0.36,99.64,50,2025-04-07T21:22:54.169111
0.6,0.7000000000000001,83.0,0.0,0.36,99.64,50,2025-04-07T21:22:54.169112
0.6,0.7000000000000001,84.0,0.0,0.36,99.64,50,2025-04-07T21:22:54.169113
0.6,0.7000000000000001,85.0,0.0,0.36,99.64,50,2025-04-07T21:22:54.169114
0.6,0.7000000000000001,86.0,0.0,0.36,99.64,50,2025-04-07T21:22:54.169115
0.6,0.7000000000000001,87.0,0.0,0.36,99.64,50,2025-04-07T21:22:54.169116
0.6,0.7000000000000001,88.0,0.0,0.36,99.64,50,2025-04-07T21:22:54.169117
0.6,0.7000000000000001,89.0,0.0,0.36,99.64,50,2025-04-07T21:22:54.169118
0.6,0.7000000000000001,90.0,0.0,0.36,99.64,50,2025-04-07T21:22:54.169119
0.6,0.7000000000000001,91.0,0.0,0.36,99.64,50,2025-04-07T21:22:54.169120
0.6,0.7000000000000001,92.0,0.0,0.36,99.64,50,2025-04-07T21:22:54.169121
0.6,0.7000000000000001,93.0,0.0,0.36,99.64,50,2025-04-07T21:22:54.169122
0.6,0.7000000000000001,94.0,0.0,0.36,99.64,50,2025-04-07T21:22:54.169123
0.6,0.7000000000000001,95.0,0.0,0.36,99.64,50,2025-04-07T21:22:54.169124
0.6,0.7000000000000001,96.0,0.0,0.36,99.64,50,2025-04-07T21:22:54.169125
0.6,0.7000000000000001,97.0,0.0,0.36,99.64,50,2025-04-07T21:22:54.169126
0.6,0.7000000000000001,98.0,0.0,0.36,99.64,50,2025-04-07T21:22:54.169127
0.6,0.7000000000000001,99.0,0.0,0.36,99.64,50,2025-04-07T21:22:54.169128
0.6,0.7000000000000001,100.0,0.0,0.36,99.64,50,2025-04-07T21:22:54.169129
0.6,0.8,0.0,95.0,5.0,0.0,50,2025-04-07T21:22:54.206570
0.6,0.8,1.0,0.0,44.92,55.08,50,2025-04-07T21:22:54.206577
0.6,0.8,2.0,0.0,19.16,80.84,50,2025-04-07T21:22:54.206579
0.6,0.8,3.0,0.0,8.38,91.62,50,2025-04-07T21:22:54.206580
0.6,0.8,4.0,0.0,3.12,96.88,50,2025-04-07T21:22:54.206581
0.6,0.8,5.0,0.0,1.56,98.44,50,2025-04-07T21:22:54.206582
0.6,0.8,6.0,0.0,0.88,99.12,50,2025-04-07T21:22:54.206602
0.6,0.8,7.0,0.0,0.78,99.22,50,2025-04-07T21:22:54.206604
0.6,0.8,8.0,0.0,0.74,99.26,50,2025-04-07T21:22:54.206605
0.6,0.8,9.0,0.0,0.74,99.26,50,2025-04-07T21:22:54.206606
0.6,0.8,10.0,0.0,0.7,99.3,50,2025-04-07T21:22:54.206607
0.6,0.8,11.0,0.0,0.7,99.3,50,2025-04-07T21:22:54.206608
0.6,0.8,12.0,0.0,0.7,99.3,50,2025-04-07T21:22:54.206609
0.6,0.8,13.0,0.0,0.7,99.3,50,2025-04-07T21:22:54.206610
0.6,0.8,14.0,0.0,0.7,99.3,50,2025-04-07T21:22:54.206611
0.6,0.8,15.0,0.0,0.7,99.3,50,2025-04-07T21:22:54.206612
0.6,0.8,16.0,0.0,0.7,99.3,50,2025-04-07T21:22:54.206613
0.6,0.8,17.0,0.0,0.7,99.3,50,2025-04-07T21:22:54.206615
0.6,0.8,18.0,0.0,0.7,99.3,50,2025-04-07T21:22:54.206616
0.6,0.8,19.0,0.0,0.7,99.3,50,2025-04-07T21:22:54.206617
0.6,0.8,20.0,0.0,0.7,99.3,50,2025-04-07T21:22:54.206618
0.6,0.8,21.0,0.0,0.7,99.3,50,2025-04-07T21:22:54.206619
0.6,0.8,22.0,0.0,0.7,99.3,50,2025-04-07T21:22:54.206620
0.6,0.8,23.0,0.0,0.7,99.3,50,2025-04-07T21:22:54.206621
0.6,0.8,24.0,0.0,0.7,99.3,50,2025-04-07T21:22:54.206622
0.6,0.8,25.0,0.0,0.7,99.3,50,2025-04-07T21:22:54.206624
0.6,0.8,26.0,0.0,0.7,99.3,50,2025-04-07T21:22:54.206625
0.6,0.8,27.0,0.0,0.7,99.3,50,2025-04-07T21:22:54.206627
0.6,0.8,28.0,0.0,0.7,99.3,50,2025-04-07T21:22:54.206628
0.6,0.8,29.0,0.0,0.7,99.3,50,2025-04-07T21:22:54.206629
0.6,0.8,30.0,0.0,0.7,99.3,50,2025-04-07T21:22:54.206630
0.6,0.8,31.0,0.0,0.7,99.3,50,2025-04-07T21:22:54.206631
0.6,0.8,32.0,0.0,0.7,99.3,50,2025-04-07T21:22:54.206632
0.6,0.8,33.0,0.0,0.7,99.3,50,2025-04-07T21:22:54.206633
0.6,0.8,34.0,0.0,0.7,99.3,50,2025-04-07T21:22:54.206635
0.6,0.8,35.0,0.0,0.7,99.3,50,2025-04-07T21:22:54.206636
0.6,0.8,36.0,0.0,0.7,99.3,50,2025-04-07T21:22:54.206637
0.6,0.8,37.0,0.0,0.7,99.3,50,2025-04-07T21:22:54.206638
0.6,0.8,38.0,0.0,0.7,99.3,50,2025-04-07T21:22:54.206639
0.6,0.8,39.0,0.0,0.7,99.3,50,2025-04-07T21:22:54.206640
0.6,0.8,40.0,0.0,0.7,99.3,50,2025-04-07T21:22:54.206641
0.6,0.8,41.0,0.0,0.7,99.3,50,2025-04-07T21:22:54.206642
0.6,0.8,42.0,0.0,0.7,99.3,50,2025-04-07T21:22:54.206643
0.6,0.8,43.0,0.0,0.7,99.3,50,2025-04-07T21:22:54.206644
0.6,0.8,44.0,0.0,0.7,99.3,50,2025-04-07T21:22:54.206645
0.6,0.8,45.0,0.0,0.7,99.3,50,2025-04-07T21:22:54.206646
0.6,0.8,46.0,0.0,0.7,99.3,50,2025-04-07T21:22:54.206648
0.6,0.8,47.0,0.0,0.7,99.3,50,2025-04-07T21:22:54.206649
0.6,0.8,48.0,0.0,0.7,99.3,50,2025-04-07T21:22:54.206650
0.6,0.8,49.0,0.0,0.7,99.3,50,2025-04-07T21:22:54.206651
0.6,0.8,50.0,0.0,0.7,99.3,50,2025-04-07T21:22:54.206652
0.6,0.8,51.0,0.0,0.7,99.3,50,2025-04-07T21:22:54.206653
0.6,0.8,52.0,0.0,0.7,99.3,50,2025-04-07T21:22:54.206654
0.6,0.8,53.0,0.0,0.7,99.3,50,2025-04-07T21:22:54.206655
0.6,0.8,54.0,0.0,0.7,99.3,50,2025-04-07T21:22:54.206656
0.6,0.8,55.0,0.0,0.7,99.3,50,2025-04-07T21:22:54.206658
0.6,0.8,56.0,0.0,0.7,99.3,50,2025-04-07T21:22:54.206665
0.6,0.8,57.0,0.0,0.7,99.3,50,2025-04-07T21:22:54.206666
0.6,0.8,58.0,0.0,0.7,99.3,50,2025-04-07T21:22:54.206667
0.6,0.8,59.0,0.0,0.7,99.3,50,2025-04-07T21:22:54.206668
0.6,0.8,60.0,0.0,0.7,99.3,50,2025-04-07T21:22:54.206669
0.6,0.8,61.0,0.0,0.7,99.3,50,2025-04-07T21:22:54.206670
0.6,0.8,62.0,0.0,0.7,99.3,50,2025-04-07T21:22:54.206671
0.6,0.8,63.0,0.0,0.7,99.3,50,2025-04-07T21:22:54.206672
0.6,0.8,64.0,0.0,0.7,99.3,50,2025-04-07T21:22:54.206673
0.6,0.8,65.0,0.0,0.7,99.3,50,2025-04-07T21:22:54.206674
0.6,0.8,66.0,0.0,0.7,99.3,50,2025-04-07T21:22:54.206675
0.6,0.8,67.0,0.0,0.7,99.3,50,2025-04-07T21:22:54.206676
0.6,0.8,68.0,0.0,0.7,99.3,50,2025-04-07T21:22:54.206677
0.6,0.8,69.0,0.0,0.7,99.3,50,2025-04-07T21:22:54.206678
0.6,0.8,70.0,0.0,0.7,99.3,50,2025-04-07T21:22:54.206680
0.6,0.8,71.0,0.0,0.7,99.3,50,2025-04-07T21:22:54.206681
0.6,0.8,72.0,0.0,0.7,99.3,50,2025-04-07T21:22:54.206682
0.6,0.8,73.0,0.0,0.7,99.3,50,2025-04-07T21:22:54.206683
0.6,0.8,74.0,0.0,0.7,99.3,50,2025-04-07T21:22:54.206684
0.6,0.8,75.0,0.0,0.7,99.3,50,2025-04-07T21:22:54.206685
0.6,0.8,76.0,0.0,0.7,99.3,50,2025-04-07T21:22:54.206686
0.6,0.8,77.0,0.0,0.7,99.3,50,2025-04-07T21:22:54.206687
0.6,0.8,78.0,0.0,0.7,99.3,50,2025-04-07T21:22:54.206688
0.6,0.8,79.0,0.0,0.7,99.3,50,2025-04-07T21:22:54.206689
0.6,0.8,80.0,0.0,0.7,99.3,50,2025-04-07T21:22:54.206690
0.6,0.8,81.0,0.0,0.7,99.3,50,2025-04-07T21:22:54.206691
0.6,0.8,82.0,0.0,0.7,99.3,50,2025-04-07T21:22:54.206692
0.6,0.8,83.0,0.0,0.7,99.3,50,2025-04-07T21:22:54.206693
0.6,0.8,84.0,0.0,0.7,99.3,50,2025-04-07T21:22:54.206694
0.6,0.8,85.0,0.0,0.7,99.3,50,2025-04-07T21:22:54.206695
0.6,0.8,86.0,0.0,0.7,99.3,50,2025-04-07T21:22:54.206696
0.6,0.8,87.0,0.0,0.7,99.3,50,2025-04-07T21:22:54.206697
0.6,0.8,88.0,0.0,0.7,99.3,50,2025-04-07T21:22:54.206698
0.6,0.8,89.0,0.0,0.7,99.3,50,2025-04-07T21:22:54.206699
0.6,0.8,90.0,0.0,0.7,99.3,50,2025-04-07T21:22:54.206700
0.6,0.8,91.0,0.0,0.7,99.3,50,2025-04-07T21:22:54.206701
0.6,0.8,92.0,0.0,0.7,99.3,50,2025-04-07T21:22:54.206702
0.6,0.8,93.0,0.0,0.7,99.3,50,2025-04-07T21:22:54.206703
0.6,0.8,94.0,0.0,0.7,99.3,50,2025-04-07T21:22:54.206704
0.6,0.8,95.0,0.0,0.7,99.3,50,2025-04-07T21:22:54.206705
0.6,0.8,96.0,0.0,0.7,99.3,50,2025-04-07T21:22:54.206706
0.6,0.8,97.0,0.0,0.7,99.3,50,2025-04-07T21:22:54.206707
0.6,0.8,98.0,0.0,0.7,99.3,50,2025-04-07T21:22:54.206708
0.6,0.8,99.0,0.0,0.7,99.3,50,2025-04-07T21:22:54.206709
0.6,0.8,100.0,0.0,0.7,99.3,50,2025-04-07T21:22:54.206710
0.6,0.9,0.0,95.0,5.0,0.0,50,2025-04-07T21:22:54.242169
0.6,0.9,1.0,0.0,41.8,58.2,50,2025-04-07T21:22:54.242174
0.6,0.9,2.0,0.0,17.0,83.0,50,2025-04-07T21:22:54.242176
0.6,0.9,3.0,0.0,6.02,93.98,50,2025-04-07T21:22:54.242177
0.6,0.9,4.0,0.0,1.98,98.02,50,2025-04-07T21:22:54.242178
0.6,0.9,5.0,0.0,0.72,99.28,50,2025-04-07T21:22:54.242179
0.6,0.9,6.0,0.0,0.64,99.36,50,2025-04-07T21:22:54.242180
0.6,0.9,7.0,0.0,0.6,99.4,50,2025-04-07T21:22:54.242181
0.6,0.9,8.0,0.0,0.6,99.4,50,2025-04-07T21:22:54.242182
0.6,0.9,9.0,0.0,0.6,99.4,50,2025-04-07T21:22:54.242183
0.6,0.9,10.0,0.0,0.6,99.4,50,2025-04-07T21:22:54.242184
0.6,0.9,11.0,0.0,0.6,99.4,50,2025-04-07T21:22:54.242185
0.6,0.9,12.0,0.0,0.6,99.4,50,2025-04-07T21:22:54.242186
0.6,0.9,13.0,0.0,0.6,99.4,50,2025-04-07T21:22:54.242187
0.6,0.9,14.0,0.0,0.6,99.4,50,2025-04-07T21:22:54.242188
0.6,0.9,15.0,0.0,0.6,99.4,50,2025-04-07T21:22:54.242189
0.6,0.9,16.0,0.0,0.6,99.4,50,2025-04-07T21:22:54.242190
0.6,0.9,17.0,0.0,0.6,99.4,50,2025-04-07T21:22:54.242191
0.6,0.9,18.0,0.0,0.6,99.4,50,2025-04-07T21:22:54.242192
0.6,0.9,19.0,0.0,0.6,99.4,50,2025-04-07T21:22:54.242193
0.6,0.9,20.0,0.0,0.6,99.4,50,2025-04-07T21:22:54.242194
0.6,0.9,21.0,0.0,0.6,99.4,50,2025-04-07T21:22:54.242195
0.6,0.9,22.0,0.0,0.6,99.4,50,2025-04-07T21:22:54.242196
0.6,0.9,23.0,0.0,0.6,99.4,50,2025-04-07T21:22:54.242197
0.6,0.9,24.0,0.0,0.6,99.4,50,2025-04-07T21:22:54.242198
0.6,0.9,25.0,0.0,0.6,99.4,50,2025-04-07T21:22:54.242199
0.6,0.9,26.0,0.0,0.6,99.4,50,2025-04-07T21:22:54.242200
0.6,0.9,27.0,0.0,0.6,99.4,50,2025-04-07T21:22:54.242201
0.6,0.9,28.0,0.0,0.6,99.4,50,2025-04-07T21:22:54.242202
0.6,0.9,29.0,0.0,0.6,99.4,50,2025-04-07T21:22:54.242204
0.6,0.9,30.0,0.0,0.6,99.4,50,2025-04-07T21:22:54.242205
0.6,0.9,31.0,0.0,0.6,99.4,50,2025-04-07T21:22:54.242206
0.6,0.9,32.0,0.0,0.6,99.4,50,2025-04-07T21:22:54.242207
0.6,0.9,33.0,0.0,0.6,99.4,50,2025-04-07T21:22:54.242208
0.6,0.9,34.0,0.0,0.6,99.4,50,2025-04-07T21:22:54.242209
0.6,0.9,35.0,0.0,0.6,99.4,50,2025-04-07T21:22:54.242210
0.6,0.9,36.0,0.0,0.6,99.4,50,2025-04-07T21:22:54.242211
0.6,0.9,37.0,0.0,0.6,99.4,50,2025-04-07T21:22:54.242212
0.6,0.9,38.0,0.0,0.6,99.4,50,2025-04-07T21:22:54.242213
0.6,0.9,39.0,0.0,0.6,99.4,50,2025-04-07T21:22:54.242214
0.6,0.9,40.0,0.0,0.6,99.4,50,2025-04-07T21:22:54.242215
0.6,0.9,41.0,0.0,0.6,99.4,50,2025-04-07T21:22:54.242216
0.6,0.9,42.0,0.0,0.6,99.4,50,2025-04-07T21:22:54.242217
0.6,0.9,43.0,0.0,0.6,99.4,50,2025-04-07T21:22:54.242218
0.6,0.9,44.0,0.0,0.6,99.4,50,2025-04-07T21:22:54.242219
0.6,0.9,45.0,0.0,0.6,99.4,50,2025-04-07T21:22:54.242220
0.6,0.9,46.0,0.0,0.6,99.4,50,2025-04-07T21:22:54.242221
0.6,0.9,47.0,0.0,0.6,99.4,50,2025-04-07T21:22:54.242222
0.6,0.9,48.0,0.0,0.6,99.4,50,2025-04-07T21:22:54.242223
0.6,0.9,49.0,0.0,0.6,99.4,50,2025-04-07T21:22:54.242224
0.6,0.9,50.0,0.0,0.6,99.4,50,2025-04-07T21:22:54.242225
0.6,0.9,51.0,0.0,0.6,99.4,50,2025-04-07T21:22:54.242226
0.6,0.9,52.0,0.0,0.6,99.4,50,2025-04-07T21:22:54.242227
0.6,0.9,53.0,0.0,0.6,99.4,50,2025-04-07T21:22:54.242228
0.6,0.9,54.0,0.0,0.6,99.4,50,2025-04-07T21:22:54.242229
0.6,0.9,55.0,0.0,0.6,99.4,50,2025-04-07T21:22:54.242230
0.6,0.9,56.0,0.0,0.6,99.4,50,2025-04-07T21:22:54.242231
0.6,0.9,57.0,0.0,0.6,99.4,50,2025-04-07T21:22:54.242232
0.6,0.9,58.0,0.0,0.6,99.4,50,2025-04-07T21:22:54.242233
0.6,0.9,59.0,0.0,0.6,99.4,50,2025-04-07T21:22:54.242234
0.6,0.9,60.0,0.0,0.6,99.4,50,2025-04-07T21:22:54.242235
0.6,0.9,61.0,0.0,0.6,99.4,50,2025-04-07T21:22:54.242236
0.6,0.9,62.0,0.0,0.6,99.4,50,2025-04-07T21:22:54.242237
0.6,0.9,63.0,0.0,0.6,99.4,50,2025-04-07T21:22:54.242238
0.6,0.9,64.0,0.0,0.6,99.4,50,2025-04-07T21:22:54.242239
0.6,0.9,65.0,0.0,0.6,99.4,50,2025-04-07T21:22:54.242240
0.6,0.9,66.0,0.0,0.6,99.4,50,2025-04-07T21:22:54.242241
0.6,0.9,67.0,0.0,0.6,99.4,50,2025-04-07T21:22:54.242242
0.6,0.9,68.0,0.0,0.6,99.4,50,2025-04-07T21:22:54.242243
0.6,0.9,69.0,0.0,0.6,99.4,50,2025-04-07T21:22:54.242244
0.6,0.9,70.0,0.0,0.6,99.4,50,2025-04-07T21:22:54.242245
0.6,0.9,71.0,0.0,0.6,99.4,50,2025-04-07T21:22:54.242246
0.6,0.9,72.0,0.0,0.6,99.4,50,2025-04-07T21:22:54.242247
0.6,0.9,73.0,0.0,0.6,99.4,50,2025-04-07T21:22:54.242248
0.6,0.9,74.0,0.0,0.6,99.4,50,2025-04-07T21:22:54.242249
0.6,0.9,75.0,0.0,0.6,99.4,50,2025-04-07T21:22:54.242257
0.6,0.9,76.0,0.0,0.6,99.4,50,2025-04-07T21:22:54.242258
0.6,0.9,77.0,0.0,0.6,99.4,50,2025-04-07T21:22:54.242259
0.6,0.9,78.0,0.0,0.6,99.4,50,2025-04-07T21:22:54.242260
0.6,0.9,79.0,0.0,0.6,99.4,50,2025-04-07T21:22:54.242261
0.6,0.9,80.0,0.0,0.6,99.4,50,2025-04-07T21:22:54.242262
0.6,0.9,81.0,0.0,0.6,99.4,50,2025-04-07T21:22:54.242263
0.6,0.9,82.0,0.0,0.6,99.4,50,2025-04-07T21:22:54.242264
0.6,0.9,83.0,0.0,0.6,99.4,50,2025-04-07T21:22:54.242265
0.6,0.9,84.0,0.0,0.6,99.4,50,2025-04-07T21:22:54.242266
0.6,0.9,85.0,0.0,0.6,99.4,50,2025-04-07T21:22:54.242267
0.6,0.9,86.0,0.0,0.6,99.4,50,2025-04-07T21:22:54.242268
0.6,0.9,87.0,0.0,0.6,99.4,50,2025-04-07T21:22:54.242268
0.6,0.9,88.0,0.0,0.6,99.4,50,2025-04-07T21:22:54.242269
0.6,0.9,89.0,0.0,0.6,99.4,50,2025-04-07T21:22:54.242270
0.6,0.9,90.0,0.0,0.6,99.4,50,2025-04-07T21:22:54.242271
0.6,0.9,91.0,0.0,0.6,99.4,50,2025-04-07T21:22:54.242272
0.6,0.9,92.0,0.0,0.6,99.4,50,2025-04-07T21:22:54.242273
0.6,0.9,93.0,0.0,0.6,99.4,50,2025-04-07T21:22:54.242274
0.6,0.9,94.0,0.0,0.6,99.4,50,2025-04-07T21:22:54.242275
0.6,0.9,95.0,0.0,0.6,99.4,50,2025-04-07T21:22:54.242276
0.6,0.9,96.0,0.0,0.6,99.4,50,2025-04-07T21:22:54.242277
0.6,0.9,97.0,0.0,0.6,99.4,50,2025-04-07T21:22:54.242278
0.6,0.9,98.0,0.0,0.6,99.4,50,2025-04-07T21:22:54.242279
0.6,0.9,99.0,0.0,0.6,99.4,50,2025-04-07T21:22:54.242280
0.6,0.9,100.0,0.0,0.6,99.4,50,2025-04-07T21:22:54.242281
0.6,1.0,0.0,95.0,5.0,0.0,50,2025-04-07T21:22:54.278820
0.6,1.0,1.0,0.0,37.02,62.98,50,2025-04-07T21:22:54.278825
0.6,1.0,2.0,0.0,13.32,86.68,50,2025-04-07T21:22:54.278827
0.6,1.0,3.0,0.0,4.4,95.6,50,2025-04-07T21:22:54.278828
0.6,1.0,4.0,0.0,1.22,98.78,50,2025-04-07T21:22:54.278829
0.6,1.0,5.0,0.0,0.62,99.38,50,2025-04-07T21:22:54.278830
0.6,1.0,6.0,0.0,0.48,99.52,50,2025-04-07T21:22:54.278831
0.6,1.0,7.0,0.0,0.48,99.52,50,2025-04-07T21:22:54.278832
0.6,1.0,8.0,0.0,0.48,99.52,50,2025-04-07T21:22:54.278833
0.6,1.0,9.0,0.0,0.48,99.52,50,2025-04-07T21:22:54.278834
0.6,1.0,10.0,0.0,0.48,99.52,50,2025-04-07T21:22:54.278836
0.6,1.0,11.0,0.0,0.48,99.52,50,2025-04-07T21:22:54.278837
0.6,1.0,12.0,0.0,0.48,99.52,50,2025-04-07T21:22:54.278838
0.6,1.0,13.0,0.0,0.48,99.52,50,2025-04-07T21:22:54.278839
0.6,1.0,14.0,0.0,0.48,99.52,50,2025-04-07T21:22:54.278840
0.6,1.0,15.0,0.0,0.48,99.52,50,2025-04-07T21:22:54.278841
0.6,1.0,16.0,0.0,0.48,99.52,50,2025-04-07T21:22:54.278842
0.6,1.0,17.0,0.0,0.48,99.52,50,2025-04-07T21:22:54.278843
0.6,1.0,18.0,0.0,0.48,99.52,50,2025-04-07T21:22:54.278844
0.6,1.0,19.0,0.0,0.48,99.52,50,2025-04-07T21:22:54.278845
0.6,1.0,20.0,0.0,0.48,99.52,50,2025-04-07T21:22:54.278846
0.6,1.0,21.0,0.0,0.48,99.52,50,2025-04-07T21:22:54.278847
0.6,1.0,22.0,0.0,0.48,99.52,50,2025-04-07T21:22:54.278848
0.6,1.0,23.0,0.0,0.48,99.52,50,2025-04-07T21:22:54.278849
0.6,1.0,24.0,0.0,0.48,99.52,50,2025-04-07T21:22:54.278850
0.6,1.0,25.0,0.0,0.48,99.52,50,2025-04-07T21:22:54.278851
0.6,1.0,26.0,0.0,0.48,99.52,50,2025-04-07T21:22:54.278852
0.6,1.0,27.0,0.0,0.48,99.52,50,2025-04-07T21:22:54.278853
0.6,1.0,28.0,0.0,0.48,99.52,50,2025-04-07T21:22:54.278854
0.6,1.0,29.0,0.0,0.48,99.52,50,2025-04-07T21:22:54.278855
0.6,1.0,30.0,0.0,0.48,99.52,50,2025-04-07T21:22:54.278856
0.6,1.0,31.0,0.0,0.48,99.52,50,2025-04-07T21:22:54.278857
0.6,1.0,32.0,0.0,0.48,99.52,50,2025-04-07T21:22:54.278858
0.6,1.0,33.0,0.0,0.48,99.52,50,2025-04-07T21:22:54.278859
0.6,1.0,34.0,0.0,0.48,99.52,50,2025-04-07T21:22:54.278861
0.6,1.0,35.0,0.0,0.48,99.52,50,2025-04-07T21:22:54.278862
0.6,1.0,36.0,0.0,0.48,99.52,50,2025-04-07T21:22:54.278863
0.6,1.0,37.0,0.0,0.48,99.52,50,2025-04-07T21:22:54.278864
0.6,1.0,38.0,0.0,0.48,99.52,50,2025-04-07T21:22:54.278864
0.6,1.0,39.0,0.0,0.48,99.52,50,2025-04-07T21:22:54.278866
0.6,1.0,40.0,0.0,0.48,99.52,50,2025-04-07T21:22:54.278867
0.6,1.0,41.0,0.0,0.48,99.52,50,2025-04-07T21:22:54.278867
0.6,1.0,42.0,0.0,0.48,99.52,50,2025-04-07T21:22:54.278869
0.6,1.0,43.0,0.0,0.48,99.52,50,2025-04-07T21:22:54.278870
0.6,1.0,44.0,0.0,0.48,99.52,50,2025-04-07T21:22:54.278871
0.6,1.0,45.0,0.0,0.48,99.52,50,2025-04-07T21:22:54.278872
0.6,1.0,46.0,0.0,0.48,99.52,50,2025-04-07T21:22:54.278873
0.6,1.0,47.0,0.0,0.48,99.52,50,2025-04-07T21:22:54.278874
0.6,1.0,48.0,0.0,0.48,99.52,50,2025-04-07T21:22:54.278875
0.6,1.0,49.0,0.0,0.48,99.52,50,2025-04-07T21:22:54.278876
0.6,1.0,50.0,0.0,0.48,99.52,50,2025-04-07T21:22:54.278877
0.6,1.0,51.0,0.0,0.48,99.52,50,2025-04-07T21:22:54.278878
0.6,1.0,52.0,0.0,0.48,99.52,50,2025-04-07T21:22:54.278879
0.6,1.0,53.0,0.0,0.48,99.52,50,2025-04-07T21:22:54.278880
0.6,1.0,54.0,0.0,0.48,99.52,50,2025-04-07T21:22:54.278881
0.6,1.0,55.0,0.0,0.48,99.52,50,2025-04-07T21:22:54.278882
0.6,1.0,56.0,0.0,0.48,99.52,50,2025-04-07T21:22:54.278883
0.6,1.0,57.0,0.0,0.48,99.52,50,2025-04-07T21:22:54.278884
0.6,1.0,58.0,0.0,0.48,99.52,50,2025-04-07T21:22:54.278885
0.6,1.0,59.0,0.0,0.48,99.52,50,2025-04-07T21:22:54.278886
0.6,1.0,60.0,0.0,0.48,99.52,50,2025-04-07T21:22:54.278887
0.6,1.0,61.0,0.0,0.48,99.52,50,2025-04-07T21:22:54.278888
0.6,1.0,62.0,0.0,0.48,99.52,50,2025-04-07T21:22:54.278889
0.6,1.0,63.0,0.0,0.48,99.52,50,2025-04-07T21:22:54.278890
0.6,1.0,64.0,0.0,0.48,99.52,50,2025-04-07T21:22:54.278891
0.6,1.0,65.0,0.0,0.48,99.52,50,2025-04-07T21:22:54.278892
0.6,1.0,66.0,0.0,0.48,99.52,50,2025-04-07T21:22:54.278893
0.6,1.0,67.0,0.0,0.48,99.52,50,2025-04-07T21:22:54.278894
0.6,1.0,68.0,0.0,0.48,99.52,50,2025-04-07T21:22:54.278895
0.6,1.0,69.0,0.0,0.48,99.52,50,2025-04-07T21:22:54.278896
0.6,1.0,70.0,0.0,0.48,99.52,50,2025-04-07T21:22:54.278897
0.6,1.0,71.0,0.0,0.48,99.52,50,2025-04-07T21:22:54.278898
0.6,1.0,72.0,0.0,0.48,99.52,50,2025-04-07T21:22:54.278899
0.6,1.0,73.0,0.0,0.48,99.52,50,2025-04-07T21:22:54.278900
0.6,1.0,74.0,0.0,0.48,99.52,50,2025-04-07T21:22:54.278901
0.6,1.0,75.0,0.0,0.48,99.52,50,2025-04-07T21:22:54.278902
0.6,1.0,76.0,0.0,0.48,99.52,50,2025-04-07T21:22:54.278903
0.6,1.0,77.0,0.0,0.48,99.52,50,2025-04-07T21:22:54.278904
0.6,1.0,78.0,0.0,0.48,99.52,50,2025-04-07T21:22:54.278905
0.6,1.0,79.0,0.0,0.48,99.52,50,2025-04-07T21:22:54.278906
0.6,1.0,80.0,0.0,0.48,99.52,50,2025-04-07T21:22:54.278907
0.6,1.0,81.0,0.0,0.48,99.52,50,2025-04-07T21:22:54.278908
0.6,1.0,82.0,0.0,0.48,99.52,50,2025-04-07T21:22:54.278909
0.6,1.0,83.0,0.0,0.48,99.52,50,2025-04-07T21:22:54.278910
0.6,1.0,84.0,0.0,0.48,99.52,50,2025-04-07T21:22:54.278911
0.6,1.0,85.0,0.0,0.48,99.52,50,2025-04-07T21:22:54.278912
0.6,1.0,86.0,0.0,0.48,99.52,50,2025-04-07T21:22:54.278913
0.6,1.0,87.0,0.0,0.48,99.52,50,2025-04-07T21:22:54.278914
0.6,1.0,88.0,0.0,0.48,99.52,50,2025-04-07T21:22:54.278915
0.6,1.0,89.0,0.0,0.48,99.52,50,2025-04-07T21:22:54.278916
0.6,1.0,90.0,0.0,0.48,99.52,50,2025-04-07T21:22:54.278917
0.6,1.0,91.0,0.0,0.48,99.52,50,2025-04-07T21:22:54.278918
0.6,1.0,92.0,0.0,0.48,99.52,50,2025-04-07T21:22:54.278919
0.6,1.0,93.0,0.0,0.48,99.52,50,2025-04-07T21:22:54.278920
0.6,1.0,94.0,0.0,0.48,99.52,50,2025-04-07T21:22:54.278921
0.6,1.0,95.0,0.0,0.48,99.52,50,2025-04-07T21:22:54.278926
0.6,1.0,96.0,0.0,0.48,99.52,50,2025-04-07T21:22:54.278927
0.6,1.0,97.0,0.0,0.48,99.52,50,2025-04-07T21:22:54.278928
0.6,1.0,98.0,0.0,0.48,99.52,50,2025-04-07T21:22:54.278929
0.6,1.0,99.0,0.0,0.48,99.52,50,2025-04-07T21:22:54.278931
0.6,1.0,100.0,0.0,0.48,99.52,50,2025-04-07T21:22:54.278932
0.7000000000000001,0.1,0.0,95.0,5.0,0.0,50,2025-04-07T21:22:54.317261
0.7000000000000001,0.1,1.0,0.0,89.36,10.64,50,2025-04-07T21:22:54.317267
0.7000000000000001,0.1,2.0,0.0,81.34,18.66,50,2025-04-07T21:22:54.317269
0.7000000000000001,0.1,3.0,0.0,73.76,26.24,50,2025-04-07T21:22:54.317270
0.7000000000000001,0.1,4.0,0.0,66.44,33.56,50,2025-04-07T21:22:54.317271
0.7000000000000001,0.1,5.0,0.0,60.32,39.68,50,2025-04-07T21:22:54.317272
0.7000000000000001,0.1,6.0,0.0,54.36,45.64,50,2025-04-07T21:22:54.317273
0.7000000000000001,0.1,7.0,0.0,49.44,50.56,50,2025-04-07T21:22:54.317274
0.7000000000000001,0.1,8.0,0.0,44.62,55.38,50,2025-04-07T21:22:54.317275
0.7000000000000001,0.1,9.0,0.0,41.04,58.96,50,2025-04-07T21:22:54.317276
0.7000000000000001,0.1,10.0,0.0,37.26,62.74,50,2025-04-07T21:22:54.317277
0.7000000000000001,0.1,11.0,0.0,33.5,66.5,50,2025-04-07T21:22:54.317278
0.7000000000000001,0.1,12.0,0.0,30.02,69.98,50,2025-04-07T21:22:54.317279
0.7000000000000001,0.1,13.0,0.0,27.46,72.54,50,2025-04-07T21:22:54.317280
0.7000000000000001,0.1,14.0,0.0,24.54,75.46,50,2025-04-07T21:22:54.317281
0.7000000000000001,0.1,15.0,0.0,22.06,77.94,50,2025-04-07T21:22:54.317283
0.7000000000000001,0.1,16.0,0.0,19.92,80.08,50,2025-04-07T21:22:54.317284
0.7000000000000001,0.1,17.0,0.0,17.66,82.34,50,2025-04-07T21:22:54.317285
0.7000000000000001,0.1,18.0,0.0,15.5,84.5,50,2025-04-07T21:22:54.317286
0.7000000000000001,0.1,19.0,0.0,13.62,86.38,50,2025-04-07T21:22:54.317287
0.7000000000000001,0.1,20.0,0.0,12.3,87.7,50,2025-04-07T21:22:54.317288
0.7000000000000001,0.1,21.0,0.0,11.16,88.84,50,2025-04-07T21:22:54.317289
0.7000000000000001,0.1,22.0,0.0,10.14,89.86,50,2025-04-07T21:22:54.317290
0.7000000000000001,0.1,23.0,0.0,9.04,90.96,50,2025-04-07T21:22:54.317291
0.7000000000000001,0.1,24.0,0.0,7.94,92.06,50,2025-04-07T21:22:54.317292
0.7000000000000001,0.1,25.0,0.0,7.04,92.96,50,2025-04-07T21:22:54.317293
0.7000000000000001,0.1,26.0,0.0,6.3,93.7,50,2025-04-07T21:22:54.317294
0.7000000000000001,0.1,27.0,0.0,5.48,94.52,50,2025-04-07T21:22:54.317295
0.7000000000000001,0.1,28.0,0.0,4.88,95.12,50,2025-04-07T21:22:54.317296
0.7000000000000001,0.1,29.0,0.0,4.3,95.7,50,2025-04-07T21:22:54.317297
0.7000000000000001,0.1,30.0,0.0,3.8,96.2,50,2025-04-07T21:22:54.317298
0.7000000000000001,0.1,31.0,0.0,3.18,96.82,50,2025-04-07T21:22:54.317299
0.7000000000000001,0.1,32.0,0.0,2.96,97.04,50,2025-04-07T21:22:54.317300
0.7000000000000001,0.1,33.0,0.0,2.64,97.36,50,2025-04-07T21:22:54.317301
0.7000000000000001,0.1,34.0,0.0,2.42,97.58,50,2025-04-07T21:22:54.317302
0.7000000000000001,0.1,35.0,0.0,2.18,97.82,50,2025-04-07T21:22:54.317303
0.7000000000000001,0.1,36.0,0.0,1.96,98.04,50,2025-04-07T21:22:54.317304
0.7000000000000001,0.1,37.0,0.0,1.74,98.26,50,2025-04-07T21:22:54.317305
0.7000000000000001,0.1,38.0,0.0,1.62,98.38,50,2025-04-07T21:22:54.317306
0.7000000000000001,0.1,39.0,0.0,1.44,98.56,50,2025-04-07T21:22:54.317307
0.7000000000000001,0.1,40.0,0.0,1.22,98.78,50,2025-04-07T21:22:54.317308
0.7000000000000001,0.1,41.0,0.0,1.02,98.98,50,2025-04-07T21:22:54.317309
0.7000000000000001,0.1,42.0,0.0,0.9,99.1,50,2025-04-07T21:22:54.317310
0.7000000000000001,0.1,43.0,0.0,0.76,99.24,50,2025-04-07T21:22:54.317311
0.7000000000000001,0.1,44.0,0.0,0.62,99.38,50,2025-04-07T21:22:54.317312
0.7000000000000001,0.1,45.0,0.0,0.48,99.52,50,2025-04-07T21:22:54.317313
0.7000000000000001,0.1,46.0,0.0,0.38,99.62,50,2025-04-07T21:22:54.317314
0.7000000000000001,0.1,47.0,0.0,0.36,99.64,50,2025-04-07T21:22:54.317315
0.7000000000000001,0.1,48.0,0.0,0.3,99.7,50,2025-04-07T21:22:54.317316
0.7000000000000001,0.1,49.0,0.0,0.22,99.78,50,2025-04-07T21:22:54.317317
0.7000000000000001,0.1,50.0,0.0,0.22,99.78,50,2025-04-07T21:22:54.317318
0.7000000000000001,0.1,51.0,0.0,0.2,99.8,50,2025-04-07T21:22:54.317319
0.7000000000000001,0.1,52.0,0.0,0.16,99.84,50,2025-04-07T21:22:54.317320
0.7000000000000001,0.1,53.0,0.0,0.16,99.84,50,2025-04-07T21:22:54.317321
0.7000000000000001,0.1,54.0,0.0,0.14,99.86,50,2025-04-07T21:22:54.317322
0.7000000000000001,0.1,55.0,0.0,0.14,99.86,50,2025-04-07T21:22:54.317323
0.7000000000000001,0.1,56.0,0.0,0.12,99.88,50,2025-04-07T21:22:54.317324
0.7000000000000001,0.1,57.0,0.0,0.08,99.92,50,2025-04-07T21:22:54.317325
0.7000000000000001,0.1,58.0,0.0,0.08,99.92,50,2025-04-07T21:22:54.317326
0.7000000000000001,0.1,59.0,0.0,0.08,99.92,50,2025-04-07T21:22:54.317327
0.7000000000000001,0.1,60.0,0.0,0.08,99.92,50,2025-04-07T21:22:54.317328
0.7000000000000001,0.1,61.0,0.0,0.08,99.92,50,2025-04-07T21:22:54.317329
0.7000000000000001,0.1,62.0,0.0,0.08,99.92,50,2025-04-07T21:22:54.317330
0.7000000000000001,0.1,63.0,0.0,0.08,99.92,50,2025-04-07T21:22:54.317331
0.7000000000000001,0.1,64.0,0.0,0.08,99.92,50,2025-04-07T21:22:54.317332
0.7000000000000001,0.1,65.0,0.0,0.08,99.92,50,2025-04-07T21:22:54.317333
0.7000000000000001,0.1,66.0,0.0,0.08,99.92,50,2025-04-07T21:22:54.317334
0.7000000000000001,0.1,67.0,0.0,0.08,99.92,50,2025-04-07T21:22:54.317335
0.7000000000000001,0.1,68.0,0.0,0.08,99.92,50,2025-04-07T21:22:54.317336
0.7000000000000001,0.1,69.0,0.0,0.08,99.92,50,2025-04-07T21:22:54.317337
0.7000000000000001,0.1,70.0,0.0,0.08,99.92,50,2025-04-07T21:22:54.317338
0.7000000000000001,0.1,71.0,0.0,0.08,99.92,50,2025-04-07T21:22:54.317339
0.7000000000000001,0.1,72.0,0.0,0.08,99.92,50,2025-04-07T21:22:54.317340
0.7000000000000001,0.1,73.0,0.0,0.06,99.94,50,2025-04-07T21:22:54.317341
0.7000000000000001,0.1,74.0,0.0,0.06,99.94,50,2025-04-07T21:22:54.317342
0.7000000000000001,0.1,75.0,0.0,0.06,99.94,50,2025-04-07T21:22:54.317343
0.7000000000000001,0.1,76.0,0.0,0.06,99.94,50,2025-04-07T21:22:54.317344
0.7000000000000001,0.1,77.0,0.0,0.06,99.94,50,2025-04-07T21:22:54.317345
0.7000000000000001,0.1,78.0,0.0,0.06,99.94,50,2025-04-07T21:22:54.317346
0.7000000000000001,0.1,79.0,0.0,0.06,99.94,50,2025-04-07T21:22:54.317347
0.7000000000000001,0.1,80.0,0.0,0.06,99.94,50,2025-04-07T21:22:54.317348
0.7000000000000001,0.1,81.0,0.0,0.06,99.94,50,2025-04-07T21:22:54.317349
0.7000000000000001,0.1,82.0,0.0,0.06,99.94,50,2025-04-07T21:22:54.317350
0.7000000000000001,0.1,83.0,0.0,0.06,99.94,50,2025-04-07T21:22:54.317351
0.7000000000000001,0.1,84.0,0.0,0.06,99.94,50,2025-04-07T21:22:54.317352
0.7000000000000001,0.1,85.0,0.0,0.06,99.94,50,2025-04-07T21:22:54.317361
0.7000000000000001,0.1,86.0,0.0,0.06,99.94,50,2025-04-07T21:22:54.317362
0.7000000000000001,0.1,87.0,0.0,0.06,99.94,50,2025-04-07T21:22:54.317363
0.7000000000000001,0.1,88.0,0.0,0.06,99.94,50,2025-04-07T21:22:54.317364
0.7000000000000001,0.1,89.0,0.0,0.06,99.94,50,2025-04-07T21:22:54.317365
0.7000000000000001,0.1,90.0,0.0,0.06,99.94,50,2025-04-07T21:22:54.317366
0.7000000000000001,0.1,91.0,0.0,0.06,99.94,50,2025-04-07T21:22:54.317367
0.7000000000000001,0.1,92.0,0.0,0.06,99.94,50,2025-04-07T21:22:54.317368
0.7000000000000001,0.1,93.0,0.0,0.06,99.94,50,2025-04-07T21:22:54.317369
0.7000000000000001,0.1,94.0,0.0,0.06,99.94,50,2025-04-07T21:22:54.317370
0.7000000000000001,0.1,95.0,0.0,0.06,99.94,50,2025-04-07T21:22:54.317371
0.7000000000000001,0.1,96.0,0.0,0.06,99.94,50,2025-04-07T21:22:54.317372
0.7000000000000001,0.1,97.0,0.0,0.06,99.94,50,2025-04-07T21:22:54.317373
0.7000000000000001,0.1,98.0,0.0,0.06,99.94,50,2025-04-07T21:22:54.317374
0.7000000000000001,0.1,99.0,0.0,0.06,99.94,50,2025-04-07T21:22:54.317375
0.7000000000000001,0.1,100.0,0.0,0.06,99.94,50,2025-04-07T21:22:54.317376
0.7000000000000001,0.2,0.0,95.0,5.0,0.0,50,2025-04-07T21:22:54.354130
0.7000000000000001,0.2,1.0,0.0,81.98,18.02,50,2025-04-07T21:22:54.354138
0.7000000000000001,0.2,2.0,0.0,66.9,33.1,50,2025-04-07T21:22:54.354140
0.7000000000000001,0.2,3.0,0.0,54.1,45.9,50,2025-04-07T21:22:54.354141
0.7000000000000001,0.2,4.0,0.0,44.26,55.74,50,2025-04-07T21:22:54.354142
0.7000000000000001,0.2,5.0,0.0,36.48,63.52,50,2025-04-07T21:22:54.354143
0.7000000000000001,0.2,6.0,0.0,29.72,70.28,50,2025-04-07T21:22:54.354144
0.7000000000000001,0.2,7.0,0.0,24.26,75.74,50,2025-04-07T21:22:54.354145
0.7000000000000001,0.2,8.0,0.0,19.16,80.84,50,2025-04-07T21:22:54.354146
0.7000000000000001,0.2,9.0,0.0,15.96,84.04,50,2025-04-07T21:22:54.354147
0.7000000000000001,0.2,10.0,0.0,12.68,87.32,50,2025-04-07T21:22:54.354148
0.7000000000000001,0.2,11.0,0.0,9.82,90.18,50,2025-04-07T21:22:54.354149
0.7000000000000001,0.2,12.0,0.0,7.8,92.2,50,2025-04-07T21:22:54.354150
0.7000000000000001,0.2,13.0,0.0,6.1,93.9,50,2025-04-07T21:22:54.354151
0.7000000000000001,0.2,14.0,0.0,4.86,95.14,50,2025-04-07T21:22:54.354152
0.7000000000000001,0.2,15.0,0.0,3.86,96.14,50,2025-04-07T21:22:54.354153
0.7000000000000001,0.2,16.0,0.0,3.12,96.88,50,2025-04-07T21:22:54.354154
0.7000000000000001,0.2,17.0,0.0,2.44,97.56,50,2025-04-07T21:22:54.354155
0.7000000000000001,0.2,18.0,0.0,1.76,98.24,50,2025-04-07T21:22:54.354156
0.7000000000000001,0.2,19.0,0.0,1.32,98.68,50,2025-04-07T21:22:54.354157
0.7000000000000001,0.2,20.0,0.0,1.02,98.98,50,2025-04-07T21:22:54.354158
0.7000000000000001,0.2,21.0,0.0,0.86,99.14,50,2025-04-07T21:22:54.354159
0.7000000000000001,0.2,22.0,0.0,0.6,99.4,50,2025-04-07T21:22:54.354160
0.7000000000000001,0.2,23.0,0.0,0.32,99.68,50,2025-04-07T21:22:54.354161
0.7000000000000001,0.2,24.0,0.0,0.28,99.72,50,2025-04-07T21:22:54.354162
0.7000000000000001,0.2,25.0,0.0,0.24,99.76,50,2025-04-07T21:22:54.354163
0.7000000000000001,0.2,26.0,0.0,0.14,99.86,50,2025-04-07T21:22:54.354164
0.7000000000000001,0.2,27.0,0.0,0.1,99.9,50,2025-04-07T21:22:54.354165
0.7000000000000001,0.2,28.0,0.0,0.1,99.9,50,2025-04-07T21:22:54.354166
0.7000000000000001,0.2,29.0,0.0,0.1,99.9,50,2025-04-07T21:22:54.354167
0.7000000000000001,0.2,30.0,0.0,0.1,99.9,50,2025-04-07T21:22:54.354168
0.7000000000000001,0.2,31.0,0.0,0.08,99.92,50,2025-04-07T21:22:54.354169
0.7000000000000001,0.2,32.0,0.0,0.08,99.92,50,2025-04-07T21:22:54.354170
0.7000000000000001,0.2,33.0,0.0,0.08,99.92,50,2025-04-07T21:22:54.354171
0.7000000000000001,0.2,34.0,0.0,0.08,99.92,50,2025-04-07T21:22:54.354172
0.7000000000000001,0.2,35.0,0.0,0.08,99.92,50,2025-04-07T21:22:54.354173
0.7000000000000001,0.2,36.0,0.0,0.08,99.92,50,2025-04-07T21:22:54.354174
0.7000000000000001,0.2,37.0,0.0,0.08,99.92,50,2025-04-07T21:22:54.354175
0.7000000000000001,0.2,38.0,0.0,0.08,99.92,50,2025-04-07T21:22:54.354176
0.7000000000000001,0.2,39.0,0.0,0.08,99.92,50,2025-04-07T21:22:54.354177
0.7000000000000001,0.2,40.0,0.0,0.08,99.92,50,2025-04-07T21:22:54.354178
0.7000000000000001,0.2,41.0,0.0,0.08,99.92,50,2025-04-07T21:22:54.354179
0.7000000000000001,0.2,42.0,0.0,0.08,99.92,50,2025-04-07T21:22:54.354185
0.7000000000000001,0.2,43.0,0.0,0.08,99.92,50,2025-04-07T21:22:54.354186
0.7000000000000001,0.2,44.0,0.0,0.08,99.92,50,2025-04-07T21:22:54.354187
0.7000000000000001,0.2,45.0,0.0,0.08,99.92,50,2025-04-07T21:22:54.354188
0.7000000000000001,0.2,46.0,0.0,0.08,99.92,50,2025-04-07T21:22:54.354189
0.7000000000000001,0.2,47.0,0.0,0.08,99.92,50,2025-04-07T21:22:54.354190
0.7000000000000001,0.2,48.0,0.0,0.08,99.92,50,2025-04-07T21:22:54.354191
0.7000000000000001,0.2,49.0,0.0,0.08,99.92,50,2025-04-07T21:22:54.354192
0.7000000000000001,0.2,50.0,0.0,0.08,99.92,50,2025-04-07T21:22:54.354193
0.7000000000000001,0.2,51.0,0.0,0.08,99.92,50,2025-04-07T21:22:54.354194
0.7000000000000001,0.2,52.0,0.0,0.08,99.92,50,2025-04-07T21:22:54.354195
0.7000000000000001,0.2,53.0,0.0,0.08,99.92,50,2025-04-07T21:22:54.354196
0.7000000000000001,0.2,54.0,0.0,0.08,99.92,50,2025-04-07T21:22:54.354197
0.7000000000000001,0.2,55.0,0.0,0.08,99.92,50,2025-04-07T21:22:54.354198
0.7000000000000001,0.2,56.0,0.0,0.08,99.92,50,2025-04-07T21:22:54.354199
0.7000000000000001,0.2,57.0,0.0,0.08,99.92,50,2025-04-07T21:22:54.354200
0.7000000000000001,0.2,58.0,0.0,0.08,99.92,50,2025-04-07T21:22:54.354201
0.7000000000000001,0.2,59.0,0.0,0.08,99.92,50,2025-04-07T21:22:54.354202
0.7000000000000001,0.2,60.0,0.0,0.08,99.92,50,2025-04-07T21:22:54.354203
0.7000000000000001,0.2,61.0,0.0,0.08,99.92,50,2025-04-07T21:22:54.354204
0.7000000000000001,0.2,62.0,0.0,0.08,99.92,50,2025-04-07T21:22:54.354205
0.7000000000000001,0.2,63.0,0.0,0.08,99.92,50,2025-04-07T21:22:54.354206
0.7000000000000001,0.2,64.0,0.0,0.08,99.92,50,2025-04-07T21:22:54.354207
0.7000000000000001,0.2,65.0,0.0,0.08,99.92,50,2025-04-07T21:22:54.354208
0.7000000000000001,0.2,66.0,0.0,0.08,99.92,50,2025-04-07T21:22:54.354209
0.7000000000000001,0.2,67.0,0.0,0.08,99.92,50,2025-04-07T21:22:54.354210
0.7000000000000001,0.2,68.0,0.0,0.08,99.92,50,2025-04-07T21:22:54.354211
0.7000000000000001,0.2,69.0,0.0,0.08,99.92,50,2025-04-07T21:22:54.354212
0.7000000000000001,0.2,70.0,0.0,0.08,99.92,50,2025-04-07T21:22:54.354213
0.7000000000000001,0.2,71.0,0.0,0.08,99.92,50,2025-04-07T21:22:54.354214
0.7000000000000001,0.2,72.0,0.0,0.08,99.92,50,2025-04-07T21:22:54.354215
0.7000000000000001,0.2,73.0,0.0,0.08,99.92,50,2025-04-07T21:22:54.354216
0.7000000000000001,0.2,74.0,0.0,0.08,99.92,50,2025-04-07T21:22:54.354217
0.7000000000000001,0.2,75.0,0.0,0.08,99.92,50,2025-04-07T21:22:54.354218
0.7000000000000001,0.2,76.0,0.0,0.08,99.92,50,2025-04-07T21:22:54.354219
0.7000000000000001,0.2,77.0,0.0,0.08,99.92,50,2025-04-07T21:22:54.354220
0.7000000000000001,0.2,78.0,0.0,0.08,99.92,50,2025-04-07T21:22:54.354221
0.7000000000000001,0.2,79.0,0.0,0.08,99.92,50,2025-04-07T21:22:54.354222
0.7000000000000001,0.2,80.0,0.0,0.08,99.92,50,2025-04-07T21:22:54.354223
0.7000000000000001,0.2,81.0,0.0,0.08,99.92,50,2025-04-07T21:22:54.354224
0.7000000000000001,0.2,82.0,0.0,0.08,99.92,50,2025-04-07T21:22:54.354227
0.7000000000000001,0.2,83.0,0.0,0.08,99.92,50,2025-04-07T21:22:54.354228
0.7000000000000001,0.2,84.0,0.0,0.08,99.92,50,2025-04-07T21:22:54.354229
0.7000000000000001,0.2,85.0,0.0,0.08,99.92,50,2025-04-07T21:22:54.354230
0.7000000000000001,0.2,86.0,0.0,0.08,99.92,50,2025-04-07T21:22:54.354231
0.7000000000000001,0.2,87.0,0.0,0.08,99.92,50,2025-04-07T21:22:54.354232
0.7000000000000001,0.2,88.0,0.0,0.08,99.92,50,2025-04-07T21:22:54.354233
0.7000000000000001,0.2,89.0,0.0,0.08,99.92,50,2025-04-07T21:22:54.354234
0.7000000000000001,0.2,90.0,0.0,0.08,99.92,50,2025-04-07T21:22:54.354235
0.7000000000000001,0.2,91.0,0.0,0.08,99.92,50,2025-04-07T21:22:54.354236
0.7000000000000001,0.2,92.0,0.0,0.08,99.92,50,2025-04-07T21:22:54.354237
0.7000000000000001,0.2,93.0,0.0,0.08,99.92,50,2025-04-07T21:22:54.354238
0.7000000000000001,0.2,94.0,0.0,0.08,99.92,50,2025-04-07T21:22:54.354239
0.7000000000000001,0.2,95.0,0.0,0.08,99.92,50,2025-04-07T21:22:54.354240
0.7000000000000001,0.2,96.0,0.0,0.08,99.92,50,2025-04-07T21:22:54.354241
0.7000000000000001,0.2,97.0,0.0,0.08,99.92,50,2025-04-07T21:22:54.354242
0.7000000000000001,0.2,98.0,0.0,0.08,99.92,50,2025-04-07T21:22:54.354243
0.7000000000000001,0.2,99.0,0.0,0.08,99.92,50,2025-04-07T21:22:54.354244
0.7000000000000001,0.2,100.0,0.0,0.08,99.92,50,2025-04-07T21:22:54.354245
0.7000000000000001,0.3,0.0,95.0,5.0,0.0,50,2025-04-07T21:22:54.396369
0.7000000000000001,0.3,1.0,0.0,74.16,25.84,50,2025-04-07T21:22:54.396375
0.7000000000000001,0.3,2.0,0.0,53.92,46.08,50,2025-04-07T21:22:54.396376
0.7000000000000001,0.3,3.0,0.0,38.98,61.02,50,2025-04-07T21:22:54.396378
0.7000000000000001,0.3,4.0,0.0,28.96,71.04,50,2025-04-07T21:22:54.396379
0.7000000000000001,0.3,5.0,0.0,20.54,79.46,50,2025-04-07T21:22:54.396380
0.7000000000000001,0.3,6.0,0.0,14.38,85.62,50,2025-04-07T21:22:54.396381
0.7000000000000001,0.3,7.0,0.0,10.22,89.78,50,2025-04-07T21:22:54.396382
0.7000000000000001,0.3,8.0,0.0,7.72,92.28,50,2025-04-07T21:22:54.396383
0.7000000000000001,0.3,9.0,0.0,5.58,94.42,50,2025-04-07T21:22:54.396384
0.7000000000000001,0.3,10.0,0.0,3.82,96.18,50,2025-04-07T21:22:54.396385
0.7000000000000001,0.3,11.0,0.0,2.52,97.48,50,2025-04-07T21:22:54.396386
0.7000000000000001,0.3,12.0,0.0,1.76,98.24,50,2025-04-07T21:22:54.396387
0.7000000000000001,0.3,13.0,0.0,1.18,98.82,50,2025-04-07T21:22:54.396388
0.7000000000000001,0.3,14.0,0.0,0.76,99.24,50,2025-04-07T21:22:54.396390
0.7000000000000001,0.3,15.0,0.0,0.44,99.56,50,2025-04-07T21:22:54.396391
0.7000000000000001,0.3,16.0,0.0,0.24,99.76,50,2025-04-07T21:22:54.396392
0.7000000000000001,0.3,17.0,0.0,0.2,99.8,50,2025-04-07T21:22:54.396393
0.7000000000000001,0.3,18.0,0.0,0.12,99.88,50,2025-04-07T21:22:54.396394
0.7000000000000001,0.3,19.0,0.0,0.12,99.88,50,2025-04-07T21:22:54.396395
0.7000000000000001,0.3,20.0,0.0,0.12,99.88,50,2025-04-07T21:22:54.396396
0.7000000000000001,0.3,21.0,0.0,0.12,99.88,50,2025-04-07T21:22:54.396397
0.7000000000000001,0.3,22.0,0.0,0.12,99.88,50,2025-04-07T21:22:54.396398
0.7000000000000001,0.3,23.0,0.0,0.12,99.88,50,2025-04-07T21:22:54.396399
0.7000000000000001,0.3,24.0,0.0,0.12,99.88,50,2025-04-07T21:22:54.396400
0.7000000000000001,0.3,25.0,0.0,0.12,99.88,50,2025-04-07T21:22:54.396401
0.7000000000000001,0.3,26.0,0.0,0.12,99.88,50,2025-04-07T21:22:54.396402
0.7000000000000001,0.3,27.0,0.0,0.12,99.88,50,2025-04-07T21:22:54.396403
0.7000000000000001,0.3,28.0,0.0,0.12,99.88,50,2025-04-07T21:22:54.396404
0.7000000000000001,0.3,29.0,0.0,0.12,99.88,50,2025-04-07T21:22:54.396405
0.7000000000000001,0.3,30.0,0.0,0.12,99.88,50,2025-04-07T21:22:54.396406
0.7000000000000001,0.3,31.0,0.0,0.12,99.88,50,2025-04-07T21:22:54.396407
0.7000000000000001,0.3,32.0,0.0,0.12,99.88,50,2025-04-07T21:22:54.396408
0.7000000000000001,0.3,33.0,0.0,0.12,99.88,50,2025-04-07T21:22:54.396409
0.7000000000000001,0.3,34.0,0.0,0.12,99.88,50,2025-04-07T21:22:54.396411
0.7000000000000001,0.3,35.0,0.0,0.12,99.88,50,2025-04-07T21:22:54.396412
0.7000000000000001,0.3,36.0,0.0,0.12,99.88,50,2025-04-07T21:22:54.396413
0.7000000000000001,0.3,37.0,0.0,0.12,99.88,50,2025-04-07T21:22:54.396414
0.7000000000000001,0.3,38.0,0.0,0.12,99.88,50,2025-04-07T21:22:54.396415
0.7000000000000001,0.3,39.0,0.0,0.12,99.88,50,2025-04-07T21:22:54.396416
0.7000000000000001,0.3,40.0,0.0,0.12,99.88,50,2025-04-07T21:22:54.396417
0.7000000000000001,0.3,41.0,0.0,0.12,99.88,50,2025-04-07T21:22:54.396418
0.7000000000000001,0.3,42.0,0.0,0.12,99.88,50,2025-04-07T21:22:54.396419
0.7000000000000001,0.3,43.0,0.0,0.12,99.88,50,2025-04-07T21:22:54.396420
0.7000000000000001,0.3,44.0,0.0,0.12,99.88,50,2025-04-07T21:22:54.396421
0.7000000000000001,0.3,45.0,0.0,0.12,99.88,50,2025-04-07T21:22:54.396422
0.7000000000000001,0.3,46.0,0.0,0.12,99.88,50,2025-04-07T21:22:54.396423
0.7000000000000001,0.3,47.0,0.0,0.12,99.88,50,2025-04-07T21:22:54.396424
0.7000000000000001,0.3,48.0,0.0,0.12,99.88,50,2025-04-07T21:22:54.396425
0.7000000000000001,0.3,49.0,0.0,0.12,99.88,50,2025-04-07T21:22:54.396426
0.7000000000000001,0.3,50.0,0.0,0.12,99.88,50,2025-04-07T21:22:54.396427
0.7000000000000001,0.3,51.0,0.0,0.12,99.88,50,2025-04-07T21:22:54.396428
0.7000000000000001,0.3,52.0,0.0,0.12,99.88,50,2025-04-07T21:22:54.396429
0.7000000000000001,0.3,53.0,0.0,0.12,99.88,50,2025-04-07T21:22:54.396436
0.7000000000000001,0.3,54.0,0.0,0.12,99.88,50,2025-04-07T21:22:54.396437
0.7000000000000001,0.3,55.0,0.0,0.12,99.88,50,2025-04-07T21:22:54.396438
0.7000000000000001,0.3,56.0,0.0,0.12,99.88,50,2025-04-07T21:22:54.396439
0.7000000000000001,0.3,57.0,0.0,0.12,99.88,50,2025-04-07T21:22:54.396440
0.7000000000000001,0.3,58.0,0.0,0.12,99.88,50,2025-04-07T21:22:54.396441
0.7000000000000001,0.3,59.0,0.0,0.12,99.88,50,2025-04-07T21:22:54.396442
0.7000000000000001,0.3,60.0,0.0,0.12,99.88,50,2025-04-07T21:22:54.396443
0.7000000000000001,0.3,61.0,0.0,0.12,99.88,50,2025-04-07T21:22:54.396444
0.7000000000000001,0.3,62.0,0.0,0.12,99.88,50,2025-04-07T21:22:54.396445
0.7000000000000001,0.3,63.0,0.0,0.12,99.88,50,2025-04-07T21:22:54.396446
0.7000000000000001,0.3,64.0,0.0,0.12,99.88,50,2025-04-07T21:22:54.396447
0.7000000000000001,0.3,65.0,0.0,0.12,99.88,50,2025-04-07T21:22:54.396448
0.7000000000000001,0.3,66.0,0.0,0.12,99.88,50,2025-04-07T21:22:54.396449
0.7000000000000001,0.3,67.0,0.0,0.12,99.88,50,2025-04-07T21:22:54.396450
0.7000000000000001,0.3,68.0,0.0,0.12,99.88,50,2025-04-07T21:22:54.396451
0.7000000000000001,0.3,69.0,0.0,0.12,99.88,50,2025-04-07T21:22:54.396452
0.7000000000000001,0.3,70.0,0.0,0.12,99.88,50,2025-04-07T21:22:54.396453
0.7000000000000001,0.3,71.0,0.0,0.12,99.88,50,2025-04-07T21:22:54.396454
0.7000000000000001,0.3,72.0,0.0,0.12,99.88,50,2025-04-07T21:22:54.396455
0.7000000000000001,0.3,73.0,0.0,0.12,99.88,50,2025-04-07T21:22:54.396456
0.7000000000000001,0.3,74.0,0.0,0.12,99.88,50,2025-04-07T21:22:54.396457
0.7000000000000001,0.3,75.0,0.0,0.12,99.88,50,2025-04-07T21:22:54.396458
0.7000000000000001,0.3,76.0,0.0,0.12,99.88,50,2025-04-07T21:22:54.396459
0.7000000000000001,0.3,77.0,0.0,0.12,99.88,50,2025-04-07T21:22:54.396460
0.7000000000000001,0.3,78.0,0.0,0.12,99.88,50,2025-04-07T21:22:54.396461
0.7000000000000001,0.3,79.0,0.0,0.12,99.88,50,2025-04-07T21:22:54.396462
0.7000000000000001,0.3,80.0,0.0,0.12,99.88,50,2025-04-07T21:22:54.396463
0.7000000000000001,0.3,81.0,0.0,0.12,99.88,50,2025-04-07T21:22:54.396464
0.7000000000000001,0.3,82.0,0.0,0.12,99.88,50,2025-04-07T21:22:54.396465
0.7000000000000001,0.3,83.0,0.0,0.12,99.88,50,2025-04-07T21:22:54.396466
0.7000000000000001,0.3,84.0,0.0,0.12,99.88,50,2025-04-07T21:22:54.396467
0.7000000000000001,0.3,85.0,0.0,0.12,99.88,50,2025-04-07T21:22:54.396468
0.7000000000000001,0.3,86.0,0.0,0.12,99.88,50,2025-04-07T21:22:54.396469
0.7000000000000001,0.3,87.0,0.0,0.12,99.88,50,2025-04-07T21:22:54.396470
0.7000000000000001,0.3,88.0,0.0,0.12,99.88,50,2025-04-07T21:22:54.396471
0.7000000000000001,0.3,89.0,0.0,0.12,99.88,50,2025-04-07T21:22:54.396472
0.7000000000000001,0.3,90.0,0.0,0.12,99.88,50,2025-04-07T21:22:54.396473
0.7000000000000001,0.3,91.0,0.0,0.12,99.88,50,2025-04-07T21:22:54.396474
0.7000000000000001,0.3,92.0,0.0,0.12,99.88,50,2025-04-07T21:22:54.396475
0.7000000000000001,0.3,93.0,0.0,0.12,99.88,50,2025-04-07T21:22:54.396476
0.7000000000000001,0.3,94.0,0.0,0.12,99.88,50,2025-04-07T21:22:54.396477
0.7000000000000001,0.3,95.0,0.0,0.12,99.88,50,2025-04-07T21:22:54.396478
0.7000000000000001,0.3,96.0,0.0,0.12,99.88,50,2025-04-07T21:22:54.396479
0.7000000000000001,0.3,97.0,0.0,0.12,99.88,50,2025-04-07T21:22:54.396481
0.7000000000000001,0.3,98.0,0.0,0.12,99.88,50,2025-04-07T21:22:54.396483
0.7000000000000001,0.3,99.0,0.0,0.12,99.88,50,2025-04-07T21:22:54.396483
0.7000000000000001,0.3,100.0,0.0,0.12,99.88,50,2025-04-07T21:22:54.396484
0.7000000000000001,0.4,0.0,95.0,5.0,0.0,50,2025-04-07T21:22:54.435908
0.7000000000000001,0.4,1.0,0.0,68.06,31.94,50,2025-04-07T21:22:54.435914
0.7000000000000001,0.4,2.0,0.0,45.48,54.52,50,2025-04-07T21:22:54.435915
0.7000000000000001,0.4,3.0,0.0,29.74,70.26,50,2025-04-07T21:22:54.435917
0.7000000000000001,0.4,4.0,0.0,19.74,80.26,50,2025-04-07T21:22:54.435918
0.7000000000000001,0.4,5.0,0.0,12.76,87.24,50,2025-04-07T21:22:54.435919
0.7000000000000001,0.4,6.0,0.0,8.28,91.72,50,2025-04-07T21:22:54.435920
0.7000000000000001,0.4,7.0,0.0,5.12,94.88,50,2025-04-07T21:22:54.435921
0.7000000000000001,0.4,8.0,0.0,3.0,97.0,50,2025-04-07T21:22:54.435922
0.7000000000000001,0.4,9.0,0.0,1.76,98.24,50,2025-04-07T21:22:54.435923
0.7000000000000001,0.4,10.0,0.0,0.96,99.04,50,2025-04-07T21:22:54.435924
0.7000000000000001,0.4,11.0,0.0,0.54,99.46,50,2025-04-07T21:22:54.435925
0.7000000000000001,0.4,12.0,0.0,0.3,99.7,50,2025-04-07T21:22:54.435926
0.7000000000000001,0.4,13.0,0.0,0.18,99.82,50,2025-04-07T21:22:54.435927
0.7000000000000001,0.4,14.0,0.0,0.16,99.84,50,2025-04-07T21:22:54.435928
0.7000000000000001,0.4,15.0,0.0,0.14,99.86,50,2025-04-07T21:22:54.435929
0.7000000000000001,0.4,16.0,0.0,0.14,99.86,50,2025-04-07T21:22:54.435930
0.7000000000000001,0.4,17.0,0.0,0.14,99.86,50,2025-04-07T21:22:54.435931
0.7000000000000001,0.4,18.0,0.0,0.14,99.86,50,2025-04-07T21:22:54.435933
0.7000000000000001,0.4,19.0,0.0,0.14,99.86,50,2025-04-07T21:22:54.435934
0.7000000000000001,0.4,20.0,0.0,0.14,99.86,50,2025-04-07T21:22:54.435935
0.7000000000000001,0.4,21.0,0.0,0.14,99.86,50,2025-04-07T21:22:54.435939
0.7000000000000001,0.4,22.0,0.0,0.14,99.86,50,2025-04-07T21:22:54.435940
0.7000000000000001,0.4,23.0,0.0,0.14,99.86,50,2025-04-07T21:22:54.435941
0.7000000000000001,0.4,24.0,0.0,0.14,99.86,50,2025-04-07T21:22:54.435942
0.7000000000000001,0.4,25.0,0.0,0.14,99.86,50,2025-04-07T21:22:54.435943
0.7000000000000001,0.4,26.0,0.0,0.14,99.86,50,2025-04-07T21:22:54.435944
0.7000000000000001,0.4,27.0,0.0,0.14,99.86,50,2025-04-07T21:22:54.435945
0.7000000000000001,0.4,28.0,0.0,0.14,99.86,50,2025-04-07T21:22:54.435946
0.7000000000000001,0.4,29.0,0.0,0.14,99.86,50,2025-04-07T21:22:54.435947
0.7000000000000001,0.4,30.0,0.0,0.14,99.86,50,2025-04-07T21:22:54.435948
0.7000000000000001,0.4,31.0,0.0,0.14,99.86,50,2025-04-07T21:22:54.435949
0.7000000000000001,0.4,32.0,0.0,0.14,99.86,50,2025-04-07T21:22:54.435950
0.7000000000000001,0.4,33.0,0.0,0.14,99.86,50,2025-04-07T21:22:54.435951
0.7000000000000001,0.4,34.0,0.0,0.14,99.86,50,2025-04-07T21:22:54.435952
0.7000000000000001,0.4,35.0,0.0,0.14,99.86,50,2025-04-07T21:22:54.435953
0.7000000000000001,0.4,36.0,0.0,0.14,99.86,50,2025-04-07T21:22:54.435954
0.7000000000000001,0.4,37.0,0.0,0.14,99.86,50,2025-04-07T21:22:54.435956
0.7000000000000001,0.4,38.0,0.0,0.14,99.86,50,2025-04-07T21:22:54.435957
0.7000000000000001,0.4,39.0,0.0,0.14,99.86,50,2025-04-07T21:22:54.435958
0.7000000000000001,0.4,40.0,0.0,0.14,99.86,50,2025-04-07T21:22:54.435959
0.7000000000000001,0.4,41.0,0.0,0.14,99.86,50,2025-04-07T21:22:54.435960
0.7000000000000001,0.4,42.0,0.0,0.14,99.86,50,2025-04-07T21:22:54.435961
0.7000000000000001,0.4,43.0,0.0,0.14,99.86,50,2025-04-07T21:22:54.435962
0.7000000000000001,0.4,44.0,0.0,0.14,99.86,50,2025-04-07T21:22:54.435963
0.7000000000000001,0.4,45.0,0.0,0.14,99.86,50,2025-04-07T21:22:54.435964
0.7000000000000001,0.4,46.0,0.0,0.14,99.86,50,2025-04-07T21:22:54.435965
0.7000000000000001,0.4,47.0,0.0,0.14,99.86,50,2025-04-07T21:22:54.435966
0.7000000000000001,0.4,48.0,0.0,0.14,99.86,50,2025-04-07T21:22:54.435967
0.7000000000000001,0.4,49.0,0.0,0.14,99.86,50,2025-04-07T21:22:54.435968
0.7000000000000001,0.4,50.0,0.0,0.14,99.86,50,2025-04-07T21:22:54.435969
0.7000000000000001,0.4,51.0,0.0,0.14,99.86,50,2025-04-07T21:22:54.435970
0.7000000000000001,0.4,52.0,0.0,0.14,99.86,50,2025-04-07T21:22:54.435971
0.7000000000000001,0.4,53.0,0.0,0.14,99.86,50,2025-04-07T21:22:54.435972
0.7000000000000001,0.4,54.0,0.0,0.14,99.86,50,2025-04-07T21:22:54.435973
0.7000000000000001,0.4,55.0,0.0,0.14,99.86,50,2025-04-07T21:22:54.435974
0.7000000000000001,0.4,56.0,0.0,0.14,99.86,50,2025-04-07T21:22:54.435975
0.7000000000000001,0.4,57.0,0.0,0.14,99.86,50,2025-04-07T21:22:54.435976
0.7000000000000001,0.4,58.0,0.0,0.14,99.86,50,2025-04-07T21:22:54.435978
0.7000000000000001,0.4,59.0,0.0,0.14,99.86,50,2025-04-07T21:22:54.435979
0.7000000000000001,0.4,60.0,0.0,0.14,99.86,50,2025-04-07T21:22:54.435980
0.7000000000000001,0.4,61.0,0.0,0.14,99.86,50,2025-04-07T21:22:54.435981
0.7000000000000001,0.4,62.0,0.0,0.14,99.86,50,2025-04-07T21:22:54.435982
0.7000000000000001,0.4,63.0,0.0,0.14,99.86,50,2025-04-07T21:22:54.435983
0.7000000000000001,0.4,64.0,0.0,0.14,99.86,50,2025-04-07T21:22:54.435984
0.7000000000000001,0.4,65.0,0.0,0.14,99.86,50,2025-04-07T21:22:54.435985
0.7000000000000001,0.4,66.0,0.0,0.14,99.86,50,2025-04-07T21:22:54.435986
0.7000000000000001,0.4,67.0,0.0,0.14,99.86,50,2025-04-07T21:22:54.435987
0.7000000000000001,0.4,68.0,0.0,0.14,99.86,50,2025-04-07T21:22:54.435988
0.7000000000000001,0.4,69.0,0.0,0.14,99.86,50,2025-04-07T21:22:54.435989
0.7000000000000001,0.4,70.0,0.0,0.14,99.86,50,2025-04-07T21:22:54.435990
0.7000000000000001,0.4,71.0,0.0,0.14,99.86,50,2025-04-07T21:22:54.435991
0.7000000000000001,0.4,72.0,0.0,0.14,99.86,50,2025-04-07T21:22:54.435992
0.7000000000000001,0.4,73.0,0.0,0.14,99.86,50,2025-04-07T21:22:54.435993
0.7000000000000001,0.4,74.0,0.0,0.14,99.86,50,2025-04-07T21:22:54.436003
0.7000000000000001,0.4,75.0,0.0,0.14,99.86,50,2025-04-07T21:22:54.436004
0.7000000000000001,0.4,76.0,0.0,0.14,99.86,50,2025-04-07T21:22:54.436005
0.7000000000000001,0.4,77.0,0.0,0.14,99.86,50,2025-04-07T21:22:54.436006
0.7000000000000001,0.4,78.0,0.0,0.14,99.86,50,2025-04-07T21:22:54.436008
0.7000000000000001,0.4,79.0,0.0,0.14,99.86,50,2025-04-07T21:22:54.436010
0.7000000000000001,0.4,80.0,0.0,0.14,99.86,50,2025-04-07T21:22:54.436011
0.7000000000000001,0.4,81.0,0.0,0.14,99.86,50,2025-04-07T21:22:54.436012
0.7000000000000001,0.4,82.0,0.0,0.14,99.86,50,2025-04-07T21:22:54.436014
0.7000000000000001,0.4,83.0,0.0,0.14,99.86,50,2025-04-07T21:22:54.436015
0.7000000000000001,0.4,84.0,0.0,0.14,99.86,50,2025-04-07T21:22:54.436016
0.7000000000000001,0.4,85.0,0.0,0.14,99.86,50,2025-04-07T21:22:54.436017
0.7000000000000001,0.4,86.0,0.0,0.14,99.86,50,2025-04-07T21:22:54.436018
0.7000000000000001,0.4,87.0,0.0,0.14,99.86,50,2025-04-07T21:22:54.436019
0.7000000000000001,0.4,88.0,0.0,0.14,99.86,50,2025-04-07T21:22:54.436020
0.7000000000000001,0.4,89.0,0.0,0.14,99.86,50,2025-04-07T21:22:54.436021
0.7000000000000001,0.4,90.0,0.0,0.14,99.86,50,2025-04-07T21:22:54.436022
0.7000000000000001,0.4,91.0,0.0,0.14,99.86,50,2025-04-07T21:22:54.436023
0.7000000000000001,0.4,92.0,0.0,0.14,99.86,50,2025-04-07T21:22:54.436024
0.7000000000000001,0.4,93.0,0.0,0.14,99.86,50,2025-04-07T21:22:54.436025
0.7000000000000001,0.4,94.0,0.0,0.14,99.86,50,2025-04-07T21:22:54.436026
0.7000000000000001,0.4,95.0,0.0,0.14,99.86,50,2025-04-07T21:22:54.436027
0.7000000000000001,0.4,96.0,0.0,0.14,99.86,50,2025-04-07T21:22:54.436028
0.7000000000000001,0.4,97.0,0.0,0.14,99.86,50,2025-04-07T21:22:54.436029
0.7000000000000001,0.4,98.0,0.0,0.14,99.86,50,2025-04-07T21:22:54.436030
0.7000000000000001,0.4,99.0,0.0,0.14,99.86,50,2025-04-07T21:22:54.436031
0.7000000000000001,0.4,100.0,0.0,0.14,99.86,50,2025-04-07T21:22:54.436032
0.7000000000000001,0.5,0.0,95.0,5.0,0.0,50,2025-04-07T21:22:54.473267
0.7000000000000001,0.5,1.0,0.0,61.3,38.7,50,2025-04-07T21:22:54.473275
0.7000000000000001,0.5,2.0,0.0,36.62,63.38,50,2025-04-07T21:22:54.473277
0.7000000000000001,0.5,3.0,0.0,22.22,77.78,50,2025-04-07T21:22:54.473278
0.7000000000000001,0.5,4.0,0.0,13.48,86.52,50,2025-04-07T21:22:54.473279
0.7000000000000001,0.5,5.0,0.0,7.68,92.32,50,2025-04-07T21:22:54.473280
0.7000000000000001,0.5,6.0,0.0,4.4,95.6,50,2025-04-07T21:22:54.473281
0.7000000000000001,0.5,7.0,0.0,2.12,97.88,50,2025-04-07T21:22:54.473282
0.7000000000000001,0.5,8.0,0.0,0.88,99.12,50,2025-04-07T21:22:54.473283
0.7000000000000001,0.5,9.0,0.0,0.52,99.48,50,2025-04-07T21:22:54.473285
0.7000000000000001,0.5,10.0,0.0,0.36,99.64,50,2025-04-07T21:22:54.473286
0.7000000000000001,0.5,11.0,0.0,0.32,99.68,50,2025-04-07T21:22:54.473287
0.7000000000000001,0.5,12.0,0.0,0.32,99.68,50,2025-04-07T21:22:54.473288
0.7000000000000001,0.5,13.0,0.0,0.3,99.7,50,2025-04-07T21:22:54.473289
0.7000000000000001,0.5,14.0,0.0,0.26,99.74,50,2025-04-07T21:22:54.473290
0.7000000000000001,0.5,15.0,0.0,0.26,99.74,50,2025-04-07T21:22:54.473291
0.7000000000000001,0.5,16.0,0.0,0.26,99.74,50,2025-04-07T21:22:54.473292
0.7000000000000001,0.5,17.0,0.0,0.26,99.74,50,2025-04-07T21:22:54.473293
0.7000000000000001,0.5,18.0,0.0,0.26,99.74,50,2025-04-07T21:22:54.473294
0.7000000000000001,0.5,19.0,0.0,0.26,99.74,50,2025-04-07T21:22:54.473295
0.7000000000000001,0.5,20.0,0.0,0.26,99.74,50,2025-04-07T21:22:54.473296
0.7000000000000001,0.5,21.0,0.0,0.26,99.74,50,2025-04-07T21:22:54.473297
0.7000000000000001,0.5,22.0,0.0,0.26,99.74,50,2025-04-07T21:22:54.473298
0.7000000000000001,0.5,23.0,0.0,0.26,99.74,50,2025-04-07T21:22:54.473299
0.7000000000000001,0.5,24.0,0.0,0.26,99.74,50,2025-04-07T21:22:54.473300
0.7000000000000001,0.5,25.0,0.0,0.26,99.74,50,2025-04-07T21:22:54.473301
0.7000000000000001,0.5,26.0,0.0,0.26,99.74,50,2025-04-07T21:22:54.473302
0.7000000000000001,0.5,27.0,0.0,0.26,99.74,50,2025-04-07T21:22:54.473303
0.7000000000000001,0.5,28.0,0.0,0.26,99.74,50,2025-04-07T21:22:54.473305
0.7000000000000001,0.5,29.0,0.0,0.26,99.74,50,2025-04-07T21:22:54.473306
0.7000000000000001,0.5,30.0,0.0,0.26,99.74,50,2025-04-07T21:22:54.473307
0.7000000000000001,0.5,31.0,0.0,0.26,99.74,50,2025-04-07T21:22:54.473308
0.7000000000000001,0.5,32.0,0.0,0.26,99.74,50,2025-04-07T21:22:54.473309
0.7000000000000001,0.5,33.0,0.0,0.26,99.74,50,2025-04-07T21:22:54.473310
0.7000000000000001,0.5,34.0,0.0,0.26,99.74,50,2025-04-07T21:22:54.473311
0.7000000000000001,0.5,35.0,0.0,0.26,99.74,50,2025-04-07T21:22:54.473312
0.7000000000000001,0.5,36.0,0.0,0.26,99.74,50,2025-04-07T21:22:54.473313
0.7000000000000001,0.5,37.0,0.0,0.26,99.74,50,2025-04-07T21:22:54.473314
0.7000000000000001,0.5,38.0,0.0,0.26,99.74,50,2025-04-07T21:22:54.473315
0.7000000000000001,0.5,39.0,0.0,0.26,99.74,50,2025-04-07T21:22:54.473316
0.7000000000000001,0.5,40.0,0.0,0.26,99.74,50,2025-04-07T21:22:54.473317
0.7000000000000001,0.5,41.0,0.0,0.26,99.74,50,2025-04-07T21:22:54.473318
0.7000000000000001,0.5,42.0,0.0,0.26,99.74,50,2025-04-07T21:22:54.473320
0.7000000000000001,0.5,43.0,0.0,0.26,99.74,50,2025-04-07T21:22:54.473321
0.7000000000000001,0.5,44.0,0.0,0.26,99.74,50,2025-04-07T21:22:54.473322
0.7000000000000001,0.5,45.0,0.0,0.26,99.74,50,2025-04-07T21:22:54.473323
0.7000000000000001,0.5,46.0,0.0,0.26,99.74,50,2025-04-07T21:22:54.473324
0.7000000000000001,0.5,47.0,0.0,0.26,99.74,50,2025-04-07T21:22:54.473325
0.7000000000000001,0.5,48.0,0.0,0.26,99.74,50,2025-04-07T21:22:54.473326
0.7000000000000001,0.5,49.0,0.0,0.26,99.74,50,2025-04-07T21:22:54.473327
0.7000000000000001,0.5,50.0,0.0,0.26,99.74,50,2025-04-07T21:22:54.473328
0.7000000000000001,0.5,51.0,0.0,0.26,99.74,50,2025-04-07T21:22:54.473329
0.7000000000000001,0.5,52.0,0.0,0.26,99.74,50,2025-04-07T21:22:54.473330
0.7000000000000001,0.5,53.0,0.0,0.26,99.74,50,2025-04-07T21:22:54.473331
0.7000000000000001,0.5,54.0,0.0,0.26,99.74,50,2025-04-07T21:22:54.473332
0.7000000000000001,0.5,55.0,0.0,0.26,99.74,50,2025-04-07T21:22:54.473333
0.7000000000000001,0.5,56.0,0.0,0.26,99.74,50,2025-04-07T21:22:54.473334
0.7000000000000001,0.5,57.0,0.0,0.26,99.74,50,2025-04-07T21:22:54.473335
0.7000000000000001,0.5,58.0,0.0,0.26,99.74,50,2025-04-07T21:22:54.473336
0.7000000000000001,0.5,59.0,0.0,0.26,99.74,50,2025-04-07T21:22:54.473337
0.7000000000000001,0.5,60.0,0.0,0.26,99.74,50,2025-04-07T21:22:54.473338
0.7000000000000001,0.5,61.0,0.0,0.26,99.74,50,2025-04-07T21:22:54.473339
0.7000000000000001,0.5,62.0,0.0,0.26,99.74,50,2025-04-07T21:22:54.473340
0.7000000000000001,0.5,63.0,0.0,0.26,99.74,50,2025-04-07T21:22:54.473341
0.7000000000000001,0.5,64.0,0.0,0.26,99.74,50,2025-04-07T21:22:54.473342
0.7000000000000001,0.5,65.0,0.0,0.26,99.74,50,2025-04-07T21:22:54.473343
0.7000000000000001,0.5,66.0,0.0,0.26,99.74,50,2025-04-07T21:22:54.473344
0.7000000000000001,0.5,67.0,0.0,0.26,99.74,50,2025-04-07T21:22:54.473345
0.7000000000000001,0.5,68.0,0.0,0.26,99.74,50,2025-04-07T21:22:54.473346
0.7000000000000001,0.5,69.0,0.0,0.26,99.74,50,2025-04-07T21:22:54.473347
0.7000000000000001,0.5,70.0,0.0,0.26,99.74,50,2025-04-07T21:22:54.473348
0.7000000000000001,0.5,71.0,0.0,0.26,99.74,50,2025-04-07T21:22:54.473349
0.7000000000000001,0.5,72.0,0.0,0.26,99.74,50,2025-04-07T21:22:54.473350
0.7000000000000001,0.5,73.0,0.0,0.26,99.74,50,2025-04-07T21:22:54.473351
0.7000000000000001,0.5,74.0,0.0,0.26,99.74,50,2025-04-07T21:22:54.473352
0.7000000000000001,0.5,75.0,0.0,0.26,99.74,50,2025-04-07T21:22:54.473353
0.7000000000000001,0.5,76.0,0.0,0.26,99.74,50,2025-04-07T21:22:54.473354
0.7000000000000001,0.5,77.0,0.0,0.26,99.74,50,2025-04-07T21:22:54.473356
0.7000000000000001,0.5,78.0,0.0,0.26,99.74,50,2025-04-07T21:22:54.473357
0.7000000000000001,0.5,79.0,0.0,0.26,99.74,50,2025-04-07T21:22:54.473358
0.7000000000000001,0.5,80.0,0.0,0.26,99.74,50,2025-04-07T21:22:54.473359
0.7000000000000001,0.5,81.0,0.0,0.26,99.74,50,2025-04-07T21:22:54.473360
0.7000000000000001,0.5,82.0,0.0,0.26,99.74,50,2025-04-07T21:22:54.473361
0.7000000000000001,0.5,83.0,0.0,0.26,99.74,50,2025-04-07T21:22:54.473362
0.7000000000000001,0.5,84.0,0.0,0.26,99.74,50,2025-04-07T21:22:54.473363
0.7000000000000001,0.5,85.0,0.0,0.26,99.74,50,2025-04-07T21:22:54.473364
0.7000000000000001,0.5,86.0,0.0,0.26,99.74,50,2025-04-07T21:22:54.473365
0.7000000000000001,0.5,87.0,0.0,0.26,99.74,50,2025-04-07T21:22:54.473366
0.7000000000000001,0.5,88.0,0.0,0.26,99.74,50,2025-04-07T21:22:54.473367
0.7000000000000001,0.5,89.0,0.0,0.26,99.74,50,2025-04-07T21:22:54.473368
0.7000000000000001,0.5,90.0,0.0,0.26,99.74,50,2025-04-07T21:22:54.473369
0.7000000000000001,0.5,91.0,0.0,0.26,99.74,50,2025-04-07T21:22:54.473370
0.7000000000000001,0.5,92.0,0.0,0.26,99.74,50,2025-04-07T21:22:54.473371
0.7000000000000001,0.5,93.0,0.0,0.26,99.74,50,2025-04-07T21:22:54.473372
0.7000000000000001,0.5,94.0,0.0,0.26,99.74,50,2025-04-07T21:22:54.473373
0.7000000000000001,0.5,95.0,0.0,0.26,99.74,50,2025-04-07T21:22:54.473374
0.7000000000000001,0.5,96.0,0.0,0.26,99.74,50,2025-04-07T21:22:54.473375
0.7000000000000001,0.5,97.0,0.0,0.26,99.74,50,2025-04-07T21:22:54.473376
0.7000000000000001,0.5,98.0,0.0,0.26,99.74,50,2025-04-07T21:22:54.473377
0.7000000000000001,0.5,99.0,0.0,0.26,99.74,50,2025-04-07T21:22:54.473378
0.7000000000000001,0.5,100.0,0.0,0.26,99.74,50,2025-04-07T21:22:54.473379
0.7000000000000001,0.6,0.0,95.0,5.0,0.0,50,2025-04-07T21:22:54.511455
0.7000000000000001,0.6,1.0,0.0,55.56,44.44,50,2025-04-07T21:22:54.511461
0.7000000000000001,0.6,2.0,0.0,30.2,69.8,50,2025-04-07T21:22:54.511463
0.7000000000000001,0.6,3.0,0.0,15.64,84.36,50,2025-04-07T21:22:54.511464
0.7000000000000001,0.6,4.0,0.0,7.92,92.08,50,2025-04-07T21:22:54.511465
0.7000000000000001,0.6,5.0,0.0,4.26,95.74,50,2025-04-07T21:22:54.511466
0.7000000000000001,0.6,6.0,0.0,2.02,97.98,50,2025-04-07T21:22:54.511467
0.7000000000000001,0.6,7.0,0.0,1.06,98.94,50,2025-04-07T21:22:54.511468
0.7000000000000001,0.6,8.0,0.0,0.52,99.48,50,2025-04-07T21:22:54.511469
0.7000000000000001,0.6,9.0,0.0,0.38,99.62,50,2025-04-07T21:22:54.511470
0.7000000000000001,0.6,10.0,0.0,0.34,99.66,50,2025-04-07T21:22:54.511471
0.7000000000000001,0.6,11.0,0.0,0.32,99.68,50,2025-04-07T21:22:54.511472
0.7000000000000001,0.6,12.0,0.0,0.32,99.68,50,2025-04-07T21:22:54.511473
0.7000000000000001,0.6,13.0,0.0,0.32,99.68,50,2025-04-07T21:22:54.511474
0.7000000000000001,0.6,14.0,0.0,0.32,99.68,50,2025-04-07T21:22:54.511475
0.7000000000000001,0.6,15.0,0.0,0.32,99.68,50,2025-04-07T21:22:54.511476
0.7000000000000001,0.6,16.0,0.0,0.32,99.68,50,2025-04-07T21:22:54.511477
0.7000000000000001,0.6,17.0,0.0,0.32,99.68,50,2025-04-07T21:22:54.511478
0.7000000000000001,0.6,18.0,0.0,0.32,99.68,50,2025-04-07T21:22:54.511479
0.7000000000000001,0.6,19.0,0.0,0.32,99.68,50,2025-04-07T21:22:54.511480
0.7000000000000001,0.6,20.0,0.0,0.32,99.68,50,2025-04-07T21:22:54.511481
0.7000000000000001,0.6,21.0,0.0,0.32,99.68,50,2025-04-07T21:22:54.511482
0.7000000000000001,0.6,22.0,0.0,0.32,99.68,50,2025-04-07T21:22:54.511483
0.7000000000000001,0.6,23.0,0.0,0.32,99.68,50,2025-04-07T21:22:54.511484
0.7000000000000001,0.6,24.0,0.0,0.32,99.68,50,2025-04-07T21:22:54.511485
0.7000000000000001,0.6,25.0,0.0,0.32,99.68,50,2025-04-07T21:22:54.511486
0.7000000000000001,0.6,26.0,0.0,0.32,99.68,50,2025-04-07T21:22:54.511487
0.7000000000000001,0.6,27.0,0.0,0.32,99.68,50,2025-04-07T21:22:54.511488
0.7000000000000001,0.6,28.0,0.0,0.32,99.68,50,2025-04-07T21:22:54.511489
0.7000000000000001,0.6,29.0,0.0,0.32,99.68,50,2025-04-07T21:22:54.511490
0.7000000000000001,0.6,30.0,0.0,0.32,99.68,50,2025-04-07T21:22:54.511491
0.7000000000000001,0.6,31.0,0.0,0.32,99.68,50,2025-04-07T21:22:54.511492
0.7000000000000001,0.6,32.0,0.0,0.32,99.68,50,2025-04-07T21:22:54.511493
0.7000000000000001,0.6,33.0,0.0,0.32,99.68,50,2025-04-07T21:22:54.511494
0.7000000000000001,0.6,34.0,0.0,0.32,99.68,50,2025-04-07T21:22:54.511495
0.7000000000000001,0.6,35.0,0.0,0.32,99.68,50,2025-04-07T21:22:54.511496
0.7000000000000001,0.6,36.0,0.0,0.32,99.68,50,2025-04-07T21:22:54.511497
0.7000000000000001,0.6,37.0,0.0,0.32,99.68,50,2025-04-07T21:22:54.511498
0.7000000000000001,0.6,38.0,0.0,0.32,99.68,50,2025-04-07T21:22:54.511499
0.7000000000000001,0.6,39.0,0.0,0.32,99.68,50,2025-04-07T21:22:54.511500
0.7000000000000001,0.6,40.0,0.0,0.32,99.68,50,2025-04-07T21:22:54.511501
0.7000000000000001,0.6,41.0,0.0,0.32,99.68,50,2025-04-07T21:22:54.511502
0.7000000000000001,0.6,42.0,0.0,0.32,99.68,50,2025-04-07T21:22:54.511503
0.7000000000000001,0.6,43.0,0.0,0.32,99.68,50,2025-04-07T21:22:54.511504
0.7000000000000001,0.6,44.0,0.0,0.32,99.68,50,2025-04-07T21:22:54.511505
0.7000000000000001,0.6,45.0,0.0,0.32,99.68,50,2025-04-07T21:22:54.511506
0.7000000000000001,0.6,46.0,0.0,0.32,99.68,50,2025-04-07T21:22:54.511507
0.7000000000000001,0.6,47.0,0.0,0.32,99.68,50,2025-04-07T21:22:54.511508
0.7000000000000001,0.6,48.0,0.0,0.32,99.68,50,2025-04-07T21:22:54.511509
0.7000000000000001,0.6,49.0,0.0,0.32,99.68,50,2025-04-07T21:22:54.511510
0.7000000000000001,0.6,50.0,0.0,0.32,99.68,50,2025-04-07T21:22:54.511511
0.7000000000000001,0.6,51.0,0.0,0.32,99.68,50,2025-04-07T21:22:54.511512
0.7000000000000001,0.6,52.0,0.0,0.32,99.68,50,2025-04-07T21:22:54.511513
0.7000000000000001,0.6,53.0,0.0,0.32,99.68,50,2025-04-07T21:22:54.511514
0.7000000000000001,0.6,54.0,0.0,0.32,99.68,50,2025-04-07T21:22:54.511515
0.7000000000000001,0.6,55.0,0.0,0.32,99.68,50,2025-04-07T21:22:54.511516
0.7000000000000001,0.6,56.0,0.0,0.32,99.68,50,2025-04-07T21:22:54.511517
0.7000000000000001,0.6,57.0,0.0,0.32,99.68,50,2025-04-07T21:22:54.511518
0.7000000000000001,0.6,58.0,0.0,0.32,99.68,50,2025-04-07T21:22:54.511519
0.7000000000000001,0.6,59.0,0.0,0.32,99.68,50,2025-04-07T21:22:54.511520
0.7000000000000001,0.6,60.0,0.0,0.32,99.68,50,2025-04-07T21:22:54.511521
0.7000000000000001,0.6,61.0,0.0,0.32,99.68,50,2025-04-07T21:22:54.511522
0.7000000000000001,0.6,62.0,0.0,0.32,99.68,50,2025-04-07T21:22:54.511534
0.7000000000000001,0.6,63.0,0.0,0.32,99.68,50,2025-04-07T21:22:54.511535
0.7000000000000001,0.6,64.0,0.0,0.32,99.68,50,2025-04-07T21:22:54.511537
0.7000000000000001,0.6,65.0,0.0,0.32,99.68,50,2025-04-07T21:22:54.511537
0.7000000000000001,0.6,66.0,0.0,0.32,99.68,50,2025-04-07T21:22:54.511538
0.7000000000000001,0.6,67.0,0.0,0.32,99.68,50,2025-04-07T21:22:54.511539
0.7000000000000001,0.6,68.0,0.0,0.32,99.68,50,2025-04-07T21:22:54.511540
0.7000000000000001,0.6,69.0,0.0,0.32,99.68,50,2025-04-07T21:22:54.511541
0.7000000000000001,0.6,70.0,0.0,0.32,99.68,50,2025-04-07T21:22:54.511542
0.7000000000000001,0.6,71.0,0.0,0.32,99.68,50,2025-04-07T21:22:54.511543
0.7000000000000001,0.6,72.0,0.0,0.32,99.68,50,2025-04-07T21:22:54.511545
0.7000000000000001,0.6,73.0,0.0,0.32,99.68,50,2025-04-07T21:22:54.511546
0.7000000000000001,0.6,74.0,0.0,0.32,99.68,50,2025-04-07T21:22:54.511547
0.7000000000000001,0.6,75.0,0.0,0.32,99.68,50,2025-04-07T21:22:54.511548
0.7000000000000001,0.6,76.0,0.0,0.32,99.68,50,2025-04-07T21:22:54.511549
0.7000000000000001,0.6,77.0,0.0,0.32,99.68,50,2025-04-07T21:22:54.511549
0.7000000000000001,0.6,78.0,0.0,0.32,99.68,50,2025-04-07T21:22:54.511550
0.7000000000000001,0.6,79.0,0.0,0.32,99.68,50,2025-04-07T21:22:54.511551
0.7000000000000001,0.6,80.0,0.0,0.32,99.68,50,2025-04-07T21:22:54.511552
0.7000000000000001,0.6,81.0,0.0,0.32,99.68,50,2025-04-07T21:22:54.511553
0.7000000000000001,0.6,82.0,0.0,0.32,99.68,50,2025-04-07T21:22:54.511554
0.7000000000000001,0.6,83.0,0.0,0.32,99.68,50,2025-04-07T21:22:54.511555
0.7000000000000001,0.6,84.0,0.0,0.32,99.68,50,2025-04-07T21:22:54.511556
0.7000000000000001,0.6,85.0,0.0,0.32,99.68,50,2025-04-07T21:22:54.511557
0.7000000000000001,0.6,86.0,0.0,0.32,99.68,50,2025-04-07T21:22:54.511558
0.7000000000000001,0.6,87.0,0.0,0.32,99.68,50,2025-04-07T21:22:54.511559
0.7000000000000001,0.6,88.0,0.0,0.32,99.68,50,2025-04-07T21:22:54.511560
0.7000000000000001,0.6,89.0,0.0,0.32,99.68,50,2025-04-07T21:22:54.511561
0.7000000000000001,0.6,90.0,0.0,0.32,99.68,50,2025-04-07T21:22:54.511562
0.7000000000000001,0.6,91.0,0.0,0.32,99.68,50,2025-04-07T21:22:54.511563
0.7000000000000001,0.6,92.0,0.0,0.32,99.68,50,2025-04-07T21:22:54.511564
0.7000000000000001,0.6,93.0,0.0,0.32,99.68,50,2025-04-07T21:22:54.511565
0.7000000000000001,0.6,94.0,0.0,0.32,99.68,50,2025-04-07T21:22:54.511566
0.7000000000000001,0.6,95.0,0.0,0.32,99.68,50,2025-04-07T21:22:54.511567
0.7000000000000001,0.6,96.0,0.0,0.32,99.68,50,2025-04-07T21:22:54.511568
0.7000000000000001,0.6,97.0,0.0,0.32,99.68,50,2025-04-07T21:22:54.511569
0.7000000000000001,0.6,98.0,0.0,0.32,99.68,50,2025-04-07T21:22:54.511570
0.7000000000000001,0.6,99.0,0.0,0.32,99.68,50,2025-04-07T21:22:54.511571
0.7000000000000001,0.6,100.0,0.0,0.32,99.68,50,2025-04-07T21:22:54.511572
0.7000000000000001,0.7000000000000001,0.0,95.0,5.0,0.0,50,2025-04-07T21:22:54.550060
0.7000000000000001,0.7000000000000001,1.0,0.0,49.12,50.88,50,2025-04-07T21:22:54.550068
0.7000000000000001,0.7000000000000001,2.0,0.0,24.46,75.54,50,2025-04-07T21:22:54.550069
0.7000000000000001,0.7000000000000001,3.0,0.0,11.28,88.72,50,2025-04-07T21:22:54.550070
0.7000000000000001,0.7000000000000001,4.0,0.0,4.58,95.42,50,2025-04-07T21:22:54.550072
0.7000000000000001,0.7000000000000001,5.0,0.0,2.14,97.86,50,2025-04-07T21:22:54.550073
0.7000000000000001,0.7000000000000001,6.0,0.0,1.0,99.0,50,2025-04-07T21:22:54.550074
0.7000000000000001,0.7000000000000001,7.0,0.0,0.52,99.48,50,2025-04-07T21:22:54.550075
0.7000000000000001,0.7000000000000001,8.0,0.0,0.4,99.6,50,2025-04-07T21:22:54.550077
0.7000000000000001,0.7000000000000001,9.0,0.0,0.4,99.6,50,2025-04-07T21:22:54.550078
0.7000000000000001,0.7000000000000001,10.0,0.0,0.38,99.62,50,2025-04-07T21:22:54.550079
0.7000000000000001,0.7000000000000001,11.0,0.0,0.38,99.62,50,2025-04-07T21:22:54.550080
0.7000000000000001,0.7000000000000001,12.0,0.0,0.38,99.62,50,2025-04-07T21:22:54.550081
0.7000000000000001,0.7000000000000001,13.0,0.0,0.38,99.62,50,2025-04-07T21:22:54.550082
0.7000000000000001,0.7000000000000001,14.0,0.0,0.38,99.62,50,2025-04-07T21:22:54.550083
0.7000000000000001,0.7000000000000001,15.0,0.0,0.38,99.62,50,2025-04-07T21:22:54.550084
0.7000000000000001,0.7000000000000001,16.0,0.0,0.38,99.62,50,2025-04-07T21:22:54.550085
0.7000000000000001,0.7000000000000001,17.0,0.0,0.38,99.62,50,2025-04-07T21:22:54.550086
0.7000000000000001,0.7000000000000001,18.0,0.0,0.38,99.62,50,2025-04-07T21:22:54.550088
0.7000000000000001,0.7000000000000001,19.0,0.0,0.38,99.62,50,2025-04-07T21:22:54.550089
0.7000000000000001,0.7000000000000001,20.0,0.0,0.38,99.62,50,2025-04-07T21:22:54.550090
0.7000000000000001,0.7000000000000001,21.0,0.0,0.38,99.62,50,2025-04-07T21:22:54.550091
0.7000000000000001,0.7000000000000001,22.0,0.0,0.38,99.62,50,2025-04-07T21:22:54.550092
0.7000000000000001,0.7000000000000001,23.0,0.0,0.38,99.62,50,2025-04-07T21:22:54.550093
0.7000000000000001,0.7000000000000001,24.0,0.0,0.38,99.62,50,2025-04-07T21:22:54.550094
0.7000000000000001,0.7000000000000001,25.0,0.0,0.38,99.62,50,2025-04-07T21:22:54.550095
0.7000000000000001,0.7000000000000001,26.0,0.0,0.38,99.62,50,2025-04-07T21:22:54.550096
0.7000000000000001,0.7000000000000001,27.0,0.0,0.38,99.62,50,2025-04-07T21:22:54.550097
0.7000000000000001,0.7000000000000001,28.0,0.0,0.38,99.62,50,2025-04-07T21:22:54.550099
0.7000000000000001,0.7000000000000001,29.0,0.0,0.38,99.62,50,2025-04-07T21:22:54.550100
0.7000000000000001,0.7000000000000001,30.0,0.0,0.38,99.62,50,2025-04-07T21:22:54.550101
0.7000000000000001,0.7000000000000001,31.0,0.0,0.38,99.62,50,2025-04-07T21:22:54.550102
0.7000000000000001,0.7000000000000001,32.0,0.0,0.38,99.62,50,2025-04-07T21:22:54.550103
0.7000000000000001,0.7000000000000001,33.0,0.0,0.38,99.62,50,2025-04-07T21:22:54.550104
0.7000000000000001,0.7000000000000001,34.0,0.0,0.38,99.62,50,2025-04-07T21:22:54.550105
0.7000000000000001,0.7000000000000001,35.0,0.0,0.38,99.62,50,2025-04-07T21:22:54.550106
0.7000000000000001,0.7000000000000001,36.0,0.0,0.38,99.62,50,2025-04-07T21:22:54.550107
0.7000000000000001,0.7000000000000001,37.0,0.0,0.38,99.62,50,2025-04-07T21:22:54.550108
0.7000000000000001,0.7000000000000001,38.0,0.0,0.38,99.62,50,2025-04-07T21:22:54.550109
0.7000000000000001,0.7000000000000001,39.0,0.0,0.38,99.62,50,2025-04-07T21:22:54.550110
0.7000000000000001,0.7000000000000001,40.0,0.0,0.38,99.62,50,2025-04-07T21:22:54.550111
0.7000000000000001,0.7000000000000001,41.0,0.0,0.38,99.62,50,2025-04-07T21:22:54.550112
0.7000000000000001,0.7000000000000001,42.0,0.0,0.38,99.62,50,2025-04-07T21:22:54.550113
0.7000000000000001,0.7000000000000001,43.0,0.0,0.38,99.62,50,2025-04-07T21:22:54.550114
0.7000000000000001,0.7000000000000001,44.0,0.0,0.38,99.62,50,2025-04-07T21:22:54.550115
0.7000000000000001,0.7000000000000001,45.0,0.0,0.38,99.62,50,2025-04-07T21:22:54.550116
0.7000000000000001,0.7000000000000001,46.0,0.0,0.38,99.62,50,2025-04-07T21:22:54.550118
0.7000000000000001,0.7000000000000001,47.0,0.0,0.38,99.62,50,2025-04-07T21:22:54.550119
0.7000000000000001,0.7000000000000001,48.0,0.0,0.38,99.62,50,2025-04-07T21:22:54.550120
0.7000000000000001,0.7000000000000001,49.0,0.0,0.38,99.62,50,2025-04-07T21:22:54.550121
0.7000000000000001,0.7000000000000001,50.0,0.0,0.38,99.62,50,2025-04-07T21:22:54.550122
0.7000000000000001,0.7000000000000001,51.0,0.0,0.38,99.62,50,2025-04-07T21:22:54.550123
0.7000000000000001,0.7000000000000001,52.0,0.0,0.38,99.62,50,2025-04-07T21:22:54.550124
0.7000000000000001,0.7000000000000001,53.0,0.0,0.38,99.62,50,2025-04-07T21:22:54.550125
0.7000000000000001,0.7000000000000001,54.0,0.0,0.38,99.62,50,2025-04-07T21:22:54.550126
0.7000000000000001,0.7000000000000001,55.0,0.0,0.38,99.62,50,2025-04-07T21:22:54.550127
0.7000000000000001,0.7000000000000001,56.0,0.0,0.38,99.62,50,2025-04-07T21:22:54.550128
0.7000000000000001,0.7000000000000001,57.0,0.0,0.38,99.62,50,2025-04-07T21:22:54.550129
0.7000000000000001,0.7000000000000001,58.0,0.0,0.38,99.62,50,2025-04-07T21:22:54.550130
0.7000000000000001,0.7000000000000001,59.0,0.0,0.38,99.62,50,2025-04-07T21:22:54.550131
0.7000000000000001,0.7000000000000001,60.0,0.0,0.38,99.62,50,2025-04-07T21:22:54.550132
0.7000000000000001,0.7000000000000001,61.0,0.0,0.38,99.62,50,2025-04-07T21:22:54.550133
0.7000000000000001,0.7000000000000001,62.0,0.0,0.38,99.62,50,2025-04-07T21:22:54.550135
0.7000000000000001,0.7000000000000001,63.0,0.0,0.38,99.62,50,2025-04-07T21:22:54.550136
0.7000000000000001,0.7000000000000001,64.0,0.0,0.38,99.62,50,2025-04-07T21:22:54.550137
0.7000000000000001,0.7000000000000001,65.0,0.0,0.38,99.62,50,2025-04-07T21:22:54.550138
0.7000000000000001,0.7000000000000001,66.0,0.0,0.38,99.62,50,2025-04-07T21:22:54.550139
0.7000000000000001,0.7000000000000001,67.0,0.0,0.38,99.62,50,2025-04-07T21:22:54.550140
0.7000000000000001,0.7000000000000001,68.0,0.0,0.38,99.62,50,2025-04-07T21:22:54.550141
0.7000000000000001,0.7000000000000001,69.0,0.0,0.38,99.62,50,2025-04-07T21:22:54.550142
0.7000000000000001,0.7000000000000001,70.0,0.0,0.38,99.62,50,2025-04-07T21:22:54.550143
0.7000000000000001,0.7000000000000001,71.0,0.0,0.38,99.62,50,2025-04-07T21:22:54.550144
0.7000000000000001,0.7000000000000001,72.0,0.0,0.38,99.62,50,2025-04-07T21:22:54.550145
0.7000000000000001,0.7000000000000001,73.0,0.0,0.38,99.62,50,2025-04-07T21:22:54.550146
0.7000000000000001,0.7000000000000001,74.0,0.0,0.38,99.62,50,2025-04-07T21:22:54.550147
0.7000000000000001,0.7000000000000001,75.0,0.0,0.38,99.62,50,2025-04-07T21:22:54.550148
0.7000000000000001,0.7000000000000001,76.0,0.0,0.38,99.62,50,2025-04-07T21:22:54.550149
0.7000000000000001,0.7000000000000001,77.0,0.0,0.38,99.62,50,2025-04-07T21:22:54.550150
0.7000000000000001,0.7000000000000001,78.0,0.0,0.38,99.62,50,2025-04-07T21:22:54.550151
0.7000000000000001,0.7000000000000001,79.0,0.0,0.38,99.62,50,2025-04-07T21:22:54.550152
0.7000000000000001,0.7000000000000001,80.0,0.0,0.38,99.62,50,2025-04-07T21:22:54.550153
0.7000000000000001,0.7000000000000001,81.0,0.0,0.38,99.62,50,2025-04-07T21:22:54.550154
0.7000000000000001,0.7000000000000001,82.0,0.0,0.38,99.62,50,2025-04-07T21:22:54.550155
0.7000000000000001,0.7000000000000001,83.0,0.0,0.38,99.62,50,2025-04-07T21:22:54.550162
0.7000000000000001,0.7000000000000001,84.0,0.0,0.38,99.62,50,2025-04-07T21:22:54.550163
0.7000000000000001,0.7000000000000001,85.0,0.0,0.38,99.62,50,2025-04-07T21:22:54.550164
0.7000000000000001,0.7000000000000001,86.0,0.0,0.38,99.62,50,2025-04-07T21:22:54.550165
0.7000000000000001,0.7000000000000001,87.0,0.0,0.38,99.62,50,2025-04-07T21:22:54.550166
0.7000000000000001,0.7000000000000001,88.0,0.0,0.38,99.62,50,2025-04-07T21:22:54.550167
0.7000000000000001,0.7000000000000001,89.0,0.0,0.38,99.62,50,2025-04-07T21:22:54.550168
0.7000000000000001,0.7000000000000001,90.0,0.0,0.38,99.62,50,2025-04-07T21:22:54.550169
0.7000000000000001,0.7000000000000001,91.0,0.0,0.38,99.62,50,2025-04-07T21:22:54.550170
0.7000000000000001,0.7000000000000001,92.0,0.0,0.38,99.62,50,2025-04-07T21:22:54.550171
0.7000000000000001,0.7000000000000001,93.0,0.0,0.38,99.62,50,2025-04-07T21:22:54.550172
0.7000000000000001,0.7000000000000001,94.0,0.0,0.38,99.62,50,2025-04-07T21:22:54.550173
0.7000000000000001,0.7000000000000001,95.0,0.0,0.38,99.62,50,2025-04-07T21:22:54.550174
0.7000000000000001,0.7000000000000001,96.0,0.0,0.38,99.62,50,2025-04-07T21:22:54.550175
0.7000000000000001,0.7000000000000001,97.0,0.0,0.38,99.62,50,2025-04-07T21:22:54.550176
0.7000000000000001,0.7000000000000001,98.0,0.0,0.38,99.62,50,2025-04-07T21:22:54.550177
0.7000000000000001,0.7000000000000001,99.0,0.0,0.38,99.62,50,2025-04-07T21:22:54.550178
0.7000000000000001,0.7000000000000001,100.0,0.0,0.38,99.62,50,2025-04-07T21:22:54.550179
0.7000000000000001,0.8,0.0,95.0,5.0,0.0,50,2025-04-07T21:22:54.587051
0.7000000000000001,0.8,1.0,0.0,46.38,53.62,50,2025-04-07T21:22:54.587058
0.7000000000000001,0.8,2.0,0.0,20.36,79.64,50,2025-04-07T21:22:54.587059
0.7000000000000001,0.8,3.0,0.0,8.36,91.64,50,2025-04-07T21:22:54.587060
0.7000000000000001,0.8,4.0,0.0,3.02,96.98,50,2025-04-07T21:22:54.587061
0.7000000000000001,0.8,5.0,0.0,1.08,98.92,50,2025-04-07T21:22:54.587062
0.7000000000000001,0.8,6.0,0.0,0.46,99.54,50,2025-04-07T21:22:54.587063
0.7000000000000001,0.8,7.0,0.0,0.32,99.68,50,2025-04-07T21:22:54.587064
0.7000000000000001,0.8,8.0,0.0,0.3,99.7,50,2025-04-07T21:22:54.587065
0.7000000000000001,0.8,9.0,0.0,0.3,99.7,50,2025-04-07T21:22:54.587066
0.7000000000000001,0.8,10.0,0.0,0.3,99.7,50,2025-04-07T21:22:54.587067
0.7000000000000001,0.8,11.0,0.0,0.3,99.7,50,2025-04-07T21:22:54.587068
0.7000000000000001,0.8,12.0,0.0,0.3,99.7,50,2025-04-07T21:22:54.587069
0.7000000000000001,0.8,13.0,0.0,0.3,99.7,50,2025-04-07T21:22:54.587071
0.7000000000000001,0.8,14.0,0.0,0.3,99.7,50,2025-04-07T21:22:54.587072
0.7000000000000001,0.8,15.0,0.0,0.3,99.7,50,2025-04-07T21:22:54.587073
0.7000000000000001,0.8,16.0,0.0,0.3,99.7,50,2025-04-07T21:22:54.587074
0.7000000000000001,0.8,17.0,0.0,0.3,99.7,50,2025-04-07T21:22:54.587075
0.7000000000000001,0.8,18.0,0.0,0.3,99.7,50,2025-04-07T21:22:54.587076
0.7000000000000001,0.8,19.0,0.0,0.3,99.7,50,2025-04-07T21:22:54.587077
0.7000000000000001,0.8,20.0,0.0,0.3,99.7,50,2025-04-07T21:22:54.587078
0.7000000000000001,0.8,21.0,0.0,0.3,99.7,50,2025-04-07T21:22:54.587079
0.7000000000000001,0.8,22.0,0.0,0.3,99.7,50,2025-04-07T21:22:54.587080
0.7000000000000001,0.8,23.0,0.0,0.3,99.7,50,2025-04-07T21:22:54.587081
0.7000000000000001,0.8,24.0,0.0,0.3,99.7,50,2025-04-07T21:22:54.587082
0.7000000000000001,0.8,25.0,0.0,0.3,99.7,50,2025-04-07T21:22:54.587083
0.7000000000000001,0.8,26.0,0.0,0.3,99.7,50,2025-04-07T21:22:54.587084
0.7000000000000001,0.8,27.0,0.0,0.3,99.7,50,2025-04-07T21:22:54.587085
0.7000000000000001,0.8,28.0,0.0,0.3,99.7,50,2025-04-07T21:22:54.587086
0.7000000000000001,0.8,29.0,0.0,0.3,99.7,50,2025-04-07T21:22:54.587087
0.7000000000000001,0.8,30.0,0.0,0.3,99.7,50,2025-04-07T21:22:54.587088
0.7000000000000001,0.8,31.0,0.0,0.3,99.7,50,2025-04-07T21:22:54.587089
0.7000000000000001,0.8,32.0,0.0,0.3,99.7,50,2025-04-07T21:22:54.587090
0.7000000000000001,0.8,33.0,0.0,0.3,99.7,50,2025-04-07T21:22:54.587091
0.7000000000000001,0.8,34.0,0.0,0.3,99.7,50,2025-04-07T21:22:54.587092
0.7000000000000001,0.8,35.0,0.0,0.3,99.7,50,2025-04-07T21:22:54.587093
0.7000000000000001,0.8,36.0,0.0,0.3,99.7,50,2025-04-07T21:22:54.587094
0.7000000000000001,0.8,37.0,0.0,0.3,99.7,50,2025-04-07T21:22:54.587096
0.7000000000000001,0.8,38.0,0.0,0.3,99.7,50,2025-04-07T21:22:54.587097
0.7000000000000001,0.8,39.0,0.0,0.3,99.7,50,2025-04-07T21:22:54.587098
0.7000000000000001,0.8,40.0,0.0,0.3,99.7,50,2025-04-07T21:22:54.587099
0.7000000000000001,0.8,41.0,0.0,0.3,99.7,50,2025-04-07T21:22:54.587100
0.7000000000000001,0.8,42.0,0.0,0.3,99.7,50,2025-04-07T21:22:54.587101
0.7000000000000001,0.8,43.0,0.0,0.3,99.7,50,2025-04-07T21:22:54.587102
0.7000000000000001,0.8,44.0,0.0,0.3,99.7,50,2025-04-07T21:22:54.587103
0.7000000000000001,0.8,45.0,0.0,0.3,99.7,50,2025-04-07T21:22:54.587104
0.7000000000000001,0.8,46.0,0.0,0.3,99.7,50,2025-04-07T21:22:54.587105
0.7000000000000001,0.8,47.0,0.0,0.3,99.7,50,2025-04-07T21:22:54.587106
0.7000000000000001,0.8,48.0,0.0,0.3,99.7,50,2025-04-07T21:22:54.587107
0.7000000000000001,0.8,49.0,0.0,0.3,99.7,50,2025-04-07T21:22:54.587108
0.7000000000000001,0.8,50.0,0.0,0.3,99.7,50,2025-04-07T21:22:54.587109
0.7000000000000001,0.8,51.0,0.0,0.3,99.7,50,2025-04-07T21:22:54.587110
0.7000000000000001,0.8,52.0,0.0,0.3,99.7,50,2025-04-07T21:22:54.587111
0.7000000000000001,0.8,53.0,0.0,0.3,99.7,50,2025-04-07T21:22:54.587112
0.7000000000000001,0.8,54.0,0.0,0.3,99.7,50,2025-04-07T21:22:54.587113
0.7000000000000001,0.8,55.0,0.0,0.3,99.7,50,2025-04-07T21:22:54.587114
0.7000000000000001,0.8,56.0,0.0,0.3,99.7,50,2025-04-07T21:22:54.587115
0.7000000000000001,0.8,57.0,0.0,0.3,99.7,50,2025-04-07T21:22:54.587116
0.7000000000000001,0.8,58.0,0.0,0.3,99.7,50,2025-04-07T21:22:54.587136
0.7000000000000001,0.8,59.0,0.0,0.3,99.7,50,2025-04-07T21:22:54.587137
0.7000000000000001,0.8,60.0,0.0,0.3,99.7,50,2025-04-07T21:22:54.587139
0.7000000000000001,0.8,61.0,0.0,0.3,99.7,50,2025-04-07T21:22:54.587140
0.7000000000000001,0.8,62.0,0.0,0.3,99.7,50,2025-04-07T21:22:54.587141
0.7000000000000001,0.8,63.0,0.0,0.3,99.7,50,2025-04-07T21:22:54.587142
0.7000000000000001,0.8,64.0,0.0,0.3,99.7,50,2025-04-07T21:22:54.587143
0.7000000000000001,0.8,65.0,0.0,0.3,99.7,50,2025-04-07T21:22:54.587144
0.7000000000000001,0.8,66.0,0.0,0.3,99.7,50,2025-04-07T21:22:54.587145
0.7000000000000001,0.8,67.0,0.0,0.3,99.7,50,2025-04-07T21:22:54.587146
0.7000000000000001,0.8,68.0,0.0,0.3,99.7,50,2025-04-07T21:22:54.587147
0.7000000000000001,0.8,69.0,0.0,0.3,99.7,50,2025-04-07T21:22:54.587148
0.7000000000000001,0.8,70.0,0.0,0.3,99.7,50,2025-04-07T21:22:54.587149
0.7000000000000001,0.8,71.0,0.0,0.3,99.7,50,2025-04-07T21:22:54.587150
0.7000000000000001,0.8,72.0,0.0,0.3,99.7,50,2025-04-07T21:22:54.587151
0.7000000000000001,0.8,73.0,0.0,0.3,99.7,50,2025-04-07T21:22:54.587152
0.7000000000000001,0.8,74.0,0.0,0.3,99.7,50,2025-04-07T21:22:54.587153
0.7000000000000001,0.8,75.0,0.0,0.3,99.7,50,2025-04-07T21:22:54.587154
0.7000000000000001,0.8,76.0,0.0,0.3,99.7,50,2025-04-07T21:22:54.587155
0.7000000000000001,0.8,77.0,0.0,0.3,99.7,50,2025-04-07T21:22:54.587157
0.7000000000000001,0.8,78.0,0.0,0.3,99.7,50,2025-04-07T21:22:54.587158
0.7000000000000001,0.8,79.0,0.0,0.3,99.7,50,2025-04-07T21:22:54.587159
0.7000000000000001,0.8,80.0,0.0,0.3,99.7,50,2025-04-07T21:22:54.587160
0.7000000000000001,0.8,81.0,0.0,0.3,99.7,50,2025-04-07T21:22:54.587161
0.7000000000000001,0.8,82.0,0.0,0.3,99.7,50,2025-04-07T21:22:54.587162
0.7000000000000001,0.8,83.0,0.0,0.3,99.7,50,2025-04-07T21:22:54.587163
0.7000000000000001,0.8,84.0,0.0,0.3,99.7,50,2025-04-07T21:22:54.587164
0.7000000000000001,0.8,85.0,0.0,0.3,99.7,50,2025-04-07T21:22:54.587165
0.7000000000000001,0.8,86.0,0.0,0.3,99.7,50,2025-04-07T21:22:54.587166
0.7000000000000001,0.8,87.0,0.0,0.3,99.7,50,2025-04-07T21:22:54.587167
0.7000000000000001,0.8,88.0,0.0,0.3,99.7,50,2025-04-07T21:22:54.587168
0.7000000000000001,0.8,89.0,0.0,0.3,99.7,50,2025-04-07T21:22:54.587169
0.7000000000000001,0.8,90.0,0.0,0.3,99.7,50,2025-04-07T21:22:54.587170
0.7000000000000001,0.8,91.0,0.0,0.3,99.7,50,2025-04-07T21:22:54.587171
0.7000000000000001,0.8,92.0,0.0,0.3,99.7,50,2025-04-07T21:22:54.587172
0.7000000000000001,0.8,93.0,0.0,0.3,99.7,50,2025-04-07T21:22:54.587173
0.7000000000000001,0.8,94.0,0.0,0.3,99.7,50,2025-04-07T21:22:54.587174
0.7000000000000001,0.8,95.0,0.0,0.3,99.7,50,2025-04-07T21:22:54.587175
0.7000000000000001,0.8,96.0,0.0,0.3,99.7,50,2025-04-07T21:22:54.587176
0.7000000000000001,0.8,97.0,0.0,0.3,99.7,50,2025-04-07T21:22:54.587177
0.7000000000000001,0.8,98.0,0.0,0.3,99.7,50,2025-04-07T21:22:54.587178
0.7000000000000001,0.8,99.0,0.0,0.3,99.7,50,2025-04-07T21:22:54.587179
0.7000000000000001,0.8,100.0,0.0,0.3,99.7,50,2025-04-07T21:22:54.587180
0.7000000000000001,0.9,0.0,95.0,5.0,0.0,50,2025-04-07T21:22:54.624918
0.7000000000000001,0.9,1.0,0.0,41.46,58.54,50,2025-04-07T21:22:54.624925
0.7000000000000001,0.9,2.0,0.0,16.96,83.04,50,2025-04-07T21:22:54.624926
0.7000000000000001,0.9,3.0,0.0,6.44,93.56,50,2025-04-07T21:22:54.624927
0.7000000000000001,0.9,4.0,0.0,2.22,97.78,50,2025-04-07T21:22:54.624928
0.7000000000000001,0.9,5.0,0.0,0.88,99.12,50,2025-04-07T21:22:54.624929
0.7000000000000001,0.9,6.0,0.0,0.64,99.36,50,2025-04-07T21:22:54.624930
0.7000000000000001,0.9,7.0,0.0,0.62,99.38,50,2025-04-07T21:22:54.624931
0.7000000000000001,0.9,8.0,0.0,0.62,99.38,50,2025-04-07T21:22:54.624933
0.7000000000000001,0.9,9.0,0.0,0.62,99.38,50,2025-04-07T21:22:54.624934
0.7000000000000001,0.9,10.0,0.0,0.62,99.38,50,2025-04-07T21:22:54.624935
0.7000000000000001,0.9,11.0,0.0,0.62,99.38,50,2025-04-07T21:22:54.624936
0.7000000000000001,0.9,12.0,0.0,0.62,99.38,50,2025-04-07T21:22:54.624937
0.7000000000000001,0.9,13.0,0.0,0.62,99.38,50,2025-04-07T21:22:54.624938
0.7000000000000001,0.9,14.0,0.0,0.62,99.38,50,2025-04-07T21:22:54.624939
0.7000000000000001,0.9,15.0,0.0,0.62,99.38,50,2025-04-07T21:22:54.624940
0.7000000000000001,0.9,16.0,0.0,0.62,99.38,50,2025-04-07T21:22:54.624941
0.7000000000000001,0.9,17.0,0.0,0.62,99.38,50,2025-04-07T21:22:54.624942
0.7000000000000001,0.9,18.0,0.0,0.62,99.38,50,2025-04-07T21:22:54.624943
0.7000000000000001,0.9,19.0,0.0,0.62,99.38,50,2025-04-07T21:22:54.624944
0.7000000000000001,0.9,20.0,0.0,0.62,99.38,50,2025-04-07T21:22:54.624945
0.7000000000000001,0.9,21.0,0.0,0.62,99.38,50,2025-04-07T21:22:54.624946
0.7000000000000001,0.9,22.0,0.0,0.62,99.38,50,2025-04-07T21:22:54.624947
0.7000000000000001,0.9,23.0,0.0,0.62,99.38,50,2025-04-07T21:22:54.624948
0.7000000000000001,0.9,24.0,0.0,0.62,99.38,50,2025-04-07T21:22:54.624949
0.7000000000000001,0.9,25.0,0.0,0.62,99.38,50,2025-04-07T21:22:54.624950
0.7000000000000001,0.9,26.0,0.0,0.62,99.38,50,2025-04-07T21:22:54.624951
0.7000000000000001,0.9,27.0,0.0,0.62,99.38,50,2025-04-07T21:22:54.624952
0.7000000000000001,0.9,28.0,0.0,0.62,99.38,50,2025-04-07T21:22:54.624954
0.7000000000000001,0.9,29.0,0.0,0.62,99.38,50,2025-04-07T21:22:54.624955
0.7000000000000001,0.9,30.0,0.0,0.62,99.38,50,2025-04-07T21:22:54.624956
0.7000000000000001,0.9,31.0,0.0,0.62,99.38,50,2025-04-07T21:22:54.624956
0.7000000000000001,0.9,32.0,0.0,0.62,99.38,50,2025-04-07T21:22:54.624957
0.7000000000000001,0.9,33.0,0.0,0.62,99.38,50,2025-04-07T21:22:54.624958
0.7000000000000001,0.9,34.0,0.0,0.62,99.38,50,2025-04-07T21:22:54.624960
0.7000000000000001,0.9,35.0,0.0,0.62,99.38,50,2025-04-07T21:22:54.624961
0.7000000000000001,0.9,36.0,0.0,0.62,99.38,50,2025-04-07T21:22:54.624962
0.7000000000000001,0.9,37.0,0.0,0.62,99.38,50,2025-04-07T21:22:54.624963
0.7000000000000001,0.9,38.0,0.0,0.62,99.38,50,2025-04-07T21:22:54.624964
0.7000000000000001,0.9,39.0,0.0,0.62,99.38,50,2025-04-07T21:22:54.624965
0.7000000000000001,0.9,40.0,0.0,0.62,99.38,50,2025-04-07T21:22:54.624966
0.7000000000000001,0.9,41.0,0.0,0.62,99.38,50,2025-04-07T21:22:54.624967
0.7000000000000001,0.9,42.0,0.0,0.62,99.38,50,2025-04-07T21:22:54.624968
0.7000000000000001,0.9,43.0,0.0,0.62,99.38,50,2025-04-07T21:22:54.624969
0.7000000000000001,0.9,44.0,0.0,0.62,99.38,50,2025-04-07T21:22:54.624970
0.7000000000000001,0.9,45.0,0.0,0.62,99.38,50,2025-04-07T21:22:54.624971
0.7000000000000001,0.9,46.0,0.0,0.62,99.38,50,2025-04-07T21:22:54.624972
0.7000000000000001,0.9,47.0,0.0,0.62,99.38,50,2025-04-07T21:22:54.624973
0.7000000000000001,0.9,48.0,0.0,0.62,99.38,50,2025-04-07T21:22:54.624974
0.7000000000000001,0.9,49.0,0.0,0.62,99.38,50,2025-04-07T21:22:54.624975
0.7000000000000001,0.9,50.0,0.0,0.62,99.38,50,2025-04-07T21:22:54.624976
0.7000000000000001,0.9,51.0,0.0,0.62,99.38,50,2025-04-07T21:22:54.624977
0.7000000000000001,0.9,52.0,0.0,0.62,99.38,50,2025-04-07T21:22:54.624978
0.7000000000000001,0.9,53.0,0.0,0.62,99.38,50,2025-04-07T21:22:54.624979
0.7000000000000001,0.9,54.0,0.0,0.62,99.38,50,2025-04-07T21:22:54.624980
0.7000000000000001,0.9,55.0,0.0,0.62,99.38,50,2025-04-07T21:22:54.624981
0.7000000000000001,0.9,56.0,0.0,0.62,99.38,50,2025-04-07T21:22:54.624982
0.7000000000000001,0.9,57.0,0.0,0.62,99.38,50,2025-04-07T21:22:54.624983
0.7000000000000001,0.9,58.0,0.0,0.62,99.38,50,2025-04-07T21:22:54.624984
0.7000000000000001,0.9,59.0,0.0,0.62,99.38,50,2025-04-07T21:22:54.624985
0.7000000000000001,0.9,60.0,0.0,0.62,99.38,50,2025-04-07T21:22:54.624986
0.7000000000000001,0.9,61.0,0.0,0.62,99.38,50,2025-04-07T21:22:54.624987
0.7000000000000001,0.9,62.0,0.0,0.62,99.38,50,2025-04-07T21:22:54.624988
0.7000000000000001,0.9,63.0,0.0,0.62,99.38,50,2025-04-07T21:22:54.624988
0.7000000000000001,0.9,64.0,0.0,0.62,99.38,50,2025-04-07T21:22:54.624990
0.7000000000000001,0.9,65.0,0.0,0.62,99.38,50,2025-04-07T21:22:54.624991
0.7000000000000001,0.9,66.0,0.0,0.62,99.38,50,2025-04-07T21:22:54.624992
0.7000000000000001,0.9,67.0,0.0,0.62,99.38,50,2025-04-07T21:22:54.624993
0.7000000000000001,0.9,68.0,0.0,0.62,99.38,50,2025-04-07T21:22:54.624994
0.7000000000000001,0.9,69.0,0.0,0.62,99.38,50,2025-04-07T21:22:54.624995
0.7000000000000001,0.9,70.0,0.0,0.62,99.38,50,2025-04-07T21:22:54.624996
0.7000000000000001,0.9,71.0,0.0,0.62,99.38,50,2025-04-07T21:22:54.624997
0.7000000000000001,0.9,72.0,0.0,0.62,99.38,50,2025-04-07T21:22:54.624998
0.7000000000000001,0.9,73.0,0.0,0.62,99.38,50,2025-04-07T21:22:54.624999
0.7000000000000001,0.9,74.0,0.0,0.62,99.38,50,2025-04-07T21:22:54.625000
0.7000000000000001,0.9,75.0,0.0,0.62,99.38,50,2025-04-07T21:22:54.625001
0.7000000000000001,0.9,76.0,0.0,0.62,99.38,50,2025-04-07T21:22:54.625002
0.7000000000000001,0.9,77.0,0.0,0.62,99.38,50,2025-04-07T21:22:54.625003
0.7000000000000001,0.9,78.0,0.0,0.62,99.38,50,2025-04-07T21:22:54.625004
0.7000000000000001,0.9,79.0,0.0,0.62,99.38,50,2025-04-07T21:22:54.625005
0.7000000000000001,0.9,80.0,0.0,0.62,99.38,50,2025-04-07T21:22:54.625006
0.7000000000000001,0.9,81.0,0.0,0.62,99.38,50,2025-04-07T21:22:54.625007
0.7000000000000001,0.9,82.0,0.0,0.62,99.38,50,2025-04-07T21:22:54.625008
0.7000000000000001,0.9,83.0,0.0,0.62,99.38,50,2025-04-07T21:22:54.625009
0.7000000000000001,0.9,84.0,0.0,0.62,99.38,50,2025-04-07T21:22:54.625010
0.7000000000000001,0.9,85.0,0.0,0.62,99.38,50,2025-04-07T21:22:54.625019
0.7000000000000001,0.9,86.0,0.0,0.62,99.38,50,2025-04-07T21:22:54.625020
0.7000000000000001,0.9,87.0,0.0,0.62,99.38,50,2025-04-07T21:22:54.625021
0.7000000000000001,0.9,88.0,0.0,0.62,99.38,50,2025-04-07T21:22:54.625022
0.7000000000000001,0.9,89.0,0.0,0.62,99.38,50,2025-04-07T21:22:54.625023
0.7000000000000001,0.9,90.0,0.0,0.62,99.38,50,2025-04-07T21:22:54.625024
0.7000000000000001,0.9,91.0,0.0,0.62,99.38,50,2025-04-07T21:22:54.625025
0.7000000000000001,0.9,92.0,0.0,0.62,99.38,50,2025-04-07T21:22:54.625026
0.7000000000000001,0.9,93.0,0.0,0.62,99.38,50,2025-04-07T21:22:54.625027
0.7000000000000001,0.9,94.0,0.0,0.62,99.38,50,2025-04-07T21:22:54.625028
0.7000000000000001,0.9,95.0,0.0,0.62,99.38,50,2025-04-07T21:22:54.625029
0.7000000000000001,0.9,96.0,0.0,0.62,99.38,50,2025-04-07T21:22:54.625030
0.7000000000000001,0.9,97.0,0.0,0.62,99.38,50,2025-04-07T21:22:54.625031
0.7000000000000001,0.9,98.0,0.0,0.62,99.38,50,2025-04-07T21:22:54.625032
0.7000000000000001,0.9,99.0,0.0,0.62,99.38,50,2025-04-07T21:22:54.625033
0.7000000000000001,0.9,100.0,0.0,0.62,99.38,50,2025-04-07T21:22:54.625034
0.7000000000000001,1.0,0.0,95.0,5.0,0.0,50,2025-04-07T21:22:54.663364
0.7000000000000001,1.0,1.0,0.0,35.82,64.18,50,2025-04-07T21:22:54.663373
0.7000000000000001,1.0,2.0,0.0,13.34,86.66,50,2025-04-07T21:22:54.663375
0.7000000000000001,1.0,3.0,0.0,4.12,95.88,50,2025-04-07T21:22:54.663376
0.7000000000000001,1.0,4.0,0.0,1.42,98.58,50,2025-04-07T21:22:54.663377
0.7000000000000001,1.0,5.0,0.0,0.7,99.3,50,2025-04-07T21:22:54.663378
0.7000000000000001,1.0,6.0,0.0,0.52,99.48,50,2025-04-07T21:22:54.663379
0.7000000000000001,1.0,7.0,0.0,0.5,99.5,50,2025-04-07T21:22:54.663381
0.7000000000000001,1.0,8.0,0.0,0.5,99.5,50,2025-04-07T21:22:54.663382
0.7000000000000001,1.0,9.0,0.0,0.5,99.5,50,2025-04-07T21:22:54.663383
0.7000000000000001,1.0,10.0,0.0,0.5,99.5,50,2025-04-07T21:22:54.663384
0.7000000000000001,1.0,11.0,0.0,0.5,99.5,50,2025-04-07T21:22:54.663385
0.7000000000000001,1.0,12.0,0.0,0.5,99.5,50,2025-04-07T21:22:54.663386
0.7000000000000001,1.0,13.0,0.0,0.5,99.5,50,2025-04-07T21:22:54.663387
0.7000000000000001,1.0,14.0,0.0,0.5,99.5,50,2025-04-07T21:22:54.663388
0.7000000000000001,1.0,15.0,0.0,0.5,99.5,50,2025-04-07T21:22:54.663389
0.7000000000000001,1.0,16.0,0.0,0.5,99.5,50,2025-04-07T21:22:54.663390
0.7000000000000001,1.0,17.0,0.0,0.5,99.5,50,2025-04-07T21:22:54.663391
0.7000000000000001,1.0,18.0,0.0,0.5,99.5,50,2025-04-07T21:22:54.663392
0.7000000000000001,1.0,19.0,0.0,0.5,99.5,50,2025-04-07T21:22:54.663393
0.7000000000000001,1.0,20.0,0.0,0.5,99.5,50,2025-04-07T21:22:54.663394
0.7000000000000001,1.0,21.0,0.0,0.5,99.5,50,2025-04-07T21:22:54.663395
0.7000000000000001,1.0,22.0,0.0,0.5,99.5,50,2025-04-07T21:22:54.663396
0.7000000000000001,1.0,23.0,0.0,0.5,99.5,50,2025-04-07T21:22:54.663397
0.7000000000000001,1.0,24.0,0.0,0.5,99.5,50,2025-04-07T21:22:54.663398
0.7000000000000001,1.0,25.0,0.0,0.5,99.5,50,2025-04-07T21:22:54.663399
0.7000000000000001,1.0,26.0,0.0,0.5,99.5,50,2025-04-07T21:22:54.663400
0.7000000000000001,1.0,27.0,0.0,0.5,99.5,50,2025-04-07T21:22:54.663401
0.7000000000000001,1.0,28.0,0.0,0.5,99.5,50,2025-04-07T21:22:54.663403
0.7000000000000001,1.0,29.0,0.0,0.5,99.5,50,2025-04-07T21:22:54.663404
0.7000000000000001,1.0,30.0,0.0,0.5,99.5,50,2025-04-07T21:22:54.663405
0.7000000000000001,1.0,31.0,0.0,0.5,99.5,50,2025-04-07T21:22:54.663406
0.7000000000000001,1.0,32.0,0.0,0.5,99.5,50,2025-04-07T21:22:54.663407
0.7000000000000001,1.0,33.0,0.0,0.5,99.5,50,2025-04-07T21:22:54.663408
0.7000000000000001,1.0,34.0,0.0,0.5,99.5,50,2025-04-07T21:22:54.663409
0.7000000000000001,1.0,35.0,0.0,0.5,99.5,50,2025-04-07T21:22:54.663410
0.7000000000000001,1.0,36.0,0.0,0.5,99.5,50,2025-04-07T21:22:54.663411
0.7000000000000001,1.0,37.0,0.0,0.5,99.5,50,2025-04-07T21:22:54.663412
0.7000000000000001,1.0,38.0,0.0,0.5,99.5,50,2025-04-07T21:22:54.663413
0.7000000000000001,1.0,39.0,0.0,0.5,99.5,50,2025-04-07T21:22:54.663414
0.7000000000000001,1.0,40.0,0.0,0.5,99.5,50,2025-04-07T21:22:54.663415
0.7000000000000001,1.0,41.0,0.0,0.5,99.5,50,2025-04-07T21:22:54.663416
0.7000000000000001,1.0,42.0,0.0,0.5,99.5,50,2025-04-07T21:22:54.663417
0.7000000000000001,1.0,43.0,0.0,0.5,99.5,50,2025-04-07T21:22:54.663418
0.7000000000000001,1.0,44.0,0.0,0.5,99.5,50,2025-04-07T21:22:54.663428
0.7000000000000001,1.0,45.0,0.0,0.5,99.5,50,2025-04-07T21:22:54.663429
0.7000000000000001,1.0,46.0,0.0,0.5,99.5,50,2025-04-07T21:22:54.663430
0.7000000000000001,1.0,47.0,0.0,0.5,99.5,50,2025-04-07T21:22:54.663431
0.7000000000000001,1.0,48.0,0.0,0.5,99.5,50,2025-04-07T21:22:54.663432
0.7000000000000001,1.0,49.0,0.0,0.5,99.5,50,2025-04-07T21:22:54.663433
0.7000000000000001,1.0,50.0,0.0,0.5,99.5,50,2025-04-07T21:22:54.663434
0.7000000000000001,1.0,51.0,0.0,0.5,99.5,50,2025-04-07T21:22:54.663435
0.7000000000000001,1.0,52.0,0.0,0.5,99.5,50,2025-04-07T21:22:54.663436
0.7000000000000001,1.0,53.0,0.0,0.5,99.5,50,2025-04-07T21:22:54.663437
0.7000000000000001,1.0,54.0,0.0,0.5,99.5,50,2025-04-07T21:22:54.663438
0.7000000000000001,1.0,55.0,0.0,0.5,99.5,50,2025-04-07T21:22:54.663439
0.7000000000000001,1.0,56.0,0.0,0.5,99.5,50,2025-04-07T21:22:54.663440
0.7000000000000001,1.0,57.0,0.0,0.5,99.5,50,2025-04-07T21:22:54.663441
0.7000000000000001,1.0,58.0,0.0,0.5,99.5,50,2025-04-07T21:22:54.663442
0.7000000000000001,1.0,59.0,0.0,0.5,99.5,50,2025-04-07T21:22:54.663443
0.7000000000000001,1.0,60.0,0.0,0.5,99.5,50,2025-04-07T21:22:54.663444
0.7000000000000001,1.0,61.0,0.0,0.5,99.5,50,2025-04-07T21:22:54.663445
0.7000000000000001,1.0,62.0,0.0,0.5,99.5,50,2025-04-07T21:22:54.663446
0.7000000000000001,1.0,63.0,0.0,0.5,99.5,50,2025-04-07T21:22:54.663447
0.7000000000000001,1.0,64.0,0.0,0.5,99.5,50,2025-04-07T21:22:54.663448
0.7000000000000001,1.0,65.0,0.0,0.5,99.5,50,2025-04-07T21:22:54.663449
0.7000000000000001,1.0,66.0,0.0,0.5,99.5,50,2025-04-07T21:22:54.663450
0.7000000000000001,1.0,67.0,0.0,0.5,99.5,50,2025-04-07T21:22:54.663451
0.7000000000000001,1.0,68.0,0.0,0.5,99.5,50,2025-04-07T21:22:54.663452
0.7000000000000001,1.0,69.0,0.0,0.5,99.5,50,2025-04-07T21:22:54.663453
0.7000000000000001,1.0,70.0,0.0,0.5,99.5,50,2025-04-07T21:22:54.663454
0.7000000000000001,1.0,71.0,0.0,0.5,99.5,50,2025-04-07T21:22:54.663455
0.7000000000000001,1.0,72.0,0.0,0.5,99.5,50,2025-04-07T21:22:54.663456
0.7000000000000001,1.0,73.0,0.0,0.5,99.5,50,2025-04-07T21:22:54.663457
0.7000000000000001,1.0,74.0,0.0,0.5,99.5,50,2025-04-07T21:22:54.663458
0.7000000000000001,1.0,75.0,0.0,0.5,99.5,50,2025-04-07T21:22:54.663459
0.7000000000000001,1.0,76.0,0.0,0.5,99.5,50,2025-04-07T21:22:54.663460
0.7000000000000001,1.0,77.0,0.0,0.5,99.5,50,2025-04-07T21:22:54.663461
0.7000000000000001,1.0,78.0,0.0,0.5,99.5,50,2025-04-07T21:22:54.663462
0.7000000000000001,1.0,79.0,0.0,0.5,99.5,50,2025-04-07T21:22:54.663463
0.7000000000000001,1.0,80.0,0.0,0.5,99.5,50,2025-04-07T21:22:54.663464
0.7000000000000001,1.0,81.0,0.0,0.5,99.5,50,2025-04-07T21:22:54.663465
0.7000000000000001,1.0,82.0,0.0,0.5,99.5,50,2025-04-07T21:22:54.663466
0.7000000000000001,1.0,83.0,0.0,0.5,99.5,50,2025-04-07T21:22:54.663468
0.7000000000000001,1.0,84.0,0.0,0.5,99.5,50,2025-04-07T21:22:54.663469
0.7000000000000001,1.0,85.0,0.0,0.5,99.5,50,2025-04-07T21:22:54.663470
0.7000000000000001,1.0,86.0,0.0,0.5,99.5,50,2025-04-07T21:22:54.663471
0.7000000000000001,1.0,87.0,0.0,0.5,99.5,50,2025-04-07T21:22:54.663472
0.7000000000000001,1.0,88.0,0.0,0.5,99.5,50,2025-04-07T21:22:54.663473
0.7000000000000001,1.0,89.0,0.0,0.5,99.5,50,2025-04-07T21:22:54.663474
0.7000000000000001,1.0,90.0,0.0,0.5,99.5,50,2025-04-07T21:22:54.663475
0.7000000000000001,1.0,91.0,0.0,0.5,99.5,50,2025-04-07T21:22:54.663476
0.7000000000000001,1.0,92.0,0.0,0.5,99.5,50,2025-04-07T21:22:54.663480
0.7000000000000001,1.0,93.0,0.0,0.5,99.5,50,2025-04-07T21:22:54.663481
0.7000000000000001,1.0,94.0,0.0,0.5,99.5,50,2025-04-07T21:22:54.663482
0.7000000000000001,1.0,95.0,0.0,0.5,99.5,50,2025-04-07T21:22:54.663483
0.7000000000000001,1.0,96.0,0.0,0.5,99.5,50,2025-04-07T21:22:54.663484
0.7000000000000001,1.0,97.0,0.0,0.5,99.5,50,2025-04-07T21:22:54.663485
0.7000000000000001,1.0,98.0,0.0,0.5,99.5,50,2025-04-07T21:22:54.663486
0.7000000000000001,1.0,99.0,0.0,0.5,99.5,50,2025-04-07T21:22:54.663488
0.7000000000000001,1.0,100.0,0.0,0.5,99.5,50,2025-04-07T21:22:54.663489
0.8,0.1,0.0,95.0,5.0,0.0,50,2025-04-07T21:22:54.701059
0.8,0.1,1.0,0.0,89.52,10.48,50,2025-04-07T21:22:54.701066
0.8,0.1,2.0,0.0,80.96,19.04,50,2025-04-07T21:22:54.701067
0.8,0.1,3.0,0.0,73.28,26.72,50,2025-04-07T21:22:54.701068
0.8,0.1,4.0,0.0,66.08,33.92,50,2025-04-07T21:22:54.701069
0.8,0.1,5.0,0.0,59.36,40.64,50,2025-04-07T21:22:54.701071
0.8,0.1,6.0,0.0,53.92,46.08,50,2025-04-07T21:22:54.701072
0.8,0.1,7.0,0.0,48.08,51.92,50,2025-04-07T21:22:54.701073
0.8,0.1,8.0,0.0,43.44,56.56,50,2025-04-07T21:22:54.701074
0.8,0.1,9.0,0.0,39.38,60.62,50,2025-04-07T21:22:54.701075
0.8,0.1,10.0,0.0,34.94,65.06,50,2025-04-07T21:22:54.701076
0.8,0.1,11.0,0.0,31.22,68.78,50,2025-04-07T21:22:54.701077
0.8,0.1,12.0,0.0,28.38,71.62,50,2025-04-07T21:22:54.701078
0.8,0.1,13.0,0.0,25.6,74.4,50,2025-04-07T21:22:54.701079
0.8,0.1,14.0,0.0,23.34,76.66,50,2025-04-07T21:22:54.701080
0.8,0.1,15.0,0.0,21.24,78.76,50,2025-04-07T21:22:54.701081
0.8,0.1,16.0,0.0,19.06,80.94,50,2025-04-07T21:22:54.701082
0.8,0.1,17.0,0.0,17.26,82.74,50,2025-04-07T21:22:54.701084
0.8,0.1,18.0,0.0,15.38,84.62,50,2025-04-07T21:22:54.701085
0.8,0.1,19.0,0.0,13.7,86.3,50,2025-04-07T21:22:54.701086
0.8,0.1,20.0,0.0,12.36,87.64,50,2025-04-07T21:22:54.701087
0.8,0.1,21.0,0.0,11.24,88.76,50,2025-04-07T21:22:54.701088
0.8,0.1,22.0,0.0,10.0,90.0,50,2025-04-07T21:22:54.701089
0.8,0.1,23.0,0.0,9.0,91.0,50,2025-04-07T21:22:54.701090
0.8,0.1,24.0,0.0,8.0,92.0,50,2025-04-07T21:22:54.701091
0.8,0.1,25.0,0.0,7.26,92.74,50,2025-04-07T21:22:54.701092
0.8,0.1,26.0,0.0,6.46,93.54,50,2025-04-07T21:22:54.701093
0.8,0.1,27.0,0.0,5.72,94.28,50,2025-04-07T21:22:54.701094
0.8,0.1,28.0,0.0,5.14,94.86,50,2025-04-07T21:22:54.701095
0.8,0.1,29.0,0.0,4.58,95.42,50,2025-04-07T21:22:54.701097
0.8,0.1,30.0,0.0,4.08,95.92,50,2025-04-07T21:22:54.701098
0.8,0.1,31.0,0.0,3.64,96.36,50,2025-04-07T21:22:54.701099
0.8,0.1,32.0,0.0,3.46,96.54,50,2025-04-07T21:22:54.701100
0.8,0.1,33.0,0.0,3.06,96.94,50,2025-04-07T21:22:54.701101
0.8,0.1,34.0,0.0,2.58,97.42,50,2025-04-07T21:22:54.701102
0.8,0.1,35.0,0.0,2.16,97.84,50,2025-04-07T21:22:54.701103
0.8,0.1,36.0,0.0,1.84,98.16,50,2025-04-07T21:22:54.701104
0.8,0.1,37.0,0.0,1.58,98.42,50,2025-04-07T21:22:54.701105
0.8,0.1,38.0,0.0,1.38,98.62,50,2025-04-07T21:22:54.701106
0.8,0.1,39.0,0.0,1.12,98.88,50,2025-04-07T21:22:54.701107
0.8,0.1,40.0,0.0,1.08,98.92,50,2025-04-07T21:22:54.701108
0.8,0.1,41.0,0.0,0.88,99.12,50,2025-04-07T21:22:54.701109
0.8,0.1,42.0,0.0,0.74,99.26,50,2025-04-07T21:22:54.701110
0.8,0.1,43.0,0.0,0.64,99.36,50,2025-04-07T21:22:54.701111
0.8,0.1,44.0,0.0,0.56,99.44,50,2025-04-07T21:22:54.701112
0.8,0.1,45.0,0.0,0.52,99.48,50,2025-04-07T21:22:54.701113
0.8,0.1,46.0,0.0,0.52,99.48,50,2025-04-07T21:22:54.701114
0.8,0.1,47.0,0.0,0.42,99.58,50,2025-04-07T21:22:54.701116
0.8,0.1,48.0,0.0,0.3,99.7,50,2025-04-07T21:22:54.701117
0.8,0.1,49.0,0.0,0.26,99.74,50,2025-04-07T21:22:54.701118
0.8,0.1,50.0,0.0,0.26,99.74,50,2025-04-07T21:22:54.701119
0.8,0.1,51.0,0.0,0.2,99.8,50,2025-04-07T21:22:54.701120
0.8,0.1,52.0,0.0,0.2,99.8,50,2025-04-07T21:22:54.701121
0.8,0.1,53.0,0.0,0.12,99.88,50,2025-04-07T21:22:54.701122
0.8,0.1,54.0,0.0,0.1,99.9,50,2025-04-07T21:22:54.701123
0.8,0.1,55.0,0.0,0.1,99.9,50,2025-04-07T21:22:54.701124
0.8,0.1,56.0,0.0,0.08,99.92,50,2025-04-07T21:22:54.701125
0.8,0.1,57.0,0.0,0.08,99.92,50,2025-04-07T21:22:54.701126
0.8,0.1,58.0,0.0,0.08,99.92,50,2025-04-07T21:22:54.701127
0.8,0.1,59.0,0.0,0.08,99.92,50,2025-04-07T21:22:54.701128
0.8,0.1,60.0,0.0,0.08,99.92,50,2025-04-07T21:22:54.701129
0.8,0.1,61.0,0.0,0.08,99.92,50,2025-04-07T21:22:54.701130
0.8,0.1,62.0,0.0,0.08,99.92,50,2025-04-07T21:22:54.701131
0.8,0.1,63.0,0.0,0.06,99.94,50,2025-04-07T21:22:54.701132
0.8,0.1,64.0,0.0,0.06,99.94,50,2025-04-07T21:22:54.701133
0.8,0.1,65.0,0.0,0.06,99.94,50,2025-04-07T21:22:54.701134
0.8,0.1,66.0,0.0,0.06,99.94,50,2025-04-07T21:22:54.701135
0.8,0.1,67.0,0.0,0.06,99.94,50,2025-04-07T21:22:54.701136
0.8,0.1,68.0,0.0,0.04,99.96,50,2025-04-07T21:22:54.701137
0.8,0.1,69.0,0.0,0.04,99.96,50,2025-04-07T21:22:54.701138
0.8,0.1,70.0,0.0,0.04,99.96,50,2025-04-07T21:22:54.701140
0.8,0.1,71.0,0.0,0.04,99.96,50,2025-04-07T21:22:54.701141
0.8,0.1,72.0,0.0,0.04,99.96,50,2025-04-07T21:22:54.701142
0.8,0.1,73.0,0.0,0.04,99.96,50,2025-04-07T21:22:54.701143
0.8,0.1,74.0,0.0,0.04,99.96,50,2025-04-07T21:22:54.701144
0.8,0.1,75.0,0.0,0.04,99.96,50,2025-04-07T21:22:54.701145
0.8,0.1,76.0,0.0,0.04,99.96,50,2025-04-07T21:22:54.701146
0.8,0.1,77.0,0.0,0.04,99.96,50,2025-04-07T21:22:54.701147
0.8,0.1,78.0,0.0,0.04,99.96,50,2025-04-07T21:22:54.701148
0.8,0.1,79.0,0.0,0.04,99.96,50,2025-04-07T21:22:54.701149
0.8,0.1,80.0,0.0,0.04,99.96,50,2025-04-07T21:22:54.701150
0.8,0.1,81.0,0.0,0.04,99.96,50,2025-04-07T21:22:54.701151
0.8,0.1,82.0,0.0,0.04,99.96,50,2025-04-07T21:22:54.701152
0.8,0.1,83.0,0.0,0.04,99.96,50,2025-04-07T21:22:54.701153
0.8,0.1,84.0,0.0,0.04,99.96,50,2025-04-07T21:22:54.701154
0.8,0.1,85.0,0.0,0.04,99.96,50,2025-04-07T21:22:54.701155
0.8,0.1,86.0,0.0,0.04,99.96,50,2025-04-07T21:22:54.701156
0.8,0.1,87.0,0.0,0.04,99.96,50,2025-04-07T21:22:54.701157
0.8,0.1,88.0,0.0,0.04,99.96,50,2025-04-07T21:22:54.701158
0.8,0.1,89.0,0.0,0.04,99.96,50,2025-04-07T21:22:54.701159
0.8,0.1,90.0,0.0,0.04,99.96,50,2025-04-07T21:22:54.701160
0.8,0.1,91.0,0.0,0.04,99.96,50,2025-04-07T21:22:54.701161
0.8,0.1,92.0,0.0,0.04,99.96,50,2025-04-07T21:22:54.701162
0.8,0.1,93.0,0.0,0.04,99.96,50,2025-04-07T21:22:54.701163
0.8,0.1,94.0,0.0,0.04,99.96,50,2025-04-07T21:22:54.701164
0.8,0.1,95.0,0.0,0.04,99.96,50,2025-04-07T21:22:54.701165
0.8,0.1,96.0,0.0,0.04,99.96,50,2025-04-07T21:22:54.701166
0.8,0.1,97.0,0.0,0.04,99.96,50,2025-04-07T21:22:54.701167
0.8,0.1,98.0,0.0,0.04,99.96,50,2025-04-07T21:22:54.701168
0.8,0.1,99.0,0.0,0.04,99.96,50,2025-04-07T21:22:54.701169
0.8,0.1,100.0,0.0,0.04,99.96,50,2025-04-07T21:22:54.701170
0.8,0.2,0.0,95.0,5.0,0.0,50,2025-04-07T21:22:54.739902
0.8,0.2,1.0,0.0,80.66,19.34,50,2025-04-07T21:22:54.739909
0.8,0.2,2.0,0.0,65.96,34.04,50,2025-04-07T21:22:54.739910
0.8,0.2,3.0,0.0,54.58,45.42,50,2025-04-07T21:22:54.739912
0.8,0.2,4.0,0.0,44.92,55.08,50,2025-04-07T21:22:54.739913
0.8,0.2,5.0,0.0,37.02,62.98,50,2025-04-07T21:22:54.739914
0.8,0.2,6.0,0.0,30.18,69.82,50,2025-04-07T21:22:54.739915
0.8,0.2,7.0,0.0,24.28,75.72,50,2025-04-07T21:22:54.739916
0.8,0.2,8.0,0.0,19.68,80.32,50,2025-04-07T21:22:54.739917
0.8,0.2,9.0,0.0,15.86,84.14,50,2025-04-07T21:22:54.739918
0.8,0.2,10.0,0.0,12.94,87.06,50,2025-04-07T21:22:54.739919
0.8,0.2,11.0,0.0,10.44,89.56,50,2025-04-07T21:22:54.739920
0.8,0.2,12.0,0.0,8.08,91.92,50,2025-04-07T21:22:54.739921
0.8,0.2,13.0,0.0,5.96,94.04,50,2025-04-07T21:22:54.739922
0.8,0.2,14.0,0.0,4.56,95.44,50,2025-04-07T21:22:54.739923
0.8,0.2,15.0,0.0,3.48,96.52,50,2025-04-07T21:22:54.739924
0.8,0.2,16.0,0.0,2.82,97.18,50,2025-04-07T21:22:54.739925
0.8,0.2,17.0,0.0,2.2,97.8,50,2025-04-07T21:22:54.739926
0.8,0.2,18.0,0.0,1.7,98.3,50,2025-04-07T21:22:54.739927
0.8,0.2,19.0,0.0,1.32,98.68,50,2025-04-07T21:22:54.739928
0.8,0.2,20.0,0.0,1.06,98.94,50,2025-04-07T21:22:54.739929
0.8,0.2,21.0,0.0,0.78,99.22,50,2025-04-07T21:22:54.739930
0.8,0.2,22.0,0.0,0.56,99.44,50,2025-04-07T21:22:54.739931
0.8,0.2,23.0,0.0,0.42,99.58,50,2025-04-07T21:22:54.739932
0.8,0.2,24.0,0.0,0.3,99.7,50,2025-04-07T21:22:54.739933
0.8,0.2,25.0,0.0,0.26,99.74,50,2025-04-07T21:22:54.739934
0.8,0.2,26.0,0.0,0.18,99.82,50,2025-04-07T21:22:54.739935
0.8,0.2,27.0,0.0,0.1,99.9,50,2025-04-07T21:22:54.739936
0.8,0.2,28.0,0.0,0.08,99.92,50,2025-04-07T21:22:54.739938
0.8,0.2,29.0,0.0,0.08,99.92,50,2025-04-07T21:22:54.739938
0.8,0.2,30.0,0.0,0.08,99.92,50,2025-04-07T21:22:54.739940
0.8,0.2,31.0,0.0,0.08,99.92,50,2025-04-07T21:22:54.739940
0.8,0.2,32.0,0.0,0.08,99.92,50,2025-04-07T21:22:54.739941
0.8,0.2,33.0,0.0,0.08,99.92,50,2025-04-07T21:22:54.739942
0.8,0.2,34.0,0.0,0.08,99.92,50,2025-04-07T21:22:54.739943
0.8,0.2,35.0,0.0,0.08,99.92,50,2025-04-07T21:22:54.739944
0.8,0.2,36.0,0.0,0.08,99.92,50,2025-04-07T21:22:54.739946
0.8,0.2,37.0,0.0,0.08,99.92,50,2025-04-07T21:22:54.739947
0.8,0.2,38.0,0.0,0.08,99.92,50,2025-04-07T21:22:54.739948
0.8,0.2,39.0,0.0,0.08,99.92,50,2025-04-07T21:22:54.739949
0.8,0.2,40.0,0.0,0.08,99.92,50,2025-04-07T21:22:54.739950
0.8,0.2,41.0,0.0,0.08,99.92,50,2025-04-07T21:22:54.739951
0.8,0.2,42.0,0.0,0.08,99.92,50,2025-04-07T21:22:54.739952
0.8,0.2,43.0,0.0,0.08,99.92,50,2025-04-07T21:22:54.739959
0.8,0.2,44.0,0.0,0.08,99.92,50,2025-04-07T21:22:54.739960
0.8,0.2,45.0,0.0,0.08,99.92,50,2025-04-07T21:22:54.739961
0.8,0.2,46.0,0.0,0.08,99.92,50,2025-04-07T21:22:54.739970
0.8,0.2,47.0,0.0,0.08,99.92,50,2025-04-07T21:22:54.739971
0.8,0.2,48.0,0.0,0.08,99.92,50,2025-04-07T21:22:54.739972
0.8,0.2,49.0,0.0,0.08,99.92,50,2025-04-07T21:22:54.739973
0.8,0.2,50.0,0.0,0.08,99.92,50,2025-04-07T21:22:54.739974
0.8,0.2,51.0,0.0,0.08,99.92,50,2025-04-07T21:22:54.739975
0.8,0.2,52.0,0.0,0.08,99.92,50,2025-04-07T21:22:54.739976
0.8,0.2,53.0,0.0,0.08,99.92,50,2025-04-07T21:22:54.739978
0.8,0.2,54.0,0.0,0.08,99.92,50,2025-04-07T21:22:54.739979
0.8,0.2,55.0,0.0,0.08,99.92,50,2025-04-07T21:22:54.739980
0.8,0.2,56.0,0.0,0.08,99.92,50,2025-04-07T21:22:54.739981
0.8,0.2,57.0,0.0,0.08,99.92,50,2025-04-07T21:22:54.739982
0.8,0.2,58.0,0.0,0.08,99.92,50,2025-04-07T21:22:54.739983
0.8,0.2,59.0,0.0,0.08,99.92,50,2025-04-07T21:22:54.739984
0.8,0.2,60.0,0.0,0.08,99.92,50,2025-04-07T21:22:54.739985
0.8,0.2,61.0,0.0,0.08,99.92,50,2025-04-07T21:22:54.739986
0.8,0.2,62.0,0.0,0.08,99.92,50,2025-04-07T21:22:54.739987
0.8,0.2,63.0,0.0,0.08,99.92,50,2025-04-07T21:22:54.739988
0.8,0.2,64.0,0.0,0.08,99.92,50,2025-04-07T21:22:54.739989
0.8,0.2,65.0,0.0,0.08,99.92,50,2025-04-07T21:22:54.739990
0.8,0.2,66.0,0.0,0.08,99.92,50,2025-04-07T21:22:54.739991
0.8,0.2,67.0,0.0,0.08,99.92,50,2025-04-07T21:22:54.739992
0.8,0.2,68.0,0.0,0.08,99.92,50,2025-04-07T21:22:54.739993
0.8,0.2,69.0,0.0,0.08,99.92,50,2025-04-07T21:22:54.739994
0.8,0.2,70.0,0.0,0.08,99.92,50,2025-04-07T21:22:54.739995
0.8,0.2,71.0,0.0,0.08,99.92,50,2025-04-07T21:22:54.739996
0.8,0.2,72.0,0.0,0.08,99.92,50,2025-04-07T21:22:54.739997
0.8,0.2,73.0,0.0,0.08,99.92,50,2025-04-07T21:22:54.739998
0.8,0.2,74.0,0.0,0.08,99.92,50,2025-04-07T21:22:54.739999
0.8,0.2,75.0,0.0,0.08,99.92,50,2025-04-07T21:22:54.740000
0.8,0.2,76.0,0.0,0.08,99.92,50,2025-04-07T21:22:54.740001
0.8,0.2,77.0,0.0,0.08,99.92,50,2025-04-07T21:22:54.740002
0.8,0.2,78.0,0.0,0.08,99.92,50,2025-04-07T21:22:54.740003
0.8,0.2,79.0,0.0,0.08,99.92,50,2025-04-07T21:22:54.740004
0.8,0.2,80.0,0.0,0.08,99.92,50,2025-04-07T21:22:54.740005
0.8,0.2,81.0,0.0,0.08,99.92,50,2025-04-07T21:22:54.740006
0.8,0.2,82.0,0.0,0.08,99.92,50,2025-04-07T21:22:54.740007
0.8,0.2,83.0,0.0,0.08,99.92,50,2025-04-07T21:22:54.740008
0.8,0.2,84.0,0.0,0.08,99.92,50,2025-04-07T21:22:54.740009
0.8,0.2,85.0,0.0,0.08,99.92,50,2025-04-07T21:22:54.740010
0.8,0.2,86.0,0.0,0.08,99.92,50,2025-04-07T21:22:54.740011
0.8,0.2,87.0,0.0,0.08,99.92,50,2025-04-07T21:22:54.740012
0.8,0.2,88.0,0.0,0.08,99.92,50,2025-04-07T21:22:54.740013
0.8,0.2,89.0,0.0,0.08,99.92,50,2025-04-07T21:22:54.740014
0.8,0.2,90.0,0.0,0.08,99.92,50,2025-04-07T21:22:54.740015
0.8,0.2,91.0,0.0,0.08,99.92,50,2025-04-07T21:22:54.740016
0.8,0.2,92.0,0.0,0.08,99.92,50,2025-04-07T21:22:54.740017
0.8,0.2,93.0,0.0,0.08,99.92,50,2025-04-07T21:22:54.740018
0.8,0.2,94.0,0.0,0.08,99.92,50,2025-04-07T21:22:54.740019
0.8,0.2,95.0,0.0,0.08,99.92,50,2025-04-07T21:22:54.740020
0.8,0.2,96.0,0.0,0.08,99.92,50,2025-04-07T21:22:54.740021
0.8,0.2,97.0,0.0,0.08,99.92,50,2025-04-07T21:22:54.740022
0.8,0.2,98.0,0.0,0.08,99.92,50,2025-04-07T21:22:54.740023
0.8,0.2,99.0,0.0,0.08,99.92,50,2025-04-07T21:22:54.740024
0.8,0.2,100.0,0.0,0.08,99.92,50,2025-04-07T21:22:54.740025
0.8,0.3,0.0,95.0,5.0,0.0,50,2025-04-07T21:22:54.775541
0.8,0.3,1.0,0.0,73.44,26.56,50,2025-04-07T21:22:54.775561
0.8,0.3,2.0,0.0,53.68,46.32,50,2025-04-07T21:22:54.775562
0.8,0.3,3.0,0.0,39.04,60.96,50,2025-04-07T21:22:54.775564
0.8,0.3,4.0,0.0,28.56,71.44,50,2025-04-07T21:22:54.775565
0.8,0.3,5.0,0.0,21.02,78.98,50,2025-04-07T21:22:54.775566
0.8,0.3,6.0,0.0,15.38,84.62,50,2025-04-07T21:22:54.775567
0.8,0.3,7.0,0.0,11.34,88.66,50,2025-04-07T21:22:54.775568
0.8,0.3,8.0,0.0,8.1,91.9,50,2025-04-07T21:22:54.775570
0.8,0.3,9.0,0.0,5.56,94.44,50,2025-04-07T21:22:54.775571
0.8,0.3,10.0,0.0,3.82,96.18,50,2025-04-07T21:22:54.775572
0.8,0.3,11.0,0.0,2.54,97.46,50,2025-04-07T21:22:54.775573
0.8,0.3,12.0,0.0,1.64,98.36,50,2025-04-07T21:22:54.775574
0.8,0.3,13.0,0.0,1.1,98.9,50,2025-04-07T21:22:54.775575
0.8,0.3,14.0,0.0,0.74,99.26,50,2025-04-07T21:22:54.775576
0.8,0.3,15.0,0.0,0.56,99.44,50,2025-04-07T21:22:54.775577
0.8,0.3,16.0,0.0,0.42,99.58,50,2025-04-07T21:22:54.775578
0.8,0.3,17.0,0.0,0.36,99.64,50,2025-04-07T21:22:54.775580
0.8,0.3,18.0,0.0,0.24,99.76,50,2025-04-07T21:22:54.775581
0.8,0.3,19.0,0.0,0.24,99.76,50,2025-04-07T21:22:54.775582
0.8,0.3,20.0,0.0,0.22,99.78,50,2025-04-07T21:22:54.775583
0.8,0.3,21.0,0.0,0.18,99.82,50,2025-04-07T21:22:54.775584
0.8,0.3,22.0,0.0,0.16,99.84,50,2025-04-07T21:22:54.775585
0.8,0.3,23.0,0.0,0.16,99.84,50,2025-04-07T21:22:54.775586
0.8,0.3,24.0,0.0,0.16,99.84,50,2025-04-07T21:22:54.775587
0.8,0.3,25.0,0.0,0.16,99.84,50,2025-04-07T21:22:54.775588
0.8,0.3,26.0,0.0,0.16,99.84,50,2025-04-07T21:22:54.775590
0.8,0.3,27.0,0.0,0.16,99.84,50,2025-04-07T21:22:54.775591
0.8,0.3,28.0,0.0,0.16,99.84,50,2025-04-07T21:22:54.775592
0.8,0.3,29.0,0.0,0.16,99.84,50,2025-04-07T21:22:54.775593
0.8,0.3,30.0,0.0,0.16,99.84,50,2025-04-07T21:22:54.775594
0.8,0.3,31.0,0.0,0.16,99.84,50,2025-04-07T21:22:54.775595
0.8,0.3,32.0,0.0,0.16,99.84,50,2025-04-07T21:22:54.775596
0.8,0.3,33.0,0.0,0.16,99.84,50,2025-04-07T21:22:54.775597
0.8,0.3,34.0,0.0,0.16,99.84,50,2025-04-07T21:22:54.775598
0.8,0.3,35.0,0.0,0.16,99.84,50,2025-04-07T21:22:54.775599
0.8,0.3,36.0,0.0,0.16,99.84,50,2025-04-07T21:22:54.775600
0.8,0.3,37.0,0.0,0.16,99.84,50,2025-04-07T21:22:54.775601
0.8,0.3,38.0,0.0,0.16,99.84,50,2025-04-07T21:22:54.775602
0.8,0.3,39.0,0.0,0.16,99.84,50,2025-04-07T21:22:54.775603
0.8,0.3,40.0,0.0,0.16,99.84,50,2025-04-07T21:22:54.775604
0.8,0.3,41.0,0.0,0.16,99.84,50,2025-04-07T21:22:54.775605
0.8,0.3,42.0,0.0,0.16,99.84,50,2025-04-07T21:22:54.775606
0.8,0.3,43.0,0.0,0.16,99.84,50,2025-04-07T21:22:54.775607
0.8,0.3,44.0,0.0,0.16,99.84,50,2025-04-07T21:22:54.775608
0.8,0.3,45.0,0.0,0.16,99.84,50,2025-04-07T21:22:54.775609
0.8,0.3,46.0,0.0,0.16,99.84,50,2025-04-07T21:22:54.775610
0.8,0.3,47.0,0.0,0.16,99.84,50,2025-04-07T21:22:54.775611
0.8,0.3,48.0,0.0,0.16,99.84,50,2025-04-07T21:22:54.775612
0.8,0.3,49.0,0.0,0.16,99.84,50,2025-04-07T21:22:54.775613
0.8,0.3,50.0,0.0,0.16,99.84,50,2025-04-07T21:22:54.775614
0.8,0.3,51.0,0.0,0.16,99.84,50,2025-04-07T21:22:54.775615
0.8,0.3,52.0,0.0,0.16,99.84,50,2025-04-07T21:22:54.775617
0.8,0.3,53.0,0.0,0.16,99.84,50,2025-04-07T21:22:54.775618
0.8,0.3,54.0,0.0,0.16,99.84,50,2025-04-07T21:22:54.775619
0.8,0.3,55.0,0.0,0.16,99.84,50,2025-04-07T21:22:54.775620
0.8,0.3,56.0,0.0,0.16,99.84,50,2025-04-07T21:22:54.775621
0.8,0.3,57.0,0.0,0.16,99.84,50,2025-04-07T21:22:54.775622
0.8,0.3,58.0,0.0,0.16,99.84,50,2025-04-07T21:22:54.775623
0.8,0.3,59.0,0.0,0.16,99.84,50,2025-04-07T21:22:54.775624
0.8,0.3,60.0,0.0,0.16,99.84,50,2025-04-07T21:22:54.775625
0.8,0.3,61.0,0.0,0.16,99.84,50,2025-04-07T21:22:54.775626
0.8,0.3,62.0,0.0,0.16,99.84,50,2025-04-07T21:22:54.775627
0.8,0.3,63.0,0.0,0.16,99.84,50,2025-04-07T21:22:54.775634
0.8,0.3,64.0,0.0,0.16,99.84,50,2025-04-07T21:22:54.775635
0.8,0.3,65.0,0.0,0.16,99.84,50,2025-04-07T21:22:54.775636
0.8,0.3,66.0,0.0,0.16,99.84,50,2025-04-07T21:22:54.775637
0.8,0.3,67.0,0.0,0.16,99.84,50,2025-04-07T21:22:54.775638
0.8,0.3,68.0,0.0,0.16,99.84,50,2025-04-07T21:22:54.775639
0.8,0.3,69.0,0.0,0.16,99.84,50,2025-04-07T21:22:54.775640
0.8,0.3,70.0,0.0,0.16,99.84,50,2025-04-07T21:22:54.775641
0.8,0.3,71.0,0.0,0.16,99.84,50,2025-04-07T21:22:54.775643
0.8,0.3,72.0,0.0,0.16,99.84,50,2025-04-07T21:22:54.775644
0.8,0.3,73.0,0.0,0.16,99.84,50,2025-04-07T21:22:54.775645
0.8,0.3,74.0,0.0,0.16,99.84,50,2025-04-07T21:22:54.775646
0.8,0.3,75.0,0.0,0.16,99.84,50,2025-04-07T21:22:54.775647
0.8,0.3,76.0,0.0,0.16,99.84,50,2025-04-07T21:22:54.775648
0.8,0.3,77.0,0.0,0.16,99.84,50,2025-04-07T21:22:54.775649
0.8,0.3,78.0,0.0,0.16,99.84,50,2025-04-07T21:22:54.775650
0.8,0.3,79.0,0.0,0.16,99.84,50,2025-04-07T21:22:54.775651
0.8,0.3,80.0,0.0,0.16,99.84,50,2025-04-07T21:22:54.775652
0.8,0.3,81.0,0.0,0.16,99.84,50,2025-04-07T21:22:54.775653
0.8,0.3,82.0,0.0,0.16,99.84,50,2025-04-07T21:22:54.775655
0.8,0.3,83.0,0.0,0.16,99.84,50,2025-04-07T21:22:54.775656
0.8,0.3,84.0,0.0,0.16,99.84,50,2025-04-07T21:22:54.775657
0.8,0.3,85.0,0.0,0.16,99.84,50,2025-04-07T21:22:54.775658
0.8,0.3,86.0,0.0,0.16,99.84,50,2025-04-07T21:22:54.775659
0.8,0.3,87.0,0.0,0.16,99.84,50,2025-04-07T21:22:54.775660
0.8,0.3,88.0,0.0,0.16,99.84,50,2025-04-07T21:22:54.775661
0.8,0.3,89.0,0.0,0.16,99.84,50,2025-04-07T21:22:54.775662
0.8,0.3,90.0,0.0,0.16,99.84,50,2025-04-07T21:22:54.775663
0.8,0.3,91.0,0.0,0.16,99.84,50,2025-04-07T21:22:54.775664
0.8,0.3,92.0,0.0,0.16,99.84,50,2025-04-07T21:22:54.775665
0.8,0.3,93.0,0.0,0.16,99.84,50,2025-04-07T21:22:54.775666
0.8,0.3,94.0,0.0,0.16,99.84,50,2025-04-07T21:22:54.775667
0.8,0.3,95.0,0.0,0.16,99.84,50,2025-04-07T21:22:54.775669
0.8,0.3,96.0,0.0,0.16,99.84,50,2025-04-07T21:22:54.775670
0.8,0.3,97.0,0.0,0.16,99.84,50,2025-04-07T21:22:54.775671
0.8,0.3,98.0,0.0,0.16,99.84,50,2025-04-07T21:22:54.775672
0.8,0.3,99.0,0.0,0.16,99.84,50,2025-04-07T21:22:54.775673
0.8,0.3,100.0,0.0,0.16,99.84,50,2025-04-07T21:22:54.775674
0.8,0.4,0.0,95.0,5.0,0.0,50,2025-04-07T21:22:54.813471
0.8,0.4,1.0,0.0,66.7,33.3,50,2025-04-07T21:22:54.813478
0.8,0.4,2.0,0.0,43.64,56.36,50,2025-04-07T21:22:54.813479
0.8,0.4,3.0,0.0,28.28,71.72,50,2025-04-07T21:22:54.813480
0.8,0.4,4.0,0.0,18.4,81.6,50,2025-04-07T21:22:54.813481
0.8,0.4,5.0,0.0,11.98,88.02,50,2025-04-07T21:22:54.813482
0.8,0.4,6.0,0.0,7.78,92.22,50,2025-04-07T21:22:54.813483
0.8,0.4,7.0,0.0,4.82,95.18,50,2025-04-07T21:22:54.813484
0.8,0.4,8.0,0.0,3.08,96.92,50,2025-04-07T21:22:54.813485
0.8,0.4,9.0,0.0,2.0,98.0,50,2025-04-07T21:22:54.813486
0.8,0.4,10.0,0.0,1.06,98.94,50,2025-04-07T21:22:54.813487
0.8,0.4,11.0,0.0,0.68,99.32,50,2025-04-07T21:22:54.813488
0.8,0.4,12.0,0.0,0.52,99.48,50,2025-04-07T21:22:54.813489
0.8,0.4,13.0,0.0,0.36,99.64,50,2025-04-07T21:22:54.813490
0.8,0.4,14.0,0.0,0.26,99.74,50,2025-04-07T21:22:54.813491
0.8,0.4,15.0,0.0,0.24,99.76,50,2025-04-07T21:22:54.813492
0.8,0.4,16.0,0.0,0.24,99.76,50,2025-04-07T21:22:54.813494
0.8,0.4,17.0,0.0,0.24,99.76,50,2025-04-07T21:22:54.813495
0.8,0.4,18.0,0.0,0.24,99.76,50,2025-04-07T21:22:54.813496
0.8,0.4,19.0,0.0,0.24,99.76,50,2025-04-07T21:22:54.813497
0.8,0.4,20.0,0.0,0.24,99.76,50,2025-04-07T21:22:54.813498
0.8,0.4,21.0,0.0,0.24,99.76,50,2025-04-07T21:22:54.813499
0.8,0.4,22.0,0.0,0.24,99.76,50,2025-04-07T21:22:54.813500
0.8,0.4,23.0,0.0,0.24,99.76,50,2025-04-07T21:22:54.813501
0.8,0.4,24.0,0.0,0.24,99.76,50,2025-04-07T21:22:54.813502
0.8,0.4,25.0,0.0,0.24,99.76,50,2025-04-07T21:22:54.813503
0.8,0.4,26.0,0.0,0.24,99.76,50,2025-04-07T21:22:54.813504
0.8,0.4,27.0,0.0,0.24,99.76,50,2025-04-07T21:22:54.813505
0.8,0.4,28.0,0.0,0.24,99.76,50,2025-04-07T21:22:54.813506
0.8,0.4,29.0,0.0,0.24,99.76,50,2025-04-07T21:22:54.813508
0.8,0.4,30.0,0.0,0.24,99.76,50,2025-04-07T21:22:54.813509
0.8,0.4,31.0,0.0,0.24,99.76,50,2025-04-07T21:22:54.813510
0.8,0.4,32.0,0.0,0.24,99.76,50,2025-04-07T21:22:54.813511
0.8,0.4,33.0,0.0,0.24,99.76,50,2025-04-07T21:22:54.813512
0.8,0.4,34.0,0.0,0.24,99.76,50,2025-04-07T21:22:54.813513
0.8,0.4,35.0,0.0,0.24,99.76,50,2025-04-07T21:22:54.813514
0.8,0.4,36.0,0.0,0.24,99.76,50,2025-04-07T21:22:54.813515
0.8,0.4,37.0,0.0,0.24,99.76,50,2025-04-07T21:22:54.813516
0.8,0.4,38.0,0.0,0.24,99.76,50,2025-04-07T21:22:54.813517
0.8,0.4,39.0,0.0,0.24,99.76,50,2025-04-07T21:22:54.813518
0.8,0.4,40.0,0.0,0.24,99.76,50,2025-04-07T21:22:54.813520
0.8,0.4,41.0,0.0,0.24,99.76,50,2025-04-07T21:22:54.813521
0.8,0.4,42.0,0.0,0.24,99.76,50,2025-04-07T21:22:54.813522
0.8,0.4,43.0,0.0,0.24,99.76,50,2025-04-07T21:22:54.813546
0.8,0.4,44.0,0.0,0.24,99.76,50,2025-04-07T21:22:54.813550
0.8,0.4,45.0,0.0,0.24,99.76,50,2025-04-07T21:22:54.813551
0.8,0.4,46.0,0.0,0.24,99.76,50,2025-04-07T21:22:54.813553
0.8,0.4,47.0,0.0,0.24,99.76,50,2025-04-07T21:22:54.813554
0.8,0.4,48.0,0.0,0.24,99.76,50,2025-04-07T21:22:54.813555
0.8,0.4,49.0,0.0,0.24,99.76,50,2025-04-07T21:22:54.813556
0.8,0.4,50.0,0.0,0.24,99.76,50,2025-04-07T21:22:54.813557
0.8,0.4,51.0,0.0,0.24,99.76,50,2025-04-07T21:22:54.813558
0.8,0.4,52.0,0.0,0.24,99.76,50,2025-04-07T21:22:54.813559
0.8,0.4,53.0,0.0,0.24,99.76,50,2025-04-07T21:22:54.813560
0.8,0.4,54.0,0.0,0.24,99.76,50,2025-04-07T21:22:54.813561
0.8,0.4,55.0,0.0,0.24,99.76,50,2025-04-07T21:22:54.813563
0.8,0.4,56.0,0.0,0.24,99.76,50,2025-04-07T21:22:54.813564
0.8,0.4,57.0,0.0,0.24,99.76,50,2025-04-07T21:22:54.813565
0.8,0.4,58.0,0.0,0.24,99.76,50,2025-04-07T21:22:54.813566
0.8,0.4,59.0,0.0,0.24,99.76,50,2025-04-07T21:22:54.813567
0.8,0.4,60.0,0.0,0.24,99.76,50,2025-04-07T21:22:54.813568
0.8,0.4,61.0,0.0,0.24,99.76,50,2025-04-07T21:22:54.813569
0.8,0.4,62.0,0.0,0.24,99.76,50,2025-04-07T21:22:54.813571
0.8,0.4,63.0,0.0,0.24,99.76,50,2025-04-07T21:22:54.813572
0.8,0.4,64.0,0.0,0.24,99.76,50,2025-04-07T21:22:54.813573
0.8,0.4,65.0,0.0,0.24,99.76,50,2025-04-07T21:22:54.813574
0.8,0.4,66.0,0.0,0.24,99.76,50,2025-04-07T21:22:54.813575
0.8,0.4,67.0,0.0,0.24,99.76,50,2025-04-07T21:22:54.813577
0.8,0.4,68.0,0.0,0.24,99.76,50,2025-04-07T21:22:54.813578
0.8,0.4,69.0,0.0,0.24,99.76,50,2025-04-07T21:22:54.813579
0.8,0.4,70.0,0.0,0.24,99.76,50,2025-04-07T21:22:54.813580
0.8,0.4,71.0,0.0,0.24,99.76,50,2025-04-07T21:22:54.813581
0.8,0.4,72.0,0.0,0.24,99.76,50,2025-04-07T21:22:54.813582
0.8,0.4,73.0,0.0,0.24,99.76,50,2025-04-07T21:22:54.813583
0.8,0.4,74.0,0.0,0.24,99.76,50,2025-04-07T21:22:54.813584
0.8,0.4,75.0,0.0,0.24,99.76,50,2025-04-07T21:22:54.813585
0.8,0.4,76.0,0.0,0.24,99.76,50,2025-04-07T21:22:54.813586
0.8,0.4,77.0,0.0,0.24,99.76,50,2025-04-07T21:22:54.813587
0.8,0.4,78.0,0.0,0.24,99.76,50,2025-04-07T21:22:54.813593
0.8,0.4,79.0,0.0,0.24,99.76,50,2025-04-07T21:22:54.813594
0.8,0.4,80.0,0.0,0.24,99.76,50,2025-04-07T21:22:54.813595
0.8,0.4,81.0,0.0,0.24,99.76,50,2025-04-07T21:22:54.813596
0.8,0.4,82.0,0.0,0.24,99.76,50,2025-04-07T21:22:54.813597
0.8,0.4,83.0,0.0,0.24,99.76,50,2025-04-07T21:22:54.813598
0.8,0.4,84.0,0.0,0.24,99.76,50,2025-04-07T21:22:54.813599
0.8,0.4,85.0,0.0,0.24,99.76,50,2025-04-07T21:22:54.813600
0.8,0.4,86.0,0.0,0.24,99.76,50,2025-04-07T21:22:54.813601
0.8,0.4,87.0,0.0,0.24,99.76,50,2025-04-07T21:22:54.813602
0.8,0.4,88.0,0.0,0.24,99.76,50,2025-04-07T21:22:54.813607
0.8,0.4,89.0,0.0,0.24,99.76,50,2025-04-07T21:22:54.813610
0.8,0.4,90.0,0.0,0.24,99.76,50,2025-04-07T21:22:54.813611
0.8,0.4,91.0,0.0,0.24,99.76,50,2025-04-07T21:22:54.813612
0.8,0.4,92.0,0.0,0.24,99.76,50,2025-04-07T21:22:54.813613
0.8,0.4,93.0,0.0,0.24,99.76,50,2025-04-07T21:22:54.813614
0.8,0.4,94.0,0.0,0.24,99.76,50,2025-04-07T21:22:54.813615
0.8,0.4,95.0,0.0,0.24,99.76,50,2025-04-07T21:22:54.813616
0.8,0.4,96.0,0.0,0.24,99.76,50,2025-04-07T21:22:54.813617
0.8,0.4,97.0,0.0,0.24,99.76,50,2025-04-07T21:22:54.813618
0.8,0.4,98.0,0.0,0.24,99.76,50,2025-04-07T21:22:54.813619
0.8,0.4,99.0,0.0,0.24,99.76,50,2025-04-07T21:22:54.813620
0.8,0.4,100.0,0.0,0.24,99.76,50,2025-04-07T21:22:54.813621
0.8,0.5,0.0,95.0,5.0,0.0,50,2025-04-07T21:22:54.851938
0.8,0.5,1.0,0.0,60.22,39.78,50,2025-04-07T21:22:54.851944
0.8,0.5,2.0,0.0,35.5,64.5,50,2025-04-07T21:22:54.851945
0.8,0.5,3.0,0.0,20.66,79.34,50,2025-04-07T21:22:54.851946
0.8,0.5,4.0,0.0,12.52,87.48,50,2025-04-07T21:22:54.851947
0.8,0.5,5.0,0.0,7.38,92.62,50,2025-04-07T21:22:54.851948
0.8,0.5,6.0,0.0,3.96,96.04,50,2025-04-07T21:22:54.851949
0.8,0.5,7.0,0.0,1.94,98.06,50,2025-04-07T21:22:54.851950
0.8,0.5,8.0,0.0,1.02,98.98,50,2025-04-07T21:22:54.851952
0.8,0.5,9.0,0.0,0.74,99.26,50,2025-04-07T21:22:54.851953
0.8,0.5,10.0,0.0,0.58,99.42,50,2025-04-07T21:22:54.851954
0.8,0.5,11.0,0.0,0.4,99.6,50,2025-04-07T21:22:54.851955
0.8,0.5,12.0,0.0,0.38,99.62,50,2025-04-07T21:22:54.851956
0.8,0.5,13.0,0.0,0.38,99.62,50,2025-04-07T21:22:54.851957
0.8,0.5,14.0,0.0,0.38,99.62,50,2025-04-07T21:22:54.851958
0.8,0.5,15.0,0.0,0.38,99.62,50,2025-04-07T21:22:54.851959
0.8,0.5,16.0,0.0,0.38,99.62,50,2025-04-07T21:22:54.851960
0.8,0.5,17.0,0.0,0.38,99.62,50,2025-04-07T21:22:54.851961
0.8,0.5,18.0,0.0,0.38,99.62,50,2025-04-07T21:22:54.851962
0.8,0.5,19.0,0.0,0.38,99.62,50,2025-04-07T21:22:54.851963
0.8,0.5,20.0,0.0,0.38,99.62,50,2025-04-07T21:22:54.851964
0.8,0.5,21.0,0.0,0.38,99.62,50,2025-04-07T21:22:54.851965
0.8,0.5,22.0,0.0,0.38,99.62,50,2025-04-07T21:22:54.851966
0.8,0.5,23.0,0.0,0.38,99.62,50,2025-04-07T21:22:54.851967
0.8,0.5,24.0,0.0,0.38,99.62,50,2025-04-07T21:22:54.851968
0.8,0.5,25.0,0.0,0.38,99.62,50,2025-04-07T21:22:54.851969
0.8,0.5,26.0,0.0,0.38,99.62,50,2025-04-07T21:22:54.851970
0.8,0.5,27.0,0.0,0.38,99.62,50,2025-04-07T21:22:54.851971
0.8,0.5,28.0,0.0,0.38,99.62,50,2025-04-07T21:22:54.851972
0.8,0.5,29.0,0.0,0.38,99.62,50,2025-04-07T21:22:54.851973
0.8,0.5,30.0,0.0,0.38,99.62,50,2025-04-07T21:22:54.851974
0.8,0.5,31.0,0.0,0.38,99.62,50,2025-04-07T21:22:54.851975
0.8,0.5,32.0,0.0,0.38,99.62,50,2025-04-07T21:22:54.851976
0.8,0.5,33.0,0.0,0.38,99.62,50,2025-04-07T21:22:54.851977
0.8,0.5,34.0,0.0,0.38,99.62,50,2025-04-07T21:22:54.851978
0.8,0.5,35.0,0.0,0.38,99.62,50,2025-04-07T21:22:54.851979
0.8,0.5,36.0,0.0,0.38,99.62,50,2025-04-07T21:22:54.851980
0.8,0.5,37.0,0.0,0.38,99.62,50,2025-04-07T21:22:54.851981
0.8,0.5,38.0,0.0,0.38,99.62,50,2025-04-07T21:22:54.851982
0.8,0.5,39.0,0.0,0.38,99.62,50,2025-04-07T21:22:54.851983
0.8,0.5,40.0,0.0,0.38,99.62,50,2025-04-07T21:22:54.851984
0.8,0.5,41.0,0.0,0.38,99.62,50,2025-04-07T21:22:54.851985
0.8,0.5,42.0,0.0,0.38,99.62,50,2025-04-07T21:22:54.851986
0.8,0.5,43.0,0.0,0.38,99.62,50,2025-04-07T21:22:54.851987
0.8,0.5,44.0,0.0,0.38,99.62,50,2025-04-07T21:22:54.851988
0.8,0.5,45.0,0.0,0.38,99.62,50,2025-04-07T21:22:54.851989
0.8,0.5,46.0,0.0,0.38,99.62,50,2025-04-07T21:22:54.851990
0.8,0.5,47.0,0.0,0.38,99.62,50,2025-04-07T21:22:54.851991
0.8,0.5,48.0,0.0,0.38,99.62,50,2025-04-07T21:22:54.851992
0.8,0.5,49.0,0.0,0.38,99.62,50,2025-04-07T21:22:54.851993
0.8,0.5,50.0,0.0,0.38,99.62,50,2025-04-07T21:22:54.851994
0.8,0.5,51.0,0.0,0.38,99.62,50,2025-04-07T21:22:54.851995
0.8,0.5,52.0,0.0,0.38,99.62,50,2025-04-07T21:22:54.851996
0.8,0.5,53.0,0.0,0.38,99.62,50,2025-04-07T21:22:54.851997
0.8,0.5,54.0,0.0,0.38,99.62,50,2025-04-07T21:22:54.851998
0.8,0.5,55.0,0.0,0.38,99.62,50,2025-04-07T21:22:54.851999
0.8,0.5,56.0,0.0,0.38,99.62,50,2025-04-07T21:22:54.852000
0.8,0.5,57.0,0.0,0.38,99.62,50,2025-04-07T21:22:54.852001
0.8,0.5,58.0,0.0,0.38,99.62,50,2025-04-07T21:22:54.852003
0.8,0.5,59.0,0.0,0.38,99.62,50,2025-04-07T21:22:54.852003
0.8,0.5,60.0,0.0,0.38,99.62,50,2025-04-07T21:22:54.852004
0.8,0.5,61.0,0.0,0.38,99.62,50,2025-04-07T21:22:54.852005
0.8,0.5,62.0,0.0,0.38,99.62,50,2025-04-07T21:22:54.852006
0.8,0.5,63.0,0.0,0.38,99.62,50,2025-04-07T21:22:54.852007
0.8,0.5,64.0,0.0,0.38,99.62,50,2025-04-07T21:22:54.852008
0.8,0.5,65.0,0.0,0.38,99.62,50,2025-04-07T21:22:54.852010
0.8,0.5,66.0,0.0,0.38,99.62,50,2025-04-07T21:22:54.852011
0.8,0.5,67.0,0.0,0.38,99.62,50,2025-04-07T21:22:54.852012
0.8,0.5,68.0,0.0,0.38,99.62,50,2025-04-07T21:22:54.852013
0.8,0.5,69.0,0.0,0.38,99.62,50,2025-04-07T21:22:54.852014
0.8,0.5,70.0,0.0,0.38,99.62,50,2025-04-07T21:22:54.852015
0.8,0.5,71.0,0.0,0.38,99.62,50,2025-04-07T21:22:54.852016
0.8,0.5,72.0,0.0,0.38,99.62,50,2025-04-07T21:22:54.852017
0.8,0.5,73.0,0.0,0.38,99.62,50,2025-04-07T21:22:54.852018
0.8,0.5,74.0,0.0,0.38,99.62,50,2025-04-07T21:22:54.852019
0.8,0.5,75.0,0.0,0.38,99.62,50,2025-04-07T21:22:54.852020
0.8,0.5,76.0,0.0,0.38,99.62,50,2025-04-07T21:22:54.852021
0.8,0.5,77.0,0.0,0.38,99.62,50,2025-04-07T21:22:54.852022
0.8,0.5,78.0,0.0,0.38,99.62,50,2025-04-07T21:22:54.852023
0.8,0.5,79.0,0.0,0.38,99.62,50,2025-04-07T21:22:54.852024
0.8,0.5,80.0,0.0,0.38,99.62,50,2025-04-07T21:22:54.852025
0.8,0.5,81.0,0.0,0.38,99.62,50,2025-04-07T21:22:54.852026
0.8,0.5,82.0,0.0,0.38,99.62,50,2025-04-07T21:22:54.852027
0.8,0.5,83.0,0.0,0.38,99.62,50,2025-04-07T21:22:54.852028
0.8,0.5,84.0,0.0,0.38,99.62,50,2025-04-07T21:22:54.852029
0.8,0.5,85.0,0.0,0.38,99.62,50,2025-04-07T21:22:54.852030
0.8,0.5,86.0,0.0,0.38,99.62,50,2025-04-07T21:22:54.852031
0.8,0.5,87.0,0.0,0.38,99.62,50,2025-04-07T21:22:54.852032
0.8,0.5,88.0,0.0,0.38,99.62,50,2025-04-07T21:22:54.852033
0.8,0.5,89.0,0.0,0.38,99.62,50,2025-04-07T21:22:54.852034
0.8,0.5,90.0,0.0,0.38,99.62,50,2025-04-07T21:22:54.852035
0.8,0.5,91.0,0.0,0.38,99.62,50,2025-04-07T21:22:54.852036
0.8,0.5,92.0,0.0,0.38,99.62,50,2025-04-07T21:22:54.852037
0.8,0.5,93.0,0.0,0.38,99.62,50,2025-04-07T21:22:54.852038
0.8,0.5,94.0,0.0,0.38,99.62,50,2025-04-07T21:22:54.852039
0.8,0.5,95.0,0.0,0.38,99.62,50,2025-04-07T21:22:54.852040
0.8,0.5,96.0,0.0,0.38,99.62,50,2025-04-07T21:22:54.852041
0.8,0.5,97.0,0.0,0.38,99.62,50,2025-04-07T21:22:54.852042
0.8,0.5,98.0,0.0,0.38,99.62,50,2025-04-07T21:22:54.852043
0.8,0.5,99.0,0.0,0.38,99.62,50,2025-04-07T21:22:54.852044
0.8,0.5,100.0,0.0,0.38,99.62,50,2025-04-07T21:22:54.852045
0.8,0.6,0.0,95.0,5.0,0.0,50,2025-04-07T21:22:54.919587
0.8,0.6,1.0,0.0,55.5,44.5,50,2025-04-07T21:22:54.919596
0.8,0.6,2.0,0.0,29.64,70.36,50,2025-04-07T21:22:54.919597
0.8,0.6,3.0,0.0,15.42,84.58,50,2025-04-07T21:22:54.919598
0.8,0.6,4.0,0.0,8.24,91.76,50,2025-04-07T21:22:54.919599
0.8,0.6,5.0,0.0,4.3,95.7,50,2025-04-07T21:22:54.919601
0.8,0.6,6.0,0.0,2.08,97.92,50,2025-04-07T21:22:54.919602
0.8,0.6,7.0,0.0,1.08,98.92,50,2025-04-07T21:22:54.919603
0.8,0.6,8.0,0.0,0.5,99.5,50,2025-04-07T21:22:54.919604
0.8,0.6,9.0,0.0,0.46,99.54,50,2025-04-07T21:22:54.919605
0.8,0.6,10.0,0.0,0.42,99.58,50,2025-04-07T21:22:54.919606
0.8,0.6,11.0,0.0,0.42,99.58,50,2025-04-07T21:22:54.919607
0.8,0.6,12.0,0.0,0.42,99.58,50,2025-04-07T21:22:54.919608
0.8,0.6,13.0,0.0,0.42,99.58,50,2025-04-07T21:22:54.919609
0.8,0.6,14.0,0.0,0.4,99.6,50,2025-04-07T21:22:54.919610
0.8,0.6,15.0,0.0,0.4,99.6,50,2025-04-07T21:22:54.919612
0.8,0.6,16.0,0.0,0.4,99.6,50,2025-04-07T21:22:54.919613
0.8,0.6,17.0,0.0,0.4,99.6,50,2025-04-07T21:22:54.919614
0.8,0.6,18.0,0.0,0.4,99.6,50,2025-04-07T21:22:54.919615
0.8,0.6,19.0,0.0,0.4,99.6,50,2025-04-07T21:22:54.919616
0.8,0.6,20.0,0.0,0.4,99.6,50,2025-04-07T21:22:54.919617
0.8,0.6,21.0,0.0,0.4,99.6,50,2025-04-07T21:22:54.919618
0.8,0.6,22.0,0.0,0.4,99.6,50,2025-04-07T21:22:54.919620
0.8,0.6,23.0,0.0,0.4,99.6,50,2025-04-07T21:22:54.919621
0.8,0.6,24.0,0.0,0.4,99.6,50,2025-04-07T21:22:54.919622
0.8,0.6,25.0,0.0,0.4,99.6,50,2025-04-07T21:22:54.919623
0.8,0.6,26.0,0.0,0.4,99.6,50,2025-04-07T21:22:54.919624
0.8,0.6,27.0,0.0,0.4,99.6,50,2025-04-07T21:22:54.919625
0.8,0.6,28.0,0.0,0.4,99.6,50,2025-04-07T21:22:54.919626
0.8,0.6,29.0,0.0,0.4,99.6,50,2025-04-07T21:22:54.919627
0.8,0.6,30.0,0.0,0.4,99.6,50,2025-04-07T21:22:54.919629
0.8,0.6,31.0,0.0,0.4,99.6,50,2025-04-07T21:22:54.919630
0.8,0.6,32.0,0.0,0.4,99.6,50,2025-04-07T21:22:54.919639
0.8,0.6,33.0,0.0,0.4,99.6,50,2025-04-07T21:22:54.919640
0.8,0.6,34.0,0.0,0.4,99.6,50,2025-04-07T21:22:54.919641
0.8,0.6,35.0,0.0,0.4,99.6,50,2025-04-07T21:22:54.919642
0.8,0.6,36.0,0.0,0.4,99.6,50,2025-04-07T21:22:54.919643
0.8,0.6,37.0,0.0,0.4,99.6,50,2025-04-07T21:22:54.919644
0.8,0.6,38.0,0.0,0.4,99.6,50,2025-04-07T21:22:54.919645
0.8,0.6,39.0,0.0,0.4,99.6,50,2025-04-07T21:22:54.919647
0.8,0.6,40.0,0.0,0.4,99.6,50,2025-04-07T21:22:54.919648
0.8,0.6,41.0,0.0,0.4,99.6,50,2025-04-07T21:22:54.919649
0.8,0.6,42.0,0.0,0.4,99.6,50,2025-04-07T21:22:54.919650
0.8,0.6,43.0,0.0,0.4,99.6,50,2025-04-07T21:22:54.919651
0.8,0.6,44.0,0.0,0.4,99.6,50,2025-04-07T21:22:54.919652
0.8,0.6,45.0,0.0,0.4,99.6,50,2025-04-07T21:22:54.919653
0.8,0.6,46.0,0.0,0.4,99.6,50,2025-04-07T21:22:54.919654
0.8,0.6,47.0,0.0,0.4,99.6,50,2025-04-07T21:22:54.919655
0.8,0.6,48.0,0.0,0.4,99.6,50,2025-04-07T21:22:54.919657
0.8,0.6,49.0,0.0,0.4,99.6,50,2025-04-07T21:22:54.919658
0.8,0.6,50.0,0.0,0.4,99.6,50,2025-04-07T21:22:54.919659
0.8,0.6,51.0,0.0,0.4,99.6,50,2025-04-07T21:22:54.919660
0.8,0.6,52.0,0.0,0.4,99.6,50,2025-04-07T21:22:54.919661
0.8,0.6,53.0,0.0,0.4,99.6,50,2025-04-07T21:22:54.919662
0.8,0.6,54.0,0.0,0.4,99.6,50,2025-04-07T21:22:54.919663
0.8,0.6,55.0,0.0,0.4,99.6,50,2025-04-07T21:22:54.919664
0.8,0.6,56.0,0.0,0.4,99.6,50,2025-04-07T21:22:54.919665
0.8,0.6,57.0,0.0,0.4,99.6,50,2025-04-07T21:22:54.919666
0.8,0.6,58.0,0.0,0.4,99.6,50,2025-04-07T21:22:54.919667
0.8,0.6,59.0,0.0,0.4,99.6,50,2025-04-07T21:22:54.919668
0.8,0.6,60.0,0.0,0.4,99.6,50,2025-04-07T21:22:54.919669
0.8,0.6,61.0,0.0,0.4,99.6,50,2025-04-07T21:22:54.919670
0.8,0.6,62.0,0.0,0.4,99.6,50,2025-04-07T21:22:54.919671
0.8,0.6,63.0,0.0,0.4,99.6,50,2025-04-07T21:22:54.919672
0.8,0.6,64.0,0.0,0.4,99.6,50,2025-04-07T21:22:54.919673
0.8,0.6,65.0,0.0,0.4,99.6,50,2025-04-07T21:22:54.919674
0.8,0.6,66.0,0.0,0.4,99.6,50,2025-04-07T21:22:54.919676
0.8,0.6,67.0,0.0,0.4,99.6,50,2025-04-07T21:22:54.919677
0.8,0.6,68.0,0.0,0.4,99.6,50,2025-04-07T21:22:54.919678
0.8,0.6,69.0,0.0,0.4,99.6,50,2025-04-07T21:22:54.919679
0.8,0.6,70.0,0.0,0.4,99.6,50,2025-04-07T21:22:54.919680
0.8,0.6,71.0,0.0,0.4,99.6,50,2025-04-07T21:22:54.919681
0.8,0.6,72.0,0.0,0.4,99.6,50,2025-04-07T21:22:54.919682
0.8,0.6,73.0,0.0,0.4,99.6,50,2025-04-07T21:22:54.919683
0.8,0.6,74.0,0.0,0.4,99.6,50,2025-04-07T21:22:54.919684
0.8,0.6,75.0,0.0,0.4,99.6,50,2025-04-07T21:22:54.919685
0.8,0.6,76.0,0.0,0.4,99.6,50,2025-04-07T21:22:54.919686
0.8,0.6,77.0,0.0,0.4,99.6,50,2025-04-07T21:22:54.919687
0.8,0.6,78.0,0.0,0.4,99.6,50,2025-04-07T21:22:54.919688
0.8,0.6,79.0,0.0,0.4,99.6,50,2025-04-07T21:22:54.919690
0.8,0.6,80.0,0.0,0.4,99.6,50,2025-04-07T21:22:54.919691
0.8,0.6,81.0,0.0,0.4,99.6,50,2025-04-07T21:22:54.919692
0.8,0.6,82.0,0.0,0.4,99.6,50,2025-04-07T21:22:54.919693
0.8,0.6,83.0,0.0,0.4,99.6,50,2025-04-07T21:22:54.919694
0.8,0.6,84.0,0.0,0.4,99.6,50,2025-04-07T21:22:54.919695
0.8,0.6,85.0,0.0,0.4,99.6,50,2025-04-07T21:22:54.919696
0.8,0.6,86.0,0.0,0.4,99.6,50,2025-04-07T21:22:54.919697
0.8,0.6,87.0,0.0,0.4,99.6,50,2025-04-07T21:22:54.919698
0.8,0.6,88.0,0.0,0.4,99.6,50,2025-04-07T21:22:54.919699
0.8,0.6,89.0,0.0,0.4,99.6,50,2025-04-07T21:22:54.919700
0.8,0.6,90.0,0.0,0.4,99.6,50,2025-04-07T21:22:54.919701
0.8,0.6,91.0,0.0,0.4,99.6,50,2025-04-07T21:22:54.919702
0.8,0.6,92.0,0.0,0.4,99.6,50,2025-04-07T21:22:54.919703
0.8,0.6,93.0,0.0,0.4,99.6,50,2025-04-07T21:22:54.919704
0.8,0.6,94.0,0.0,0.4,99.6,50,2025-04-07T21:22:54.919706
0.8,0.6,95.0,0.0,0.4,99.6,50,2025-04-07T21:22:54.919707
0.8,0.6,96.0,0.0,0.4,99.6,50,2025-04-07T21:22:54.919708
0.8,0.6,97.0,0.0,0.4,99.6,50,2025-04-07T21:22:54.919709
0.8,0.6,98.0,0.0,0.4,99.6,50,2025-04-07T21:22:54.919710
0.8,0.6,99.0,0.0,0.4,99.6,50,2025-04-07T21:22:54.919711
0.8,0.6,100.0,0.0,0.4,99.6,50,2025-04-07T21:22:54.919712
0.8,0.7000000000000001,0.0,95.0,5.0,0.0,50,2025-04-07T21:22:54.959754
0.8,0.7000000000000001,1.0,0.0,49.98,50.02,50,2025-04-07T21:22:54.959760
0.8,0.7000000000000001,2.0,0.0,25.08,74.92,50,2025-04-07T21:22:54.959761
0.8,0.7000000000000001,3.0,0.0,11.8,88.2,50,2025-04-07T21:22:54.959762
0.8,0.7000000000000001,4.0,0.0,5.44,94.56,50,2025-04-07T21:22:54.959763
0.8,0.7000000000000001,5.0,0.0,2.12,97.88,50,2025-04-07T21:22:54.959764
0.8,0.7000000000000001,6.0,0.0,1.02,98.98,50,2025-04-07T21:22:54.959765
0.8,0.7000000000000001,7.0,0.0,0.66,99.34,50,2025-04-07T21:22:54.959766
0.8,0.7000000000000001,8.0,0.0,0.5,99.5,50,2025-04-07T21:22:54.959767
0.8,0.7000000000000001,9.0,0.0,0.48,99.52,50,2025-04-07T21:22:54.959768
0.8,0.7000000000000001,10.0,0.0,0.44,99.56,50,2025-04-07T21:22:54.959769
0.8,0.7000000000000001,11.0,0.0,0.42,99.58,50,2025-04-07T21:22:54.959770
0.8,0.7000000000000001,12.0,0.0,0.42,99.58,50,2025-04-07T21:22:54.959771
0.8,0.7000000000000001,13.0,0.0,0.42,99.58,50,2025-04-07T21:22:54.959772
0.8,0.7000000000000001,14.0,0.0,0.42,99.58,50,2025-04-07T21:22:54.959773
0.8,0.7000000000000001,15.0,0.0,0.42,99.58,50,2025-04-07T21:22:54.959774
0.8,0.7000000000000001,16.0,0.0,0.42,99.58,50,2025-04-07T21:22:54.959776
0.8,0.7000000000000001,17.0,0.0,0.42,99.58,50,2025-04-07T21:22:54.959777
0.8,0.7000000000000001,18.0,0.0,0.42,99.58,50,2025-04-07T21:22:54.959778
0.8,0.7000000000000001,19.0,0.0,0.42,99.58,50,2025-04-07T21:22:54.959779
0.8,0.7000000000000001,20.0,0.0,0.42,99.58,50,2025-04-07T21:22:54.959780
0.8,0.7000000000000001,21.0,0.0,0.42,99.58,50,2025-04-07T21:22:54.959781
0.8,0.7000000000000001,22.0,0.0,0.42,99.58,50,2025-04-07T21:22:54.959782
0.8,0.7000000000000001,23.0,0.0,0.42,99.58,50,2025-04-07T21:22:54.959783
0.8,0.7000000000000001,24.0,0.0,0.42,99.58,50,2025-04-07T21:22:54.959784
0.8,0.7000000000000001,25.0,0.0,0.42,99.58,50,2025-04-07T21:22:54.959785
0.8,0.7000000000000001,26.0,0.0,0.42,99.58,50,2025-04-07T21:22:54.959786
0.8,0.7000000000000001,27.0,0.0,0.42,99.58,50,2025-04-07T21:22:54.959787
0.8,0.7000000000000001,28.0,0.0,0.42,99.58,50,2025-04-07T21:22:54.959788
0.8,0.7000000000000001,29.0,0.0,0.42,99.58,50,2025-04-07T21:22:54.959789
0.8,0.7000000000000001,30.0,0.0,0.42,99.58,50,2025-04-07T21:22:54.959790
0.8,0.7000000000000001,31.0,0.0,0.42,99.58,50,2025-04-07T21:22:54.959791
0.8,0.7000000000000001,32.0,0.0,0.42,99.58,50,2025-04-07T21:22:54.959792
0.8,0.7000000000000001,33.0,0.0,0.42,99.58,50,2025-04-07T21:22:54.959793
0.8,0.7000000000000001,34.0,0.0,0.42,99.58,50,2025-04-07T21:22:54.959794
0.8,0.7000000000000001,35.0,0.0,0.42,99.58,50,2025-04-07T21:22:54.959795
0.8,0.7000000000000001,36.0,0.0,0.42,99.58,50,2025-04-07T21:22:54.959796
0.8,0.7000000000000001,37.0,0.0,0.42,99.58,50,2025-04-07T21:22:54.959797
0.8,0.7000000000000001,38.0,0.0,0.42,99.58,50,2025-04-07T21:22:54.959798
0.8,0.7000000000000001,39.0,0.0,0.42,99.58,50,2025-04-07T21:22:54.959799
0.8,0.7000000000000001,40.0,0.0,0.42,99.58,50,2025-04-07T21:22:54.959800
0.8,0.7000000000000001,41.0,0.0,0.42,99.58,50,2025-04-07T21:22:54.959801
0.8,0.7000000000000001,42.0,0.0,0.42,99.58,50,2025-04-07T21:22:54.959802
0.8,0.7000000000000001,43.0,0.0,0.42,99.58,50,2025-04-07T21:22:54.959803
0.8,0.7000000000000001,44.0,0.0,0.42,99.58,50,2025-04-07T21:22:54.959803
0.8,0.7000000000000001,45.0,0.0,0.42,99.58,50,2025-04-07T21:22:54.959804
0.8,0.7000000000000001,46.0,0.0,0.42,99.58,50,2025-04-07T21:22:54.959805
0.8,0.7000000000000001,47.0,0.0,0.42,99.58,50,2025-04-07T21:22:54.959807
0.8,0.7000000000000001,48.0,0.0,0.42,99.58,50,2025-04-07T21:22:54.959808
0.8,0.7000000000000001,49.0,0.0,0.42,99.58,50,2025-04-07T21:22:54.959809
0.8,0.7000000000000001,50.0,0.0,0.42,99.58,50,2025-04-07T21:22:54.959810
0.8,0.7000000000000001,51.0,0.0,0.42,99.58,50,2025-04-07T21:22:54.959811
0.8,0.7000000000000001,52.0,0.0,0.42,99.58,50,2025-04-07T21:22:54.959812
0.8,0.7000000000000001,53.0,0.0,0.42,99.58,50,2025-04-07T21:22:54.959812
0.8,0.7000000000000001,54.0,0.0,0.42,99.58,50,2025-04-07T21:22:54.959813
0.8,0.7000000000000001,55.0,0.0,0.42,99.58,50,2025-04-07T21:22:54.959814
0.8,0.7000000000000001,56.0,0.0,0.42,99.58,50,2025-04-07T21:22:54.959815
0.8,0.7000000000000001,57.0,0.0,0.42,99.58,50,2025-04-07T21:22:54.959816
0.8,0.7000000000000001,58.0,0.0,0.42,99.58,50,2025-04-07T21:22:54.959817
0.8,0.7000000000000001,59.0,0.0,0.42,99.58,50,2025-04-07T21:22:54.959819
0.8,0.7000000000000001,60.0,0.0,0.42,99.58,50,2025-04-07T21:22:54.959820
0.8,0.7000000000000001,61.0,0.0,0.42,99.58,50,2025-04-07T21:22:54.959820
0.8,0.7000000000000001,62.0,0.0,0.42,99.58,50,2025-04-07T21:22:54.959821
0.8,0.7000000000000001,63.0,0.0,0.42,99.58,50,2025-04-07T21:22:54.959822
0.8,0.7000000000000001,64.0,0.0,0.42,99.58,50,2025-04-07T21:22:54.959823
0.8,0.7000000000000001,65.0,0.0,0.42,99.58,50,2025-04-07T21:22:54.959824
0.8,0.7000000000000001,66.0,0.0,0.42,99.58,50,2025-04-07T21:22:54.959825
0.8,0.7000000000000001,67.0,0.0,0.42,99.58,50,2025-04-07T21:22:54.959826
0.8,0.7000000000000001,68.0,0.0,0.42,99.58,50,2025-04-07T21:22:54.959827
0.8,0.7000000000000001,69.0,0.0,0.42,99.58,50,2025-04-07T21:22:54.959828
0.8,0.7000000000000001,70.0,0.0,0.42,99.58,50,2025-04-07T21:22:54.959829
0.8,0.7000000000000001,71.0,0.0,0.42,99.58,50,2025-04-07T21:22:54.959830
0.8,0.7000000000000001,72.0,0.0,0.42,99.58,50,2025-04-07T21:22:54.959831
0.8,0.7000000000000001,73.0,0.0,0.42,99.58,50,2025-04-07T21:22:54.959832
0.8,0.7000000000000001,74.0,0.0,0.42,99.58,50,2025-04-07T21:22:54.959833
0.8,0.7000000000000001,75.0,0.0,0.42,99.58,50,2025-04-07T21:22:54.959834
0.8,0.7000000000000001,76.0,0.0,0.42,99.58,50,2025-04-07T21:22:54.959835
0.8,0.7000000000000001,77.0,0.0,0.42,99.58,50,2025-04-07T21:22:54.959836
0.8,0.7000000000000001,78.0,0.0,0.42,99.58,50,2025-04-07T21:22:54.959837
0.8,0.7000000000000001,79.0,0.0,0.42,99.58,50,2025-04-07T21:22:54.959838
0.8,0.7000000000000001,80.0,0.0,0.42,99.58,50,2025-04-07T21:22:54.959839
0.8,0.7000000000000001,81.0,0.0,0.42,99.58,50,2025-04-07T21:22:54.959840
0.8,0.7000000000000001,82.0,0.0,0.42,99.58,50,2025-04-07T21:22:54.959841
0.8,0.7000000000000001,83.0,0.0,0.42,99.58,50,2025-04-07T21:22:54.959842
0.8,0.7000000000000001,84.0,0.0,0.42,99.58,50,2025-04-07T21:22:54.959843
0.8,0.7000000000000001,85.0,0.0,0.42,99.58,50,2025-04-07T21:22:54.959844
0.8,0.7000000000000001,86.0,0.0,0.42,99.58,50,2025-04-07T21:22:54.959845
0.8,0.7000000000000001,87.0,0.0,0.42,99.58,50,2025-04-07T21:22:54.959852
0.8,0.7000000000000001,88.0,0.0,0.42,99.58,50,2025-04-07T21:22:54.959853
0.8,0.7000000000000001,89.0,0.0,0.42,99.58,50,2025-04-07T21:22:54.959854
0.8,0.7000000000000001,90.0,0.0,0.42,99.58,50,2025-04-07T21:22:54.959855
0.8,0.7000000000000001,91.0,0.0,0.42,99.58,50,2025-04-07T21:22:54.959856
0.8,0.7000000000000001,92.0,0.0,0.42,99.58,50,2025-04-07T21:22:54.959857
0.8,0.7000000000000001,93.0,0.0,0.42,99.58,50,2025-04-07T21:22:54.959858
0.8,0.7000000000000001,94.0,0.0,0.42,99.58,50,2025-04-07T21:22:54.959859
0.8,0.7000000000000001,95.0,0.0,0.42,99.58,50,2025-04-07T21:22:54.959860
0.8,0.7000000000000001,96.0,0.0,0.42,99.58,50,2025-04-07T21:22:54.959861
0.8,0.7000000000000001,97.0,0.0,0.42,99.58,50,2025-04-07T21:22:54.959862
0.8,0.7000000000000001,98.0,0.0,0.42,99.58,50,2025-04-07T21:22:54.959863
0.8,0.7000000000000001,99.0,0.0,0.42,99.58,50,2025-04-07T21:22:54.959864
0.8,0.7000000000000001,100.0,0.0,0.42,99.58,50,2025-04-07T21:22:54.959865
0.8,0.8,0.0,95.0,5.0,0.0,50,2025-04-07T21:22:54.996987
0.8,0.8,1.0,0.0,44.34,55.66,50,2025-04-07T21:22:54.996993
0.8,0.8,2.0,0.0,18.44,81.56,50,2025-04-07T21:22:54.996995
0.8,0.8,3.0,0.0,8.0,92.0,50,2025-04-07T21:22:54.996996
0.8,0.8,4.0,0.0,3.22,96.78,50,2025-04-07T21:22:54.996997
0.8,0.8,5.0,0.0,1.18,98.82,50,2025-04-07T21:22:54.996998
0.8,0.8,6.0,0.0,0.74,99.26,50,2025-04-07T21:22:54.996999
0.8,0.8,7.0,0.0,0.64,99.36,50,2025-04-07T21:22:54.997000
0.8,0.8,8.0,0.0,0.62,99.38,50,2025-04-07T21:22:54.997001
0.8,0.8,9.0,0.0,0.62,99.38,50,2025-04-07T21:22:54.997002
0.8,0.8,10.0,0.0,0.62,99.38,50,2025-04-07T21:22:54.997003
0.8,0.8,11.0,0.0,0.62,99.38,50,2025-04-07T21:22:54.997005
0.8,0.8,12.0,0.0,0.62,99.38,50,2025-04-07T21:22:54.997006
0.8,0.8,13.0,0.0,0.62,99.38,50,2025-04-07T21:22:54.997007
0.8,0.8,14.0,0.0,0.62,99.38,50,2025-04-07T21:22:54.997008
0.8,0.8,15.0,0.0,0.62,99.38,50,2025-04-07T21:22:54.997009
0.8,0.8,16.0,0.0,0.62,99.38,50,2025-04-07T21:22:54.997010
0.8,0.8,17.0,0.0,0.62,99.38,50,2025-04-07T21:22:54.997011
0.8,0.8,18.0,0.0,0.62,99.38,50,2025-04-07T21:22:54.997012
0.8,0.8,19.0,0.0,0.62,99.38,50,2025-04-07T21:22:54.997013
0.8,0.8,20.0,0.0,0.62,99.38,50,2025-04-07T21:22:54.997014
0.8,0.8,21.0,0.0,0.62,99.38,50,2025-04-07T21:22:54.997015
0.8,0.8,22.0,0.0,0.62,99.38,50,2025-04-07T21:22:54.997016
0.8,0.8,23.0,0.0,0.62,99.38,50,2025-04-07T21:22:54.997017
0.8,0.8,24.0,0.0,0.62,99.38,50,2025-04-07T21:22:54.997018
0.8,0.8,25.0,0.0,0.62,99.38,50,2025-04-07T21:22:54.997019
0.8,0.8,26.0,0.0,0.62,99.38,50,2025-04-07T21:22:54.997020
0.8,0.8,27.0,0.0,0.62,99.38,50,2025-04-07T21:22:54.997021
0.8,0.8,28.0,0.0,0.62,99.38,50,2025-04-07T21:22:54.997022
0.8,0.8,29.0,0.0,0.62,99.38,50,2025-04-07T21:22:54.997023
0.8,0.8,30.0,0.0,0.62,99.38,50,2025-04-07T21:22:54.997024
0.8,0.8,31.0,0.0,0.62,99.38,50,2025-04-07T21:22:54.997025
0.8,0.8,32.0,0.0,0.62,99.38,50,2025-04-07T21:22:54.997026
0.8,0.8,33.0,0.0,0.62,99.38,50,2025-04-07T21:22:54.997027
0.8,0.8,34.0,0.0,0.62,99.38,50,2025-04-07T21:22:54.997028
0.8,0.8,35.0,0.0,0.62,99.38,50,2025-04-07T21:22:54.997029
0.8,0.8,36.0,0.0,0.62,99.38,50,2025-04-07T21:22:54.997030
0.8,0.8,37.0,0.0,0.62,99.38,50,2025-04-07T21:22:54.997031
0.8,0.8,38.0,0.0,0.62,99.38,50,2025-04-07T21:22:54.997032
0.8,0.8,39.0,0.0,0.62,99.38,50,2025-04-07T21:22:54.997033
0.8,0.8,40.0,0.0,0.62,99.38,50,2025-04-07T21:22:54.997034
0.8,0.8,41.0,0.0,0.62,99.38,50,2025-04-07T21:22:54.997035
0.8,0.8,42.0,0.0,0.62,99.38,50,2025-04-07T21:22:54.997036
0.8,0.8,43.0,0.0,0.62,99.38,50,2025-04-07T21:22:54.997037
0.8,0.8,44.0,0.0,0.62,99.38,50,2025-04-07T21:22:54.997038
0.8,0.8,45.0,0.0,0.62,99.38,50,2025-04-07T21:22:54.997039
0.8,0.8,46.0,0.0,0.62,99.38,50,2025-04-07T21:22:54.997040
0.8,0.8,47.0,0.0,0.62,99.38,50,2025-04-07T21:22:54.997041
0.8,0.8,48.0,0.0,0.62,99.38,50,2025-04-07T21:22:54.997042
0.8,0.8,49.0,0.0,0.62,99.38,50,2025-04-07T21:22:54.997043
0.8,0.8,50.0,0.0,0.62,99.38,50,2025-04-07T21:22:54.997044
0.8,0.8,51.0,0.0,0.62,99.38,50,2025-04-07T21:22:54.997045
0.8,0.8,52.0,0.0,0.62,99.38,50,2025-04-07T21:22:54.997046
0.8,0.8,53.0,0.0,0.62,99.38,50,2025-04-07T21:22:54.997047
0.8,0.8,54.0,0.0,0.62,99.38,50,2025-04-07T21:22:54.997048
0.8,0.8,55.0,0.0,0.62,99.38,50,2025-04-07T21:22:54.997049
0.8,0.8,56.0,0.0,0.62,99.38,50,2025-04-07T21:22:54.997050
0.8,0.8,57.0,0.0,0.62,99.38,50,2025-04-07T21:22:54.997051
0.8,0.8,58.0,0.0,0.62,99.38,50,2025-04-07T21:22:54.997052
0.8,0.8,59.0,0.0,0.62,99.38,50,2025-04-07T21:22:54.997053
0.8,0.8,60.0,0.0,0.62,99.38,50,2025-04-07T21:22:54.997054
0.8,0.8,61.0,0.0,0.62,99.38,50,2025-04-07T21:22:54.997055
0.8,0.8,62.0,0.0,0.62,99.38,50,2025-04-07T21:22:54.997056
0.8,0.8,63.0,0.0,0.62,99.38,50,2025-04-07T21:22:54.997057
0.8,0.8,64.0,0.0,0.62,99.38,50,2025-04-07T21:22:54.997058
0.8,0.8,65.0,0.0,0.62,99.38,50,2025-04-07T21:22:54.997059
0.8,0.8,66.0,0.0,0.62,99.38,50,2025-04-07T21:22:54.997060
0.8,0.8,67.0,0.0,0.62,99.38,50,2025-04-07T21:22:54.997061
0.8,0.8,68.0,0.0,0.62,99.38,50,2025-04-07T21:22:54.997066
0.8,0.8,69.0,0.0,0.62,99.38,50,2025-04-07T21:22:54.997067
0.8,0.8,70.0,0.0,0.62,99.38,50,2025-04-07T21:22:54.997068
0.8,0.8,71.0,0.0,0.62,99.38,50,2025-04-07T21:22:54.997069
0.8,0.8,72.0,0.0,0.62,99.38,50,2025-04-07T21:22:54.997070
0.8,0.8,73.0,0.0,0.62,99.38,50,2025-04-07T21:22:54.997071
0.8,0.8,74.0,0.0,0.62,99.38,50,2025-04-07T21:22:54.997072
0.8,0.8,75.0,0.0,0.62,99.38,50,2025-04-07T21:22:54.997073
0.8,0.8,76.0,0.0,0.62,99.38,50,2025-04-07T21:22:54.997074
0.8,0.8,77.0,0.0,0.62,99.38,50,2025-04-07T21:22:54.997075
0.8,0.8,78.0,0.0,0.62,99.38,50,2025-04-07T21:22:54.997076
0.8,0.8,79.0,0.0,0.62,99.38,50,2025-04-07T21:22:54.997077
0.8,0.8,80.0,0.0,0.62,99.38,50,2025-04-07T21:22:54.997078
0.8,0.8,81.0,0.0,0.62,99.38,50,2025-04-07T21:22:54.997079
0.8,0.8,82.0,0.0,0.62,99.38,50,2025-04-07T21:22:54.997080
0.8,0.8,83.0,0.0,0.62,99.38,50,2025-04-07T21:22:54.997081
0.8,0.8,84.0,0.0,0.62,99.38,50,2025-04-07T21:22:54.997082
0.8,0.8,85.0,0.0,0.62,99.38,50,2025-04-07T21:22:54.997083
0.8,0.8,86.0,0.0,0.62,99.38,50,2025-04-07T21:22:54.997084
0.8,0.8,87.0,0.0,0.62,99.38,50,2025-04-07T21:22:54.997085
0.8,0.8,88.0,0.0,0.62,99.38,50,2025-04-07T21:22:54.997086
0.8,0.8,89.0,0.0,0.62,99.38,50,2025-04-07T21:22:54.997087
0.8,0.8,90.0,0.0,0.62,99.38,50,2025-04-07T21:22:54.997088
0.8,0.8,91.0,0.0,0.62,99.38,50,2025-04-07T21:22:54.997089
0.8,0.8,92.0,0.0,0.62,99.38,50,2025-04-07T21:22:54.997090
0.8,0.8,93.0,0.0,0.62,99.38,50,2025-04-07T21:22:54.997091
0.8,0.8,94.0,0.0,0.62,99.38,50,2025-04-07T21:22:54.997092
0.8,0.8,95.0,0.0,0.62,99.38,50,2025-04-07T21:22:54.997093
0.8,0.8,96.0,0.0,0.62,99.38,50,2025-04-07T21:22:54.997094
0.8,0.8,97.0,0.0,0.62,99.38,50,2025-04-07T21:22:54.997095
0.8,0.8,98.0,0.0,0.62,99.38,50,2025-04-07T21:22:54.997096
0.8,0.8,99.0,0.0,0.62,99.38,50,2025-04-07T21:22:54.997097
0.8,0.8,100.0,0.0,0.62,99.38,50,2025-04-07T21:22:54.997098
0.8,0.9,0.0,95.0,5.0,0.0,50,2025-04-07T21:22:55.033963
0.8,0.9,1.0,0.0,41.74,58.26,50,2025-04-07T21:22:55.033969
0.8,0.9,2.0,0.0,16.86,83.14,50,2025-04-07T21:22:55.033971
0.8,0.9,3.0,0.0,6.56,93.44,50,2025-04-07T21:22:55.033972
0.8,0.9,4.0,0.0,2.72,97.28,50,2025-04-07T21:22:55.033973
0.8,0.9,5.0,0.0,1.18,98.82,50,2025-04-07T21:22:55.033974
0.8,0.9,6.0,0.0,0.8,99.2,50,2025-04-07T21:22:55.033975
0.8,0.9,7.0,0.0,0.7,99.3,50,2025-04-07T21:22:55.033977
0.8,0.9,8.0,0.0,0.7,99.3,50,2025-04-07T21:22:55.033978
0.8,0.9,9.0,0.0,0.7,99.3,50,2025-04-07T21:22:55.033979
0.8,0.9,10.0,0.0,0.7,99.3,50,2025-04-07T21:22:55.033980
0.8,0.9,11.0,0.0,0.7,99.3,50,2025-04-07T21:22:55.033981
0.8,0.9,12.0,0.0,0.7,99.3,50,2025-04-07T21:22:55.033982
0.8,0.9,13.0,0.0,0.7,99.3,50,2025-04-07T21:22:55.033983
0.8,0.9,14.0,0.0,0.7,99.3,50,2025-04-07T21:22:55.033984
0.8,0.9,15.0,0.0,0.7,99.3,50,2025-04-07T21:22:55.033985
0.8,0.9,16.0,0.0,0.7,99.3,50,2025-04-07T21:22:55.033987
0.8,0.9,17.0,0.0,0.7,99.3,50,2025-04-07T21:22:55.033988
0.8,0.9,18.0,0.0,0.7,99.3,50,2025-04-07T21:22:55.033989
0.8,0.9,19.0,0.0,0.7,99.3,50,2025-04-07T21:22:55.033990
0.8,0.9,20.0,0.0,0.7,99.3,50,2025-04-07T21:22:55.033991
0.8,0.9,21.0,0.0,0.7,99.3,50,2025-04-07T21:22:55.033992
0.8,0.9,22.0,0.0,0.7,99.3,50,2025-04-07T21:22:55.033993
0.8,0.9,23.0,0.0,0.7,99.3,50,2025-04-07T21:22:55.033995
0.8,0.9,24.0,0.0,0.7,99.3,50,2025-04-07T21:22:55.033996
0.8,0.9,25.0,0.0,0.7,99.3,50,2025-04-07T21:22:55.033997
0.8,0.9,26.0,0.0,0.7,99.3,50,2025-04-07T21:22:55.033998
0.8,0.9,27.0,0.0,0.7,99.3,50,2025-04-07T21:22:55.033999
0.8,0.9,28.0,0.0,0.7,99.3,50,2025-04-07T21:22:55.034000
0.8,0.9,29.0,0.0,0.7,99.3,50,2025-04-07T21:22:55.034002
0.8,0.9,30.0,0.0,0.7,99.3,50,2025-04-07T21:22:55.034034
0.8,0.9,31.0,0.0,0.7,99.3,50,2025-04-07T21:22:55.034037
0.8,0.9,32.0,0.0,0.7,99.3,50,2025-04-07T21:22:55.034039
0.8,0.9,33.0,0.0,0.7,99.3,50,2025-04-07T21:22:55.034040
0.8,0.9,34.0,0.0,0.7,99.3,50,2025-04-07T21:22:55.034041
0.8,0.9,35.0,0.0,0.7,99.3,50,2025-04-07T21:22:55.034042
0.8,0.9,36.0,0.0,0.7,99.3,50,2025-04-07T21:22:55.034044
0.8,0.9,37.0,0.0,0.7,99.3,50,2025-04-07T21:22:55.034045
0.8,0.9,38.0,0.0,0.7,99.3,50,2025-04-07T21:22:55.034046
0.8,0.9,39.0,0.0,0.7,99.3,50,2025-04-07T21:22:55.034047
0.8,0.9,40.0,0.0,0.7,99.3,50,2025-04-07T21:22:55.034048
0.8,0.9,41.0,0.0,0.7,99.3,50,2025-04-07T21:22:55.034050
0.8,0.9,42.0,0.0,0.7,99.3,50,2025-04-07T21:22:55.034052
0.8,0.9,43.0,0.0,0.7,99.3,50,2025-04-07T21:22:55.034054
0.8,0.9,44.0,0.0,0.7,99.3,50,2025-04-07T21:22:55.034055
0.8,0.9,45.0,0.0,0.7,99.3,50,2025-04-07T21:22:55.034056
0.8,0.9,46.0,0.0,0.7,99.3,50,2025-04-07T21:22:55.034057
0.8,0.9,47.0,0.0,0.7,99.3,50,2025-04-07T21:22:55.034058
0.8,0.9,48.0,0.0,0.7,99.3,50,2025-04-07T21:22:55.034059
0.8,0.9,49.0,0.0,0.7,99.3,50,2025-04-07T21:22:55.034060
0.8,0.9,50.0,0.0,0.7,99.3,50,2025-04-07T21:22:55.034061
0.8,0.9,51.0,0.0,0.7,99.3,50,2025-04-07T21:22:55.034062
0.8,0.9,52.0,0.0,0.7,99.3,50,2025-04-07T21:22:55.034063
0.8,0.9,53.0,0.0,0.7,99.3,50,2025-04-07T21:22:55.034064
0.8,0.9,54.0,0.0,0.7,99.3,50,2025-04-07T21:22:55.034066
0.8,0.9,55.0,0.0,0.7,99.3,50,2025-04-07T21:22:55.034067
0.8,0.9,56.0,0.0,0.7,99.3,50,2025-04-07T21:22:55.034068
0.8,0.9,57.0,0.0,0.7,99.3,50,2025-04-07T21:22:55.034069
0.8,0.9,58.0,0.0,0.7,99.3,50,2025-04-07T21:22:55.034070
0.8,0.9,59.0,0.0,0.7,99.3,50,2025-04-07T21:22:55.034071
0.8,0.9,60.0,0.0,0.7,99.3,50,2025-04-07T21:22:55.034072
0.8,0.9,61.0,0.0,0.7,99.3,50,2025-04-07T21:22:55.034073
0.8,0.9,62.0,0.0,0.7,99.3,50,2025-04-07T21:22:55.034074
0.8,0.9,63.0,0.0,0.7,99.3,50,2025-04-07T21:22:55.034076
0.8,0.9,64.0,0.0,0.7,99.3,50,2025-04-07T21:22:55.034077
0.8,0.9,65.0,0.0,0.7,99.3,50,2025-04-07T21:22:55.034078
0.8,0.9,66.0,0.0,0.7,99.3,50,2025-04-07T21:22:55.034079
0.8,0.9,67.0,0.0,0.7,99.3,50,2025-04-07T21:22:55.034080
0.8,0.9,68.0,0.0,0.7,99.3,50,2025-04-07T21:22:55.034081
0.8,0.9,69.0,0.0,0.7,99.3,50,2025-04-07T21:22:55.034082
0.8,0.9,70.0,0.0,0.7,99.3,50,2025-04-07T21:22:55.034083
0.8,0.9,71.0,0.0,0.7,99.3,50,2025-04-07T21:22:55.034085
0.8,0.9,72.0,0.0,0.7,99.3,50,2025-04-07T21:22:55.034086
0.8,0.9,73.0,0.0,0.7,99.3,50,2025-04-07T21:22:55.034087
0.8,0.9,74.0,0.0,0.7,99.3,50,2025-04-07T21:22:55.034088
0.8,0.9,75.0,0.0,0.7,99.3,50,2025-04-07T21:22:55.034089
0.8,0.9,76.0,0.0,0.7,99.3,50,2025-04-07T21:22:55.034090
0.8,0.9,77.0,0.0,0.7,99.3,50,2025-04-07T21:22:55.034091
0.8,0.9,78.0,0.0,0.7,99.3,50,2025-04-07T21:22:55.034092
0.8,0.9,79.0,0.0,0.7,99.3,50,2025-04-07T21:22:55.034093
0.8,0.9,80.0,0.0,0.7,99.3,50,2025-04-07T21:22:55.034094
0.8,0.9,81.0,0.0,0.7,99.3,50,2025-04-07T21:22:55.034095
0.8,0.9,82.0,0.0,0.7,99.3,50,2025-04-07T21:22:55.034096
0.8,0.9,83.0,0.0,0.7,99.3,50,2025-04-07T21:22:55.034097
0.8,0.9,84.0,0.0,0.7,99.3,50,2025-04-07T21:22:55.034098
0.8,0.9,85.0,0.0,0.7,99.3,50,2025-04-07T21:22:55.034099
0.8,0.9,86.0,0.0,0.7,99.3,50,2025-04-07T21:22:55.034100
0.8,0.9,87.0,0.0,0.7,99.3,50,2025-04-07T21:22:55.034101
0.8,0.9,88.0,0.0,0.7,99.3,50,2025-04-07T21:22:55.034102
0.8,0.9,89.0,0.0,0.7,99.3,50,2025-04-07T21:22:55.034103
0.8,0.9,90.0,0.0,0.7,99.3,50,2025-04-07T21:22:55.034104
0.8,0.9,91.0,0.0,0.7,99.3,50,2025-04-07T21:22:55.034105
0.8,0.9,92.0,0.0,0.7,99.3,50,2025-04-07T21:22:55.034106
0.8,0.9,93.0,0.0,0.7,99.3,50,2025-04-07T21:22:55.034108
0.8,0.9,94.0,0.0,0.7,99.3,50,2025-04-07T21:22:55.034109
0.8,0.9,95.0,0.0,0.7,99.3,50,2025-04-07T21:22:55.034119
0.8,0.9,96.0,0.0,0.7,99.3,50,2025-04-07T21:22:55.034120
0.8,0.9,97.0,0.0,0.7,99.3,50,2025-04-07T21:22:55.034121
0.8,0.9,98.0,0.0,0.7,99.3,50,2025-04-07T21:22:55.034122
0.8,0.9,99.0,0.0,0.7,99.3,50,2025-04-07T21:22:55.034123
0.8,0.9,100.0,0.0,0.7,99.3,50,2025-04-07T21:22:55.034124
0.8,1.0,0.0,95.0,5.0,0.0,50,2025-04-07T21:22:55.070647
0.8,1.0,1.0,0.0,37.3,62.7,50,2025-04-07T21:22:55.070652
0.8,1.0,2.0,0.0,13.58,86.42,50,2025-04-07T21:22:55.070654
0.8,1.0,3.0,0.0,4.68,95.32,50,2025-04-07T21:22:55.070655
0.8,1.0,4.0,0.0,1.52,98.48,50,2025-04-07T21:22:55.070656
0.8,1.0,5.0,0.0,0.94,99.06,50,2025-04-07T21:22:55.070657
0.8,1.0,6.0,0.0,0.78,99.22,50,2025-04-07T21:22:55.070658
0.8,1.0,7.0,0.0,0.76,99.24,50,2025-04-07T21:22:55.070659
0.8,1.0,8.0,0.0,0.76,99.24,50,2025-04-07T21:22:55.070660
0.8,1.0,9.0,0.0,0.76,99.24,50,2025-04-07T21:22:55.070661
0.8,1.0,10.0,0.0,0.76,99.24,50,2025-04-07T21:22:55.070662
0.8,1.0,11.0,0.0,0.76,99.24,50,2025-04-07T21:22:55.070663
0.8,1.0,12.0,0.0,0.76,99.24,50,2025-04-07T21:22:55.070664
0.8,1.0,13.0,0.0,0.76,99.24,50,2025-04-07T21:22:55.070665
0.8,1.0,14.0,0.0,0.76,99.24,50,2025-04-07T21:22:55.070667
0.8,1.0,15.0,0.0,0.76,99.24,50,2025-04-07T21:22:55.070668
0.8,1.0,16.0,0.0,0.76,99.24,50,2025-04-07T21:22:55.070669
0.8,1.0,17.0,0.0,0.76,99.24,50,2025-04-07T21:22:55.070670
0.8,1.0,18.0,0.0,0.76,99.24,50,2025-04-07T21:22:55.070671
0.8,1.0,19.0,0.0,0.76,99.24,50,2025-04-07T21:22:55.070672
0.8,1.0,20.0,0.0,0.76,99.24,50,2025-04-07T21:22:55.070673
0.8,1.0,21.0,0.0,0.76,99.24,50,2025-04-07T21:22:55.070674
0.8,1.0,22.0,0.0,0.76,99.24,50,2025-04-07T21:22:55.070675
0.8,1.0,23.0,0.0,0.76,99.24,50,2025-04-07T21:22:55.070676
0.8,1.0,24.0,0.0,0.76,99.24,50,2025-04-07T21:22:55.070677
0.8,1.0,25.0,0.0,0.76,99.24,50,2025-04-07T21:22:55.070678
0.8,1.0,26.0,0.0,0.76,99.24,50,2025-04-07T21:22:55.070679
0.8,1.0,27.0,0.0,0.76,99.24,50,2025-04-07T21:22:55.070681
0.8,1.0,28.0,0.0,0.76,99.24,50,2025-04-07T21:22:55.070682
0.8,1.0,29.0,0.0,0.76,99.24,50,2025-04-07T21:22:55.070683
0.8,1.0,30.0,0.0,0.76,99.24,50,2025-04-07T21:22:55.070684
0.8,1.0,31.0,0.0,0.76,99.24,50,2025-04-07T21:22:55.070685
0.8,1.0,32.0,0.0,0.76,99.24,50,2025-04-07T21:22:55.070686
0.8,1.0,33.0,0.0,0.76,99.24,50,2025-04-07T21:22:55.070687
0.8,1.0,34.0,0.0,0.76,99.24,50,2025-04-07T21:22:55.070688
0.8,1.0,35.0,0.0,0.76,99.24,50,2025-04-07T21:22:55.070689
0.8,1.0,36.0,0.0,0.76,99.24,50,2025-04-07T21:22:55.070690
0.8,1.0,37.0,0.0,0.76,99.24,50,2025-04-07T21:22:55.070691
0.8,1.0,38.0,0.0,0.76,99.24,50,2025-04-07T21:22:55.070692
0.8,1.0,39.0,0.0,0.76,99.24,50,2025-04-07T21:22:55.070693
0.8,1.0,40.0,0.0,0.76,99.24,50,2025-04-07T21:22:55.070694
0.8,1.0,41.0,0.0,0.76,99.24,50,2025-04-07T21:22:55.070694
0.8,1.0,42.0,0.0,0.76,99.24,50,2025-04-07T21:22:55.070695
0.8,1.0,43.0,0.0,0.76,99.24,50,2025-04-07T21:22:55.070696
0.8,1.0,44.0,0.0,0.76,99.24,50,2025-04-07T21:22:55.070697
0.8,1.0,45.0,0.0,0.76,99.24,50,2025-04-07T21:22:55.070698
0.8,1.0,46.0,0.0,0.76,99.24,50,2025-04-07T21:22:55.070700
0.8,1.0,47.0,0.0,0.76,99.24,50,2025-04-07T21:22:55.070701
0.8,1.0,48.0,0.0,0.76,99.24,50,2025-04-07T21:22:55.070702
0.8,1.0,49.0,0.0,0.76,99.24,50,2025-04-07T21:22:55.070702
0.8,1.0,50.0,0.0,0.76,99.24,50,2025-04-07T21:22:55.070703
0.8,1.0,51.0,0.0,0.76,99.24,50,2025-04-07T21:22:55.070704
0.8,1.0,52.0,0.0,0.76,99.24,50,2025-04-07T21:22:55.070705
0.8,1.0,53.0,0.0,0.76,99.24,50,2025-04-07T21:22:55.070706
0.8,1.0,54.0,0.0,0.76,99.24,50,2025-04-07T21:22:55.070707
0.8,1.0,55.0,0.0,0.76,99.24,50,2025-04-07T21:22:55.070708
0.8,1.0,56.0,0.0,0.76,99.24,50,2025-04-07T21:22:55.070709
0.8,1.0,57.0,0.0,0.76,99.24,50,2025-04-07T21:22:55.070710
0.8,1.0,58.0,0.0,0.76,99.24,50,2025-04-07T21:22:55.070711
0.8,1.0,59.0,0.0,0.76,99.24,50,2025-04-07T21:22:55.070712
0.8,1.0,60.0,0.0,0.76,99.24,50,2025-04-07T21:22:55.070713
0.8,1.0,61.0,0.0,0.76,99.24,50,2025-04-07T21:22:55.070714
0.8,1.0,62.0,0.0,0.76,99.24,50,2025-04-07T21:22:55.070715
0.8,1.0,63.0,0.0,0.76,99.24,50,2025-04-07T21:22:55.070716
0.8,1.0,64.0,0.0,0.76,99.24,50,2025-04-07T21:22:55.070717
0.8,1.0,65.0,0.0,0.76,99.24,50,2025-04-07T21:22:55.070718
0.8,1.0,66.0,0.0,0.76,99.24,50,2025-04-07T21:22:55.070719
0.8,1.0,67.0,0.0,0.76,99.24,50,2025-04-07T21:22:55.070720
0.8,1.0,68.0,0.0,0.76,99.24,50,2025-04-07T21:22:55.070721
0.8,1.0,69.0,0.0,0.76,99.24,50,2025-04-07T21:22:55.070722
0.8,1.0,70.0,0.0,0.76,99.24,50,2025-04-07T21:22:55.070723
0.8,1.0,71.0,0.0,0.76,99.24,50,2025-04-07T21:22:55.070724
0.8,1.0,72.0,0.0,0.76,99.24,50,2025-04-07T21:22:55.070725
0.8,1.0,73.0,0.0,0.76,99.24,50,2025-04-07T21:22:55.070726
0.8,1.0,74.0,0.0,0.76,99.24,50,2025-04-07T21:22:55.070727
0.8,1.0,75.0,0.0,0.76,99.24,50,2025-04-07T21:22:55.070728
0.8,1.0,76.0,0.0,0.76,99.24,50,2025-04-07T21:22:55.070729
0.8,1.0,77.0,0.0,0.76,99.24,50,2025-04-07T21:22:55.070730
0.8,1.0,78.0,0.0,0.76,99.24,50,2025-04-07T21:22:55.070731
0.8,1.0,79.0,0.0,0.76,99.24,50,2025-04-07T21:22:55.070732
0.8,1.0,80.0,0.0,0.76,99.24,50,2025-04-07T21:22:55.070733
0.8,1.0,81.0,0.0,0.76,99.24,50,2025-04-07T21:22:55.070734
0.8,1.0,82.0,0.0,0.76,99.24,50,2025-04-07T21:22:55.070735
0.8,1.0,83.0,0.0,0.76,99.24,50,2025-04-07T21:22:55.070736
0.8,1.0,84.0,0.0,0.76,99.24,50,2025-04-07T21:22:55.070737
0.8,1.0,85.0,0.0,0.76,99.24,50,2025-04-07T21:22:55.070738
0.8,1.0,86.0,0.0,0.76,99.24,50,2025-04-07T21:22:55.070739
0.8,1.0,87.0,0.0,0.76,99.24,50,2025-04-07T21:22:55.070740
0.8,1.0,88.0,0.0,0.76,99.24,50,2025-04-07T21:22:55.070741
0.8,1.0,89.0,0.0,0.76,99.24,50,2025-04-07T21:22:55.070742
0.8,1.0,90.0,0.0,0.76,99.24,50,2025-04-07T21:22:55.070743
0.8,1.0,91.0,0.0,0.76,99.24,50,2025-04-07T21:22:55.070744
0.8,1.0,92.0,0.0,0.76,99.24,50,2025-04-07T21:22:55.070745
0.8,1.0,93.0,0.0,0.76,99.24,50,2025-04-07T21:22:55.070746
0.8,1.0,94.0,0.0,0.76,99.24,50,2025-04-07T21:22:55.070747
0.8,1.0,95.0,0.0,0.76,99.24,50,2025-04-07T21:22:55.070748
0.8,1.0,96.0,0.0,0.76,99.24,50,2025-04-07T21:22:55.070756
0.8,1.0,97.0,0.0,0.76,99.24,50,2025-04-07T21:22:55.070757
0.8,1.0,98.0,0.0,0.76,99.24,50,2025-04-07T21:22:55.070758
0.8,1.0,99.0,0.0,0.76,99.24,50,2025-04-07T21:22:55.070759
0.8,1.0,100.0,0.0,0.76,99.24,50,2025-04-07T21:22:55.070760
0.9,0.1,0.0,95.0,5.0,0.0,50,2025-04-07T21:22:55.109638
0.9,0.1,1.0,0.0,89.48,10.52,50,2025-04-07T21:22:55.109644
0.9,0.1,2.0,0.0,81.16,18.84,50,2025-04-07T21:22:55.109645
0.9,0.1,3.0,0.0,73.2,26.8,50,2025-04-07T21:22:55.109646
0.9,0.1,4.0,0.0,66.48,33.52,50,2025-04-07T21:22:55.109647
0.9,0.1,5.0,0.0,60.12,39.88,50,2025-04-07T21:22:55.109649
0.9,0.1,6.0,0.0,54.2,45.8,50,2025-04-07T21:22:55.109650
0.9,0.1,7.0,0.0,48.68,51.32,50,2025-04-07T21:22:55.109651
0.9,0.1,8.0,0.0,44.04,55.96,50,2025-04-07T21:22:55.109652
0.9,0.1,9.0,0.0,40.08,59.92,50,2025-04-07T21:22:55.109653
0.9,0.1,10.0,0.0,36.2,63.8,50,2025-04-07T21:22:55.109654
0.9,0.1,11.0,0.0,32.78,67.22,50,2025-04-07T21:22:55.109655
0.9,0.1,12.0,0.0,29.72,70.28,50,2025-04-07T21:22:55.109656
0.9,0.1,13.0,0.0,26.86,73.14,50,2025-04-07T21:22:55.109657
0.9,0.1,14.0,0.0,24.14,75.86,50,2025-04-07T21:22:55.109658
0.9,0.1,15.0,0.0,21.94,78.06,50,2025-04-07T21:22:55.109659
0.9,0.1,16.0,0.0,19.96,80.04,50,2025-04-07T21:22:55.109660
0.9,0.1,17.0,0.0,17.56,82.44,50,2025-04-07T21:22:55.109661
0.9,0.1,18.0,0.0,15.7,84.3,50,2025-04-07T21:22:55.109662
0.9,0.1,19.0,0.0,13.84,86.16,50,2025-04-07T21:22:55.109663
0.9,0.1,20.0,0.0,12.48,87.52,50,2025-04-07T21:22:55.109665
0.9,0.1,21.0,0.0,11.18,88.82,50,2025-04-07T21:22:55.109666
0.9,0.1,22.0,0.0,10.2,89.8,50,2025-04-07T21:22:55.109667
0.9,0.1,23.0,0.0,9.08,90.92,50,2025-04-07T21:22:55.109668
0.9,0.1,24.0,0.0,8.22,91.78,50,2025-04-07T21:22:55.109669
0.9,0.1,25.0,0.0,7.48,92.52,50,2025-04-07T21:22:55.109670
0.9,0.1,26.0,0.0,6.7,93.3,50,2025-04-07T21:22:55.109671
0.9,0.1,27.0,0.0,6.04,93.96,50,2025-04-07T21:22:55.109672
0.9,0.1,28.0,0.0,5.42,94.58,50,2025-04-07T21:22:55.109673
0.9,0.1,29.0,0.0,4.74,95.26,50,2025-04-07T21:22:55.109674
0.9,0.1,30.0,0.0,4.2,95.8,50,2025-04-07T21:22:55.109675
0.9,0.1,31.0,0.0,3.78,96.22,50,2025-04-07T21:22:55.109676
0.9,0.1,32.0,0.0,3.36,96.64,50,2025-04-07T21:22:55.109677
0.9,0.1,33.0,0.0,3.06,96.94,50,2025-04-07T21:22:55.109678
0.9,0.1,34.0,0.0,2.64,97.36,50,2025-04-07T21:22:55.109679
0.9,0.1,35.0,0.0,2.24,97.76,50,2025-04-07T21:22:55.109681
0.9,0.1,36.0,0.0,1.98,98.02,50,2025-04-07T21:22:55.109682
0.9,0.1,37.0,0.0,1.7,98.3,50,2025-04-07T21:22:55.109683
0.9,0.1,38.0,0.0,1.4,98.6,50,2025-04-07T21:22:55.109684
0.9,0.1,39.0,0.0,1.2,98.8,50,2025-04-07T21:22:55.109685
0.9,0.1,40.0,0.0,0.94,99.06,50,2025-04-07T21:22:55.109686
0.9,0.1,41.0,0.0,0.8,99.2,50,2025-04-07T21:22:55.109687
0.9,0.1,42.0,0.0,0.7,99.3,50,2025-04-07T21:22:55.109688
0.9,0.1,43.0,0.0,0.66,99.34,50,2025-04-07T21:22:55.109689
0.9,0.1,44.0,0.0,0.62,99.38,50,2025-04-07T21:22:55.109690
0.9,0.1,45.0,0.0,0.56,99.44,50,2025-04-07T21:22:55.109691
0.9,0.1,46.0,0.0,0.46,99.54,50,2025-04-07T21:22:55.109692
0.9,0.1,47.0,0.0,0.44,99.56,50,2025-04-07T21:22:55.109693
0.9,0.1,48.0,0.0,0.38,99.62,50,2025-04-07T21:22:55.109694
0.9,0.1,49.0,0.0,0.3,99.7,50,2025-04-07T21:22:55.109695
0.9,0.1,50.0,0.0,0.28,99.72,50,2025-04-07T21:22:55.109696
0.9,0.1,51.0,0.0,0.22,99.78,50,2025-04-07T21:22:55.109697
0.9,0.1,52.0,0.0,0.22,99.78,50,2025-04-07T21:22:55.109698
0.9,0.1,53.0,0.0,0.22,99.78,50,2025-04-07T21:22:55.109699
0.9,0.1,54.0,0.0,0.14,99.86,50,2025-04-07T21:22:55.109700
0.9,0.1,55.0,0.0,0.12,99.88,50,2025-04-07T21:22:55.109701
0.9,0.1,56.0,0.0,0.12,99.88,50,2025-04-07T21:22:55.109702
0.9,0.1,57.0,0.0,0.12,99.88,50,2025-04-07T21:22:55.109703
0.9,0.1,58.0,0.0,0.1,99.9,50,2025-04-07T21:22:55.109704
0.9,0.1,59.0,0.0,0.08,99.92,50,2025-04-07T21:22:55.109706
0.9,0.1,60.0,0.0,0.08,99.92,50,2025-04-07T21:22:55.109707
0.9,0.1,61.0,0.0,0.08,99.92,50,2025-04-07T21:22:55.109708
0.9,0.1,62.0,0.0,0.08,99.92,50,2025-04-07T21:22:55.109709
0.9,0.1,63.0,0.0,0.08,99.92,50,2025-04-07T21:22:55.109710
0.9,0.1,64.0,0.0,0.08,99.92,50,2025-04-07T21:22:55.109711
0.9,0.1,65.0,0.0,0.08,99.92,50,2025-04-07T21:22:55.109712
0.9,0.1,66.0,0.0,0.08,99.92,50,2025-04-07T21:22:55.109713
0.9,0.1,67.0,0.0,0.08,99.92,50,2025-04-07T21:22:55.109714
0.9,0.1,68.0,0.0,0.08,99.92,50,2025-04-07T21:22:55.109715
0.9,0.1,69.0,0.0,0.08,99.92,50,2025-04-07T21:22:55.109716
0.9,0.1,70.0,0.0,0.08,99.92,50,2025-04-07T21:22:55.109718
0.9,0.1,71.0,0.0,0.08,99.92,50,2025-04-07T21:22:55.109719
0.9,0.1,72.0,0.0,0.08,99.92,50,2025-04-07T21:22:55.109720
0.9,0.1,73.0,0.0,0.08,99.92,50,2025-04-07T21:22:55.109725
0.9,0.1,74.0,0.0,0.08,99.92,50,2025-04-07T21:22:55.109726
0.9,0.1,75.0,0.0,0.06,99.94,50,2025-04-07T21:22:55.109727
0.9,0.1,76.0,0.0,0.06,99.94,50,2025-04-07T21:22:55.109728
0.9,0.1,77.0,0.0,0.06,99.94,50,2025-04-07T21:22:55.109729
0.9,0.1,78.0,0.0,0.06,99.94,50,2025-04-07T21:22:55.109730
0.9,0.1,79.0,0.0,0.06,99.94,50,2025-04-07T21:22:55.109731
0.9,0.1,80.0,0.0,0.06,99.94,50,2025-04-07T21:22:55.109732
0.9,0.1,81.0,0.0,0.06,99.94,50,2025-04-07T21:22:55.109733
0.9,0.1,82.0,0.0,0.06,99.94,50,2025-04-07T21:22:55.109734
0.9,0.1,83.0,0.0,0.06,99.94,50,2025-04-07T21:22:55.109735
0.9,0.1,84.0,0.0,0.06,99.94,50,2025-04-07T21:22:55.109736
0.9,0.1,85.0,0.0,0.06,99.94,50,2025-04-07T21:22:55.109737
0.9,0.1,86.0,0.0,0.06,99.94,50,2025-04-07T21:22:55.109738
0.9,0.1,87.0,0.0,0.06,99.94,50,2025-04-07T21:22:55.109739
0.9,0.1,88.0,0.0,0.06,99.94,50,2025-04-07T21:22:55.109739
0.9,0.1,89.0,0.0,0.06,99.94,50,2025-04-07T21:22:55.109740
0.9,0.1,90.0,0.0,0.06,99.94,50,2025-04-07T21:22:55.109741
0.9,0.1,91.0,0.0,0.06,99.94,50,2025-04-07T21:22:55.109742
0.9,0.1,92.0,0.0,0.06,99.94,50,2025-04-07T21:22:55.109743
0.9,0.1,93.0,0.0,0.06,99.94,50,2025-04-07T21:22:55.109744
0.9,0.1,94.0,0.0,0.06,99.94,50,2025-04-07T21:22:55.109745
0.9,0.1,95.0,0.0,0.06,99.94,50,2025-04-07T21:22:55.109746
0.9,0.1,96.0,0.0,0.06,99.94,50,2025-04-07T21:22:55.109747
0.9,0.1,97.0,0.0,0.06,99.94,50,2025-04-07T21:22:55.109748
0.9,0.1,98.0,0.0,0.06,99.94,50,2025-04-07T21:22:55.109749
0.9,0.1,99.0,0.0,0.06,99.94,50,2025-04-07T21:22:55.109752
0.9,0.1,100.0,0.0,0.06,99.94,50,2025-04-07T21:22:55.109753
0.9,0.2,0.0,95.0,5.0,0.0,50,2025-04-07T21:22:55.147277
0.9,0.2,1.0,0.0,80.22,19.78,50,2025-04-07T21:22:55.147283
0.9,0.2,2.0,0.0,66.38,33.62,50,2025-04-07T21:22:55.147285
0.9,0.2,3.0,0.0,53.88,46.12,50,2025-04-07T21:22:55.147286
0.9,0.2,4.0,0.0,44.2,55.8,50,2025-04-07T21:22:55.147287
0.9,0.2,5.0,0.0,36.28,63.72,50,2025-04-07T21:22:55.147288
0.9,0.2,6.0,0.0,29.22,70.78,50,2025-04-07T21:22:55.147289
0.9,0.2,7.0,0.0,23.66,76.34,50,2025-04-07T21:22:55.147290
0.9,0.2,8.0,0.0,19.5,80.5,50,2025-04-07T21:22:55.147291
0.9,0.2,9.0,0.0,16.12,83.88,50,2025-04-07T21:22:55.147292
0.9,0.2,10.0,0.0,13.04,86.96,50,2025-04-07T21:22:55.147293
0.9,0.2,11.0,0.0,10.88,89.12,50,2025-04-07T21:22:55.147294
0.9,0.2,12.0,0.0,8.62,91.38,50,2025-04-07T21:22:55.147295
0.9,0.2,13.0,0.0,6.92,93.08,50,2025-04-07T21:22:55.147296
0.9,0.2,14.0,0.0,5.6,94.4,50,2025-04-07T21:22:55.147297
0.9,0.2,15.0,0.0,4.32,95.68,50,2025-04-07T21:22:55.147298
0.9,0.2,16.0,0.0,3.22,96.78,50,2025-04-07T21:22:55.147299
0.9,0.2,17.0,0.0,2.54,97.46,50,2025-04-07T21:22:55.147300
0.9,0.2,18.0,0.0,1.76,98.24,50,2025-04-07T21:22:55.147302
0.9,0.2,19.0,0.0,1.36,98.64,50,2025-04-07T21:22:55.147303
0.9,0.2,20.0,0.0,1.02,98.98,50,2025-04-07T21:22:55.147304
0.9,0.2,21.0,0.0,0.78,99.22,50,2025-04-07T21:22:55.147305
0.9,0.2,22.0,0.0,0.56,99.44,50,2025-04-07T21:22:55.147306
0.9,0.2,23.0,0.0,0.42,99.58,50,2025-04-07T21:22:55.147307
0.9,0.2,24.0,0.0,0.3,99.7,50,2025-04-07T21:22:55.147308
0.9,0.2,25.0,0.0,0.28,99.72,50,2025-04-07T21:22:55.147309
0.9,0.2,26.0,0.0,0.22,99.78,50,2025-04-07T21:22:55.147310
0.9,0.2,27.0,0.0,0.2,99.8,50,2025-04-07T21:22:55.147311
0.9,0.2,28.0,0.0,0.12,99.88,50,2025-04-07T21:22:55.147312
0.9,0.2,29.0,0.0,0.08,99.92,50,2025-04-07T21:22:55.147313
0.9,0.2,30.0,0.0,0.08,99.92,50,2025-04-07T21:22:55.147314
0.9,0.2,31.0,0.0,0.08,99.92,50,2025-04-07T21:22:55.147315
0.9,0.2,32.0,0.0,0.06,99.94,50,2025-04-07T21:22:55.147316
0.9,0.2,33.0,0.0,0.04,99.96,50,2025-04-07T21:22:55.147317
0.9,0.2,34.0,0.0,0.04,99.96,50,2025-04-07T21:22:55.147318
0.9,0.2,35.0,0.0,0.04,99.96,50,2025-04-07T21:22:55.147319
0.9,0.2,36.0,0.0,0.04,99.96,50,2025-04-07T21:22:55.147320
0.9,0.2,37.0,0.0,0.04,99.96,50,2025-04-07T21:22:55.147321
0.9,0.2,38.0,0.0,0.04,99.96,50,2025-04-07T21:22:55.147322
0.9,0.2,39.0,0.0,0.04,99.96,50,2025-04-07T21:22:55.147323
0.9,0.2,40.0,0.0,0.04,99.96,50,2025-04-07T21:22:55.147324
0.9,0.2,41.0,0.0,0.04,99.96,50,2025-04-07T21:22:55.147325
0.9,0.2,42.0,0.0,0.04,99.96,50,2025-04-07T21:22:55.147326
0.9,0.2,43.0,0.0,0.04,99.96,50,2025-04-07T21:22:55.147327
0.9,0.2,44.0,0.0,0.04,99.96,50,2025-04-07T21:22:55.147328
0.9,0.2,45.0,0.0,0.04,99.96,50,2025-04-07T21:22:55.147329
0.9,0.2,46.0,0.0,0.04,99.96,50,2025-04-07T21:22:55.147330
0.9,0.2,47.0,0.0,0.04,99.96,50,2025-04-07T21:22:55.147332
0.9,0.2,48.0,0.0,0.04,99.96,50,2025-04-07T21:22:55.147333
0.9,0.2,49.0,0.0,0.04,99.96,50,2025-04-07T21:22:55.147334
0.9,0.2,50.0,0.0,0.04,99.96,50,2025-04-07T21:22:55.147338
0.9,0.2,51.0,0.0,0.04,99.96,50,2025-04-07T21:22:55.147339
0.9,0.2,52.0,0.0,0.04,99.96,50,2025-04-07T21:22:55.147340
0.9,0.2,53.0,0.0,0.04,99.96,50,2025-04-07T21:22:55.147341
0.9,0.2,54.0,0.0,0.04,99.96,50,2025-04-07T21:22:55.147342
0.9,0.2,55.0,0.0,0.04,99.96,50,2025-04-07T21:22:55.147343
0.9,0.2,56.0,0.0,0.04,99.96,50,2025-04-07T21:22:55.147344
0.9,0.2,57.0,0.0,0.04,99.96,50,2025-04-07T21:22:55.147345
0.9,0.2,58.0,0.0,0.04,99.96,50,2025-04-07T21:22:55.147346
0.9,0.2,59.0,0.0,0.04,99.96,50,2025-04-07T21:22:55.147347
0.9,0.2,60.0,0.0,0.04,99.96,50,2025-04-07T21:22:55.147348
0.9,0.2,61.0,0.0,0.04,99.96,50,2025-04-07T21:22:55.147349
0.9,0.2,62.0,0.0,0.04,99.96,50,2025-04-07T21:22:55.147350
0.9,0.2,63.0,0.0,0.04,99.96,50,2025-04-07T21:22:55.147351
0.9,0.2,64.0,0.0,0.04,99.96,50,2025-04-07T21:22:55.147352
0.9,0.2,65.0,0.0,0.04,99.96,50,2025-04-07T21:22:55.147353
0.9,0.2,66.0,0.0,0.04,99.96,50,2025-04-07T21:22:55.147354
0.9,0.2,67.0,0.0,0.04,99.96,50,2025-04-07T21:22:55.147355
0.9,0.2,68.0,0.0,0.04,99.96,50,2025-04-07T21:22:55.147356
0.9,0.2,69.0,0.0,0.04,99.96,50,2025-04-07T21:22:55.147357
0.9,0.2,70.0,0.0,0.04,99.96,50,2025-04-07T21:22:55.147358
0.9,0.2,71.0,0.0,0.04,99.96,50,2025-04-07T21:22:55.147359
0.9,0.2,72.0,0.0,0.04,99.96,50,2025-04-07T21:22:55.147360
0.9,0.2,73.0,0.0,0.04,99.96,50,2025-04-07T21:22:55.147361
0.9,0.2,74.0,0.0,0.04,99.96,50,2025-04-07T21:22:55.147363
0.9,0.2,75.0,0.0,0.04,99.96,50,2025-04-07T21:22:55.147364
0.9,0.2,76.0,0.0,0.04,99.96,50,2025-04-07T21:22:55.147365
0.9,0.2,77.0,0.0,0.04,99.96,50,2025-04-07T21:22:55.147366
0.9,0.2,78.0,0.0,0.04,99.96,50,2025-04-07T21:22:55.147367
0.9,0.2,79.0,0.0,0.04,99.96,50,2025-04-07T21:22:55.147368
0.9,0.2,80.0,0.0,0.04,99.96,50,2025-04-07T21:22:55.147369
0.9,0.2,81.0,0.0,0.04,99.96,50,2025-04-07T21:22:55.147370
0.9,0.2,82.0,0.0,0.04,99.96,50,2025-04-07T21:22:55.147371
0.9,0.2,83.0,0.0,0.04,99.96,50,2025-04-07T21:22:55.147372
0.9,0.2,84.0,0.0,0.04,99.96,50,2025-04-07T21:22:55.147373
0.9,0.2,85.0,0.0,0.04,99.96,50,2025-04-07T21:22:55.147374
0.9,0.2,86.0,0.0,0.04,99.96,50,2025-04-07T21:22:55.147375
0.9,0.2,87.0,0.0,0.04,99.96,50,2025-04-07T21:22:55.147376
0.9,0.2,88.0,0.0,0.04,99.96,50,2025-04-07T21:22:55.147377
0.9,0.2,89.0,0.0,0.04,99.96,50,2025-04-07T21:22:55.147378
0.9,0.2,90.0,0.0,0.04,99.96,50,2025-04-07T21:22:55.147379
0.9,0.2,91.0,0.0,0.04,99.96,50,2025-04-07T21:22:55.147380
0.9,0.2,92.0,0.0,0.04,99.96,50,2025-04-07T21:22:55.147381
0.9,0.2,93.0,0.0,0.04,99.96,50,2025-04-07T21:22:55.147382
0.9,0.2,94.0,0.0,0.04,99.96,50,2025-04-07T21:22:55.147383
0.9,0.2,95.0,0.0,0.04,99.96,50,2025-04-07T21:22:55.147384
0.9,0.2,96.0,0.0,0.04,99.96,50,2025-04-07T21:22:55.147385
0.9,0.2,97.0,0.0,0.04,99.96,50,2025-04-07T21:22:55.147386
0.9,0.2,98.0,0.0,0.04,99.96,50,2025-04-07T21:22:55.147387
0.9,0.2,99.0,0.0,0.04,99.96,50,2025-04-07T21:22:55.147388
0.9,0.2,100.0,0.0,0.04,99.96,50,2025-04-07T21:22:55.147389
0.9,0.3,0.0,95.0,5.0,0.0,50,2025-04-07T21:22:55.184756
0.9,0.3,1.0,0.0,73.64,26.36,50,2025-04-07T21:22:55.184762
0.9,0.3,2.0,0.0,54.76,45.24,50,2025-04-07T21:22:55.184764
0.9,0.3,3.0,0.0,39.8,60.2,50,2025-04-07T21:22:55.184765
0.9,0.3,4.0,0.0,29.34,70.66,50,2025-04-07T21:22:55.184766
0.9,0.3,5.0,0.0,21.1,78.9,50,2025-04-07T21:22:55.184767
0.9,0.3,6.0,0.0,15.54,84.46,50,2025-04-07T21:22:55.184768
0.9,0.3,7.0,0.0,11.52,88.48,50,2025-04-07T21:22:55.184769
0.9,0.3,8.0,0.0,8.3,91.7,50,2025-04-07T21:22:55.184771
0.9,0.3,9.0,0.0,6.02,93.98,50,2025-04-07T21:22:55.184772
0.9,0.3,10.0,0.0,3.96,96.04,50,2025-04-07T21:22:55.184773
0.9,0.3,11.0,0.0,2.78,97.22,50,2025-04-07T21:22:55.184774
0.9,0.3,12.0,0.0,1.82,98.18,50,2025-04-07T21:22:55.184775
0.9,0.3,13.0,0.0,1.26,98.74,50,2025-04-07T21:22:55.184776
0.9,0.3,14.0,0.0,0.88,99.12,50,2025-04-07T21:22:55.184778
0.9,0.3,15.0,0.0,0.54,99.46,50,2025-04-07T21:22:55.184779
0.9,0.3,16.0,0.0,0.4,99.6,50,2025-04-07T21:22:55.184780
0.9,0.3,17.0,0.0,0.32,99.68,50,2025-04-07T21:22:55.184781
0.9,0.3,18.0,0.0,0.24,99.76,50,2025-04-07T21:22:55.184782
0.9,0.3,19.0,0.0,0.2,99.8,50,2025-04-07T21:22:55.184783
0.9,0.3,20.0,0.0,0.2,99.8,50,2025-04-07T21:22:55.184784
0.9,0.3,21.0,0.0,0.16,99.84,50,2025-04-07T21:22:55.184785
0.9,0.3,22.0,0.0,0.16,99.84,50,2025-04-07T21:22:55.184786
0.9,0.3,23.0,0.0,0.16,99.84,50,2025-04-07T21:22:55.184787
0.9,0.3,24.0,0.0,0.14,99.86,50,2025-04-07T21:22:55.184788
0.9,0.3,25.0,0.0,0.14,99.86,50,2025-04-07T21:22:55.184789
0.9,0.3,26.0,0.0,0.14,99.86,50,2025-04-07T21:22:55.184791
0.9,0.3,27.0,0.0,0.14,99.86,50,2025-04-07T21:22:55.184792
0.9,0.3,28.0,0.0,0.14,99.86,50,2025-04-07T21:22:55.184793
0.9,0.3,29.0,0.0,0.14,99.86,50,2025-04-07T21:22:55.184794
0.9,0.3,30.0,0.0,0.14,99.86,50,2025-04-07T21:22:55.184795
0.9,0.3,31.0,0.0,0.14,99.86,50,2025-04-07T21:22:55.184796
0.9,0.3,32.0,0.0,0.14,99.86,50,2025-04-07T21:22:55.184797
0.9,0.3,33.0,0.0,0.14,99.86,50,2025-04-07T21:22:55.184798
0.9,0.3,34.0,0.0,0.14,99.86,50,2025-04-07T21:22:55.184799
0.9,0.3,35.0,0.0,0.14,99.86,50,2025-04-07T21:22:55.184800
0.9,0.3,36.0,0.0,0.14,99.86,50,2025-04-07T21:22:55.184801
0.9,0.3,37.0,0.0,0.14,99.86,50,2025-04-07T21:22:55.184803
0.9,0.3,38.0,0.0,0.14,99.86,50,2025-04-07T21:22:55.184804
0.9,0.3,39.0,0.0,0.14,99.86,50,2025-04-07T21:22:55.184805
0.9,0.3,40.0,0.0,0.14,99.86,50,2025-04-07T21:22:55.184806
0.9,0.3,41.0,0.0,0.14,99.86,50,2025-04-07T21:22:55.184807
0.9,0.3,42.0,0.0,0.14,99.86,50,2025-04-07T21:22:55.184808
0.9,0.3,43.0,0.0,0.14,99.86,50,2025-04-07T21:22:55.184809
0.9,0.3,44.0,0.0,0.14,99.86,50,2025-04-07T21:22:55.184810
0.9,0.3,45.0,0.0,0.14,99.86,50,2025-04-07T21:22:55.184811
0.9,0.3,46.0,0.0,0.14,99.86,50,2025-04-07T21:22:55.184812
0.9,0.3,47.0,0.0,0.14,99.86,50,2025-04-07T21:22:55.184814
0.9,0.3,48.0,0.0,0.14,99.86,50,2025-04-07T21:22:55.184815
0.9,0.3,49.0,0.0,0.14,99.86,50,2025-04-07T21:22:55.184816
0.9,0.3,50.0,0.0,0.14,99.86,50,2025-04-07T21:22:55.184817
0.9,0.3,51.0,0.0,0.14,99.86,50,2025-04-07T21:22:55.184818
0.9,0.3,52.0,0.0,0.14,99.86,50,2025-04-07T21:22:55.184819
0.9,0.3,53.0,0.0,0.14,99.86,50,2025-04-07T21:22:55.184820
0.9,0.3,54.0,0.0,0.14,99.86,50,2025-04-07T21:22:55.184822
0.9,0.3,55.0,0.0,0.14,99.86,50,2025-04-07T21:22:55.184823
0.9,0.3,56.0,0.0,0.14,99.86,50,2025-04-07T21:22:55.184824
0.9,0.3,57.0,0.0,0.14,99.86,50,2025-04-07T21:22:55.184825
0.9,0.3,58.0,0.0,0.14,99.86,50,2025-04-07T21:22:55.184826
0.9,0.3,59.0,0.0,0.14,99.86,50,2025-04-07T21:22:55.184827
0.9,0.3,60.0,0.0,0.14,99.86,50,2025-04-07T21:22:55.184828
0.9,0.3,61.0,0.0,0.14,99.86,50,2025-04-07T21:22:55.184830
0.9,0.3,62.0,0.0,0.14,99.86,50,2025-04-07T21:22:55.184831
0.9,0.3,63.0,0.0,0.14,99.86,50,2025-04-07T21:22:55.184832
0.9,0.3,64.0,0.0,0.14,99.86,50,2025-04-07T21:22:55.184833
0.9,0.3,65.0,0.0,0.14,99.86,50,2025-04-07T21:22:55.184834
0.9,0.3,66.0,0.0,0.14,99.86,50,2025-04-07T21:22:55.184835
0.9,0.3,67.0,0.0,0.14,99.86,50,2025-04-07T21:22:55.184836
0.9,0.3,68.0,0.0,0.14,99.86,50,2025-04-07T21:22:55.184837
0.9,0.3,69.0,0.0,0.14,99.86,50,2025-04-07T21:22:55.184838
0.9,0.3,70.0,0.0,0.14,99.86,50,2025-04-07T21:22:55.184839
0.9,0.3,71.0,0.0,0.14,99.86,50,2025-04-07T21:22:55.184840
0.9,0.3,72.0,0.0,0.14,99.86,50,2025-04-07T21:22:55.184842
0.9,0.3,73.0,0.0,0.14,99.86,50,2025-04-07T21:22:55.184849
0.9,0.3,74.0,0.0,0.14,99.86,50,2025-04-07T21:22:55.184851
0.9,0.3,75.0,0.0,0.14,99.86,50,2025-04-07T21:22:55.184852
0.9,0.3,76.0,0.0,0.14,99.86,50,2025-04-07T21:22:55.184853
0.9,0.3,77.0,0.0,0.14,99.86,50,2025-04-07T21:22:55.184854
0.9,0.3,78.0,0.0,0.14,99.86,50,2025-04-07T21:22:55.184855
0.9,0.3,79.0,0.0,0.14,99.86,50,2025-04-07T21:22:55.184856
0.9,0.3,80.0,0.0,0.14,99.86,50,2025-04-07T21:22:55.184857
0.9,0.3,81.0,0.0,0.14,99.86,50,2025-04-07T21:22:55.184859
0.9,0.3,82.0,0.0,0.14,99.86,50,2025-04-07T21:22:55.184860
0.9,0.3,83.0,0.0,0.14,99.86,50,2025-04-07T21:22:55.184861
0.9,0.3,84.0,0.0,0.14,99.86,50,2025-04-07T21:22:55.184862
0.9,0.3,85.0,0.0,0.14,99.86,50,2025-04-07T21:22:55.184863
0.9,0.3,86.0,0.0,0.14,99.86,50,2025-04-07T21:22:55.184864
0.9,0.3,87.0,0.0,0.14,99.86,50,2025-04-07T21:22:55.184865
0.9,0.3,88.0,0.0,0.14,99.86,50,2025-04-07T21:22:55.184866
0.9,0.3,89.0,0.0,0.14,99.86,50,2025-04-07T21:22:55.184867
0.9,0.3,90.0,0.0,0.14,99.86,50,2025-04-07T21:22:55.184868
0.9,0.3,91.0,0.0,0.14,99.86,50,2025-04-07T21:22:55.184871
0.9,0.3,92.0,0.0,0.14,99.86,50,2025-04-07T21:22:55.184872
0.9,0.3,93.0,0.0,0.14,99.86,50,2025-04-07T21:22:55.184873
0.9,0.3,94.0,0.0,0.14,99.86,50,2025-04-07T21:22:55.184874
0.9,0.3,95.0,0.0,0.14,99.86,50,2025-04-07T21:22:55.184875
0.9,0.3,96.0,0.0,0.14,99.86,50,2025-04-07T21:22:55.184876
0.9,0.3,97.0,0.0,0.14,99.86,50,2025-04-07T21:22:55.184877
0.9,0.3,98.0,0.0,0.14,99.86,50,2025-04-07T21:22:55.184878
0.9,0.3,99.0,0.0,0.14,99.86,50,2025-04-07T21:22:55.184879
0.9,0.3,100.0,0.0,0.14,99.86,50,2025-04-07T21:22:55.184880
0.9,0.4,0.0,95.0,5.0,0.0,50,2025-04-07T21:22:55.221972
0.9,0.4,1.0,0.0,66.62,33.38,50,2025-04-07T21:22:55.221978
0.9,0.4,2.0,0.0,45.26,54.74,50,2025-04-07T21:22:55.221979
0.9,0.4,3.0,0.0,29.92,70.08,50,2025-04-07T21:22:55.221980
0.9,0.4,4.0,0.0,20.44,79.56,50,2025-04-07T21:22:55.221981
0.9,0.4,5.0,0.0,13.28,86.72,50,2025-04-07T21:22:55.221982
0.9,0.4,6.0,0.0,8.64,91.36,50,2025-04-07T21:22:55.221983
0.9,0.4,7.0,0.0,5.32,94.68,50,2025-04-07T21:22:55.221984
0.9,0.4,8.0,0.0,3.2,96.8,50,2025-04-07T21:22:55.221985
0.9,0.4,9.0,0.0,2.06,97.94,50,2025-04-07T21:22:55.221986
0.9,0.4,10.0,0.0,1.18,98.82,50,2025-04-07T21:22:55.221987
0.9,0.4,11.0,0.0,0.72,99.28,50,2025-04-07T21:22:55.221988
0.9,0.4,12.0,0.0,0.38,99.62,50,2025-04-07T21:22:55.221989
0.9,0.4,13.0,0.0,0.28,99.72,50,2025-04-07T21:22:55.221991
0.9,0.4,14.0,0.0,0.26,99.74,50,2025-04-07T21:22:55.221992
0.9,0.4,15.0,0.0,0.24,99.76,50,2025-04-07T21:22:55.221993
0.9,0.4,16.0,0.0,0.24,99.76,50,2025-04-07T21:22:55.221994
0.9,0.4,17.0,0.0,0.24,99.76,50,2025-04-07T21:22:55.221995
0.9,0.4,18.0,0.0,0.2,99.8,50,2025-04-07T21:22:55.221996
0.9,0.4,19.0,0.0,0.2,99.8,50,2025-04-07T21:22:55.221997
0.9,0.4,20.0,0.0,0.2,99.8,50,2025-04-07T21:22:55.221998
0.9,0.4,21.0,0.0,0.2,99.8,50,2025-04-07T21:22:55.221999
0.9,0.4,22.0,0.0,0.2,99.8,50,2025-04-07T21:22:55.222000
0.9,0.4,23.0,0.0,0.2,99.8,50,2025-04-07T21:22:55.222001
0.9,0.4,24.0,0.0,0.2,99.8,50,2025-04-07T21:22:55.222002
0.9,0.4,25.0,0.0,0.2,99.8,50,2025-04-07T21:22:55.222003
0.9,0.4,26.0,0.0,0.2,99.8,50,2025-04-07T21:22:55.222004
0.9,0.4,27.0,0.0,0.2,99.8,50,2025-04-07T21:22:55.222005
0.9,0.4,28.0,0.0,0.2,99.8,50,2025-04-07T21:22:55.222006
0.9,0.4,29.0,0.0,0.2,99.8,50,2025-04-07T21:22:55.222007
0.9,0.4,30.0,0.0,0.2,99.8,50,2025-04-07T21:22:55.222008
0.9,0.4,31.0,0.0,0.2,99.8,50,2025-04-07T21:22:55.222009
0.9,0.4,32.0,0.0,0.2,99.8,50,2025-04-07T21:22:55.222010
0.9,0.4,33.0,0.0,0.2,99.8,50,2025-04-07T21:22:55.222011
0.9,0.4,34.0,0.0,0.2,99.8,50,2025-04-07T21:22:55.222012
0.9,0.4,35.0,0.0,0.2,99.8,50,2025-04-07T21:22:55.222013
0.9,0.4,36.0,0.0,0.2,99.8,50,2025-04-07T21:22:55.222014
0.9,0.4,37.0,0.0,0.2,99.8,50,2025-04-07T21:22:55.222015
0.9,0.4,38.0,0.0,0.2,99.8,50,2025-04-07T21:22:55.222016
0.9,0.4,39.0,0.0,0.2,99.8,50,2025-04-07T21:22:55.222017
0.9,0.4,40.0,0.0,0.2,99.8,50,2025-04-07T21:22:55.222018
0.9,0.4,41.0,0.0,0.2,99.8,50,2025-04-07T21:22:55.222019
0.9,0.4,42.0,0.0,0.2,99.8,50,2025-04-07T21:22:55.222020
0.9,0.4,43.0,0.0,0.2,99.8,50,2025-04-07T21:22:55.222021
0.9,0.4,44.0,0.0,0.2,99.8,50,2025-04-07T21:22:55.222022
0.9,0.4,45.0,0.0,0.2,99.8,50,2025-04-07T21:22:55.222023
0.9,0.4,46.0,0.0,0.2,99.8,50,2025-04-07T21:22:55.222024
0.9,0.4,47.0,0.0,0.2,99.8,50,2025-04-07T21:22:55.222025
0.9,0.4,48.0,0.0,0.2,99.8,50,2025-04-07T21:22:55.222026
0.9,0.4,49.0,0.0,0.2,99.8,50,2025-04-07T21:22:55.222027
0.9,0.4,50.0,0.0,0.2,99.8,50,2025-04-07T21:22:55.222028
0.9,0.4,51.0,0.0,0.2,99.8,50,2025-04-07T21:22:55.222029
0.9,0.4,52.0,0.0,0.2,99.8,50,2025-04-07T21:22:55.222030
0.9,0.4,53.0,0.0,0.2,99.8,50,2025-04-07T21:22:55.222031
0.9,0.4,54.0,0.0,0.2,99.8,50,2025-04-07T21:22:55.222032
0.9,0.4,55.0,0.0,0.2,99.8,50,2025-04-07T21:22:55.222033
0.9,0.4,56.0,0.0,0.2,99.8,50,2025-04-07T21:22:55.222034
0.9,0.4,57.0,0.0,0.2,99.8,50,2025-04-07T21:22:55.222035
0.9,0.4,58.0,0.0,0.2,99.8,50,2025-04-07T21:22:55.222036
0.9,0.4,59.0,0.0,0.2,99.8,50,2025-04-07T21:22:55.222037
0.9,0.4,60.0,0.0,0.2,99.8,50,2025-04-07T21:22:55.222038
0.9,0.4,61.0,0.0,0.2,99.8,50,2025-04-07T21:22:55.222039
0.9,0.4,62.0,0.0,0.2,99.8,50,2025-04-07T21:22:55.222040
0.9,0.4,63.0,0.0,0.2,99.8,50,2025-04-07T21:22:55.222041
0.9,0.4,64.0,0.0,0.2,99.8,50,2025-04-07T21:22:55.222042
0.9,0.4,65.0,0.0,0.2,99.8,50,2025-04-07T21:22:55.222043
0.9,0.4,66.0,0.0,0.2,99.8,50,2025-04-07T21:22:55.222044
0.9,0.4,67.0,0.0,0.2,99.8,50,2025-04-07T21:22:55.222045
0.9,0.4,68.0,0.0,0.2,99.8,50,2025-04-07T21:22:55.222046
0.9,0.4,69.0,0.0,0.2,99.8,50,2025-04-07T21:22:55.222047
0.9,0.4,70.0,0.0,0.2,99.8,50,2025-04-07T21:22:55.222048
0.9,0.4,71.0,0.0,0.2,99.8,50,2025-04-07T21:22:55.222049
0.9,0.4,72.0,0.0,0.2,99.8,50,2025-04-07T21:22:55.222050
0.9,0.4,73.0,0.0,0.2,99.8,50,2025-04-07T21:22:55.222051
0.9,0.4,74.0,0.0,0.2,99.8,50,2025-04-07T21:22:55.222052
0.9,0.4,75.0,0.0,0.2,99.8,50,2025-04-07T21:22:55.222053
0.9,0.4,76.0,0.0,0.2,99.8,50,2025-04-07T21:22:55.222054
0.9,0.4,77.0,0.0,0.2,99.8,50,2025-04-07T21:22:55.222055
0.9,0.4,78.0,0.0,0.2,99.8,50,2025-04-07T21:22:55.222056
0.9,0.4,79.0,0.0,0.2,99.8,50,2025-04-07T21:22:55.222057
0.9,0.4,80.0,0.0,0.2,99.8,50,2025-04-07T21:22:55.222058
0.9,0.4,81.0,0.0,0.2,99.8,50,2025-04-07T21:22:55.222059
0.9,0.4,82.0,0.0,0.2,99.8,50,2025-04-07T21:22:55.222060
0.9,0.4,83.0,0.0,0.2,99.8,50,2025-04-07T21:22:55.222061
0.9,0.4,84.0,0.0,0.2,99.8,50,2025-04-07T21:22:55.222062
0.9,0.4,85.0,0.0,0.2,99.8,50,2025-04-07T21:22:55.222063
0.9,0.4,86.0,0.0,0.2,99.8,50,2025-04-07T21:22:55.222064
0.9,0.4,87.0,0.0,0.2,99.8,50,2025-04-07T21:22:55.222065
0.9,0.4,88.0,0.0,0.2,99.8,50,2025-04-07T21:22:55.222066
0.9,0.4,89.0,0.0,0.2,99.8,50,2025-04-07T21:22:55.222067
0.9,0.4,90.0,0.0,0.2,99.8,50,2025-04-07T21:22:55.222068
0.9,0.4,91.0,0.0,0.2,99.8,50,2025-04-07T21:22:55.222069
0.9,0.4,92.0,0.0,0.2,99.8,50,2025-04-07T21:22:55.222070
0.9,0.4,93.0,0.0,0.2,99.8,50,2025-04-07T21:22:55.222071
0.9,0.4,94.0,0.0,0.2,99.8,50,2025-04-07T21:22:55.222072
0.9,0.4,95.0,0.0,0.2,99.8,50,2025-04-07T21:22:55.222073
0.9,0.4,96.0,0.0,0.2,99.8,50,2025-04-07T21:22:55.222074
0.9,0.4,97.0,0.0,0.2,99.8,50,2025-04-07T21:22:55.222075
0.9,0.4,98.0,0.0,0.2,99.8,50,2025-04-07T21:22:55.222076
0.9,0.4,99.0,0.0,0.2,99.8,50,2025-04-07T21:22:55.222083
0.9,0.4,100.0,0.0,0.2,99.8,50,2025-04-07T21:22:55.222084
0.9,0.5,0.0,95.0,5.0,0.0,50,2025-04-07T21:22:55.258969
0.9,0.5,1.0,0.0,60.48,39.52,50,2025-04-07T21:22:55.258975
0.9,0.5,2.0,0.0,36.58,63.42,50,2025-04-07T21:22:55.258977
0.9,0.5,3.0,0.0,22.32,77.68,50,2025-04-07T21:22:55.258978
0.9,0.5,4.0,0.0,13.54,86.46,50,2025-04-07T21:22:55.258979
0.9,0.5,5.0,0.0,7.84,92.16,50,2025-04-07T21:22:55.258980
0.9,0.5,6.0,0.0,4.4,95.6,50,2025-04-07T21:22:55.258982
0.9,0.5,7.0,0.0,2.24,97.76,50,2025-04-07T21:22:55.258983
0.9,0.5,8.0,0.0,1.2,98.8,50,2025-04-07T21:22:55.258984
0.9,0.5,9.0,0.0,0.7,99.3,50,2025-04-07T21:22:55.258985
0.9,0.5,10.0,0.0,0.48,99.52,50,2025-04-07T21:22:55.258986
0.9,0.5,11.0,0.0,0.4,99.6,50,2025-04-07T21:22:55.258987
0.9,0.5,12.0,0.0,0.34,99.66,50,2025-04-07T21:22:55.258988
0.9,0.5,13.0,0.0,0.34,99.66,50,2025-04-07T21:22:55.258989
0.9,0.5,14.0,0.0,0.32,99.68,50,2025-04-07T21:22:55.258991
0.9,0.5,15.0,0.0,0.32,99.68,50,2025-04-07T21:22:55.258992
0.9,0.5,16.0,0.0,0.32,99.68,50,2025-04-07T21:22:55.258993
0.9,0.5,17.0,0.0,0.32,99.68,50,2025-04-07T21:22:55.258994
0.9,0.5,18.0,0.0,0.32,99.68,50,2025-04-07T21:22:55.258995
0.9,0.5,19.0,0.0,0.32,99.68,50,2025-04-07T21:22:55.258996
0.9,0.5,20.0,0.0,0.32,99.68,50,2025-04-07T21:22:55.258998
0.9,0.5,21.0,0.0,0.32,99.68,50,2025-04-07T21:22:55.258999
0.9,0.5,22.0,0.0,0.32,99.68,50,2025-04-07T21:22:55.259000
0.9,0.5,23.0,0.0,0.32,99.68,50,2025-04-07T21:22:55.259001
0.9,0.5,24.0,0.0,0.32,99.68,50,2025-04-07T21:22:55.259002
0.9,0.5,25.0,0.0,0.32,99.68,50,2025-04-07T21:22:55.259003
0.9,0.5,26.0,0.0,0.32,99.68,50,2025-04-07T21:22:55.259004
0.9,0.5,27.0,0.0,0.32,99.68,50,2025-04-07T21:22:55.259005
0.9,0.5,28.0,0.0,0.32,99.68,50,2025-04-07T21:22:55.259007
0.9,0.5,29.0,0.0,0.32,99.68,50,2025-04-07T21:22:55.259008
0.9,0.5,30.0,0.0,0.32,99.68,50,2025-04-07T21:22:55.259009
0.9,0.5,31.0,0.0,0.32,99.68,50,2025-04-07T21:22:55.259010
0.9,0.5,32.0,0.0,0.32,99.68,50,2025-04-07T21:22:55.259011
0.9,0.5,33.0,0.0,0.32,99.68,50,2025-04-07T21:22:55.259012
0.9,0.5,34.0,0.0,0.32,99.68,50,2025-04-07T21:22:55.259013
0.9,0.5,35.0,0.0,0.32,99.68,50,2025-04-07T21:22:55.259014
0.9,0.5,36.0,0.0,0.32,99.68,50,2025-04-07T21:22:55.259015
0.9,0.5,37.0,0.0,0.32,99.68,50,2025-04-07T21:22:55.259016
0.9,0.5,38.0,0.0,0.32,99.68,50,2025-04-07T21:22:55.259017
0.9,0.5,39.0,0.0,0.32,99.68,50,2025-04-07T21:22:55.259019
0.9,0.5,40.0,0.0,0.32,99.68,50,2025-04-07T21:22:55.259020
0.9,0.5,41.0,0.0,0.32,99.68,50,2025-04-07T21:22:55.259021
0.9,0.5,42.0,0.0,0.32,99.68,50,2025-04-07T21:22:55.259022
0.9,0.5,43.0,0.0,0.32,99.68,50,2025-04-07T21:22:55.259023
0.9,0.5,44.0,0.0,0.32,99.68,50,2025-04-07T21:22:55.259024
0.9,0.5,45.0,0.0,0.32,99.68,50,2025-04-07T21:22:55.259025
0.9,0.5,46.0,0.0,0.32,99.68,50,2025-04-07T21:22:55.259026
0.9,0.5,47.0,0.0,0.32,99.68,50,2025-04-07T21:22:55.259027
0.9,0.5,48.0,0.0,0.32,99.68,50,2025-04-07T21:22:55.259028
0.9,0.5,49.0,0.0,0.32,99.68,50,2025-04-07T21:22:55.259029
0.9,0.5,50.0,0.0,0.32,99.68,50,2025-04-07T21:22:55.259030
0.9,0.5,51.0,0.0,0.32,99.68,50,2025-04-07T21:22:55.259031
0.9,0.5,52.0,0.0,0.32,99.68,50,2025-04-07T21:22:55.259032
0.9,0.5,53.0,0.0,0.32,99.68,50,2025-04-07T21:22:55.259033
0.9,0.5,54.0,0.0,0.32,99.68,50,2025-04-07T21:22:55.259035
0.9,0.5,55.0,0.0,0.32,99.68,50,2025-04-07T21:22:55.259036
0.9,0.5,56.0,0.0,0.32,99.68,50,2025-04-07T21:22:55.259037
0.9,0.5,57.0,0.0,0.32,99.68,50,2025-04-07T21:22:55.259038
0.9,0.5,58.0,0.0,0.32,99.68,50,2025-04-07T21:22:55.259039
0.9,0.5,59.0,0.0,0.32,99.68,50,2025-04-07T21:22:55.259040
0.9,0.5,60.0,0.0,0.32,99.68,50,2025-04-07T21:22:55.259042
0.9,0.5,61.0,0.0,0.32,99.68,50,2025-04-07T21:22:55.259043
0.9,0.5,62.0,0.0,0.32,99.68,50,2025-04-07T21:22:55.259044
0.9,0.5,63.0,0.0,0.32,99.68,50,2025-04-07T21:22:55.259045
0.9,0.5,64.0,0.0,0.32,99.68,50,2025-04-07T21:22:55.259046
0.9,0.5,65.0,0.0,0.32,99.68,50,2025-04-07T21:22:55.259047
0.9,0.5,66.0,0.0,0.32,99.68,50,2025-04-07T21:22:55.259048
0.9,0.5,67.0,0.0,0.32,99.68,50,2025-04-07T21:22:55.259049
0.9,0.5,68.0,0.0,0.32,99.68,50,2025-04-07T21:22:55.259051
0.9,0.5,69.0,0.0,0.32,99.68,50,2025-04-07T21:22:55.259052
0.9,0.5,70.0,0.0,0.32,99.68,50,2025-04-07T21:22:55.259053
0.9,0.5,71.0,0.0,0.32,99.68,50,2025-04-07T21:22:55.259054
0.9,0.5,72.0,0.0,0.32,99.68,50,2025-04-07T21:22:55.259055
0.9,0.5,73.0,0.0,0.32,99.68,50,2025-04-07T21:22:55.259056
0.9,0.5,74.0,0.0,0.32,99.68,50,2025-04-07T21:22:55.259057
0.9,0.5,75.0,0.0,0.32,99.68,50,2025-04-07T21:22:55.259058
0.9,0.5,76.0,0.0,0.32,99.68,50,2025-04-07T21:22:55.259059
0.9,0.5,77.0,0.0,0.32,99.68,50,2025-04-07T21:22:55.259060
0.9,0.5,78.0,0.0,0.32,99.68,50,2025-04-07T21:22:55.259062
0.9,0.5,79.0,0.0,0.32,99.68,50,2025-04-07T21:22:55.259063
0.9,0.5,80.0,0.0,0.32,99.68,50,2025-04-07T21:22:55.259068
0.9,0.5,81.0,0.0,0.32,99.68,50,2025-04-07T21:22:55.259070
0.9,0.5,82.0,0.0,0.32,99.68,50,2025-04-07T21:22:55.259071
0.9,0.5,83.0,0.0,0.32,99.68,50,2025-04-07T21:22:55.259072
0.9,0.5,84.0,0.0,0.32,99.68,50,2025-04-07T21:22:55.259073
0.9,0.5,85.0,0.0,0.32,99.68,50,2025-04-07T21:22:55.259075
0.9,0.5,86.0,0.0,0.32,99.68,50,2025-04-07T21:22:55.259076
0.9,0.5,87.0,0.0,0.32,99.68,50,2025-04-07T21:22:55.259077
0.9,0.5,88.0,0.0,0.32,99.68,50,2025-04-07T21:22:55.259078
0.9,0.5,89.0,0.0,0.32,99.68,50,2025-04-07T21:22:55.259079
0.9,0.5,90.0,0.0,0.32,99.68,50,2025-04-07T21:22:55.259080
0.9,0.5,91.0,0.0,0.32,99.68,50,2025-04-07T21:22:55.259081
0.9,0.5,92.0,0.0,0.32,99.68,50,2025-04-07T21:22:55.259082
0.9,0.5,93.0,0.0,0.32,99.68,50,2025-04-07T21:22:55.259084
0.9,0.5,94.0,0.0,0.32,99.68,50,2025-04-07T21:22:55.259085
0.9,0.5,95.0,0.0,0.32,99.68,50,2025-04-07T21:22:55.259086
0.9,0.5,96.0,0.0,0.32,99.68,50,2025-04-07T21:22:55.259087
0.9,0.5,97.0,0.0,0.32,99.68,50,2025-04-07T21:22:55.259088
0.9,0.5,98.0,0.0,0.32,99.68,50,2025-04-07T21:22:55.259089
0.9,0.5,99.0,0.0,0.32,99.68,50,2025-04-07T21:22:55.259090
0.9,0.5,100.0,0.0,0.32,99.68,50,2025-04-07T21:22:55.259091
0.9,0.6,0.0,95.0,5.0,0.0,50,2025-04-07T21:22:55.294868
0.9,0.6,1.0,0.0,55.1,44.9,50,2025-04-07T21:22:55.294874
0.9,0.6,2.0,0.0,30.78,69.22,50,2025-04-07T21:22:55.294875
0.9,0.6,3.0,0.0,17.1,82.9,50,2025-04-07T21:22:55.294876
0.9,0.6,4.0,0.0,9.32,90.68,50,2025-04-07T21:22:55.294877
0.9,0.6,5.0,0.0,4.46,95.54,50,2025-04-07T21:22:55.294879
0.9,0.6,6.0,0.0,1.96,98.04,50,2025-04-07T21:22:55.294880
0.9,0.6,7.0,0.0,0.8,99.2,50,2025-04-07T21:22:55.294881
0.9,0.6,8.0,0.0,0.52,99.48,50,2025-04-07T21:22:55.294882
0.9,0.6,9.0,0.0,0.4,99.6,50,2025-04-07T21:22:55.294883
0.9,0.6,10.0,0.0,0.34,99.66,50,2025-04-07T21:22:55.294884
0.9,0.6,11.0,0.0,0.28,99.72,50,2025-04-07T21:22:55.294885
0.9,0.6,12.0,0.0,0.26,99.74,50,2025-04-07T21:22:55.294886
0.9,0.6,13.0,0.0,0.26,99.74,50,2025-04-07T21:22:55.294887
0.9,0.6,14.0,0.0,0.26,99.74,50,2025-04-07T21:22:55.294888
0.9,0.6,15.0,0.0,0.26,99.74,50,2025-04-07T21:22:55.294889
0.9,0.6,16.0,0.0,0.26,99.74,50,2025-04-07T21:22:55.294890
0.9,0.6,17.0,0.0,0.26,99.74,50,2025-04-07T21:22:55.294891
0.9,0.6,18.0,0.0,0.26,99.74,50,2025-04-07T21:22:55.294892
0.9,0.6,19.0,0.0,0.26,99.74,50,2025-04-07T21:22:55.294893
0.9,0.6,20.0,0.0,0.26,99.74,50,2025-04-07T21:22:55.294894
0.9,0.6,21.0,0.0,0.26,99.74,50,2025-04-07T21:22:55.294895
0.9,0.6,22.0,0.0,0.26,99.74,50,2025-04-07T21:22:55.294896
0.9,0.6,23.0,0.0,0.26,99.74,50,2025-04-07T21:22:55.294897
0.9,0.6,24.0,0.0,0.26,99.74,50,2025-04-07T21:22:55.294898
0.9,0.6,25.0,0.0,0.26,99.74,50,2025-04-07T21:22:55.294899
0.9,0.6,26.0,0.0,0.26,99.74,50,2025-04-07T21:22:55.294900
0.9,0.6,27.0,0.0,0.26,99.74,50,2025-04-07T21:22:55.294901
0.9,0.6,28.0,0.0,0.26,99.74,50,2025-04-07T21:22:55.294902
0.9,0.6,29.0,0.0,0.26,99.74,50,2025-04-07T21:22:55.294903
0.9,0.6,30.0,0.0,0.26,99.74,50,2025-04-07T21:22:55.294904
0.9,0.6,31.0,0.0,0.26,99.74,50,2025-04-07T21:22:55.294905
0.9,0.6,32.0,0.0,0.26,99.74,50,2025-04-07T21:22:55.294906
0.9,0.6,33.0,0.0,0.26,99.74,50,2025-04-07T21:22:55.294907
0.9,0.6,34.0,0.0,0.26,99.74,50,2025-04-07T21:22:55.294908
0.9,0.6,35.0,0.0,0.26,99.74,50,2025-04-07T21:22:55.294909
0.9,0.6,36.0,0.0,0.26,99.74,50,2025-04-07T21:22:55.294910
0.9,0.6,37.0,0.0,0.26,99.74,50,2025-04-07T21:22:55.294911
0.9,0.6,38.0,0.0,0.26,99.74,50,2025-04-07T21:22:55.294912
0.9,0.6,39.0,0.0,0.26,99.74,50,2025-04-07T21:22:55.294913
0.9,0.6,40.0,0.0,0.26,99.74,50,2025-04-07T21:22:55.294914
0.9,0.6,41.0,0.0,0.26,99.74,50,2025-04-07T21:22:55.294915
0.9,0.6,42.0,0.0,0.26,99.74,50,2025-04-07T21:22:55.294916
0.9,0.6,43.0,0.0,0.26,99.74,50,2025-04-07T21:22:55.294917
0.9,0.6,44.0,0.0,0.26,99.74,50,2025-04-07T21:22:55.294918
0.9,0.6,45.0,0.0,0.26,99.74,50,2025-04-07T21:22:55.294919
0.9,0.6,46.0,0.0,0.26,99.74,50,2025-04-07T21:22:55.294920
0.9,0.6,47.0,0.0,0.26,99.74,50,2025-04-07T21:22:55.294921
0.9,0.6,48.0,0.0,0.26,99.74,50,2025-04-07T21:22:55.294922
0.9,0.6,49.0,0.0,0.26,99.74,50,2025-04-07T21:22:55.294923
0.9,0.6,50.0,0.0,0.26,99.74,50,2025-04-07T21:22:55.294924
0.9,0.6,51.0,0.0,0.26,99.74,50,2025-04-07T21:22:55.294925
0.9,0.6,52.0,0.0,0.26,99.74,50,2025-04-07T21:22:55.294926
0.9,0.6,53.0,0.0,0.26,99.74,50,2025-04-07T21:22:55.294927
0.9,0.6,54.0,0.0,0.26,99.74,50,2025-04-07T21:22:55.294928
0.9,0.6,55.0,0.0,0.26,99.74,50,2025-04-07T21:22:55.294929
0.9,0.6,56.0,0.0,0.26,99.74,50,2025-04-07T21:22:55.294930
0.9,0.6,57.0,0.0,0.26,99.74,50,2025-04-07T21:22:55.294931
0.9,0.6,58.0,0.0,0.26,99.74,50,2025-04-07T21:22:55.294932
0.9,0.6,59.0,0.0,0.26,99.74,50,2025-04-07T21:22:55.294933
0.9,0.6,60.0,0.0,0.26,99.74,50,2025-04-07T21:22:55.294934
0.9,0.6,61.0,0.0,0.26,99.74,50,2025-04-07T21:22:55.294935
0.9,0.6,62.0,0.0,0.26,99.74,50,2025-04-07T21:22:55.294936
0.9,0.6,63.0,0.0,0.26,99.74,50,2025-04-07T21:22:55.294937
0.9,0.6,64.0,0.0,0.26,99.74,50,2025-04-07T21:22:55.294938
0.9,0.6,65.0,0.0,0.26,99.74,50,2025-04-07T21:22:55.294939
0.9,0.6,66.0,0.0,0.26,99.74,50,2025-04-07T21:22:55.294940
0.9,0.6,67.0,0.0,0.26,99.74,50,2025-04-07T21:22:55.294941
0.9,0.6,68.0,0.0,0.26,99.74,50,2025-04-07T21:22:55.294942
0.9,0.6,69.0,0.0,0.26,99.74,50,2025-04-07T21:22:55.294943
0.9,0.6,70.0,0.0,0.26,99.74,50,2025-04-07T21:22:55.294944
0.9,0.6,71.0,0.0,0.26,99.74,50,2025-04-07T21:22:55.294945
0.9,0.6,72.0,0.0,0.26,99.74,50,2025-04-07T21:22:55.294946
0.9,0.6,73.0,0.0,0.26,99.74,50,2025-04-07T21:22:55.294947
0.9,0.6,74.0,0.0,0.26,99.74,50,2025-04-07T21:22:55.294948
0.9,0.6,75.0,0.0,0.26,99.74,50,2025-04-07T21:22:55.294949
0.9,0.6,76.0,0.0,0.26,99.74,50,2025-04-07T21:22:55.294950
0.9,0.6,77.0,0.0,0.26,99.74,50,2025-04-07T21:22:55.294951
0.9,0.6,78.0,0.0,0.26,99.74,50,2025-04-07T21:22:55.294952
0.9,0.6,79.0,0.0,0.26,99.74,50,2025-04-07T21:22:55.294953
0.9,0.6,80.0,0.0,0.26,99.74,50,2025-04-07T21:22:55.294954
0.9,0.6,81.0,0.0,0.26,99.74,50,2025-04-07T21:22:55.294955
0.9,0.6,82.0,0.0,0.26,99.74,50,2025-04-07T21:22:55.294956
0.9,0.6,83.0,0.0,0.26,99.74,50,2025-04-07T21:22:55.294957
0.9,0.6,84.0,0.0,0.26,99.74,50,2025-04-07T21:22:55.294958
0.9,0.6,85.0,0.0,0.26,99.74,50,2025-04-07T21:22:55.294959
0.9,0.6,86.0,0.0,0.26,99.74,50,2025-04-07T21:22:55.294960
0.9,0.6,87.0,0.0,0.26,99.74,50,2025-04-07T21:22:55.294961
0.9,0.6,88.0,0.0,0.26,99.74,50,2025-04-07T21:22:55.294962
0.9,0.6,89.0,0.0,0.26,99.74,50,2025-04-07T21:22:55.294963
0.9,0.6,90.0,0.0,0.26,99.74,50,2025-04-07T21:22:55.294964
0.9,0.6,91.0,0.0,0.26,99.74,50,2025-04-07T21:22:55.294965
0.9,0.6,92.0,0.0,0.26,99.74,50,2025-04-07T21:22:55.294966
0.9,0.6,93.0,0.0,0.26,99.74,50,2025-04-07T21:22:55.294967
0.9,0.6,94.0,0.0,0.26,99.74,50,2025-04-07T21:22:55.294968
0.9,0.6,95.0,0.0,0.26,99.74,50,2025-04-07T21:22:55.294969
0.9,0.6,96.0,0.0,0.26,99.74,50,2025-04-07T21:22:55.294970
0.9,0.6,97.0,0.0,0.26,99.74,50,2025-04-07T21:22:55.294971
0.9,0.6,98.0,0.0,0.26,99.74,50,2025-04-07T21:22:55.294972
0.9,0.6,99.0,0.0,0.26,99.74,50,2025-04-07T21:22:55.294973
0.9,0.6,100.0,0.0,0.26,99.74,50,2025-04-07T21:22:55.294974
0.9,0.7000000000000001,0.0,95.0,5.0,0.0,50,2025-04-07T21:22:55.329606
0.9,0.7000000000000001,1.0,0.0,50.7,49.3,50,2025-04-07T21:22:55.329612
0.9,0.7000000000000001,2.0,0.0,25.42,74.58,50,2025-04-07T21:22:55.329613
0.9,0.7000000000000001,3.0,0.0,11.76,88.24,50,2025-04-07T21:22:55.329615
0.9,0.7000000000000001,4.0,0.0,5.46,94.54,50,2025-04-07T21:22:55.329616
0.9,0.7000000000000001,5.0,0.0,2.4,97.6,50,2025-04-07T21:22:55.329617
0.9,0.7000000000000001,6.0,0.0,0.92,99.08,50,2025-04-07T21:22:55.329618
0.9,0.7000000000000001,7.0,0.0,0.54,99.46,50,2025-04-07T21:22:55.329619
0.9,0.7000000000000001,8.0,0.0,0.5,99.5,50,2025-04-07T21:22:55.329620
0.9,0.7000000000000001,9.0,0.0,0.48,99.52,50,2025-04-07T21:22:55.329621
0.9,0.7000000000000001,10.0,0.0,0.48,99.52,50,2025-04-07T21:22:55.329622
0.9,0.7000000000000001,11.0,0.0,0.48,99.52,50,2025-04-07T21:22:55.329623
0.9,0.7000000000000001,12.0,0.0,0.48,99.52,50,2025-04-07T21:22:55.329624
0.9,0.7000000000000001,13.0,0.0,0.48,99.52,50,2025-04-07T21:22:55.329625
0.9,0.7000000000000001,14.0,0.0,0.48,99.52,50,2025-04-07T21:22:55.329626
0.9,0.7000000000000001,15.0,0.0,0.48,99.52,50,2025-04-07T21:22:55.329627
0.9,0.7000000000000001,16.0,0.0,0.48,99.52,50,2025-04-07T21:22:55.329628
0.9,0.7000000000000001,17.0,0.0,0.48,99.52,50,2025-04-07T21:22:55.329629
0.9,0.7000000000000001,18.0,0.0,0.48,99.52,50,2025-04-07T21:22:55.329630
0.9,0.7000000000000001,19.0,0.0,0.48,99.52,50,2025-04-07T21:22:55.329631
0.9,0.7000000000000001,20.0,0.0,0.48,99.52,50,2025-04-07T21:22:55.329632
0.9,0.7000000000000001,21.0,0.0,0.48,99.52,50,2025-04-07T21:22:55.329634
0.9,0.7000000000000001,22.0,0.0,0.48,99.52,50,2025-04-07T21:22:55.329635
0.9,0.7000000000000001,23.0,0.0,0.48,99.52,50,2025-04-07T21:22:55.329636
0.9,0.7000000000000001,24.0,0.0,0.48,99.52,50,2025-04-07T21:22:55.329637
0.9,0.7000000000000001,25.0,0.0,0.48,99.52,50,2025-04-07T21:22:55.329638
0.9,0.7000000000000001,26.0,0.0,0.48,99.52,50,2025-04-07T21:22:55.329639
0.9,0.7000000000000001,27.0,0.0,0.48,99.52,50,2025-04-07T21:22:55.329640
0.9,0.7000000000000001,28.0,0.0,0.48,99.52,50,2025-04-07T21:22:55.329641
0.9,0.7000000000000001,29.0,0.0,0.48,99.52,50,2025-04-07T21:22:55.329642
0.9,0.7000000000000001,30.0,0.0,0.48,99.52,50,2025-04-07T21:22:55.329643
0.9,0.7000000000000001,31.0,0.0,0.48,99.52,50,2025-04-07T21:22:55.329644
0.9,0.7000000000000001,32.0,0.0,0.48,99.52,50,2025-04-07T21:22:55.329645
0.9,0.7000000000000001,33.0,0.0,0.48,99.52,50,2025-04-07T21:22:55.329646
0.9,0.7000000000000001,34.0,0.0,0.48,99.52,50,2025-04-07T21:22:55.329647
0.9,0.7000000000000001,35.0,0.0,0.48,99.52,50,2025-04-07T21:22:55.329648
0.9,0.7000000000000001,36.0,0.0,0.48,99.52,50,2025-04-07T21:22:55.329649
0.9,0.7000000000000001,37.0,0.0,0.48,99.52,50,2025-04-07T21:22:55.329650
0.9,0.7000000000000001,38.0,0.0,0.48,99.52,50,2025-04-07T21:22:55.329651
0.9,0.7000000000000001,39.0,0.0,0.48,99.52,50,2025-04-07T21:22:55.329652
0.9,0.7000000000000001,40.0,0.0,0.48,99.52,50,2025-04-07T21:22:55.329653
0.9,0.7000000000000001,41.0,0.0,0.48,99.52,50,2025-04-07T21:22:55.329654
0.9,0.7000000000000001,42.0,0.0,0.48,99.52,50,2025-04-07T21:22:55.329655
0.9,0.7000000000000001,43.0,0.0,0.48,99.52,50,2025-04-07T21:22:55.329656
0.9,0.7000000000000001,44.0,0.0,0.48,99.52,50,2025-04-07T21:22:55.329657
0.9,0.7000000000000001,45.0,0.0,0.48,99.52,50,2025-04-07T21:22:55.329658
0.9,0.7000000000000001,46.0,0.0,0.48,99.52,50,2025-04-07T21:22:55.329659
0.9,0.7000000000000001,47.0,0.0,0.48,99.52,50,2025-04-07T21:22:55.329660
0.9,0.7000000000000001,48.0,0.0,0.48,99.52,50,2025-04-07T21:22:55.329661
0.9,0.7000000000000001,49.0,0.0,0.48,99.52,50,2025-04-07T21:22:55.329662
0.9,0.7000000000000001,50.0,0.0,0.48,99.52,50,2025-04-07T21:22:55.329663
0.9,0.7000000000000001,51.0,0.0,0.48,99.52,50,2025-04-07T21:22:55.329664
0.9,0.7000000000000001,52.0,0.0,0.48,99.52,50,2025-04-07T21:22:55.329671
0.9,0.7000000000000001,53.0,0.0,0.48,99.52,50,2025-04-07T21:22:55.329672
0.9,0.7000000000000001,54.0,0.0,0.48,99.52,50,2025-04-07T21:22:55.329673
0.9,0.7000000000000001,55.0,0.0,0.48,99.52,50,2025-04-07T21:22:55.329674
0.9,0.7000000000000001,56.0,0.0,0.48,99.52,50,2025-04-07T21:22:55.329675
0.9,0.7000000000000001,57.0,0.0,0.48,99.52,50,2025-04-07T21:22:55.329676
0.9,0.7000000000000001,58.0,0.0,0.48,99.52,50,2025-04-07T21:22:55.329677
0.9,0.7000000000000001,59.0,0.0,0.48,99.52,50,2025-04-07T21:22:55.329678
0.9,0.7000000000000001,60.0,0.0,0.48,99.52,50,2025-04-07T21:22:55.329679
0.9,0.7000000000000001,61.0,0.0,0.48,99.52,50,2025-04-07T21:22:55.329680
0.9,0.7000000000000001,62.0,0.0,0.48,99.52,50,2025-04-07T21:22:55.329681
0.9,0.7000000000000001,63.0,0.0,0.48,99.52,50,2025-04-07T21:22:55.329682
0.9,0.7000000000000001,64.0,0.0,0.48,99.52,50,2025-04-07T21:22:55.329683
0.9,0.7000000000000001,65.0,0.0,0.48,99.52,50,2025-04-07T21:22:55.329684
0.9,0.7000000000000001,66.0,0.0,0.48,99.52,50,2025-04-07T21:22:55.329685
0.9,0.7000000000000001,67.0,0.0,0.48,99.52,50,2025-04-07T21:22:55.329686
0.9,0.7000000000000001,68.0,0.0,0.48,99.52,50,2025-04-07T21:22:55.329687
0.9,0.7000000000000001,69.0,0.0,0.48,99.52,50,2025-04-07T21:22:55.329690
0.9,0.7000000000000001,70.0,0.0,0.48,99.52,50,2025-04-07T21:22:55.329691
0.9,0.7000000000000001,71.0,0.0,0.48,99.52,50,2025-04-07T21:22:55.329692
0.9,0.7000000000000001,72.0,0.0,0.48,99.52,50,2025-04-07T21:22:55.329693
0.9,0.7000000000000001,73.0,0.0,0.48,99.52,50,2025-04-07T21:22:55.329694
0.9,0.7000000000000001,74.0,0.0,0.48,99.52,50,2025-04-07T21:22:55.329695
0.9,0.7000000000000001,75.0,0.0,0.48,99.52,50,2025-04-07T21:22:55.329696
0.9,0.7000000000000001,76.0,0.0,0.48,99.52,50,2025-04-07T21:22:55.329697
0.9,0.7000000000000001,77.0,0.0,0.48,99.52,50,2025-04-07T21:22:55.329698
0.9,0.7000000000000001,78.0,0.0,0.48,99.52,50,2025-04-07T21:22:55.329699
0.9,0.7000000000000001,79.0,0.0,0.48,99.52,50,2025-04-07T21:22:55.329700
0.9,0.7000000000000001,80.0,0.0,0.48,99.52,50,2025-04-07T21:22:55.329701
0.9,0.7000000000000001,81.0,0.0,0.48,99.52,50,2025-04-07T21:22:55.329702
0.9,0.7000000000000001,82.0,0.0,0.48,99.52,50,2025-04-07T21:22:55.329703
0.9,0.7000000000000001,83.0,0.0,0.48,99.52,50,2025-04-07T21:22:55.329704
0.9,0.7000000000000001,84.0,0.0,0.48,99.52,50,2025-04-07T21:22:55.329705
0.9,0.7000000000000001,85.0,0.0,0.48,99.52,50,2025-04-07T21:22:55.329706
0.9,0.7000000000000001,86.0,0.0,0.48,99.52,50,2025-04-07T21:22:55.329707
0.9,0.7000000000000001,87.0,0.0,0.48,99.52,50,2025-04-07T21:22:55.329708
0.9,0.7000000000000001,88.0,0.0,0.48,99.52,50,2025-04-07T21:22:55.329709
0.9,0.7000000000000001,89.0,0.0,0.48,99.52,50,2025-04-07T21:22:55.329710
0.9,0.7000000000000001,90.0,0.0,0.48,99.52,50,2025-04-07T21:22:55.329711
0.9,0.7000000000000001,91.0,0.0,0.48,99.52,50,2025-04-07T21:22:55.329714
0.9,0.7000000000000001,92.0,0.0,0.48,99.52,50,2025-04-07T21:22:55.329715
0.9,0.7000000000000001,93.0,0.0,0.48,99.52,50,2025-04-07T21:22:55.329716
0.9,0.7000000000000001,94.0,0.0,0.48,99.52,50,2025-04-07T21:22:55.329717
0.9,0.7000000000000001,95.0,0.0,0.48,99.52,50,2025-04-07T21:22:55.329718
0.9,0.7000000000000001,96.0,0.0,0.48,99.52,50,2025-04-07T21:22:55.329719
0.9,0.7000000000000001,97.0,0.0,0.48,99.52,50,2025-04-07T21:22:55.329720
0.9,0.7000000000000001,98.0,0.0,0.48,99.52,50,2025-04-07T21:22:55.329721
0.9,0.7000000000000001,99.0,0.0,0.48,99.52,50,2025-04-07T21:22:55.329722
0.9,0.7000000000000001,100.0,0.0,0.48,99.52,50,2025-04-07T21:22:55.329723
0.9,0.8,0.0,95.0,5.0,0.0,50,2025-04-07T21:22:55.366316
0.9,0.8,1.0,0.0,45.08,54.92,50,2025-04-07T21:22:55.366323
0.9,0.8,2.0,0.0,19.48,80.52,50,2025-04-07T21:22:55.366324
0.9,0.8,3.0,0.0,7.82,92.18,50,2025-04-07T21:22:55.366325
0.9,0.8,4.0,0.0,2.74,97.26,50,2025-04-07T21:22:55.366326
0.9,0.8,5.0,0.0,1.1,98.9,50,2025-04-07T21:22:55.366327
0.9,0.8,6.0,0.0,0.48,99.52,50,2025-04-07T21:22:55.366328
0.9,0.8,7.0,0.0,0.36,99.64,50,2025-04-07T21:22:55.366329
0.9,0.8,8.0,0.0,0.34,99.66,50,2025-04-07T21:22:55.366330
0.9,0.8,9.0,0.0,0.34,99.66,50,2025-04-07T21:22:55.366331
0.9,0.8,10.0,0.0,0.34,99.66,50,2025-04-07T21:22:55.366332
0.9,0.8,11.0,0.0,0.34,99.66,50,2025-04-07T21:22:55.366333
0.9,0.8,12.0,0.0,0.34,99.66,50,2025-04-07T21:22:55.366334
0.9,0.8,13.0,0.0,0.34,99.66,50,2025-04-07T21:22:55.366335
0.9,0.8,14.0,0.0,0.34,99.66,50,2025-04-07T21:22:55.366336
0.9,0.8,15.0,0.0,0.34,99.66,50,2025-04-07T21:22:55.366338
0.9,0.8,16.0,0.0,0.34,99.66,50,2025-04-07T21:22:55.366339
0.9,0.8,17.0,0.0,0.34,99.66,50,2025-04-07T21:22:55.366340
0.9,0.8,18.0,0.0,0.34,99.66,50,2025-04-07T21:22:55.366341
0.9,0.8,19.0,0.0,0.34,99.66,50,2025-04-07T21:22:55.366342
0.9,0.8,20.0,0.0,0.34,99.66,50,2025-04-07T21:22:55.366343
0.9,0.8,21.0,0.0,0.34,99.66,50,2025-04-07T21:22:55.366343
0.9,0.8,22.0,0.0,0.34,99.66,50,2025-04-07T21:22:55.366344
0.9,0.8,23.0,0.0,0.34,99.66,50,2025-04-07T21:22:55.366345
0.9,0.8,24.0,0.0,0.34,99.66,50,2025-04-07T21:22:55.366346
0.9,0.8,25.0,0.0,0.34,99.66,50,2025-04-07T21:22:55.366347
0.9,0.8,26.0,0.0,0.34,99.66,50,2025-04-07T21:22:55.366348
0.9,0.8,27.0,0.0,0.34,99.66,50,2025-04-07T21:22:55.366349
0.9,0.8,28.0,0.0,0.34,99.66,50,2025-04-07T21:22:55.366350
0.9,0.8,29.0,0.0,0.34,99.66,50,2025-04-07T21:22:55.366351
0.9,0.8,30.0,0.0,0.34,99.66,50,2025-04-07T21:22:55.366353
0.9,0.8,31.0,0.0,0.34,99.66,50,2025-04-07T21:22:55.366354
0.9,0.8,32.0,0.0,0.34,99.66,50,2025-04-07T21:22:55.366355
0.9,0.8,33.0,0.0,0.34,99.66,50,2025-04-07T21:22:55.366356
0.9,0.8,34.0,0.0,0.34,99.66,50,2025-04-07T21:22:55.366357
0.9,0.8,35.0,0.0,0.34,99.66,50,2025-04-07T21:22:55.366358
0.9,0.8,36.0,0.0,0.34,99.66,50,2025-04-07T21:22:55.366359
0.9,0.8,37.0,0.0,0.34,99.66,50,2025-04-07T21:22:55.366360
0.9,0.8,38.0,0.0,0.34,99.66,50,2025-04-07T21:22:55.366361
0.9,0.8,39.0,0.0,0.34,99.66,50,2025-04-07T21:22:55.366362
0.9,0.8,40.0,0.0,0.34,99.66,50,2025-04-07T21:22:55.366363
0.9,0.8,41.0,0.0,0.34,99.66,50,2025-04-07T21:22:55.366364
0.9,0.8,42.0,0.0,0.34,99.66,50,2025-04-07T21:22:55.366365
0.9,0.8,43.0,0.0,0.34,99.66,50,2025-04-07T21:22:55.366366
0.9,0.8,44.0,0.0,0.34,99.66,50,2025-04-07T21:22:55.366366
0.9,0.8,45.0,0.0,0.34,99.66,50,2025-04-07T21:22:55.366367
0.9,0.8,46.0,0.0,0.34,99.66,50,2025-04-07T21:22:55.366368
0.9,0.8,47.0,0.0,0.34,99.66,50,2025-04-07T21:22:55.366369
0.9,0.8,48.0,0.0,0.34,99.66,50,2025-04-07T21:22:55.366371
0.9,0.8,49.0,0.0,0.34,99.66,50,2025-04-07T21:22:55.366372
0.9,0.8,50.0,0.0,0.34,99.66,50,2025-04-07T21:22:55.366372
0.9,0.8,51.0,0.0,0.34,99.66,50,2025-04-07T21:22:55.366373
0.9,0.8,52.0,0.0,0.34,99.66,50,2025-04-07T21:22:55.366374
0.9,0.8,53.0,0.0,0.34,99.66,50,2025-04-07T21:22:55.366375
0.9,0.8,54.0,0.0,0.34,99.66,50,2025-04-07T21:22:55.366376
0.9,0.8,55.0,0.0,0.34,99.66,50,2025-04-07T21:22:55.366377
0.9,0.8,56.0,0.0,0.34,99.66,50,2025-04-07T21:22:55.366378
0.9,0.8,57.0,0.0,0.34,99.66,50,2025-04-07T21:22:55.366379
0.9,0.8,58.0,0.0,0.34,99.66,50,2025-04-07T21:22:55.366380
0.9,0.8,59.0,0.0,0.34,99.66,50,2025-04-07T21:22:55.366381
0.9,0.8,60.0,0.0,0.34,99.66,50,2025-04-07T21:22:55.366383
0.9,0.8,61.0,0.0,0.34,99.66,50,2025-04-07T21:22:55.366383
0.9,0.8,62.0,0.0,0.34,99.66,50,2025-04-07T21:22:55.366384
0.9,0.8,63.0,0.0,0.34,99.66,50,2025-04-07T21:22:55.366385
0.9,0.8,64.0,0.0,0.34,99.66,50,2025-04-07T21:22:55.366386
0.9,0.8,65.0,0.0,0.34,99.66,50,2025-04-07T21:22:55.366387
0.9,0.8,66.0,0.0,0.34,99.66,50,2025-04-07T21:22:55.366388
0.9,0.8,67.0,0.0,0.34,99.66,50,2025-04-07T21:22:55.366389
0.9,0.8,68.0,0.0,0.34,99.66,50,2025-04-07T21:22:55.366391
0.9,0.8,69.0,0.0,0.34,99.66,50,2025-04-07T21:22:55.366392
0.9,0.8,70.0,0.0,0.34,99.66,50,2025-04-07T21:22:55.366393
0.9,0.8,71.0,0.0,0.34,99.66,50,2025-04-07T21:22:55.366394
0.9,0.8,72.0,0.0,0.34,99.66,50,2025-04-07T21:22:55.366395
0.9,0.8,73.0,0.0,0.34,99.66,50,2025-04-07T21:22:55.366396
0.9,0.8,74.0,0.0,0.34,99.66,50,2025-04-07T21:22:55.366397
0.9,0.8,75.0,0.0,0.34,99.66,50,2025-04-07T21:22:55.366398
0.9,0.8,76.0,0.0,0.34,99.66,50,2025-04-07T21:22:55.366399
0.9,0.8,77.0,0.0,0.34,99.66,50,2025-04-07T21:22:55.366400
0.9,0.8,78.0,0.0,0.34,99.66,50,2025-04-07T21:22:55.366422
0.9,0.8,79.0,0.0,0.34,99.66,50,2025-04-07T21:22:55.366423
0.9,0.8,80.0,0.0,0.34,99.66,50,2025-04-07T21:22:55.366424
0.9,0.8,81.0,0.0,0.34,99.66,50,2025-04-07T21:22:55.366425
0.9,0.8,82.0,0.0,0.34,99.66,50,2025-04-07T21:22:55.366426
0.9,0.8,83.0,0.0,0.34,99.66,50,2025-04-07T21:22:55.366427
0.9,0.8,84.0,0.0,0.34,99.66,50,2025-04-07T21:22:55.366428
0.9,0.8,85.0,0.0,0.34,99.66,50,2025-04-07T21:22:55.366429
0.9,0.8,86.0,0.0,0.34,99.66,50,2025-04-07T21:22:55.366430
0.9,0.8,87.0,0.0,0.34,99.66,50,2025-04-07T21:22:55.366431
0.9,0.8,88.0,0.0,0.34,99.66,50,2025-04-07T21:22:55.366432
0.9,0.8,89.0,0.0,0.34,99.66,50,2025-04-07T21:22:55.366433
0.9,0.8,90.0,0.0,0.34,99.66,50,2025-04-07T21:22:55.366434
0.9,0.8,91.0,0.0,0.34,99.66,50,2025-04-07T21:22:55.366435
0.9,0.8,92.0,0.0,0.34,99.66,50,2025-04-07T21:22:55.366436
0.9,0.8,93.0,0.0,0.34,99.66,50,2025-04-07T21:22:55.366437
0.9,0.8,94.0,0.0,0.34,99.66,50,2025-04-07T21:22:55.366437
0.9,0.8,95.0,0.0,0.34,99.66,50,2025-04-07T21:22:55.366438
0.9,0.8,96.0,0.0,0.34,99.66,50,2025-04-07T21:22:55.366439
0.9,0.8,97.0,0.0,0.34,99.66,50,2025-04-07T21:22:55.366440
0.9,0.8,98.0,0.0,0.34,99.66,50,2025-04-07T21:22:55.366441
0.9,0.8,99.0,0.0,0.34,99.66,50,2025-04-07T21:22:55.366442
0.9,0.8,100.0,0.0,0.34,99.66,50,2025-04-07T21:22:55.366443
0.9,0.9,0.0,95.0,5.0,0.0,50,2025-04-07T21:22:55.403961
0.9,0.9,1.0,0.0,41.24,58.76,50,2025-04-07T21:22:55.404017
0.9,0.9,2.0,0.0,15.84,84.16,50,2025-04-07T21:22:55.404026
0.9,0.9,3.0,0.0,5.7,94.3,50,2025-04-07T21:22:55.404028
0.9,0.9,4.0,0.0,2.16,97.84,50,2025-04-07T21:22:55.404029
0.9,0.9,5.0,0.0,1.26,98.74,50,2025-04-07T21:22:55.404030
0.9,0.9,6.0,0.0,1.02,98.98,50,2025-04-07T21:22:55.404031
0.9,0.9,7.0,0.0,0.98,99.02,50,2025-04-07T21:22:55.404032
0.9,0.9,8.0,0.0,0.98,99.02,50,2025-04-07T21:22:55.404033
0.9,0.9,9.0,0.0,0.98,99.02,50,2025-04-07T21:22:55.404034
0.9,0.9,10.0,0.0,0.98,99.02,50,2025-04-07T21:22:55.404036
0.9,0.9,11.0,0.0,0.98,99.02,50,2025-04-07T21:22:55.404037
0.9,0.9,12.0,0.0,0.98,99.02,50,2025-04-07T21:22:55.404038
0.9,0.9,13.0,0.0,0.98,99.02,50,2025-04-07T21:22:55.404039
0.9,0.9,14.0,0.0,0.98,99.02,50,2025-04-07T21:22:55.404040
0.9,0.9,15.0,0.0,0.98,99.02,50,2025-04-07T21:22:55.404041
0.9,0.9,16.0,0.0,0.98,99.02,50,2025-04-07T21:22:55.404045
0.9,0.9,17.0,0.0,0.98,99.02,50,2025-04-07T21:22:55.404046
0.9,0.9,18.0,0.0,0.98,99.02,50,2025-04-07T21:22:55.404047
0.9,0.9,19.0,0.0,0.98,99.02,50,2025-04-07T21:22:55.404048
0.9,0.9,20.0,0.0,0.98,99.02,50,2025-04-07T21:22:55.404053
0.9,0.9,21.0,0.0,0.98,99.02,50,2025-04-07T21:22:55.404054
0.9,0.9,22.0,0.0,0.98,99.02,50,2025-04-07T21:22:55.404055
0.9,0.9,23.0,0.0,0.98,99.02,50,2025-04-07T21:22:55.404056
0.9,0.9,24.0,0.0,0.98,99.02,50,2025-04-07T21:22:55.404057
0.9,0.9,25.0,0.0,0.98,99.02,50,2025-04-07T21:22:55.404058
0.9,0.9,26.0,0.0,0.98,99.02,50,2025-04-07T21:22:55.404059
0.9,0.9,27.0,0.0,0.98,99.02,50,2025-04-07T21:22:55.404060
0.9,0.9,28.0,0.0,0.98,99.02,50,2025-04-07T21:22:55.404061
0.9,0.9,29.0,0.0,0.98,99.02,50,2025-04-07T21:22:55.404062
0.9,0.9,30.0,0.0,0.98,99.02,50,2025-04-07T21:22:55.404063
0.9,0.9,31.0,0.0,0.98,99.02,50,2025-04-07T21:22:55.404064
0.9,0.9,32.0,0.0,0.98,99.02,50,2025-04-07T21:22:55.404065
0.9,0.9,33.0,0.0,0.98,99.02,50,2025-04-07T21:22:55.404066
0.9,0.9,34.0,0.0,0.98,99.02,50,2025-04-07T21:22:55.404067
0.9,0.9,35.0,0.0,0.98,99.02,50,2025-04-07T21:22:55.404069
0.9,0.9,36.0,0.0,0.98,99.02,50,2025-04-07T21:22:55.404070
0.9,0.9,37.0,0.0,0.98,99.02,50,2025-04-07T21:22:55.404071
0.9,0.9,38.0,0.0,0.98,99.02,50,2025-04-07T21:22:55.404072
0.9,0.9,39.0,0.0,0.98,99.02,50,2025-04-07T21:22:55.404073
0.9,0.9,40.0,0.0,0.98,99.02,50,2025-04-07T21:22:55.404074
0.9,0.9,41.0,0.0,0.98,99.02,50,2025-04-07T21:22:55.404075
0.9,0.9,42.0,0.0,0.98,99.02,50,2025-04-07T21:22:55.404076
0.9,0.9,43.0,0.0,0.98,99.02,50,2025-04-07T21:22:55.404077
0.9,0.9,44.0,0.0,0.98,99.02,50,2025-04-07T21:22:55.404078
0.9,0.9,45.0,0.0,0.98,99.02,50,2025-04-07T21:22:55.404083
0.9,0.9,46.0,0.0,0.98,99.02,50,2025-04-07T21:22:55.404084
0.9,0.9,47.0,0.0,0.98,99.02,50,2025-04-07T21:22:55.404086
0.9,0.9,48.0,0.0,0.98,99.02,50,2025-04-07T21:22:55.404087
0.9,0.9,49.0,0.0,0.98,99.02,50,2025-04-07T21:22:55.404088
0.9,0.9,50.0,0.0,0.98,99.02,50,2025-04-07T21:22:55.404089
0.9,0.9,51.0,0.0,0.98,99.02,50,2025-04-07T21:22:55.404090
0.9,0.9,52.0,0.0,0.98,99.02,50,2025-04-07T21:22:55.404091
0.9,0.9,53.0,0.0,0.98,99.02,50,2025-04-07T21:22:55.404092
0.9,0.9,54.0,0.0,0.98,99.02,50,2025-04-07T21:22:55.404093
0.9,0.9,55.0,0.0,0.98,99.02,50,2025-04-07T21:22:55.404094
0.9,0.9,56.0,0.0,0.98,99.02,50,2025-04-07T21:22:55.404095
0.9,0.9,57.0,0.0,0.98,99.02,50,2025-04-07T21:22:55.404096
0.9,0.9,58.0,0.0,0.98,99.02,50,2025-04-07T21:22:55.404097
0.9,0.9,59.0,0.0,0.98,99.02,50,2025-04-07T21:22:55.404113
0.9,0.9,60.0,0.0,0.98,99.02,50,2025-04-07T21:22:55.404114
0.9,0.9,61.0,0.0,0.98,99.02,50,2025-04-07T21:22:55.404115
0.9,0.9,62.0,0.0,0.98,99.02,50,2025-04-07T21:22:55.404116
0.9,0.9,63.0,0.0,0.98,99.02,50,2025-04-07T21:22:55.404117
0.9,0.9,64.0,0.0,0.98,99.02,50,2025-04-07T21:22:55.404118
0.9,0.9,65.0,0.0,0.98,99.02,50,2025-04-07T21:22:55.404119
0.9,0.9,66.0,0.0,0.98,99.02,50,2025-04-07T21:22:55.404120
0.9,0.9,67.0,0.0,0.98,99.02,50,2025-04-07T21:22:55.404122
0.9,0.9,68.0,0.0,0.98,99.02,50,2025-04-07T21:22:55.404123
0.9,0.9,69.0,0.0,0.98,99.02,50,2025-04-07T21:22:55.404124
0.9,0.9,70.0,0.0,0.98,99.02,50,2025-04-07T21:22:55.404125
0.9,0.9,71.0,0.0,0.98,99.02,50,2025-04-07T21:22:55.404126
0.9,0.9,72.0,0.0,0.98,99.02,50,2025-04-07T21:22:55.404127
0.9,0.9,73.0,0.0,0.98,99.02,50,2025-04-07T21:22:55.404128
0.9,0.9,74.0,0.0,0.98,99.02,50,2025-04-07T21:22:55.404129
0.9,0.9,75.0,0.0,0.98,99.02,50,2025-04-07T21:22:55.404130
0.9,0.9,76.0,0.0,0.98,99.02,50,2025-04-07T21:22:55.404131
0.9,0.9,77.0,0.0,0.98,99.02,50,2025-04-07T21:22:55.404132
0.9,0.9,78.0,0.0,0.98,99.02,50,2025-04-07T21:22:55.404133
0.9,0.9,79.0,0.0,0.98,99.02,50,2025-04-07T21:22:55.404134
0.9,0.9,80.0,0.0,0.98,99.02,50,2025-04-07T21:22:55.404135
0.9,0.9,81.0,0.0,0.98,99.02,50,2025-04-07T21:22:55.404136
0.9,0.9,82.0,0.0,0.98,99.02,50,2025-04-07T21:22:55.404137
0.9,0.9,83.0,0.0,0.98,99.02,50,2025-04-07T21:22:55.404138
0.9,0.9,84.0,0.0,0.98,99.02,50,2025-04-07T21:22:55.404139
0.9,0.9,85.0,0.0,0.98,99.02,50,2025-04-07T21:22:55.404140
0.9,0.9,86.0,0.0,0.98,99.02,50,2025-04-07T21:22:55.404141
0.9,0.9,87.0,0.0,0.98,99.02,50,2025-04-07T21:22:55.404142
0.9,0.9,88.0,0.0,0.98,99.02,50,2025-04-07T21:22:55.404143
0.9,0.9,89.0,0.0,0.98,99.02,50,2025-04-07T21:22:55.404144
0.9,0.9,90.0,0.0,0.98,99.02,50,2025-04-07T21:22:55.404145
0.9,0.9,91.0,0.0,0.98,99.02,50,2025-04-07T21:22:55.404146
0.9,0.9,92.0,0.0,0.98,99.02,50,2025-04-07T21:22:55.404148
0.9,0.9,93.0,0.0,0.98,99.02,50,2025-04-07T21:22:55.404149
0.9,0.9,94.0,0.0,0.98,99.02,50,2025-04-07T21:22:55.404150
0.9,0.9,95.0,0.0,0.98,99.02,50,2025-04-07T21:22:55.404151
0.9,0.9,96.0,0.0,0.98,99.02,50,2025-04-07T21:22:55.404152
0.9,0.9,97.0,0.0,0.98,99.02,50,2025-04-07T21:22:55.404153
0.9,0.9,98.0,0.0,0.98,99.02,50,2025-04-07T21:22:55.404154
0.9,0.9,99.0,0.0,0.98,99.02,50,2025-04-07T21:22:55.404155
0.9,0.9,100.0,0.0,0.98,99.02,50,2025-04-07T21:22:55.404157
0.9,1.0,0.0,95.0,5.0,0.0,50,2025-04-07T21:22:55.440937
0.9,1.0,1.0,0.0,37.54,62.46,50,2025-04-07T21:22:55.440943
0.9,1.0,2.0,0.0,13.62,86.38,50,2025-04-07T21:22:55.440945
0.9,1.0,3.0,0.0,4.36,95.64,50,2025-04-07T21:22:55.440946
0.9,1.0,4.0,0.0,1.54,98.46,50,2025-04-07T21:22:55.440947
0.9,1.0,5.0,0.0,0.76,99.24,50,2025-04-07T21:22:55.440948
0.9,1.0,6.0,0.0,0.62,99.38,50,2025-04-07T21:22:55.440949
0.9,1.0,7.0,0.0,0.62,99.38,50,2025-04-07T21:22:55.440950
0.9,1.0,8.0,0.0,0.62,99.38,50,2025-04-07T21:22:55.440951
0.9,1.0,9.0,0.0,0.62,99.38,50,2025-04-07T21:22:55.440952
0.9,1.0,10.0,0.0,0.62,99.38,50,2025-04-07T21:22:55.440953
0.9,1.0,11.0,0.0,0.62,99.38,50,2025-04-07T21:22:55.440954
0.9,1.0,12.0,0.0,0.62,99.38,50,2025-04-07T21:22:55.440955
0.9,1.0,13.0,0.0,0.62,99.38,50,2025-04-07T21:22:55.440956
0.9,1.0,14.0,0.0,0.62,99.38,50,2025-04-07T21:22:55.440957
0.9,1.0,15.0,0.0,0.62,99.38,50,2025-04-07T21:22:55.440958
0.9,1.0,16.0,0.0,0.62,99.38,50,2025-04-07T21:22:55.440959
0.9,1.0,17.0,0.0,0.62,99.38,50,2025-04-07T21:22:55.440960
0.9,1.0,18.0,0.0,0.62,99.38,50,2025-04-07T21:22:55.440962
0.9,1.0,19.0,0.0,0.62,99.38,50,2025-04-07T21:22:55.440963
0.9,1.0,20.0,0.0,0.62,99.38,50,2025-04-07T21:22:55.440964
0.9,1.0,21.0,0.0,0.62,99.38,50,2025-04-07T21:22:55.440965
0.9,1.0,22.0,0.0,0.62,99.38,50,2025-04-07T21:22:55.440966
0.9,1.0,23.0,0.0,0.62,99.38,50,2025-04-07T21:22:55.440967
0.9,1.0,24.0,0.0,0.62,99.38,50,2025-04-07T21:22:55.440968
0.9,1.0,25.0,0.0,0.62,99.38,50,2025-04-07T21:22:55.440969
0.9,1.0,26.0,0.0,0.62,99.38,50,2025-04-07T21:22:55.440970
0.9,1.0,27.0,0.0,0.62,99.38,50,2025-04-07T21:22:55.440971
0.9,1.0,28.0,0.0,0.62,99.38,50,2025-04-07T21:22:55.440972
0.9,1.0,29.0,0.0,0.62,99.38,50,2025-04-07T21:22:55.440973
0.9,1.0,30.0,0.0,0.62,99.38,50,2025-04-07T21:22:55.440974
0.9,1.0,31.0,0.0,0.62,99.38,50,2025-04-07T21:22:55.440975
0.9,1.0,32.0,0.0,0.62,99.38,50,2025-04-07T21:22:55.440976
0.9,1.0,33.0,0.0,0.62,99.38,50,2025-04-07T21:22:55.440977
0.9,1.0,34.0,0.0,0.62,99.38,50,2025-04-07T21:22:55.440978
0.9,1.0,35.0,0.0,0.62,99.38,50,2025-04-07T21:22:55.440979
0.9,1.0,36.0,0.0,0.62,99.38,50,2025-04-07T21:22:55.440980
0.9,1.0,37.0,0.0,0.62,99.38,50,2025-04-07T21:22:55.440981
0.9,1.0,38.0,0.0,0.62,99.38,50,2025-04-07T21:22:55.440982
0.9,1.0,39.0,0.0,0.62,99.38,50,2025-04-07T21:22:55.440983
0.9,1.0,40.0,0.0,0.62,99.38,50,2025-04-07T21:22:55.440984
0.9,1.0,41.0,0.0,0.62,99.38,50,2025-04-07T21:22:55.440985
0.9,1.0,42.0,0.0,0.62,99.38,50,2025-04-07T21:22:55.440986
0.9,1.0,43.0,0.0,0.62,99.38,50,2025-04-07T21:22:55.440987
0.9,1.0,44.0,0.0,0.62,99.38,50,2025-04-07T21:22:55.440988
0.9,1.0,45.0,0.0,0.62,99.38,50,2025-04-07T21:22:55.440989
0.9,1.0,46.0,0.0,0.62,99.38,50,2025-04-07T21:22:55.440990
0.9,1.0,47.0,0.0,0.62,99.38,50,2025-04-07T21:22:55.440991
0.9,1.0,48.0,0.0,0.62,99.38,50,2025-04-07T21:22:55.440992
0.9,1.0,49.0,0.0,0.62,99.38,50,2025-04-07T21:22:55.440993
0.9,1.0,50.0,0.0,0.62,99.38,50,2025-04-07T21:22:55.440994
0.9,1.0,51.0,0.0,0.62,99.38,50,2025-04-07T21:22:55.440995
0.9,1.0,52.0,0.0,0.62,99.38,50,2025-04-07T21:22:55.440996
0.9,1.0,53.0,0.0,0.62,99.38,50,2025-04-07T21:22:55.440997
0.9,1.0,54.0,0.0,0.62,99.38,50,2025-04-07T21:22:55.440998
0.9,1.0,55.0,0.0,0.62,99.38,50,2025-04-07T21:22:55.440999
0.9,1.0,56.0,0.0,0.62,99.38,50,2025-04-07T21:22:55.441000
0.9,1.0,57.0,0.0,0.62,99.38,50,2025-04-07T21:22:55.441001
0.9,1.0,58.0,0.0,0.62,99.38,50,2025-04-07T21:22:55.441002
0.9,1.0,59.0,0.0,0.62,99.38,50,2025-04-07T21:22:55.441003
0.9,1.0,60.0,0.0,0.62,99.38,50,2025-04-07T21:22:55.441004
0.9,1.0,61.0,0.0,0.62,99.38,50,2025-04-07T21:22:55.441005
0.9,1.0,62.0,0.0,0.62,99.38,50,2025-04-07T21:22:55.441006
0.9,1.0,63.0,0.0,0.62,99.38,50,2025-04-07T21:22:55.441007
0.9,1.0,64.0,0.0,0.62,99.38,50,2025-04-07T21:22:55.441008
0.9,1.0,65.0,0.0,0.62,99.38,50,2025-04-07T21:22:55.441009
0.9,1.0,66.0,0.0,0.62,99.38,50,2025-04-07T21:22:55.441010
0.9,1.0,67.0,0.0,0.62,99.38,50,2025-04-07T21:22:55.441011
0.9,1.0,68.0,0.0,0.62,99.38,50,2025-04-07T21:22:55.441012
0.9,1.0,69.0,0.0,0.62,99.38,50,2025-04-07T21:22:55.441013
0.9,1.0,70.0,0.0,0.62,99.38,50,2025-04-07T21:22:55.441014
0.9,1.0,71.0,0.0,0.62,99.38,50,2025-04-07T21:22:55.441015
0.9,1.0,72.0,0.0,0.62,99.38,50,2025-04-07T21:22:55.441016
0.9,1.0,73.0,0.0,0.62,99.38,50,2025-04-07T21:22:55.441017
0.9,1.0,74.0,0.0,0.62,99.38,50,2025-04-07T21:22:55.441018
0.9,1.0,75.0,0.0,0.62,99.38,50,2025-04-07T21:22:55.441019
0.9,1.0,76.0,0.0,0.62,99.38,50,2025-04-07T21:22:55.441020
0.9,1.0,77.0,0.0,0.62,99.38,50,2025-04-07T21:22:55.441021
0.9,1.0,78.0,0.0,0.62,99.38,50,2025-04-07T21:22:55.441022
0.9,1.0,79.0,0.0,0.62,99.38,50,2025-04-07T21:22:55.441023
0.9,1.0,80.0,0.0,0.62,99.38,50,2025-04-07T21:22:55.441024
0.9,1.0,81.0,0.0,0.62,99.38,50,2025-04-07T21:22:55.441025
0.9,1.0,82.0,0.0,0.62,99.38,50,2025-04-07T21:22:55.441026
0.9,1.0,83.0,0.0,0.62,99.38,50,2025-04-07T21:22:55.441027
0.9,1.0,84.0,0.0,0.62,99.38,50,2025-04-07T21:22:55.441028
0.9,1.0,85.0,0.0,0.62,99.38,50,2025-04-07T21:22:55.441029
0.9,1.0,86.0,0.0,0.62,99.38,50,2025-04-07T21:22:55.441030
0.9,1.0,87.0,0.0,0.62,99.38,50,2025-04-07T21:22:55.441031
0.9,1.0,88.0,0.0,0.62,99.38,50,2025-04-07T21:22:55.441032
0.9,1.0,89.0,0.0,0.62,99.38,50,2025-04-07T21:22:55.441033
0.9,1.0,90.0,0.0,0.62,99.38,50,2025-04-07T21:22:55.441034
0.9,1.0,91.0,0.0,0.62,99.38,50,2025-04-07T21:22:55.441035
0.9,1.0,92.0,0.0,0.62,99.38,50,2025-04-07T21:22:55.441036
0.9,1.0,93.0,0.0,0.62,99.38,50,2025-04-07T21:22:55.441037
0.9,1.0,94.0,0.0,0.62,99.38,50,2025-04-07T21:22:55.441038
0.9,1.0,95.0,0.0,0.62,99.38,50,2025-04-07T21:22:55.441039
0.9,1.0,96.0,0.0,0.62,99.38,50,2025-04-07T21:22:55.441040
0.9,1.0,97.0,0.0,0.62,99.38,50,2025-04-07T21:22:55.441041
0.9,1.0,98.0,0.0,0.62,99.38,50,2025-04-07T21:22:55.441042
0.9,1.0,99.0,0.0,0.62,99.38,50,2025-04-07T21:22:55.441043
0.9,1.0,100.0,0.0,0.62,99.38,50,2025-04-07T21:22:55.441052
1.0,0.1,0.0,95.0,5.0,0.0,50,2025-04-07T21:22:55.478310
1.0,0.1,1.0,0.0,89.32,10.68,50,2025-04-07T21:22:55.478316
1.0,0.1,2.0,0.0,81.36,18.64,50,2025-04-07T21:22:55.478318
1.0,0.1,3.0,0.0,73.46,26.54,50,2025-04-07T21:22:55.478319
1.0,0.1,4.0,0.0,66.14,33.86,50,2025-04-07T21:22:55.478320
1.0,0.1,5.0,0.0,60.22,39.78,50,2025-04-07T21:22:55.478321
1.0,0.1,6.0,0.0,54.16,45.84,50,2025-04-07T21:22:55.478322
1.0,0.1,7.0,0.0,48.66,51.34,50,2025-04-07T21:22:55.478323
1.0,0.1,8.0,0.0,43.92,56.08,50,2025-04-07T21:22:55.478324
1.0,0.1,9.0,0.0,39.78,60.22,50,2025-04-07T21:22:55.478325
1.0,0.1,10.0,0.0,36.0,64.0,50,2025-04-07T21:22:55.478326
1.0,0.1,11.0,0.0,32.22,67.78,50,2025-04-07T21:22:55.478327
1.0,0.1,12.0,0.0,29.04,70.96,50,2025-04-07T21:22:55.478328
1.0,0.1,13.0,0.0,26.2,73.8,50,2025-04-07T21:22:55.478329
1.0,0.1,14.0,0.0,23.9,76.1,50,2025-04-07T21:22:55.478330
1.0,0.1,15.0,0.0,21.88,78.12,50,2025-04-07T21:22:55.478331
1.0,0.1,16.0,0.0,19.66,80.34,50,2025-04-07T21:22:55.478333
1.0,0.1,17.0,0.0,17.7,82.3,50,2025-04-07T21:22:55.478334
1.0,0.1,18.0,0.0,15.7,84.3,50,2025-04-07T21:22:55.478335
1.0,0.1,19.0,0.0,14.14,85.86,50,2025-04-07T21:22:55.478336
1.0,0.1,20.0,0.0,12.66,87.34,50,2025-04-07T21:22:55.478337
1.0,0.1,21.0,0.0,11.28,88.72,50,2025-04-07T21:22:55.478338
1.0,0.1,22.0,0.0,10.12,89.88,50,2025-04-07T21:22:55.478339
1.0,0.1,23.0,0.0,8.96,91.04,50,2025-04-07T21:22:55.478340
1.0,0.1,24.0,0.0,7.86,92.14,50,2025-04-07T21:22:55.478341
1.0,0.1,25.0,0.0,6.98,93.02,50,2025-04-07T21:22:55.478342
1.0,0.1,26.0,0.0,6.2,93.8,50,2025-04-07T21:22:55.478343
1.0,0.1,27.0,0.0,5.74,94.26,50,2025-04-07T21:22:55.478344
1.0,0.1,28.0,0.0,5.36,94.64,50,2025-04-07T21:22:55.478345
1.0,0.1,29.0,0.0,4.5,95.5,50,2025-04-07T21:22:55.478346
1.0,0.1,30.0,0.0,3.96,96.04,50,2025-04-07T21:22:55.478347
1.0,0.1,31.0,0.0,3.6,96.4,50,2025-04-07T21:22:55.478348
1.0,0.1,32.0,0.0,3.2,96.8,50,2025-04-07T21:22:55.478349
1.0,0.1,33.0,0.0,2.8,97.2,50,2025-04-07T21:22:55.478350
1.0,0.1,34.0,0.0,2.5,97.5,50,2025-04-07T21:22:55.478351
1.0,0.1,35.0,0.0,2.12,97.88,50,2025-04-07T21:22:55.478352
1.0,0.1,36.0,0.0,1.98,98.02,50,2025-04-07T21:22:55.478353
1.0,0.1,37.0,0.0,1.74,98.26,50,2025-04-07T21:22:55.478354
1.0,0.1,38.0,0.0,1.56,98.44,50,2025-04-07T21:22:55.478355
1.0,0.1,39.0,0.0,1.3,98.7,50,2025-04-07T21:22:55.478355
1.0,0.1,40.0,0.0,1.0,99.0,50,2025-04-07T21:22:55.478357
1.0,0.1,41.0,0.0,0.8,99.2,50,2025-04-07T21:22:55.478357
1.0,0.1,42.0,0.0,0.6,99.4,50,2025-04-07T21:22:55.478358
1.0,0.1,43.0,0.0,0.5,99.5,50,2025-04-07T21:22:55.478359
1.0,0.1,44.0,0.0,0.42,99.58,50,2025-04-07T21:22:55.478360
1.0,0.1,45.0,0.0,0.3,99.7,50,2025-04-07T21:22:55.478361
1.0,0.1,46.0,0.0,0.22,99.78,50,2025-04-07T21:22:55.478362
1.0,0.1,47.0,0.0,0.2,99.8,50,2025-04-07T21:22:55.478363
1.0,0.1,48.0,0.0,0.18,99.82,50,2025-04-07T21:22:55.478364
1.0,0.1,49.0,0.0,0.16,99.84,50,2025-04-07T21:22:55.478365
1.0,0.1,50.0,0.0,0.12,99.88,50,2025-04-07T21:22:55.478371
1.0,0.1,51.0,0.0,0.12,99.88,50,2025-04-07T21:22:55.478372
1.0,0.1,52.0,0.0,0.12,99.88,50,2025-04-07T21:22:55.478373
1.0,0.1,53.0,0.0,0.12,99.88,50,2025-04-07T21:22:55.478374
1.0,0.1,54.0,0.0,0.1,99.9,50,2025-04-07T21:22:55.478375
1.0,0.1,55.0,0.0,0.08,99.92,50,2025-04-07T21:22:55.478376
1.0,0.1,56.0,0.0,0.06,99.94,50,2025-04-07T21:22:55.478377
1.0,0.1,57.0,0.0,0.06,99.94,50,2025-04-07T21:22:55.478378
1.0,0.1,58.0,0.0,0.06,99.94,50,2025-04-07T21:22:55.478379
1.0,0.1,59.0,0.0,0.06,99.94,50,2025-04-07T21:22:55.478380
1.0,0.1,60.0,0.0,0.06,99.94,50,2025-04-07T21:22:55.478381
1.0,0.1,61.0,0.0,0.06,99.94,50,2025-04-07T21:22:55.478382
1.0,0.1,62.0,0.0,0.06,99.94,50,2025-04-07T21:22:55.478383
1.0,0.1,63.0,0.0,0.06,99.94,50,2025-04-07T21:22:55.478384
1.0,0.1,64.0,0.0,0.06,99.94,50,2025-04-07T21:22:55.478385
1.0,0.1,65.0,0.0,0.06,99.94,50,2025-04-07T21:22:55.478386
1.0,0.1,66.0,0.0,0.06,99.94,50,2025-04-07T21:22:55.478387
1.0,0.1,67.0,0.0,0.06,99.94,50,2025-04-07T21:22:55.478388
1.0,0.1,68.0,0.0,0.06,99.94,50,2025-04-07T21:22:55.478389
1.0,0.1,69.0,0.0,0.06,99.94,50,2025-04-07T21:22:55.478390
1.0,0.1,70.0,0.0,0.06,99.94,50,2025-04-07T21:22:55.478391
1.0,0.1,71.0,0.0,0.06,99.94,50,2025-04-07T21:22:55.478392
1.0,0.1,72.0,0.0,0.06,99.94,50,2025-04-07T21:22:55.478393
1.0,0.1,73.0,0.0,0.06,99.94,50,2025-04-07T21:22:55.478394
1.0,0.1,74.0,0.0,0.06,99.94,50,2025-04-07T21:22:55.478395
1.0,0.1,75.0,0.0,0.06,99.94,50,2025-04-07T21:22:55.478396
1.0,0.1,76.0,0.0,0.06,99.94,50,2025-04-07T21:22:55.478397
1.0,0.1,77.0,0.0,0.06,99.94,50,2025-04-07T21:22:55.478400
1.0,0.1,78.0,0.0,0.06,99.94,50,2025-04-07T21:22:55.478401
1.0,0.1,79.0,0.0,0.06,99.94,50,2025-04-07T21:22:55.478402
1.0,0.1,80.0,0.0,0.06,99.94,50,2025-04-07T21:22:55.478403
1.0,0.1,81.0,0.0,0.06,99.94,50,2025-04-07T21:22:55.478404
1.0,0.1,82.0,0.0,0.06,99.94,50,2025-04-07T21:22:55.478405
1.0,0.1,83.0,0.0,0.06,99.94,50,2025-04-07T21:22:55.478406
1.0,0.1,84.0,0.0,0.06,99.94,50,2025-04-07T21:22:55.478407
1.0,0.1,85.0,0.0,0.06,99.94,50,2025-04-07T21:22:55.478408
1.0,0.1,86.0,0.0,0.06,99.94,50,2025-04-07T21:22:55.478409
1.0,0.1,87.0,0.0,0.06,99.94,50,2025-04-07T21:22:55.478410
1.0,0.1,88.0,0.0,0.06,99.94,50,2025-04-07T21:22:55.478411
1.0,0.1,89.0,0.0,0.06,99.94,50,2025-04-07T21:22:55.478412
1.0,0.1,90.0,0.0,0.06,99.94,50,2025-04-07T21:22:55.478413
1.0,0.1,91.0,0.0,0.06,99.94,50,2025-04-07T21:22:55.478414
1.0,0.1,92.0,0.0,0.06,99.94,50,2025-04-07T21:22:55.478415
1.0,0.1,93.0,0.0,0.06,99.94,50,2025-04-07T21:22:55.478416
1.0,0.1,94.0,0.0,0.06,99.94,50,2025-04-07T21:22:55.478417
1.0,0.1,95.0,0.0,0.06,99.94,50,2025-04-07T21:22:55.478418
1.0,0.1,96.0,0.0,0.06,99.94,50,2025-04-07T21:22:55.478419
1.0,0.1,97.0,0.0,0.06,99.94,50,2025-04-07T21:22:55.478420
1.0,0.1,98.0,0.0,0.06,99.94,50,2025-04-07T21:22:55.478421
1.0,0.1,99.0,0.0,0.06,99.94,50,2025-04-07T21:22:55.478422
1.0,0.1,100.0,0.0,0.06,99.94,50,2025-04-07T21:22:55.478423
1.0,0.2,0.0,95.0,5.0,0.0,50,2025-04-07T21:22:55.514199
1.0,0.2,1.0,0.0,81.88,18.12,50,2025-04-07T21:22:55.514205
1.0,0.2,2.0,0.0,66.74,33.26,50,2025-04-07T21:22:55.514206
1.0,0.2,3.0,0.0,54.34,45.66,50,2025-04-07T21:22:55.514208
1.0,0.2,4.0,0.0,44.36,55.64,50,2025-04-07T21:22:55.514209
1.0,0.2,5.0,0.0,36.16,63.84,50,2025-04-07T21:22:55.514210
1.0,0.2,6.0,0.0,29.58,70.42,50,2025-04-07T21:22:55.514211
1.0,0.2,7.0,0.0,24.48,75.52,50,2025-04-07T21:22:55.514212
1.0,0.2,8.0,0.0,19.92,80.08,50,2025-04-07T21:22:55.514213
1.0,0.2,9.0,0.0,15.84,84.16,50,2025-04-07T21:22:55.514214
1.0,0.2,10.0,0.0,13.32,86.68,50,2025-04-07T21:22:55.514215
1.0,0.2,11.0,0.0,10.2,89.8,50,2025-04-07T21:22:55.514216
1.0,0.2,12.0,0.0,7.7,92.3,50,2025-04-07T21:22:55.514217
1.0,0.2,13.0,0.0,5.88,94.12,50,2025-04-07T21:22:55.514218
1.0,0.2,14.0,0.0,4.6,95.4,50,2025-04-07T21:22:55.514219
1.0,0.2,15.0,0.0,3.44,96.56,50,2025-04-07T21:22:55.514220
1.0,0.2,16.0,0.0,2.72,97.28,50,2025-04-07T21:22:55.514221
1.0,0.2,17.0,0.0,2.02,97.98,50,2025-04-07T21:22:55.514222
1.0,0.2,18.0,0.0,1.54,98.46,50,2025-04-07T21:22:55.514223
1.0,0.2,19.0,0.0,1.14,98.86,50,2025-04-07T21:22:55.514224
1.0,0.2,20.0,0.0,0.76,99.24,50,2025-04-07T21:22:55.514225
1.0,0.2,21.0,0.0,0.58,99.42,50,2025-04-07T21:22:55.514226
1.0,0.2,22.0,0.0,0.42,99.58,50,2025-04-07T21:22:55.514227
1.0,0.2,23.0,0.0,0.32,99.68,50,2025-04-07T21:22:55.514228
1.0,0.2,24.0,0.0,0.22,99.78,50,2025-04-07T21:22:55.514229
1.0,0.2,25.0,0.0,0.2,99.8,50,2025-04-07T21:22:55.514230
1.0,0.2,26.0,0.0,0.16,99.84,50,2025-04-07T21:22:55.514231
1.0,0.2,27.0,0.0,0.16,99.84,50,2025-04-07T21:22:55.514232
1.0,0.2,28.0,0.0,0.14,99.86,50,2025-04-07T21:22:55.514233
1.0,0.2,29.0,0.0,0.12,99.88,50,2025-04-07T21:22:55.514235
1.0,0.2,30.0,0.0,0.12,99.88,50,2025-04-07T21:22:55.514235
1.0,0.2,31.0,0.0,0.1,99.9,50,2025-04-07T21:22:55.514236
1.0,0.2,32.0,0.0,0.1,99.9,50,2025-04-07T21:22:55.514237
1.0,0.2,33.0,0.0,0.1,99.9,50,2025-04-07T21:22:55.514238
1.0,0.2,34.0,0.0,0.08,99.92,50,2025-04-07T21:22:55.514239
1.0,0.2,35.0,0.0,0.08,99.92,50,2025-04-07T21:22:55.514240
1.0,0.2,36.0,0.0,0.08,99.92,50,2025-04-07T21:22:55.514241
1.0,0.2,37.0,0.0,0.08,99.92,50,2025-04-07T21:22:55.514242
1.0,0.2,38.0,0.0,0.08,99.92,50,2025-04-07T21:22:55.514243
1.0,0.2,39.0,0.0,0.08,99.92,50,2025-04-07T21:22:55.514244
1.0,0.2,40.0,0.0,0.08,99.92,50,2025-04-07T21:22:55.514246
1.0,0.2,41.0,0.0,0.08,99.92,50,2025-04-07T21:22:55.514247
1.0,0.2,42.0,0.0,0.08,99.92,50,2025-04-07T21:22:55.514248
1.0,0.2,43.0,0.0,0.08,99.92,50,2025-04-07T21:22:55.514248
1.0,0.2,44.0,0.0,0.08,99.92,50,2025-04-07T21:22:55.514249
1.0,0.2,45.0,0.0,0.08,99.92,50,2025-04-07T21:22:55.514251
1.0,0.2,46.0,0.0,0.08,99.92,50,2025-04-07T21:22:55.514252
1.0,0.2,47.0,0.0,0.08,99.92,50,2025-04-07T21:22:55.514253
1.0,0.2,48.0,0.0,0.08,99.92,50,2025-04-07T21:22:55.514254
1.0,0.2,49.0,0.0,0.08,99.92,50,2025-04-07T21:22:55.514255
1.0,0.2,50.0,0.0,0.08,99.92,50,2025-04-07T21:22:55.514256
1.0,0.2,51.0,0.0,0.08,99.92,50,2025-04-07T21:22:55.514257
1.0,0.2,52.0,0.0,0.08,99.92,50,2025-04-07T21:22:55.514258
1.0,0.2,53.0,0.0,0.08,99.92,50,2025-04-07T21:22:55.514259
1.0,0.2,54.0,0.0,0.08,99.92,50,2025-04-07T21:22:55.514260
1.0,0.2,55.0,0.0,0.08,99.92,50,2025-04-07T21:22:55.514261
1.0,0.2,56.0,0.0,0.08,99.92,50,2025-04-07T21:22:55.514267
1.0,0.2,57.0,0.0,0.08,99.92,50,2025-04-07T21:22:55.514268
1.0,0.2,58.0,0.0,0.08,99.92,50,2025-04-07T21:22:55.514269
1.0,0.2,59.0,0.0,0.08,99.92,50,2025-04-07T21:22:55.514270
1.0,0.2,60.0,0.0,0.08,99.92,50,2025-04-07T21:22:55.514271
1.0,0.2,61.0,0.0,0.08,99.92,50,2025-04-07T21:22:55.514272
1.0,0.2,62.0,0.0,0.08,99.92,50,2025-04-07T21:22:55.514273
1.0,0.2,63.0,0.0,0.08,99.92,50,2025-04-07T21:22:55.514274
1.0,0.2,64.0,0.0,0.08,99.92,50,2025-04-07T21:22:55.514275
1.0,0.2,65.0,0.0,0.08,99.92,50,2025-04-07T21:22:55.514276
1.0,0.2,66.0,0.0,0.08,99.92,50,2025-04-07T21:22:55.514277
1.0,0.2,67.0,0.0,0.08,99.92,50,2025-04-07T21:22:55.514278
1.0,0.2,68.0,0.0,0.08,99.92,50,2025-04-07T21:22:55.514279
1.0,0.2,69.0,0.0,0.08,99.92,50,2025-04-07T21:22:55.514280
1.0,0.2,70.0,0.0,0.08,99.92,50,2025-04-07T21:22:55.514281
1.0,0.2,71.0,0.0,0.08,99.92,50,2025-04-07T21:22:55.514282
1.0,0.2,72.0,0.0,0.08,99.92,50,2025-04-07T21:22:55.514283
1.0,0.2,73.0,0.0,0.08,99.92,50,2025-04-07T21:22:55.514284
1.0,0.2,74.0,0.0,0.08,99.92,50,2025-04-07T21:22:55.514285
1.0,0.2,75.0,0.0,0.08,99.92,50,2025-04-07T21:22:55.514286
1.0,0.2,76.0,0.0,0.08,99.92,50,2025-04-07T21:22:55.514287
1.0,0.2,77.0,0.0,0.08,99.92,50,2025-04-07T21:22:55.514288
1.0,0.2,78.0,0.0,0.08,99.92,50,2025-04-07T21:22:55.514289
1.0,0.2,79.0,0.0,0.08,99.92,50,2025-04-07T21:22:55.514290
1.0,0.2,80.0,0.0,0.08,99.92,50,2025-04-07T21:22:55.514291
1.0,0.2,81.0,0.0,0.08,99.92,50,2025-04-07T21:22:55.514292
1.0,0.2,82.0,0.0,0.08,99.92,50,2025-04-07T21:22:55.514293
1.0,0.2,83.0,0.0,0.08,99.92,50,2025-04-07T21:22:55.514294
1.0,0.2,84.0,0.0,0.08,99.92,50,2025-04-07T21:22:55.514295
1.0,0.2,85.0,0.0,0.08,99.92,50,2025-04-07T21:22:55.514296
1.0,0.2,86.0,0.0,0.08,99.92,50,2025-04-07T21:22:55.514297
1.0,0.2,87.0,0.0,0.08,99.92,50,2025-04-07T21:22:55.514298
1.0,0.2,88.0,0.0,0.08,99.92,50,2025-04-07T21:22:55.514299
1.0,0.2,89.0,0.0,0.08,99.92,50,2025-04-07T21:22:55.514300
1.0,0.2,90.0,0.0,0.08,99.92,50,2025-04-07T21:22:55.514301
1.0,0.2,91.0,0.0,0.08,99.92,50,2025-04-07T21:22:55.514302
1.0,0.2,92.0,0.0,0.08,99.92,50,2025-04-07T21:22:55.514303
1.0,0.2,93.0,0.0,0.08,99.92,50,2025-04-07T21:22:55.514304
1.0,0.2,94.0,0.0,0.08,99.92,50,2025-04-07T21:22:55.514305
1.0,0.2,95.0,0.0,0.08,99.92,50,2025-04-07T21:22:55.514306
1.0,0.2,96.0,0.0,0.08,99.92,50,2025-04-07T21:22:55.514307
1.0,0.2,97.0,0.0,0.08,99.92,50,2025-04-07T21:22:55.514308
1.0,0.2,98.0,0.0,0.08,99.92,50,2025-04-07T21:22:55.514309
1.0,0.2,99.0,0.0,0.08,99.92,50,2025-04-07T21:22:55.514310
1.0,0.2,100.0,0.0,0.08,99.92,50,2025-04-07T21:22:55.514311
1.0,0.3,0.0,95.0,5.0,0.0,50,2025-04-07T21:22:55.554296
1.0,0.3,1.0,0.0,72.82,27.18,50,2025-04-07T21:22:55.554303
1.0,0.3,2.0,0.0,53.64,46.36,50,2025-04-07T21:22:55.554304
1.0,0.3,3.0,0.0,39.28,60.72,50,2025-04-07T21:22:55.554305
1.0,0.3,4.0,0.0,28.36,71.64,50,2025-04-07T21:22:55.554306
1.0,0.3,5.0,0.0,20.84,79.16,50,2025-04-07T21:22:55.554308
1.0,0.3,6.0,0.0,15.1,84.9,50,2025-04-07T21:22:55.554309
1.0,0.3,7.0,0.0,10.84,89.16,50,2025-04-07T21:22:55.554310
1.0,0.3,8.0,0.0,8.02,91.98,50,2025-04-07T21:22:55.554311
1.0,0.3,9.0,0.0,5.76,94.24,50,2025-04-07T21:22:55.554312
1.0,0.3,10.0,0.0,3.86,96.14,50,2025-04-07T21:22:55.554313
1.0,0.3,11.0,0.0,2.66,97.34,50,2025-04-07T21:22:55.554314
1.0,0.3,12.0,0.0,1.94,98.06,50,2025-04-07T21:22:55.554315
1.0,0.3,13.0,0.0,1.32,98.68,50,2025-04-07T21:22:55.554316
1.0,0.3,14.0,0.0,0.92,99.08,50,2025-04-07T21:22:55.554317
1.0,0.3,15.0,0.0,0.68,99.32,50,2025-04-07T21:22:55.554318
1.0,0.3,16.0,0.0,0.52,99.48,50,2025-04-07T21:22:55.554319
1.0,0.3,17.0,0.0,0.44,99.56,50,2025-04-07T21:22:55.554320
1.0,0.3,18.0,0.0,0.36,99.64,50,2025-04-07T21:22:55.554321
1.0,0.3,19.0,0.0,0.34,99.66,50,2025-04-07T21:22:55.554322
1.0,0.3,20.0,0.0,0.32,99.68,50,2025-04-07T21:22:55.554323
1.0,0.3,21.0,0.0,0.28,99.72,50,2025-04-07T21:22:55.554324
1.0,0.3,22.0,0.0,0.28,99.72,50,2025-04-07T21:22:55.554325
1.0,0.3,23.0,0.0,0.28,99.72,50,2025-04-07T21:22:55.554326
1.0,0.3,24.0,0.0,0.28,99.72,50,2025-04-07T21:22:55.554327
1.0,0.3,25.0,0.0,0.28,99.72,50,2025-04-07T21:22:55.554328
1.0,0.3,26.0,0.0,0.28,99.72,50,2025-04-07T21:22:55.554329
1.0,0.3,27.0,0.0,0.28,99.72,50,2025-04-07T21:22:55.554330
1.0,0.3,28.0,0.0,0.28,99.72,50,2025-04-07T21:22:55.554331
1.0,0.3,29.0,0.0,0.28,99.72,50,2025-04-07T21:22:55.554332
1.0,0.3,30.0,0.0,0.28,99.72,50,2025-04-07T21:22:55.554333
1.0,0.3,31.0,0.0,0.28,99.72,50,2025-04-07T21:22:55.554334
1.0,0.3,32.0,0.0,0.28,99.72,50,2025-04-07T21:22:55.554335
1.0,0.3,33.0,0.0,0.28,99.72,50,2025-04-07T21:22:55.554336
1.0,0.3,34.0,0.0,0.28,99.72,50,2025-04-07T21:22:55.554337
1.0,0.3,35.0,0.0,0.28,99.72,50,2025-04-07T21:22:55.554338
1.0,0.3,36.0,0.0,0.28,99.72,50,2025-04-07T21:22:55.554339
1.0,0.3,37.0,0.0,0.28,99.72,50,2025-04-07T21:22:55.554340
1.0,0.3,38.0,0.0,0.28,99.72,50,2025-04-07T21:22:55.554341
1.0,0.3,39.0,0.0,0.28,99.72,50,2025-04-07T21:22:55.554342
1.0,0.3,40.0,0.0,0.28,99.72,50,2025-04-07T21:22:55.554344
1.0,0.3,41.0,0.0,0.28,99.72,50,2025-04-07T21:22:55.554350
1.0,0.3,42.0,0.0,0.28,99.72,50,2025-04-07T21:22:55.554351
1.0,0.3,43.0,0.0,0.28,99.72,50,2025-04-07T21:22:55.554352
1.0,0.3,44.0,0.0,0.28,99.72,50,2025-04-07T21:22:55.554353
1.0,0.3,45.0,0.0,0.28,99.72,50,2025-04-07T21:22:55.554354
1.0,0.3,46.0,0.0,0.28,99.72,50,2025-04-07T21:22:55.554355
1.0,0.3,47.0,0.0,0.28,99.72,50,2025-04-07T21:22:55.554356
1.0,0.3,48.0,0.0,0.28,99.72,50,2025-04-07T21:22:55.554357
1.0,0.3,49.0,0.0,0.28,99.72,50,2025-04-07T21:22:55.554358
1.0,0.3,50.0,0.0,0.28,99.72,50,2025-04-07T21:22:55.554359
1.0,0.3,51.0,0.0,0.28,99.72,50,2025-04-07T21:22:55.554360
1.0,0.3,52.0,0.0,0.28,99.72,50,2025-04-07T21:22:55.554361
1.0,0.3,53.0,0.0,0.28,99.72,50,2025-04-07T21:22:55.554362
1.0,0.3,54.0,0.0,0.28,99.72,50,2025-04-07T21:22:55.554363
1.0,0.3,55.0,0.0,0.28,99.72,50,2025-04-07T21:22:55.554364
1.0,0.3,56.0,0.0,0.28,99.72,50,2025-04-07T21:22:55.554365
1.0,0.3,57.0,0.0,0.28,99.72,50,2025-04-07T21:22:55.554366
1.0,0.3,58.0,0.0,0.28,99.72,50,2025-04-07T21:22:55.554367
1.0,0.3,59.0,0.0,0.28,99.72,50,2025-04-07T21:22:55.554368
1.0,0.3,60.0,0.0,0.28,99.72,50,2025-04-07T21:22:55.554369
1.0,0.3,61.0,0.0,0.28,99.72,50,2025-04-07T21:22:55.554370
1.0,0.3,62.0,0.0,0.28,99.72,50,2025-04-07T21:22:55.554371
1.0,0.3,63.0,0.0,0.28,99.72,50,2025-04-07T21:22:55.554372
1.0,0.3,64.0,0.0,0.28,99.72,50,2025-04-07T21:22:55.554373
1.0,0.3,65.0,0.0,0.28,99.72,50,2025-04-07T21:22:55.554374
1.0,0.3,66.0,0.0,0.28,99.72,50,2025-04-07T21:22:55.554375
1.0,0.3,67.0,0.0,0.28,99.72,50,2025-04-07T21:22:55.554376
1.0,0.3,68.0,0.0,0.28,99.72,50,2025-04-07T21:22:55.554377
1.0,0.3,69.0,0.0,0.28,99.72,50,2025-04-07T21:22:55.554378
1.0,0.3,70.0,0.0,0.28,99.72,50,2025-04-07T21:22:55.554379
1.0,0.3,71.0,0.0,0.28,99.72,50,2025-04-07T21:22:55.554380
1.0,0.3,72.0,0.0,0.28,99.72,50,2025-04-07T21:22:55.554381
1.0,0.3,73.0,0.0,0.28,99.72,50,2025-04-07T21:22:55.554382
1.0,0.3,74.0,0.0,0.28,99.72,50,2025-04-07T21:22:55.554383
1.0,0.3,75.0,0.0,0.28,99.72,50,2025-04-07T21:22:55.554384
1.0,0.3,76.0,0.0,0.28,99.72,50,2025-04-07T21:22:55.554385
1.0,0.3,77.0,0.0,0.28,99.72,50,2025-04-07T21:22:55.554386
1.0,0.3,78.0,0.0,0.28,99.72,50,2025-04-07T21:22:55.554387
1.0,0.3,79.0,0.0,0.28,99.72,50,2025-04-07T21:22:55.554388
1.0,0.3,80.0,0.0,0.28,99.72,50,2025-04-07T21:22:55.554389
1.0,0.3,81.0,0.0,0.28,99.72,50,2025-04-07T21:22:55.554390
1.0,0.3,82.0,0.0,0.28,99.72,50,2025-04-07T21:22:55.554391
1.0,0.3,83.0,0.0,0.28,99.72,50,2025-04-07T21:22:55.554394
1.0,0.3,84.0,0.0,0.28,99.72,50,2025-04-07T21:22:55.554395
1.0,0.3,85.0,0.0,0.28,99.72,50,2025-04-07T21:22:55.554396
1.0,0.3,86.0,0.0,0.28,99.72,50,2025-04-07T21:22:55.554397
1.0,0.3,87.0,0.0,0.28,99.72,50,2025-04-07T21:22:55.554398
1.0,0.3,88.0,0.0,0.28,99.72,50,2025-04-07T21:22:55.554399
1.0,0.3,89.0,0.0,0.28,99.72,50,2025-04-07T21:22:55.554400
1.0,0.3,90.0,0.0,0.28,99.72,50,2025-04-07T21:22:55.554401
1.0,0.3,91.0,0.0,0.28,99.72,50,2025-04-07T21:22:55.554402
1.0,0.3,92.0,0.0,0.28,99.72,50,2025-04-07T21:22:55.554403
1.0,0.3,93.0,0.0,0.28,99.72,50,2025-04-07T21:22:55.554403
1.0,0.3,94.0,0.0,0.28,99.72,50,2025-04-07T21:22:55.554404
1.0,0.3,95.0,0.0,0.28,99.72,50,2025-04-07T21:22:55.554405
1.0,0.3,96.0,0.0,0.28,99.72,50,2025-04-07T21:22:55.554406
1.0,0.3,97.0,0.0,0.28,99.72,50,2025-04-07T21:22:55.554407
1.0,0.3,98.0,0.0,0.28,99.72,50,2025-04-07T21:22:55.554408
1.0,0.3,99.0,0.0,0.28,99.72,50,2025-04-07T21:22:55.554409
1.0,0.3,100.0,0.0,0.28,99.72,50,2025-04-07T21:22:55.554410
1.0,0.4,0.0,95.0,5.0,0.0,50,2025-04-07T21:22:55.591584
1.0,0.4,1.0,0.0,67.58,32.42,50,2025-04-07T21:22:55.591590
1.0,0.4,2.0,0.0,45.0,55.0,50,2025-04-07T21:22:55.591592
1.0,0.4,3.0,0.0,30.02,69.98,50,2025-04-07T21:22:55.591593
1.0,0.4,4.0,0.0,18.88,81.12,50,2025-04-07T21:22:55.591594
1.0,0.4,5.0,0.0,12.5,87.5,50,2025-04-07T21:22:55.591595
1.0,0.4,6.0,0.0,8.0,92.0,50,2025-04-07T21:22:55.591596
1.0,0.4,7.0,0.0,5.14,94.86,50,2025-04-07T21:22:55.591598
1.0,0.4,8.0,0.0,2.96,97.04,50,2025-04-07T21:22:55.591599
1.0,0.4,9.0,0.0,1.64,98.36,50,2025-04-07T21:22:55.591600
1.0,0.4,10.0,0.0,0.94,99.06,50,2025-04-07T21:22:55.591601
1.0,0.4,11.0,0.0,0.6,99.4,50,2025-04-07T21:22:55.591602
1.0,0.4,12.0,0.0,0.42,99.58,50,2025-04-07T21:22:55.591603
1.0,0.4,13.0,0.0,0.32,99.68,50,2025-04-07T21:22:55.591605
1.0,0.4,14.0,0.0,0.22,99.78,50,2025-04-07T21:22:55.591606
1.0,0.4,15.0,0.0,0.22,99.78,50,2025-04-07T21:22:55.591607
1.0,0.4,16.0,0.0,0.22,99.78,50,2025-04-07T21:22:55.591608
1.0,0.4,17.0,0.0,0.22,99.78,50,2025-04-07T21:22:55.591609
1.0,0.4,18.0,0.0,0.22,99.78,50,2025-04-07T21:22:55.591610
1.0,0.4,19.0,0.0,0.22,99.78,50,2025-04-07T21:22:55.591612
1.0,0.4,20.0,0.0,0.22,99.78,50,2025-04-07T21:22:55.591613
1.0,0.4,21.0,0.0,0.22,99.78,50,2025-04-07T21:22:55.591614
1.0,0.4,22.0,0.0,0.22,99.78,50,2025-04-07T21:22:55.591615
1.0,0.4,23.0,0.0,0.22,99.78,50,2025-04-07T21:22:55.591616
1.0,0.4,24.0,0.0,0.22,99.78,50,2025-04-07T21:22:55.591617
1.0,0.4,25.0,0.0,0.22,99.78,50,2025-04-07T21:22:55.591618
1.0,0.4,26.0,0.0,0.22,99.78,50,2025-04-07T21:22:55.591619
1.0,0.4,27.0,0.0,0.22,99.78,50,2025-04-07T21:22:55.591621
1.0,0.4,28.0,0.0,0.22,99.78,50,2025-04-07T21:22:55.591622
1.0,0.4,29.0,0.0,0.22,99.78,50,2025-04-07T21:22:55.591623
1.0,0.4,30.0,0.0,0.22,99.78,50,2025-04-07T21:22:55.591624
1.0,0.4,31.0,0.0,0.22,99.78,50,2025-04-07T21:22:55.591625
1.0,0.4,32.0,0.0,0.22,99.78,50,2025-04-07T21:22:55.591626
1.0,0.4,33.0,0.0,0.22,99.78,50,2025-04-07T21:22:55.591627
1.0,0.4,34.0,0.0,0.22,99.78,50,2025-04-07T21:22:55.591628
1.0,0.4,35.0,0.0,0.22,99.78,50,2025-04-07T21:22:55.591629
1.0,0.4,36.0,0.0,0.22,99.78,50,2025-04-07T21:22:55.591631
1.0,0.4,37.0,0.0,0.22,99.78,50,2025-04-07T21:22:55.591632
1.0,0.4,38.0,0.0,0.22,99.78,50,2025-04-07T21:22:55.591633
1.0,0.4,39.0,0.0,0.22,99.78,50,2025-04-07T21:22:55.591634
1.0,0.4,40.0,0.0,0.22,99.78,50,2025-04-07T21:22:55.591635
1.0,0.4,41.0,0.0,0.22,99.78,50,2025-04-07T21:22:55.591636
1.0,0.4,42.0,0.0,0.22,99.78,50,2025-04-07T21:22:55.591637
1.0,0.4,43.0,0.0,0.22,99.78,50,2025-04-07T21:22:55.591638
1.0,0.4,44.0,0.0,0.22,99.78,50,2025-04-07T21:22:55.591639
1.0,0.4,45.0,0.0,0.22,99.78,50,2025-04-07T21:22:55.591641
1.0,0.4,46.0,0.0,0.22,99.78,50,2025-04-07T21:22:55.591642
1.0,0.4,47.0,0.0,0.22,99.78,50,2025-04-07T21:22:55.591643
1.0,0.4,48.0,0.0,0.22,99.78,50,2025-04-07T21:22:55.591644
1.0,0.4,49.0,0.0,0.22,99.78,50,2025-04-07T21:22:55.591645
1.0,0.4,50.0,0.0,0.22,99.78,50,2025-04-07T21:22:55.591646
1.0,0.4,51.0,0.0,0.22,99.78,50,2025-04-07T21:22:55.591647
1.0,0.4,52.0,0.0,0.22,99.78,50,2025-04-07T21:22:55.591648
1.0,0.4,53.0,0.0,0.22,99.78,50,2025-04-07T21:22:55.591649
1.0,0.4,54.0,0.0,0.22,99.78,50,2025-04-07T21:22:55.591650
1.0,0.4,55.0,0.0,0.22,99.78,50,2025-04-07T21:22:55.591651
1.0,0.4,56.0,0.0,0.22,99.78,50,2025-04-07T21:22:55.591652
1.0,0.4,57.0,0.0,0.22,99.78,50,2025-04-07T21:22:55.591653
1.0,0.4,58.0,0.0,0.22,99.78,50,2025-04-07T21:22:55.591655
1.0,0.4,59.0,0.0,0.22,99.78,50,2025-04-07T21:22:55.591656
1.0,0.4,60.0,0.0,0.22,99.78,50,2025-04-07T21:22:55.591657
1.0,0.4,61.0,0.0,0.22,99.78,50,2025-04-07T21:22:55.591658
1.0,0.4,62.0,0.0,0.22,99.78,50,2025-04-07T21:22:55.591659
1.0,0.4,63.0,0.0,0.22,99.78,50,2025-04-07T21:22:55.591660
1.0,0.4,64.0,0.0,0.22,99.78,50,2025-04-07T21:22:55.591661
1.0,0.4,65.0,0.0,0.22,99.78,50,2025-04-07T21:22:55.591662
1.0,0.4,66.0,0.0,0.22,99.78,50,2025-04-07T21:22:55.591663
1.0,0.4,67.0,0.0,0.22,99.78,50,2025-04-07T21:22:55.591664
1.0,0.4,68.0,0.0,0.22,99.78,50,2025-04-07T21:22:55.591665
1.0,0.4,69.0,0.0,0.22,99.78,50,2025-04-07T21:22:55.591666
1.0,0.4,70.0,0.0,0.22,99.78,50,2025-04-07T21:22:55.591667
1.0,0.4,71.0,0.0,0.22,99.78,50,2025-04-07T21:22:55.591668
1.0,0.4,72.0,0.0,0.22,99.78,50,2025-04-07T21:22:55.591669
1.0,0.4,73.0,0.0,0.22,99.78,50,2025-04-07T21:22:55.591670
1.0,0.4,74.0,0.0,0.22,99.78,50,2025-04-07T21:22:55.591671
1.0,0.4,75.0,0.0,0.22,99.78,50,2025-04-07T21:22:55.591672
1.0,0.4,76.0,0.0,0.22,99.78,50,2025-04-07T21:22:55.591673
1.0,0.4,77.0,0.0,0.22,99.78,50,2025-04-07T21:22:55.591675
1.0,0.4,78.0,0.0,0.22,99.78,50,2025-04-07T21:22:55.591676
1.0,0.4,79.0,0.0,0.22,99.78,50,2025-04-07T21:22:55.591677
1.0,0.4,80.0,0.0,0.22,99.78,50,2025-04-07T21:22:55.591678
1.0,0.4,81.0,0.0,0.22,99.78,50,2025-04-07T21:22:55.591679
1.0,0.4,82.0,0.0,0.22,99.78,50,2025-04-07T21:22:55.591680
1.0,0.4,83.0,0.0,0.22,99.78,50,2025-04-07T21:22:55.591681
1.0,0.4,84.0,0.0,0.22,99.78,50,2025-04-07T21:22:55.591682
1.0,0.4,85.0,0.0,0.22,99.78,50,2025-04-07T21:22:55.591683
1.0,0.4,86.0,0.0,0.22,99.78,50,2025-04-07T21:22:55.591684
1.0,0.4,87.0,0.0,0.22,99.78,50,2025-04-07T21:22:55.591685
1.0,0.4,88.0,0.0,0.22,99.78,50,2025-04-07T21:22:55.591686
1.0,0.4,89.0,0.0,0.22,99.78,50,2025-04-07T21:22:55.591687
1.0,0.4,90.0,0.0,0.22,99.78,50,2025-04-07T21:22:55.591688
1.0,0.4,91.0,0.0,0.22,99.78,50,2025-04-07T21:22:55.591689
1.0,0.4,92.0,0.0,0.22,99.78,50,2025-04-07T21:22:55.591690
1.0,0.4,93.0,0.0,0.22,99.78,50,2025-04-07T21:22:55.591691
1.0,0.4,94.0,0.0,0.22,99.78,50,2025-04-07T21:22:55.591692
1.0,0.4,95.0,0.0,0.22,99.78,50,2025-04-07T21:22:55.591692
1.0,0.4,96.0,0.0,0.22,99.78,50,2025-04-07T21:22:55.591693
1.0,0.4,97.0,0.0,0.22,99.78,50,2025-04-07T21:22:55.591694
1.0,0.4,98.0,0.0,0.22,99.78,50,2025-04-07T21:22:55.591695
1.0,0.4,99.0,0.0,0.22,99.78,50,2025-04-07T21:22:55.591696
1.0,0.4,100.0,0.0,0.22,99.78,50,2025-04-07T21:22:55.591697
1.0,0.5,0.0,95.0,5.0,0.0,50,2025-04-07T21:22:55.628225
1.0,0.5,1.0,0.0,61.12,38.88,50,2025-04-07T21:22:55.628230
1.0,0.5,2.0,0.0,37.4,62.6,50,2025-04-07T21:22:55.628232
1.0,0.5,3.0,0.0,22.46,77.54,50,2025-04-07T21:22:55.628233
1.0,0.5,4.0,0.0,13.34,86.66,50,2025-04-07T21:22:55.628234
1.0,0.5,5.0,0.0,7.8,92.2,50,2025-04-07T21:22:55.628235
1.0,0.5,6.0,0.0,4.26,95.74,50,2025-04-07T21:22:55.628236
1.0,0.5,7.0,0.0,2.28,97.72,50,2025-04-07T21:22:55.628237
1.0,0.5,8.0,0.0,1.46,98.54,50,2025-04-07T21:22:55.628238
1.0,0.5,9.0,0.0,0.74,99.26,50,2025-04-07T21:22:55.628239
1.0,0.5,10.0,0.0,0.38,99.62,50,2025-04-07T21:22:55.628240
1.0,0.5,11.0,0.0,0.28,99.72,50,2025-04-07T21:22:55.628241
1.0,0.5,12.0,0.0,0.22,99.78,50,2025-04-07T21:22:55.628242
1.0,0.5,13.0,0.0,0.2,99.8,50,2025-04-07T21:22:55.628243
1.0,0.5,14.0,0.0,0.2,99.8,50,2025-04-07T21:22:55.628244
1.0,0.5,15.0,0.0,0.2,99.8,50,2025-04-07T21:22:55.628245
1.0,0.5,16.0,0.0,0.18,99.82,50,2025-04-07T21:22:55.628246
1.0,0.5,17.0,0.0,0.18,99.82,50,2025-04-07T21:22:55.628248
1.0,0.5,18.0,0.0,0.18,99.82,50,2025-04-07T21:22:55.628249
1.0,0.5,19.0,0.0,0.18,99.82,50,2025-04-07T21:22:55.628250
1.0,0.5,20.0,0.0,0.18,99.82,50,2025-04-07T21:22:55.628251
1.0,0.5,21.0,0.0,0.18,99.82,50,2025-04-07T21:22:55.628252
1.0,0.5,22.0,0.0,0.18,99.82,50,2025-04-07T21:22:55.628253
1.0,0.5,23.0,0.0,0.18,99.82,50,2025-04-07T21:22:55.628254
1.0,0.5,24.0,0.0,0.18,99.82,50,2025-04-07T21:22:55.628255
1.0,0.5,25.0,0.0,0.18,99.82,50,2025-04-07T21:22:55.628256
1.0,0.5,26.0,0.0,0.18,99.82,50,2025-04-07T21:22:55.628257
1.0,0.5,27.0,0.0,0.18,99.82,50,2025-04-07T21:22:55.628258
1.0,0.5,28.0,0.0,0.18,99.82,50,2025-04-07T21:22:55.628259
1.0,0.5,29.0,0.0,0.18,99.82,50,2025-04-07T21:22:55.628260
1.0,0.5,30.0,0.0,0.18,99.82,50,2025-04-07T21:22:55.628261
1.0,0.5,31.0,0.0,0.18,99.82,50,2025-04-07T21:22:55.628262
1.0,0.5,32.0,0.0,0.18,99.82,50,2025-04-07T21:22:55.628263
1.0,0.5,33.0,0.0,0.18,99.82,50,2025-04-07T21:22:55.628264
1.0,0.5,34.0,0.0,0.18,99.82,50,2025-04-07T21:22:55.628265
1.0,0.5,35.0,0.0,0.18,99.82,50,2025-04-07T21:22:55.628266
1.0,0.5,36.0,0.0,0.18,99.82,50,2025-04-07T21:22:55.628267
1.0,0.5,37.0,0.0,0.18,99.82,50,2025-04-07T21:22:55.628268
1.0,0.5,38.0,0.0,0.18,99.82,50,2025-04-07T21:22:55.628269
1.0,0.5,39.0,0.0,0.18,99.82,50,2025-04-07T21:22:55.628270
1.0,0.5,40.0,0.0,0.18,99.82,50,2025-04-07T21:22:55.628271
1.0,0.5,41.0,0.0,0.18,99.82,50,2025-04-07T21:22:55.628272
1.0,0.5,42.0,0.0,0.18,99.82,50,2025-04-07T21:22:55.628273
1.0,0.5,43.0,0.0,0.18,99.82,50,2025-04-07T21:22:55.628274
1.0,0.5,44.0,0.0,0.18,99.82,50,2025-04-07T21:22:55.628275
1.0,0.5,45.0,0.0,0.18,99.82,50,2025-04-07T21:22:55.628276
1.0,0.5,46.0,0.0,0.18,99.82,50,2025-04-07T21:22:55.628277
1.0,0.5,47.0,0.0,0.18,99.82,50,2025-04-07T21:22:55.628278
1.0,0.5,48.0,0.0,0.18,99.82,50,2025-04-07T21:22:55.628279
1.0,0.5,49.0,0.0,0.18,99.82,50,2025-04-07T21:22:55.628280
1.0,0.5,50.0,0.0,0.18,99.82,50,2025-04-07T21:22:55.628281
1.0,0.5,51.0,0.0,0.18,99.82,50,2025-04-07T21:22:55.628282
1.0,0.5,52.0,0.0,0.18,99.82,50,2025-04-07T21:22:55.628283
1.0,0.5,53.0,0.0,0.18,99.82,50,2025-04-07T21:22:55.628284
1.0,0.5,54.0,0.0,0.18,99.82,50,2025-04-07T21:22:55.628285
1.0,0.5,55.0,0.0,0.18,99.82,50,2025-04-07T21:22:55.628286
1.0,0.5,56.0,0.0,0.18,99.82,50,2025-04-07T21:22:55.628287
1.0,0.5,57.0,0.0,0.18,99.82,50,2025-04-07T21:22:55.628288
1.0,0.5,58.0,0.0,0.18,99.82,50,2025-04-07T21:22:55.628289
1.0,0.5,59.0,0.0,0.18,99.82,50,2025-04-07T21:22:55.628290
1.0,0.5,60.0,0.0,0.18,99.82,50,2025-04-07T21:22:55.628291
1.0,0.5,61.0,0.0,0.18,99.82,50,2025-04-07T21:22:55.628292
1.0,0.5,62.0,0.0,0.18,99.82,50,2025-04-07T21:22:55.628293
1.0,0.5,63.0,0.0,0.18,99.82,50,2025-04-07T21:22:55.628299
1.0,0.5,64.0,0.0,0.18,99.82,50,2025-04-07T21:22:55.628300
1.0,0.5,65.0,0.0,0.18,99.82,50,2025-04-07T21:22:55.628301
1.0,0.5,66.0,0.0,0.18,99.82,50,2025-04-07T21:22:55.628302
1.0,0.5,67.0,0.0,0.18,99.82,50,2025-04-07T21:22:55.628303
1.0,0.5,68.0,0.0,0.18,99.82,50,2025-04-07T21:22:55.628304
1.0,0.5,69.0,0.0,0.18,99.82,50,2025-04-07T21:22:55.628305
1.0,0.5,70.0,0.0,0.18,99.82,50,2025-04-07T21:22:55.628306
1.0,0.5,71.0,0.0,0.18,99.82,50,2025-04-07T21:22:55.628307
1.0,0.5,72.0,0.0,0.18,99.82,50,2025-04-07T21:22:55.628308
1.0,0.5,73.0,0.0,0.18,99.82,50,2025-04-07T21:22:55.628309
1.0,0.5,74.0,0.0,0.18,99.82,50,2025-04-07T21:22:55.628310
1.0,0.5,75.0,0.0,0.18,99.82,50,2025-04-07T21:22:55.628311
1.0,0.5,76.0,0.0,0.18,99.82,50,2025-04-07T21:22:55.628312
1.0,0.5,77.0,0.0,0.18,99.82,50,2025-04-07T21:22:55.628313
1.0,0.5,78.0,0.0,0.18,99.82,50,2025-04-07T21:22:55.628314
1.0,0.5,79.0,0.0,0.18,99.82,50,2025-04-07T21:22:55.628315
1.0,0.5,80.0,0.0,0.18,99.82,50,2025-04-07T21:22:55.628316
1.0,0.5,81.0,0.0,0.18,99.82,50,2025-04-07T21:22:55.628317
1.0,0.5,82.0,0.0,0.18,99.82,50,2025-04-07T21:22:55.628318
1.0,0.5,83.0,0.0,0.18,99.82,50,2025-04-07T21:22:55.628319
1.0,0.5,84.0,0.0,0.18,99.82,50,2025-04-07T21:22:55.628320
1.0,0.5,85.0,0.0,0.18,99.82,50,2025-04-07T21:22:55.628321
1.0,0.5,86.0,0.0,0.18,99.82,50,2025-04-07T21:22:55.628322
1.0,0.5,87.0,0.0,0.18,99.82,50,2025-04-07T21:22:55.628323
1.0,0.5,88.0,0.0,0.18,99.82,50,2025-04-07T21:22:55.628324
1.0,0.5,89.0,0.0,0.18,99.82,50,2025-04-07T21:22:55.628325
1.0,0.5,90.0,0.0,0.18,99.82,50,2025-04-07T21:22:55.628326
1.0,0.5,91.0,0.0,0.18,99.82,50,2025-04-07T21:22:55.628327
1.0,0.5,92.0,0.0,0.18,99.82,50,2025-04-07T21:22:55.628328
1.0,0.5,93.0,0.0,0.18,99.82,50,2025-04-07T21:22:55.628329
1.0,0.5,94.0,0.0,0.18,99.82,50,2025-04-07T21:22:55.628330
1.0,0.5,95.0,0.0,0.18,99.82,50,2025-04-07T21:22:55.628331
1.0,0.5,96.0,0.0,0.18,99.82,50,2025-04-07T21:22:55.628332
1.0,0.5,97.0,0.0,0.18,99.82,50,2025-04-07T21:22:55.628333
1.0,0.5,98.0,0.0,0.18,99.82,50,2025-04-07T21:22:55.628334
1.0,0.5,99.0,0.0,0.18,99.82,50,2025-04-07T21:22:55.628335
1.0,0.5,100.0,0.0,0.18,99.82,50,2025-04-07T21:22:55.628336
1.0,0.6,0.0,95.0,5.0,0.0,50,2025-04-07T21:22:55.664998
1.0,0.6,1.0,0.0,54.66,45.34,50,2025-04-07T21:22:55.665004
1.0,0.6,2.0,0.0,29.6,70.4,50,2025-04-07T21:22:55.665005
1.0,0.6,3.0,0.0,15.62,84.38,50,2025-04-07T21:22:55.665007
1.0,0.6,4.0,0.0,7.66,92.34,50,2025-04-07T21:22:55.665008
1.0,0.6,5.0,0.0,3.5,96.5,50,2025-04-07T21:22:55.665009
1.0,0.6,6.0,0.0,1.44,98.56,50,2025-04-07T21:22:55.665010
1.0,0.6,7.0,0.0,0.88,99.12,50,2025-04-07T21:22:55.665011
1.0,0.6,8.0,0.0,0.62,99.38,50,2025-04-07T21:22:55.665012
1.0,0.6,9.0,0.0,0.58,99.42,50,2025-04-07T21:22:55.665013
1.0,0.6,10.0,0.0,0.58,99.42,50,2025-04-07T21:22:55.665014
1.0,0.6,11.0,0.0,0.58,99.42,50,2025-04-07T21:22:55.665016
1.0,0.6,12.0,0.0,0.56,99.44,50,2025-04-07T21:22:55.665017
1.0,0.6,13.0,0.0,0.56,99.44,50,2025-04-07T21:22:55.665018
1.0,0.6,14.0,0.0,0.56,99.44,50,2025-04-07T21:22:55.665019
1.0,0.6,15.0,0.0,0.56,99.44,50,2025-04-07T21:22:55.665020
1.0,0.6,16.0,0.0,0.56,99.44,50,2025-04-07T21:22:55.665021
1.0,0.6,17.0,0.0,0.56,99.44,50,2025-04-07T21:22:55.665022
1.0,0.6,18.0,0.0,0.56,99.44,50,2025-04-07T21:22:55.665023
1.0,0.6,19.0,0.0,0.56,99.44,50,2025-04-07T21:22:55.665024
1.0,0.6,20.0,0.0,0.56,99.44,50,2025-04-07T21:22:55.665025
1.0,0.6,21.0,0.0,0.56,99.44,50,2025-04-07T21:22:55.665026
1.0,0.6,22.0,0.0,0.56,99.44,50,2025-04-07T21:22:55.665027
1.0,0.6,23.0,0.0,0.56,99.44,50,2025-04-07T21:22:55.665028
1.0,0.6,24.0,0.0,0.56,99.44,50,2025-04-07T21:22:55.665029
1.0,0.6,25.0,0.0,0.56,99.44,50,2025-04-07T21:22:55.665030
1.0,0.6,26.0,0.0,0.56,99.44,50,2025-04-07T21:22:55.665031
1.0,0.6,27.0,0.0,0.56,99.44,50,2025-04-07T21:22:55.665032
1.0,0.6,28.0,0.0,0.56,99.44,50,2025-04-07T21:22:55.665033
1.0,0.6,29.0,0.0,0.56,99.44,50,2025-04-07T21:22:55.665034
1.0,0.6,30.0,0.0,0.56,99.44,50,2025-04-07T21:22:55.665036
1.0,0.6,31.0,0.0,0.56,99.44,50,2025-04-07T21:22:55.665037
1.0,0.6,32.0,0.0,0.56,99.44,50,2025-04-07T21:22:55.665038
1.0,0.6,33.0,0.0,0.56,99.44,50,2025-04-07T21:22:55.665039
1.0,0.6,34.0,0.0,0.56,99.44,50,2025-04-07T21:22:55.665040
1.0,0.6,35.0,0.0,0.56,99.44,50,2025-04-07T21:22:55.665041
1.0,0.6,36.0,0.0,0.56,99.44,50,2025-04-07T21:22:55.665042
1.0,0.6,37.0,0.0,0.56,99.44,50,2025-04-07T21:22:55.665043
1.0,0.6,38.0,0.0,0.56,99.44,50,2025-04-07T21:22:55.665044
1.0,0.6,39.0,0.0,0.56,99.44,50,2025-04-07T21:22:55.665045
1.0,0.6,40.0,0.0,0.56,99.44,50,2025-04-07T21:22:55.665056
1.0,0.6,41.0,0.0,0.56,99.44,50,2025-04-07T21:22:55.665058
1.0,0.6,42.0,0.0,0.56,99.44,50,2025-04-07T21:22:55.665059
1.0,0.6,43.0,0.0,0.56,99.44,50,2025-04-07T21:22:55.665060
1.0,0.6,44.0,0.0,0.56,99.44,50,2025-04-07T21:22:55.665061
1.0,0.6,45.0,0.0,0.56,99.44,50,2025-04-07T21:22:55.665062
1.0,0.6,46.0,0.0,0.56,99.44,50,2025-04-07T21:22:55.665063
1.0,0.6,47.0,0.0,0.56,99.44,50,2025-04-07T21:22:55.665064
1.0,0.6,48.0,0.0,0.56,99.44,50,2025-04-07T21:22:55.665065
1.0,0.6,49.0,0.0,0.56,99.44,50,2025-04-07T21:22:55.665066
1.0,0.6,50.0,0.0,0.56,99.44,50,2025-04-07T21:22:55.665067
1.0,0.6,51.0,0.0,0.56,99.44,50,2025-04-07T21:22:55.665068
1.0,0.6,52.0,0.0,0.56,99.44,50,2025-04-07T21:22:55.665069
1.0,0.6,53.0,0.0,0.56,99.44,50,2025-04-07T21:22:55.665070
1.0,0.6,54.0,0.0,0.56,99.44,50,2025-04-07T21:22:55.665071
1.0,0.6,55.0,0.0,0.56,99.44,50,2025-04-07T21:22:55.665072
1.0,0.6,56.0,0.0,0.56,99.44,50,2025-04-07T21:22:55.665073
1.0,0.6,57.0,0.0,0.56,99.44,50,2025-04-07T21:22:55.665074
1.0,0.6,58.0,0.0,0.56,99.44,50,2025-04-07T21:22:55.665075
1.0,0.6,59.0,0.0,0.56,99.44,50,2025-04-07T21:22:55.665076
1.0,0.6,60.0,0.0,0.56,99.44,50,2025-04-07T21:22:55.665077
1.0,0.6,61.0,0.0,0.56,99.44,50,2025-04-07T21:22:55.665078
1.0,0.6,62.0,0.0,0.56,99.44,50,2025-04-07T21:22:55.665079
1.0,0.6,63.0,0.0,0.56,99.44,50,2025-04-07T21:22:55.665080
1.0,0.6,64.0,0.0,0.56,99.44,50,2025-04-07T21:22:55.665081
1.0,0.6,65.0,0.0,0.56,99.44,50,2025-04-07T21:22:55.665082
1.0,0.6,66.0,0.0,0.56,99.44,50,2025-04-07T21:22:55.665083
1.0,0.6,67.0,0.0,0.56,99.44,50,2025-04-07T21:22:55.665084
1.0,0.6,68.0,0.0,0.56,99.44,50,2025-04-07T21:22:55.665085
1.0,0.6,69.0,0.0,0.56,99.44,50,2025-04-07T21:22:55.665087
1.0,0.6,70.0,0.0,0.56,99.44,50,2025-04-07T21:22:55.665087
1.0,0.6,71.0,0.0,0.56,99.44,50,2025-04-07T21:22:55.665089
1.0,0.6,72.0,0.0,0.56,99.44,50,2025-04-07T21:22:55.665090
1.0,0.6,73.0,0.0,0.56,99.44,50,2025-04-07T21:22:55.665091
1.0,0.6,74.0,0.0,0.56,99.44,50,2025-04-07T21:22:55.665092
1.0,0.6,75.0,0.0,0.56,99.44,50,2025-04-07T21:22:55.665093
1.0,0.6,76.0,0.0,0.56,99.44,50,2025-04-07T21:22:55.665094
1.0,0.6,77.0,0.0,0.56,99.44,50,2025-04-07T21:22:55.665095
1.0,0.6,78.0,0.0,0.56,99.44,50,2025-04-07T21:22:55.665096
1.0,0.6,79.0,0.0,0.56,99.44,50,2025-04-07T21:22:55.665097
1.0,0.6,80.0,0.0,0.56,99.44,50,2025-04-07T21:22:55.665098
1.0,0.6,81.0,0.0,0.56,99.44,50,2025-04-07T21:22:55.665099
1.0,0.6,82.0,0.0,0.56,99.44,50,2025-04-07T21:22:55.665100
1.0,0.6,83.0,0.0,0.56,99.44,50,2025-04-07T21:22:55.665101
1.0,0.6,84.0,0.0,0.56,99.44,50,2025-04-07T21:22:55.665102
1.0,0.6,85.0,0.0,0.56,99.44,50,2025-04-07T21:22:55.665103
1.0,0.6,86.0,0.0,0.56,99.44,50,2025-04-07T21:22:55.665104
1.0,0.6,87.0,0.0,0.56,99.44,50,2025-04-07T21:22:55.665105
1.0,0.6,88.0,0.0,0.56,99.44,50,2025-04-07T21:22:55.665106
1.0,0.6,89.0,0.0,0.56,99.44,50,2025-04-07T21:22:55.665107
1.0,0.6,90.0,0.0,0.56,99.44,50,2025-04-07T21:22:55.665108
1.0,0.6,91.0,0.0,0.56,99.44,50,2025-04-07T21:22:55.665109
1.0,0.6,92.0,0.0,0.56,99.44,50,2025-04-07T21:22:55.665110
1.0,0.6,93.0,0.0,0.56,99.44,50,2025-04-07T21:22:55.665111
1.0,0.6,94.0,0.0,0.56,99.44,50,2025-04-07T21:22:55.665112
1.0,0.6,95.0,0.0,0.56,99.44,50,2025-04-07T21:22:55.665113
1.0,0.6,96.0,0.0,0.56,99.44,50,2025-04-07T21:22:55.665114
1.0,0.6,97.0,0.0,0.56,99.44,50,2025-04-07T21:22:55.665115
1.0,0.6,98.0,0.0,0.56,99.44,50,2025-04-07T21:22:55.665116
1.0,0.6,99.0,0.0,0.56,99.44,50,2025-04-07T21:22:55.665117
1.0,0.6,100.0,0.0,0.56,99.44,50,2025-04-07T21:22:55.665118
1.0,0.7000000000000001,0.0,95.0,5.0,0.0,50,2025-04-07T21:22:55.701486
1.0,0.7000000000000001,1.0,0.0,49.94,50.06,50,2025-04-07T21:22:55.701492
1.0,0.7000000000000001,2.0,0.0,23.42,76.58,50,2025-04-07T21:22:55.701494
1.0,0.7000000000000001,3.0,0.0,10.74,89.26,50,2025-04-07T21:22:55.701495
1.0,0.7000000000000001,4.0,0.0,5.16,94.84,50,2025-04-07T21:22:55.701496
1.0,0.7000000000000001,5.0,0.0,2.14,97.86,50,2025-04-07T21:22:55.701497
1.0,0.7000000000000001,6.0,0.0,1.04,98.96,50,2025-04-07T21:22:55.701498
1.0,0.7000000000000001,7.0,0.0,0.66,99.34,50,2025-04-07T21:22:55.701499
1.0,0.7000000000000001,8.0,0.0,0.56,99.44,50,2025-04-07T21:22:55.701500
1.0,0.7000000000000001,9.0,0.0,0.56,99.44,50,2025-04-07T21:22:55.701501
1.0,0.7000000000000001,10.0,0.0,0.56,99.44,50,2025-04-07T21:22:55.701502
1.0,0.7000000000000001,11.0,0.0,0.56,99.44,50,2025-04-07T21:22:55.701503
1.0,0.7000000000000001,12.0,0.0,0.56,99.44,50,2025-04-07T21:22:55.701505
1.0,0.7000000000000001,13.0,0.0,0.56,99.44,50,2025-04-07T21:22:55.701506
1.0,0.7000000000000001,14.0,0.0,0.56,99.44,50,2025-04-07T21:22:55.701507
1.0,0.7000000000000001,15.0,0.0,0.56,99.44,50,2025-04-07T21:22:55.701508
1.0,0.7000000000000001,16.0,0.0,0.56,99.44,50,2025-04-07T21:22:55.701509
1.0,0.7000000000000001,17.0,0.0,0.56,99.44,50,2025-04-07T21:22:55.701510
1.0,0.7000000000000001,18.0,0.0,0.56,99.44,50,2025-04-07T21:22:55.701511
1.0,0.7000000000000001,19.0,0.0,0.56,99.44,50,2025-04-07T21:22:55.701512
1.0,0.7000000000000001,20.0,0.0,0.56,99.44,50,2025-04-07T21:22:55.701513
1.0,0.7000000000000001,21.0,0.0,0.56,99.44,50,2025-04-07T21:22:55.701514
1.0,0.7000000000000001,22.0,0.0,0.56,99.44,50,2025-04-07T21:22:55.701515
1.0,0.7000000000000001,23.0,0.0,0.56,99.44,50,2025-04-07T21:22:55.701516
1.0,0.7000000000000001,24.0,0.0,0.56,99.44,50,2025-04-07T21:22:55.701517
1.0,0.7000000000000001,25.0,0.0,0.56,99.44,50,2025-04-07T21:22:55.701525
1.0,0.7000000000000001,26.0,0.0,0.56,99.44,50,2025-04-07T21:22:55.701526
1.0,0.7000000000000001,27.0,0.0,0.56,99.44,50,2025-04-07T21:22:55.701527
1.0,0.7000000000000001,28.0,0.0,0.56,99.44,50,2025-04-07T21:22:55.701528
1.0,0.7000000000000001,29.0,0.0,0.56,99.44,50,2025-04-07T21:22:55.701529
1.0,0.7000000000000001,30.0,0.0,0.56,99.44,50,2025-04-07T21:22:55.701530
1.0,0.7000000000000001,31.0,0.0,0.56,99.44,50,2025-04-07T21:22:55.701531
1.0,0.7000000000000001,32.0,0.0,0.56,99.44,50,2025-04-07T21:22:55.701533
1.0,0.7000000000000001,33.0,0.0,0.56,99.44,50,2025-04-07T21:22:55.701534
1.0,0.7000000000000001,34.0,0.0,0.56,99.44,50,2025-04-07T21:22:55.701535
1.0,0.7000000000000001,35.0,0.0,0.56,99.44,50,2025-04-07T21:22:55.701536
1.0,0.7000000000000001,36.0,0.0,0.56,99.44,50,2025-04-07T21:22:55.701537
1.0,0.7000000000000001,37.0,0.0,0.56,99.44,50,2025-04-07T21:22:55.701538
1.0,0.7000000000000001,38.0,0.0,0.56,99.44,50,2025-04-07T21:22:55.701539
1.0,0.7000000000000001,39.0,0.0,0.56,99.44,50,2025-04-07T21:22:55.701540
1.0,0.7000000000000001,40.0,0.0,0.56,99.44,50,2025-04-07T21:22:55.701541
1.0,0.7000000000000001,41.0,0.0,0.56,99.44,50,2025-04-07T21:22:55.701542
1.0,0.7000000000000001,42.0,0.0,0.56,99.44,50,2025-04-07T21:22:55.701543
1.0,0.7000000000000001,43.0,0.0,0.56,99.44,50,2025-04-07T21:22:55.701544
1.0,0.7000000000000001,44.0,0.0,0.56,99.44,50,2025-04-07T21:22:55.701545
1.0,0.7000000000000001,45.0,0.0,0.56,99.44,50,2025-04-07T21:22:55.701546
1.0,0.7000000000000001,46.0,0.0,0.56,99.44,50,2025-04-07T21:22:55.701547
1.0,0.7000000000000001,47.0,0.0,0.56,99.44,50,2025-04-07T21:22:55.701548
1.0,0.7000000000000001,48.0,0.0,0.56,99.44,50,2025-04-07T21:22:55.701549
1.0,0.7000000000000001,49.0,0.0,0.56,99.44,50,2025-04-07T21:22:55.701550
1.0,0.7000000000000001,50.0,0.0,0.56,99.44,50,2025-04-07T21:22:55.701551
1.0,0.7000000000000001,51.0,0.0,0.56,99.44,50,2025-04-07T21:22:55.701552
1.0,0.7000000000000001,52.0,0.0,0.56,99.44,50,2025-04-07T21:22:55.701553
1.0,0.7000000000000001,53.0,0.0,0.56,99.44,50,2025-04-07T21:22:55.701554
1.0,0.7000000000000001,54.0,0.0,0.56,99.44,50,2025-04-07T21:22:55.701555
1.0,0.7000000000000001,55.0,0.0,0.56,99.44,50,2025-04-07T21:22:55.701557
1.0,0.7000000000000001,56.0,0.0,0.56,99.44,50,2025-04-07T21:22:55.701558
1.0,0.7000000000000001,57.0,0.0,0.56,99.44,50,2025-04-07T21:22:55.701559
1.0,0.7000000000000001,58.0,0.0,0.56,99.44,50,2025-04-07T21:22:55.701560
1.0,0.7000000000000001,59.0,0.0,0.56,99.44,50,2025-04-07T21:22:55.701561
1.0,0.7000000000000001,60.0,0.0,0.56,99.44,50,2025-04-07T21:22:55.701562
1.0,0.7000000000000001,61.0,0.0,0.56,99.44,50,2025-04-07T21:22:55.701563
1.0,0.7000000000000001,62.0,0.0,0.56,99.44,50,2025-04-07T21:22:55.701566
1.0,0.7000000000000001,63.0,0.0,0.56,99.44,50,2025-04-07T21:22:55.701567
1.0,0.7000000000000001,64.0,0.0,0.56,99.44,50,2025-04-07T21:22:55.701568
1.0,0.7000000000000001,65.0,0.0,0.56,99.44,50,2025-04-07T21:22:55.701569
1.0,0.7000000000000001,66.0,0.0,0.56,99.44,50,2025-04-07T21:22:55.701570
1.0,0.7000000000000001,67.0,0.0,0.56,99.44,50,2025-04-07T21:22:55.701571
1.0,0.7000000000000001,68.0,0.0,0.56,99.44,50,2025-04-07T21:22:55.701572
1.0,0.7000000000000001,69.0,0.0,0.56,99.44,50,2025-04-07T21:22:55.701573
1.0,0.7000000000000001,70.0,0.0,0.56,99.44,50,2025-04-07T21:22:55.701574
1.0,0.7000000000000001,71.0,0.0,0.56,99.44,50,2025-04-07T21:22:55.701575
1.0,0.7000000000000001,72.0,0.0,0.56,99.44,50,2025-04-07T21:22:55.701576
1.0,0.7000000000000001,73.0,0.0,0.56,99.44,50,2025-04-07T21:22:55.701577
1.0,0.7000000000000001,74.0,0.0,0.56,99.44,50,2025-04-07T21:22:55.701578
1.0,0.7000000000000001,75.0,0.0,0.56,99.44,50,2025-04-07T21:22:55.701579
1.0,0.7000000000000001,76.0,0.0,0.56,99.44,50,2025-04-07T21:22:55.701580
1.0,0.7000000000000001,77.0,0.0,0.56,99.44,50,2025-04-07T21:22:55.701581
1.0,0.7000000000000001,78.0,0.0,0.56,99.44,50,2025-04-07T21:22:55.701583
1.0,0.7000000000000001,79.0,0.0,0.56,99.44,50,2025-04-07T21:22:55.701584
1.0,0.7000000000000001,80.0,0.0,0.56,99.44,50,2025-04-07T21:22:55.701585
1.0,0.7000000000000001,81.0,0.0,0.56,99.44,50,2025-04-07T21:22:55.701586
1.0,0.7000000000000001,82.0,0.0,0.56,99.44,50,2025-04-07T21:22:55.701587
1.0,0.7000000000000001,83.0,0.0,0.56,99.44,50,2025-04-07T21:22:55.701588
1.0,0.7000000000000001,84.0,0.0,0.56,99.44,50,2025-04-07T21:22:55.701589
1.0,0.7000000000000001,85.0,0.0,0.56,99.44,50,2025-04-07T21:22:55.701590
1.0,0.7000000000000001,86.0,0.0,0.56,99.44,50,2025-04-07T21:22:55.701591
1.0,0.7000000000000001,87.0,0.0,0.56,99.44,50,2025-04-07T21:22:55.701592
1.0,0.7000000000000001,88.0,0.0,0.56,99.44,50,2025-04-07T21:22:55.701593
1.0,0.7000000000000001,89.0,0.0,0.56,99.44,50,2025-04-07T21:22:55.701594
1.0,0.7000000000000001,90.0,0.0,0.56,99.44,50,2025-04-07T21:22:55.701595
1.0,0.7000000000000001,91.0,0.0,0.56,99.44,50,2025-04-07T21:22:55.701596
1.0,0.7000000000000001,92.0,0.0,0.56,99.44,50,2025-04-07T21:22:55.701597
1.0,0.7000000000000001,93.0,0.0,0.56,99.44,50,2025-04-07T21:22:55.701598
1.0,0.7000000000000001,94.0,0.0,0.56,99.44,50,2025-04-07T21:22:55.701599
1.0,0.7000000000000001,95.0,0.0,0.56,99.44,50,2025-04-07T21:22:55.701601
1.0,0.7000000000000001,96.0,0.0,0.56,99.44,50,2025-04-07T21:22:55.701603
1.0,0.7000000000000001,97.0,0.0,0.56,99.44,50,2025-04-07T21:22:55.701604
1.0,0.7000000000000001,98.0,0.0,0.56,99.44,50,2025-04-07T21:22:55.701605
1.0,0.7000000000000001,99.0,0.0,0.56,99.44,50,2025-04-07T21:22:55.701606
1.0,0.7000000000000001,100.0,0.0,0.56,99.44,50,2025-04-07T21:22:55.701607
1.0,0.8,0.0,95.0,5.0,0.0,50,2025-04-07T21:22:55.738540
1.0,0.8,1.0,0.0,45.44,54.56,50,2025-04-07T21:22:55.738547
1.0,0.8,2.0,0.0,19.92,80.08,50,2025-04-07T21:22:55.738548
1.0,0.8,3.0,0.0,8.36,91.64,50,2025-04-07T21:22:55.738549
1.0,0.8,4.0,0.0,3.2,96.8,50,2025-04-07T21:22:55.738550
1.0,0.8,5.0,0.0,1.34,98.66,50,2025-04-07T21:22:55.738551
1.0,0.8,6.0,0.0,0.68,99.32,50,2025-04-07T21:22:55.738552
1.0,0.8,7.0,0.0,0.54,99.46,50,2025-04-07T21:22:55.738554
1.0,0.8,8.0,0.0,0.48,99.52,50,2025-04-07T21:22:55.738555
1.0,0.8,9.0,0.0,0.48,99.52,50,2025-04-07T21:22:55.738556
1.0,0.8,10.0,0.0,0.48,99.52,50,2025-04-07T21:22:55.738557
1.0,0.8,11.0,0.0,0.48,99.52,50,2025-04-07T21:22:55.738558
1.0,0.8,12.0,0.0,0.48,99.52,50,2025-04-07T21:22:55.738559
1.0,0.8,13.0,0.0,0.48,99.52,50,2025-04-07T21:22:55.738560
1.0,0.8,14.0,0.0,0.48,99.52,50,2025-04-07T21:22:55.738561
1.0,0.8,15.0,0.0,0.48,99.52,50,2025-04-07T21:22:55.738562
1.0,0.8,16.0,0.0,0.48,99.52,50,2025-04-07T21:22:55.738563
1.0,0.8,17.0,0.0,0.48,99.52,50,2025-04-07T21:22:55.738564
1.0,0.8,18.0,0.0,0.48,99.52,50,2025-04-07T21:22:55.738565
1.0,0.8,19.0,0.0,0.48,99.52,50,2025-04-07T21:22:55.738566
1.0,0.8,20.0,0.0,0.48,99.52,50,2025-04-07T21:22:55.738567
1.0,0.8,21.0,0.0,0.48,99.52,50,2025-04-07T21:22:55.738568
1.0,0.8,22.0,0.0,0.48,99.52,50,2025-04-07T21:22:55.738569
1.0,0.8,23.0,0.0,0.48,99.52,50,2025-04-07T21:22:55.738570
1.0,0.8,24.0,0.0,0.48,99.52,50,2025-04-07T21:22:55.738571
1.0,0.8,25.0,0.0,0.48,99.52,50,2025-04-07T21:22:55.738572
1.0,0.8,26.0,0.0,0.48,99.52,50,2025-04-07T21:22:55.738573
1.0,0.8,27.0,0.0,0.48,99.52,50,2025-04-07T21:22:55.738573
1.0,0.8,28.0,0.0,0.48,99.52,50,2025-04-07T21:22:55.738575
1.0,0.8,29.0,0.0,0.48,99.52,50,2025-04-07T21:22:55.738576
1.0,0.8,30.0,0.0,0.48,99.52,50,2025-04-07T21:22:55.738577
1.0,0.8,31.0,0.0,0.48,99.52,50,2025-04-07T21:22:55.738578
1.0,0.8,32.0,0.0,0.48,99.52,50,2025-04-07T21:22:55.738579
1.0,0.8,33.0,0.0,0.48,99.52,50,2025-04-07T21:22:55.738580
1.0,0.8,34.0,0.0,0.48,99.52,50,2025-04-07T21:22:55.738581
1.0,0.8,35.0,0.0,0.48,99.52,50,2025-04-07T21:22:55.738582
1.0,0.8,36.0,0.0,0.48,99.52,50,2025-04-07T21:22:55.738583
1.0,0.8,37.0,0.0,0.48,99.52,50,2025-04-07T21:22:55.738584
1.0,0.8,38.0,0.0,0.48,99.52,50,2025-04-07T21:22:55.738585
1.0,0.8,39.0,0.0,0.48,99.52,50,2025-04-07T21:22:55.738586
1.0,0.8,40.0,0.0,0.48,99.52,50,2025-04-07T21:22:55.738587
1.0,0.8,41.0,0.0,0.48,99.52,50,2025-04-07T21:22:55.738588
1.0,0.8,42.0,0.0,0.48,99.52,50,2025-04-07T21:22:55.738589
1.0,0.8,43.0,0.0,0.48,99.52,50,2025-04-07T21:22:55.738590
1.0,0.8,44.0,0.0,0.48,99.52,50,2025-04-07T21:22:55.738591
1.0,0.8,45.0,0.0,0.48,99.52,50,2025-04-07T21:22:55.738592
1.0,0.8,46.0,0.0,0.48,99.52,50,2025-04-07T21:22:55.738593
1.0,0.8,47.0,0.0,0.48,99.52,50,2025-04-07T21:22:55.738594
1.0,0.8,48.0,0.0,0.48,99.52,50,2025-04-07T21:22:55.738595
1.0,0.8,49.0,0.0,0.48,99.52,50,2025-04-07T21:22:55.738596
1.0,0.8,50.0,0.0,0.48,99.52,50,2025-04-07T21:22:55.738597
1.0,0.8,51.0,0.0,0.48,99.52,50,2025-04-07T21:22:55.738598
1.0,0.8,52.0,0.0,0.48,99.52,50,2025-04-07T21:22:55.738599
1.0,0.8,53.0,0.0,0.48,99.52,50,2025-04-07T21:22:55.738600
1.0,0.8,54.0,0.0,0.48,99.52,50,2025-04-07T21:22:55.738601
1.0,0.8,55.0,0.0,0.48,99.52,50,2025-04-07T21:22:55.738602
1.0,0.8,56.0,0.0,0.48,99.52,50,2025-04-07T21:22:55.738603
1.0,0.8,57.0,0.0,0.48,99.52,50,2025-04-07T21:22:55.738604
1.0,0.8,58.0,0.0,0.48,99.52,50,2025-04-07T21:22:55.738605
1.0,0.8,59.0,0.0,0.48,99.52,50,2025-04-07T21:22:55.738606
1.0,0.8,60.0,0.0,0.48,99.52,50,2025-04-07T21:22:55.738607
1.0,0.8,61.0,0.0,0.48,99.52,50,2025-04-07T21:22:55.738608
1.0,0.8,62.0,0.0,0.48,99.52,50,2025-04-07T21:22:55.738609
1.0,0.8,63.0,0.0,0.48,99.52,50,2025-04-07T21:22:55.738610
1.0,0.8,64.0,0.0,0.48,99.52,50,2025-04-07T21:22:55.738611
1.0,0.8,65.0,0.0,0.48,99.52,50,2025-04-07T21:22:55.738612
1.0,0.8,66.0,0.0,0.48,99.52,50,2025-04-07T21:22:55.738613
1.0,0.8,67.0,0.0,0.48,99.52,50,2025-04-07T21:22:55.738614
1.0,0.8,68.0,0.0,0.48,99.52,50,2025-04-07T21:22:55.738615
1.0,0.8,69.0,0.0,0.48,99.52,50,2025-04-07T21:22:55.738616
1.0,0.8,70.0,0.0,0.48,99.52,50,2025-04-07T21:22:55.738617
1.0,0.8,71.0,0.0,0.48,99.52,50,2025-04-07T21:22:55.738618
1.0,0.8,72.0,0.0,0.48,99.52,50,2025-04-07T21:22:55.738619
1.0,0.8,73.0,0.0,0.48,99.52,50,2025-04-07T21:22:55.738620
1.0,0.8,74.0,0.0,0.48,99.52,50,2025-04-07T21:22:55.738621
1.0,0.8,75.0,0.0,0.48,99.52,50,2025-04-07T21:22:55.738622
1.0,0.8,76.0,0.0,0.48,99.52,50,2025-04-07T21:22:55.738623
1.0,0.8,77.0,0.0,0.48,99.52,50,2025-04-07T21:22:55.738624
1.0,0.8,78.0,0.0,0.48,99.52,50,2025-04-07T21:22:55.738625
1.0,0.8,79.0,0.0,0.48,99.52,50,2025-04-07T21:22:55.738626
1.0,0.8,80.0,0.0,0.48,99.52,50,2025-04-07T21:22:55.738627
1.0,0.8,81.0,0.0,0.48,99.52,50,2025-04-07T21:22:55.738628
1.0,0.8,82.0,0.0,0.48,99.52,50,2025-04-07T21:22:55.738629
1.0,0.8,83.0,0.0,0.48,99.52,50,2025-04-07T21:22:55.738630
1.0,0.8,84.0,0.0,0.48,99.52,50,2025-04-07T21:22:55.738631
1.0,0.8,85.0,0.0,0.48,99.52,50,2025-04-07T21:22:55.738632
1.0,0.8,86.0,0.0,0.48,99.52,50,2025-04-07T21:22:55.738633
1.0,0.8,87.0,0.0,0.48,99.52,50,2025-04-07T21:22:55.738634
1.0,0.8,88.0,0.0,0.48,99.52,50,2025-04-07T21:22:55.738645
1.0,0.8,89.0,0.0,0.48,99.52,50,2025-04-07T21:22:55.738646
1.0,0.8,90.0,0.0,0.48,99.52,50,2025-04-07T21:22:55.738647
1.0,0.8,91.0,0.0,0.48,99.52,50,2025-04-07T21:22:55.738648
1.0,0.8,92.0,0.0,0.48,99.52,50,2025-04-07T21:22:55.738649
1.0,0.8,93.0,0.0,0.48,99.52,50,2025-04-07T21:22:55.738650
1.0,0.8,94.0,0.0,0.48,99.52,50,2025-04-07T21:22:55.738651
1.0,0.8,95.0,0.0,0.48,99.52,50,2025-04-07T21:22:55.738652
1.0,0.8,96.0,0.0,0.48,99.52,50,2025-04-07T21:22:55.738653
1.0,0.8,97.0,0.0,0.48,99.52,50,2025-04-07T21:22:55.738654
1.0,0.8,98.0,0.0,0.48,99.52,50,2025-04-07T21:22:55.738655
1.0,0.8,99.0,0.0,0.48,99.52,50,2025-04-07T21:22:55.738656
1.0,0.8,100.0,0.0,0.48,99.52,50,2025-04-07T21:22:55.738657
1.0,0.9,0.0,95.0,5.0,0.0,50,2025-04-07T21:22:55.806495
1.0,0.9,1.0,0.0,41.54,58.46,50,2025-04-07T21:22:55.806502
1.0,0.9,2.0,0.0,16.16,83.84,50,2025-04-07T21:22:55.806503
1.0,0.9,3.0,0.0,6.12,93.88,50,2025-04-07T21:22:55.806504
1.0,0.9,4.0,0.0,2.12,97.88,50,2025-04-07T21:22:55.806505
1.0,0.9,5.0,0.0,0.92,99.08,50,2025-04-07T21:22:55.806506
1.0,0.9,6.0,0.0,0.68,99.32,50,2025-04-07T21:22:55.806507
1.0,0.9,7.0,0.0,0.64,99.36,50,2025-04-07T21:22:55.806508
1.0,0.9,8.0,0.0,0.62,99.38,50,2025-04-07T21:22:55.806509
1.0,0.9,9.0,0.0,0.62,99.38,50,2025-04-07T21:22:55.806510
1.0,0.9,10.0,0.0,0.62,99.38,50,2025-04-07T21:22:55.806511
1.0,0.9,11.0,0.0,0.62,99.38,50,2025-04-07T21:22:55.806512
1.0,0.9,12.0,0.0,0.62,99.38,50,2025-04-07T21:22:55.806513
1.0,0.9,13.0,0.0,0.62,99.38,50,2025-04-07T21:22:55.806514
1.0,0.9,14.0,0.0,0.62,99.38,50,2025-04-07T21:22:55.806515
1.0,0.9,15.0,0.0,0.62,99.38,50,2025-04-07T21:22:55.806517
1.0,0.9,16.0,0.0,0.62,99.38,50,2025-04-07T21:22:55.806518
1.0,0.9,17.0,0.0,0.62,99.38,50,2025-04-07T21:22:55.806519
1.0,0.9,18.0,0.0,0.62,99.38,50,2025-04-07T21:22:55.806520
1.0,0.9,19.0,0.0,0.62,99.38,50,2025-04-07T21:22:55.806521
1.0,0.9,20.0,0.0,0.62,99.38,50,2025-04-07T21:22:55.806522
1.0,0.9,21.0,0.0,0.62,99.38,50,2025-04-07T21:22:55.806523
1.0,0.9,22.0,0.0,0.62,99.38,50,2025-04-07T21:22:55.806524
1.0,0.9,23.0,0.0,0.62,99.38,50,2025-04-07T21:22:55.806525
1.0,0.9,24.0,0.0,0.62,99.38,50,2025-04-07T21:22:55.806526
1.0,0.9,25.0,0.0,0.62,99.38,50,2025-04-07T21:22:55.806527
1.0,0.9,26.0,0.0,0.62,99.38,50,2025-04-07T21:22:55.806528
1.0,0.9,27.0,0.0,0.62,99.38,50,2025-04-07T21:22:55.806529
1.0,0.9,28.0,0.0,0.62,99.38,50,2025-04-07T21:22:55.806530
1.0,0.9,29.0,0.0,0.62,99.38,50,2025-04-07T21:22:55.806531
1.0,0.9,30.0,0.0,0.62,99.38,50,2025-04-07T21:22:55.806532
1.0,0.9,31.0,0.0,0.62,99.38,50,2025-04-07T21:22:55.806533
1.0,0.9,32.0,0.0,0.62,99.38,50,2025-04-07T21:22:55.806534
1.0,0.9,33.0,0.0,0.62,99.38,50,2025-04-07T21:22:55.806535
1.0,0.9,34.0,0.0,0.62,99.38,50,2025-04-07T21:22:55.806536
1.0,0.9,35.0,0.0,0.62,99.38,50,2025-04-07T21:22:55.806537
1.0,0.9,36.0,0.0,0.62,99.38,50,2025-04-07T21:22:55.806538
1.0,0.9,37.0,0.0,0.62,99.38,50,2025-04-07T21:22:55.806539
1.0,0.9,38.0,0.0,0.62,99.38,50,2025-04-07T21:22:55.806540
1.0,0.9,39.0,0.0,0.62,99.38,50,2025-04-07T21:22:55.806541
1.0,0.9,40.0,0.0,0.62,99.38,50,2025-04-07T21:22:55.806542
1.0,0.9,41.0,0.0,0.62,99.38,50,2025-04-07T21:22:55.806543
1.0,0.9,42.0,0.0,0.62,99.38,50,2025-04-07T21:22:55.806544
1.0,0.9,43.0,0.0,0.62,99.38,50,2025-04-07T21:22:55.806545
1.0,0.9,44.0,0.0,0.62,99.38,50,2025-04-07T21:22:55.806546
1.0,0.9,45.0,0.0,0.62,99.38,50,2025-04-07T21:22:55.806547
1.0,0.9,46.0,0.0,0.62,99.38,50,2025-04-07T21:22:55.806548
1.0,0.9,47.0,0.0,0.62,99.38,50,2025-04-07T21:22:55.806549
1.0,0.9,48.0,0.0,0.62,99.38,50,2025-04-07T21:22:55.806550
1.0,0.9,49.0,0.0,0.62,99.38,50,2025-04-07T21:22:55.806551
1.0,0.9,50.0,0.0,0.62,99.38,50,2025-04-07T21:22:55.806552
1.0,0.9,51.0,0.0,0.62,99.38,50,2025-04-07T21:22:55.806553
1.0,0.9,52.0,0.0,0.62,99.38,50,2025-04-07T21:22:55.806554
1.0,0.9,53.0,0.0,0.62,99.38,50,2025-04-07T21:22:55.806555
1.0,0.9,54.0,0.0,0.62,99.38,50,2025-04-07T21:22:55.806556
1.0,0.9,55.0,0.0,0.62,99.38,50,2025-04-07T21:22:55.806557
1.0,0.9,56.0,0.0,0.62,99.38,50,2025-04-07T21:22:55.806558
1.0,0.9,57.0,0.0,0.62,99.38,50,2025-04-07T21:22:55.806559
1.0,0.9,58.0,0.0,0.62,99.38,50,2025-04-07T21:22:55.806560
1.0,0.9,59.0,0.0,0.62,99.38,50,2025-04-07T21:22:55.806561
1.0,0.9,60.0,0.0,0.62,99.38,50,2025-04-07T21:22:55.806562
1.0,0.9,61.0,0.0,0.62,99.38,50,2025-04-07T21:22:55.806563
1.0,0.9,62.0,0.0,0.62,99.38,50,2025-04-07T21:22:55.806564
1.0,0.9,63.0,0.0,0.62,99.38,50,2025-04-07T21:22:55.806565
1.0,0.9,64.0,0.0,0.62,99.38,50,2025-04-07T21:22:55.806566
1.0,0.9,65.0,0.0,0.62,99.38,50,2025-04-07T21:22:55.806567
1.0,0.9,66.0,0.0,0.62,99.38,50,2025-04-07T21:22:55.806568
1.0,0.9,67.0,0.0,0.62,99.38,50,2025-04-07T21:22:55.806569
1.0,0.9,68.0,0.0,0.62,99.38,50,2025-04-07T21:22:55.806570
1.0,0.9,69.0,0.0,0.62,99.38,50,2025-04-07T21:22:55.806571
1.0,0.9,70.0,0.0,0.62,99.38,50,2025-04-07T21:22:55.806572
1.0,0.9,71.0,0.0,0.62,99.38,50,2025-04-07T21:22:55.806573
1.0,0.9,72.0,0.0,0.62,99.38,50,2025-04-07T21:22:55.806574
1.0,0.9,73.0,0.0,0.62,99.38,50,2025-04-07T21:22:55.806575
1.0,0.9,74.0,0.0,0.62,99.38,50,2025-04-07T21:22:55.806576
1.0,0.9,75.0,0.0,0.62,99.38,50,2025-04-07T21:22:55.806577
1.0,0.9,76.0,0.0,0.62,99.38,50,2025-04-07T21:22:55.806578
1.0,0.9,77.0,0.0,0.62,99.38,50,2025-04-07T21:22:55.806579
1.0,0.9,78.0,0.0,0.62,99.38,50,2025-04-07T21:22:55.806580
1.0,0.9,79.0,0.0,0.62,99.38,50,2025-04-07T21:22:55.806581
1.0,0.9,80.0,0.0,0.62,99.38,50,2025-04-07T21:22:55.806582
1.0,0.9,81.0,0.0,0.62,99.38,50,2025-04-07T21:22:55.806583
1.0,0.9,82.0,0.0,0.62,99.38,50,2025-04-07T21:22:55.806584
1.0,0.9,83.0,0.0,0.62,99.38,50,2025-04-07T21:22:55.806585
1.0,0.9,84.0,0.0,0.62,99.38,50,2025-04-07T21:22:55.806586
1.0,0.9,85.0,0.0,0.62,99.38,50,2025-04-07T21:22:55.806587
1.0,0.9,86.0,0.0,0.62,99.38,50,2025-04-07T21:22:55.806588
1.0,0.9,87.0,0.0,0.62,99.38,50,2025-04-07T21:22:55.806589
1.0,0.9,88.0,0.0,0.62,99.38,50,2025-04-07T21:22:55.806590
1.0,0.9,89.0,0.0,0.62,99.38,50,2025-04-07T21:22:55.806591
1.0,0.9,90.0,0.0,0.62,99.38,50,2025-04-07T21:22:55.806592
1.0,0.9,91.0,0.0,0.62,99.38,50,2025-04-07T21:22:55.806593
1.0,0.9,92.0,0.0,0.62,99.38,50,2025-04-07T21:22:55.806594
1.0,0.9,93.0,0.0,0.62,99.38,50,2025-04-07T21:22:55.806595
1.0,0.9,94.0,0.0,0.62,99.38,50,2025-04-07T21:22:55.806596
1.0,0.9,95.0,0.0,0.62,99.38,50,2025-04-07T21:22:55.806597
1.0,0.9,96.0,0.0,0.62,99.38,50,2025-04-07T21:22:55.806598
1.0,0.9,97.0,0.0,0.62,99.38,50,2025-04-07T21:22:55.806599
1.0,0.9,98.0,0.0,0.62,99.38,50,2025-04-07T21:22:55.806600
1.0,0.9,99.0,0.0,0.62,99.38,50,2025-04-07T21:22:55.806601
1.0,0.9,100.0,0.0,0.62,99.38,50,2025-04-07T21:22:55.806602
1.0,1.0,0.0,95.0,5.0,0.0,50,2025-04-07T21:22:55.844908
1.0,1.0,1.0,0.0,36.94,63.06,50,2025-04-07T21:22:55.844914
1.0,1.0,2.0,0.0,13.54,86.46,50,2025-04-07T21:22:55.844916
1.0,1.0,3.0,0.0,4.68,95.32,50,2025-04-07T21:22:55.844917
1.0,1.0,4.0,0.0,1.36,98.64,50,2025-04-07T21:22:55.844918
1.0,1.0,5.0,0.0,0.68,99.32,50,2025-04-07T21:22:55.844920
1.0,1.0,6.0,0.0,0.54,99.46,50,2025-04-07T21:22:55.844921
1.0,1.0,7.0,0.0,0.54,99.46,50,2025-04-07T21:22:55.844922
1.0,1.0,8.0,0.0,0.54,99.46,50,2025-04-07T21:22:55.844923
1.0,1.0,9.0,0.0,0.54,99.46,50,2025-04-07T21:22:55.844924
1.0,1.0,10.0,0.0,0.54,99.46,50,2025-04-07T21:22:55.844925
1.0,1.0,11.0,0.0,0.54,99.46,50,2025-04-07T21:22:55.844926
1.0,1.0,12.0,0.0,0.54,99.46,50,2025-04-07T21:22:55.844928
1.0,1.0,13.0,0.0,0.54,99.46,50,2025-04-07T21:22:55.844929
1.0,1.0,14.0,0.0,0.54,99.46,50,2025-04-07T21:22:55.844930
1.0,1.0,15.0,0.0,0.54,99.46,50,2025-04-07T21:22:55.844931
1.0,1.0,16.0,0.0,0.54,99.46,50,2025-04-07T21:22:55.844933
1.0,1.0,17.0,0.0,0.54,99.46,50,2025-04-07T21:22:55.844934
1.0,1.0,18.0,0.0,0.54,99.46,50,2025-04-07T21:22:55.844935
1.0,1.0,19.0,0.0,0.54,99.46,50,2025-04-07T21:22:55.844936
1.0,1.0,20.0,0.0,0.54,99.46,50,2025-04-07T21:22:55.844937
1.0,1.0,21.0,0.0,0.54,99.46,50,2025-04-07T21:22:55.844938
1.0,1.0,22.0,0.0,0.54,99.46,50,2025-04-07T21:22:55.844939
1.0,1.0,23.0,0.0,0.54,99.46,50,2025-04-07T21:22:55.844940
1.0,1.0,24.0,0.0,0.54,99.46,50,2025-04-07T21:22:55.844941
1.0,1.0,25.0,0.0,0.54,99.46,50,2025-04-07T21:22:55.844943
1.0,1.0,26.0,0.0,0.54,99.46,50,2025-04-07T21:22:55.844944
1.0,1.0,27.0,0.0,0.54,99.46,50,2025-04-07T21:22:55.844945
1.0,1.0,28.0,0.0,0.54,99.46,50,2025-04-07T21:22:55.844946
1.0,1.0,29.0,0.0,0.54,99.46,50,2025-04-07T21:22:55.844947
1.0,1.0,30.0,0.0,0.54,99.46,50,2025-04-07T21:22:55.844948
1.0,1.0,31.0,0.0,0.54,99.46,50,2025-04-07T21:22:55.844949
1.0,1.0,32.0,0.0,0.54,99.46,50,2025-04-07T21:22:55.844950
1.0,1.0,33.0,0.0,0.54,99.46,50,2025-04-07T21:22:55.844951
1.0,1.0,34.0,0.0,0.54,99.46,50,2025-04-07T21:22:55.844952
1.0,1.0,35.0,0.0,0.54,99.46,50,2025-04-07T21:22:55.844953
1.0,1.0,36.0,0.0,0.54,99.46,50,2025-04-07T21:22:55.844954
1.0,1.0,37.0,0.0,0.54,99.46,50,2025-04-07T21:22:55.844955
1.0,1.0,38.0,0.0,0.54,99.46,50,2025-04-07T21:22:55.844956
1.0,1.0,39.0,0.0,0.54,99.46,50,2025-04-07T21:22:55.844957
1.0,1.0,40.0,0.0,0.54,99.46,50,2025-04-07T21:22:55.844958
1.0,1.0,41.0,0.0,0.54,99.46,50,2025-04-07T21:22:55.844959
1.0,1.0,42.0,0.0,0.54,99.46,50,2025-04-07T21:22:55.844960
1.0,1.0,43.0,0.0,0.54,99.46,50,2025-04-07T21:22:55.844961
1.0,1.0,44.0,0.0,0.54,99.46,50,2025-04-07T21:22:55.844962
1.0,1.0,45.0,0.0,0.54,99.46,50,2025-04-07T21:22:55.844964
1.0,1.0,46.0,0.0,0.54,99.46,50,2025-04-07T21:22:55.844965
1.0,1.0,47.0,0.0,0.54,99.46,50,2025-04-07T21:22:55.844966
1.0,1.0,48.0,0.0,0.54,99.46,50,2025-04-07T21:22:55.844967
1.0,1.0,49.0,0.0,0.54,99.46,50,2025-04-07T21:22:55.844968
1.0,1.0,50.0,0.0,0.54,99.46,50,2025-04-07T21:22:55.844969
1.0,1.0,51.0,0.0,0.54,99.46,50,2025-04-07T21:22:55.844970
1.0,1.0,52.0,0.0,0.54,99.46,50,2025-04-07T21:22:55.844971
1.0,1.0,53.0,0.0,0.54,99.46,50,2025-04-07T21:22:55.844972
1.0,1.0,54.0,0.0,0.54,99.46,50,2025-04-07T21:22:55.844973
1.0,1.0,55.0,0.0,0.54,99.46,50,2025-04-07T21:22:55.844974
1.0,1.0,56.0,0.0,0.54,99.46,50,2025-04-07T21:22:55.844975
1.0,1.0,57.0,0.0,0.54,99.46,50,2025-04-07T21:22:55.844976
1.0,1.0,58.0,0.0,0.54,99.46,50,2025-04-07T21:22:55.844977
1.0,1.0,59.0,0.0,0.54,99.46,50,2025-04-07T21:22:55.844978
1.0,1.0,60.0,0.0,0.54,99.46,50,2025-04-07T21:22:55.844979
1.0,1.0,61.0,0.0,0.54,99.46,50,2025-04-07T21:22:55.844980
1.0,1.0,62.0,0.0,0.54,99.46,50,2025-04-07T21:22:55.844981
1.0,1.0,63.0,0.0,0.54,99.46,50,2025-04-07T21:22:55.844982
1.0,1.0,64.0,0.0,0.54,99.46,50,2025-04-07T21:22:55.844983
1.0,1.0,65.0,0.0,0.54,99.46,50,2025-04-07T21:22:55.844984
1.0,1.0,66.0,0.0,0.54,99.46,50,2025-04-07T21:22:55.844985
1.0,1.0,67.0,0.0,0.54,99.46,50,2025-04-07T21:22:55.844986
1.0,1.0,68.0,0.0,0.54,99.46,50,2025-04-07T21:22:55.844987
1.0,1.0,69.0,0.0,0.54,99.46,50,2025-04-07T21:22:55.844988
1.0,1.0,70.0,0.0,0.54,99.46,50,2025-04-07T21:22:55.844989
1.0,1.0,71.0,0.0,0.54,99.46,50,2025-04-07T21:22:55.844990
1.0,1.0,72.0,0.0,0.54,99.46,50,2025-04-07T21:22:55.844991
1.0,1.0,73.0,0.0,0.54,99.46,50,2025-04-07T21:22:55.844992
1.0,1.0,74.0,0.0,0.54,99.46,50,2025-04-07T21:22:55.844993
1.0,1.0,75.0,0.0,0.54,99.46,50,2025-04-07T21:22:55.844994
1.0,1.0,76.0,0.0,0.54,99.46,50,2025-04-07T21:22:55.844995
1.0,1.0,77.0,0.0,0.54,99.46,50,2025-04-07T21:22:55.844996
1.0,1.0,78.0,0.0,0.54,99.46,50,2025-04-07T21:22:55.844997
1.0,1.0,79.0,0.0,0.54,99.46,50,2025-04-07T21:22:55.844998
1.0,1.0,80.0,0.0,0.54,99.46,50,2025-04-07T21:22:55.844999
1.0,1.0,81.0,0.0,0.54,99.46,50,2025-04-07T21:22:55.845000
1.0,1.0,82.0,0.0,0.54,99.46,50,2025-04-07T21:22:55.845001
1.0,1.0,83.0,0.0,0.54,99.46,50,2025-04-07T21:22:55.845002
1.0,1.0,84.0,0.0,0.54,99.46,50,2025-04-07T21:22:55.845003
1.0,1.0,85.0,0.0,0.54,99.46,50,2025-04-07T21:22:55.845004
1.0,1.0,86.0,0.0,0.54,99.46,50,2025-04-07T21:22:55.845005
1.0,1.0,87.0,0.0,0.54,99.46,50,2025-04-07T21:22:55.845006
1.0,1.0,88.0,0.0,0.54,99.46,50,2025-04-07T21:22:55.845007
1.0,1.0,89.0,0.0,0.54,99.46,50,2025-04-07T21:22:55.845008
1.0,1.0,90.0,0.0,0.54,99.46,50,2025-04-07T21:22:55.845009
1.0,1.0,91.0,0.0,0.54,99.46,50,2025-04-07T21:22:55.845010
1.0,1.0,92.0,0.0,0.54,99.46,50,2025-04-07T21:22:55.845012
1.0,1.0,93.0,0.0,0.54,99.46,50,2025-04-07T21:22:55.845012
1.0,1.0,94.0,0.0,0.54,99.46,50,2025-04-07T21:22:55.845013
1.0,1.0,95.0,0.0,0.54,99.46,50,2025-04-07T21:22:55.845014
1.0,1.0,96.0,0.0,0.54,99.46,50,2025-04-07T21:22:55.845015
1.0,1.0,97.0,0.0,0.54,99.46,50,2025-04-07T21:22:55.845016
1.0,1.0,98.0,0.0,0.54,99.46,50,2025-04-07T21:22:55.845017
1.0,1.0,99.0,0.0,0.54,99.46,50,2025-04-07T21:22:55.845018
1.0,1.0,100.0,0.0,0.54,99.46,50,2025-04-07T21:22:55.845020
