filename,beta,gamma,sim_id,num_rows,max_time,generated_at
b0.10_g0.10_sim0.csv,0.1,0.1,0,51,50.0,2025-04-07T21:22:44.761847
b0.10_g0.10_sim1.csv,0.1,0.1,1,63,62.0,2025-04-07T21:22:44.761847
b0.10_g0.10_sim2.csv,0.1,0.1,2,44,43.0,2025-04-07T21:22:44.761847
b0.10_g0.10_sim3.csv,0.1,0.1,3,54,53.0,2025-04-07T21:22:44.761847
b0.10_g0.10_sim4.csv,0.1,0.1,4,39,38.0,2025-04-07T21:22:44.761847
b0.10_g0.10_sim5.csv,0.1,0.1,5,104,103.0,2025-04-07T21:22:44.761847
b0.10_g0.10_sim6.csv,0.1,0.1,6,42,41.0,2025-04-07T21:22:44.761847
b0.10_g0.10_sim7.csv,0.1,0.1,7,42,41.0,2025-04-07T21:22:44.761847
b0.10_g0.10_sim8.csv,0.1,0.1,8,44,43.0,2025-04-07T21:22:44.761847
b0.10_g0.10_sim9.csv,0.1,0.1,9,48,47.0,2025-04-07T21:22:44.761847
b0.10_g0.10_sim10.csv,0.1,0.1,10,35,34.0,2025-04-07T21:22:44.761847
b0.10_g0.10_sim11.csv,0.1,0.1,11,57,56.0,2025-04-07T21:22:44.761847
b0.10_g0.10_sim12.csv,0.1,0.1,12,53,52.0,2025-04-07T21:22:44.761847
b0.10_g0.10_sim13.csv,0.1,0.1,13,72,71.0,2025-04-07T21:22:44.761847
b0.10_g0.10_sim14.csv,0.1,0.1,14,53,52.0,2025-04-07T21:22:44.761847
b0.10_g0.10_sim15.csv,0.1,0.1,15,47,46.0,2025-04-07T21:22:44.761847
b0.10_g0.10_sim16.csv,0.1,0.1,16,54,53.0,2025-04-07T21:22:44.761847
b0.10_g0.10_sim17.csv,0.1,0.1,17,47,46.0,2025-04-07T21:22:44.761847
b0.10_g0.10_sim18.csv,0.1,0.1,18,57,56.0,2025-04-07T21:22:44.761847
b0.10_g0.10_sim19.csv,0.1,0.1,19,72,71.0,2025-04-07T21:22:44.761847
b0.10_g0.10_sim20.csv,0.1,0.1,20,68,67.0,2025-04-07T21:22:44.761847
b0.10_g0.10_sim21.csv,0.1,0.1,21,66,65.0,2025-04-07T21:22:44.761847
b0.10_g0.10_sim22.csv,0.1,0.1,22,33,32.0,2025-04-07T21:22:44.761847
b0.10_g0.10_sim23.csv,0.1,0.1,23,60,59.0,2025-04-07T21:22:44.761847
b0.10_g0.10_sim24.csv,0.1,0.1,24,48,47.0,2025-04-07T21:22:44.761847
b0.10_g0.10_sim25.csv,0.1,0.1,25,48,47.0,2025-04-07T21:22:44.761847
b0.10_g0.10_sim26.csv,0.1,0.1,26,50,49.0,2025-04-07T21:22:44.761847
b0.10_g0.10_sim27.csv,0.1,0.1,27,42,41.0,2025-04-07T21:22:44.761847
b0.10_g0.10_sim28.csv,0.1,0.1,28,57,56.0,2025-04-07T21:22:44.761847
b0.10_g0.10_sim29.csv,0.1,0.1,29,34,33.0,2025-04-07T21:22:44.761847
b0.10_g0.10_sim30.csv,0.1,0.1,30,67,66.0,2025-04-07T21:22:44.761847
b0.10_g0.10_sim31.csv,0.1,0.1,31,87,86.0,2025-04-07T21:22:44.761847
b0.10_g0.10_sim32.csv,0.1,0.1,32,78,77.0,2025-04-07T21:22:44.761847
b0.10_g0.10_sim33.csv,0.1,0.1,33,63,62.0,2025-04-07T21:22:44.761847
b0.10_g0.10_sim34.csv,0.1,0.1,34,36,35.0,2025-04-07T21:22:44.761847
b0.10_g0.10_sim35.csv,0.1,0.1,35,45,44.0,2025-04-07T21:22:44.761847
b0.10_g0.10_sim36.csv,0.1,0.1,36,73,72.0,2025-04-07T21:22:44.761847
b0.10_g0.10_sim37.csv,0.1,0.1,37,59,58.0,2025-04-07T21:22:44.761847
b0.10_g0.10_sim38.csv,0.1,0.1,38,42,41.0,2025-04-07T21:22:44.761847
b0.10_g0.10_sim39.csv,0.1,0.1,39,43,42.0,2025-04-07T21:22:44.761847
b0.10_g0.10_sim40.csv,0.1,0.1,40,31,30.0,2025-04-07T21:22:44.761847
b0.10_g0.10_sim41.csv,0.1,0.1,41,49,48.0,2025-04-07T21:22:44.761847
b0.10_g0.10_sim42.csv,0.1,0.1,42,72,71.0,2025-04-07T21:22:44.761847
b0.10_g0.10_sim43.csv,0.1,0.1,43,45,44.0,2025-04-07T21:22:44.761847
b0.10_g0.10_sim44.csv,0.1,0.1,44,46,45.0,2025-04-07T21:22:44.761847
b0.10_g0.10_sim45.csv,0.1,0.1,45,34,33.0,2025-04-07T21:22:44.761847
b0.10_g0.10_sim46.csv,0.1,0.1,46,34,33.0,2025-04-07T21:22:44.761847
b0.10_g0.10_sim47.csv,0.1,0.1,47,35,34.0,2025-04-07T21:22:44.761847
b0.10_g0.10_sim48.csv,0.1,0.1,48,71,70.0,2025-04-07T21:22:44.761847
b0.10_g0.10_sim49.csv,0.1,0.1,49,55,54.0,2025-04-07T21:22:44.761847
b0.10_g0.20_sim0.csv,0.1,0.2,0,19,18.0,2025-04-07T21:22:44.761847
b0.10_g0.20_sim1.csv,0.1,0.2,1,20,19.0,2025-04-07T21:22:44.761847
b0.10_g0.20_sim2.csv,0.1,0.2,2,32,31.0,2025-04-07T21:22:44.761847
b0.10_g0.20_sim3.csv,0.1,0.2,3,35,34.0,2025-04-07T21:22:44.761847
b0.10_g0.20_sim4.csv,0.1,0.2,4,43,42.0,2025-04-07T21:22:44.761847
b0.10_g0.20_sim5.csv,0.1,0.2,5,28,27.0,2025-04-07T21:22:44.761847
b0.10_g0.20_sim6.csv,0.1,0.2,6,20,19.0,2025-04-07T21:22:44.761847
b0.10_g0.20_sim7.csv,0.1,0.2,7,23,22.0,2025-04-07T21:22:44.761847
b0.10_g0.20_sim8.csv,0.1,0.2,8,24,23.0,2025-04-07T21:22:44.761847
b0.10_g0.20_sim9.csv,0.1,0.2,9,27,26.0,2025-04-07T21:22:44.761847
b0.10_g0.20_sim10.csv,0.1,0.2,10,41,40.0,2025-04-07T21:22:44.761847
b0.10_g0.20_sim11.csv,0.1,0.2,11,30,29.0,2025-04-07T21:22:44.761847
b0.10_g0.20_sim12.csv,0.1,0.2,12,38,37.0,2025-04-07T21:22:44.761847
b0.10_g0.20_sim13.csv,0.1,0.2,13,31,30.0,2025-04-07T21:22:44.761847
b0.10_g0.20_sim14.csv,0.1,0.2,14,17,16.0,2025-04-07T21:22:44.761847
b0.10_g0.20_sim15.csv,0.1,0.2,15,21,20.0,2025-04-07T21:22:44.761847
b0.10_g0.20_sim16.csv,0.1,0.2,16,31,30.0,2025-04-07T21:22:44.761847
b0.10_g0.20_sim17.csv,0.1,0.2,17,25,24.0,2025-04-07T21:22:44.761847
b0.10_g0.20_sim18.csv,0.1,0.2,18,27,26.0,2025-04-07T21:22:44.761847
b0.10_g0.20_sim19.csv,0.1,0.2,19,24,23.0,2025-04-07T21:22:44.761847
b0.10_g0.20_sim20.csv,0.1,0.2,20,28,27.0,2025-04-07T21:22:44.761847
b0.10_g0.20_sim21.csv,0.1,0.2,21,22,21.0,2025-04-07T21:22:44.761847
b0.10_g0.20_sim22.csv,0.1,0.2,22,29,28.0,2025-04-07T21:22:44.761847
b0.10_g0.20_sim23.csv,0.1,0.2,23,34,33.0,2025-04-07T21:22:44.761847
b0.10_g0.20_sim24.csv,0.1,0.2,24,24,23.0,2025-04-07T21:22:44.761847
b0.10_g0.20_sim25.csv,0.1,0.2,25,25,24.0,2025-04-07T21:22:44.761847
b0.10_g0.20_sim26.csv,0.1,0.2,26,28,27.0,2025-04-07T21:22:44.761847
b0.10_g0.20_sim27.csv,0.1,0.2,27,25,24.0,2025-04-07T21:22:44.761847
b0.10_g0.20_sim28.csv,0.1,0.2,28,30,29.0,2025-04-07T21:22:44.761847
b0.10_g0.20_sim29.csv,0.1,0.2,29,25,24.0,2025-04-07T21:22:44.761847
b0.10_g0.20_sim30.csv,0.1,0.2,30,22,21.0,2025-04-07T21:22:44.761847
b0.10_g0.20_sim31.csv,0.1,0.2,31,53,52.0,2025-04-07T21:22:44.761847
b0.10_g0.20_sim32.csv,0.1,0.2,32,24,23.0,2025-04-07T21:22:44.761847
b0.10_g0.20_sim33.csv,0.1,0.2,33,34,33.0,2025-04-07T21:22:44.761847
b0.10_g0.20_sim34.csv,0.1,0.2,34,22,21.0,2025-04-07T21:22:44.761847
b0.10_g0.20_sim35.csv,0.1,0.2,35,37,36.0,2025-04-07T21:22:44.761847
b0.10_g0.20_sim36.csv,0.1,0.2,36,29,28.0,2025-04-07T21:22:44.761847
b0.10_g0.20_sim37.csv,0.1,0.2,37,29,28.0,2025-04-07T21:22:44.761847
b0.10_g0.20_sim38.csv,0.1,0.2,38,31,30.0,2025-04-07T21:22:44.761847
b0.10_g0.20_sim39.csv,0.1,0.2,39,24,23.0,2025-04-07T21:22:44.761847
b0.10_g0.20_sim40.csv,0.1,0.2,40,33,32.0,2025-04-07T21:22:44.761847
b0.10_g0.20_sim41.csv,0.1,0.2,41,33,32.0,2025-04-07T21:22:44.761847
b0.10_g0.20_sim42.csv,0.1,0.2,42,18,17.0,2025-04-07T21:22:44.761847
b0.10_g0.20_sim43.csv,0.1,0.2,43,27,26.0,2025-04-07T21:22:44.761847
b0.10_g0.20_sim44.csv,0.1,0.2,44,17,16.0,2025-04-07T21:22:44.761847
b0.10_g0.20_sim45.csv,0.1,0.2,45,28,27.0,2025-04-07T21:22:44.761847
b0.10_g0.20_sim46.csv,0.1,0.2,46,32,31.0,2025-04-07T21:22:44.761847
b0.10_g0.20_sim47.csv,0.1,0.2,47,29,28.0,2025-04-07T21:22:44.761847
b0.10_g0.20_sim48.csv,0.1,0.2,48,35,34.0,2025-04-07T21:22:44.761847
b0.10_g0.20_sim49.csv,0.1,0.2,49,24,23.0,2025-04-07T21:22:44.761847
b0.10_g0.30_sim0.csv,0.1,0.30000000000000004,0,15,14.0,2025-04-07T21:22:44.761847
b0.10_g0.30_sim1.csv,0.1,0.30000000000000004,1,13,12.0,2025-04-07T21:22:44.761847
b0.10_g0.30_sim2.csv,0.1,0.30000000000000004,2,14,13.0,2025-04-07T21:22:44.761847
b0.10_g0.30_sim3.csv,0.1,0.30000000000000004,3,22,21.0,2025-04-07T21:22:44.761847
b0.10_g0.30_sim4.csv,0.1,0.30000000000000004,4,16,15.0,2025-04-07T21:22:44.761847
b0.10_g0.30_sim5.csv,0.1,0.30000000000000004,5,20,19.0,2025-04-07T21:22:44.761847
b0.10_g0.30_sim6.csv,0.1,0.30000000000000004,6,46,45.0,2025-04-07T21:22:44.761847
b0.10_g0.30_sim7.csv,0.1,0.30000000000000004,7,19,18.0,2025-04-07T21:22:44.761847
b0.10_g0.30_sim8.csv,0.1,0.30000000000000004,8,13,12.0,2025-04-07T21:22:44.761847
b0.10_g0.30_sim9.csv,0.1,0.30000000000000004,9,15,14.0,2025-04-07T21:22:44.761847
b0.10_g0.30_sim10.csv,0.1,0.30000000000000004,10,13,12.0,2025-04-07T21:22:44.761847
b0.10_g0.30_sim11.csv,0.1,0.30000000000000004,11,23,22.0,2025-04-07T21:22:44.761847
b0.10_g0.30_sim12.csv,0.1,0.30000000000000004,12,15,14.0,2025-04-07T21:22:44.761847
b0.10_g0.30_sim13.csv,0.1,0.30000000000000004,13,17,16.0,2025-04-07T21:22:44.761847
b0.10_g0.30_sim14.csv,0.1,0.30000000000000004,14,15,14.0,2025-04-07T21:22:44.761847
b0.10_g0.30_sim15.csv,0.1,0.30000000000000004,15,16,15.0,2025-04-07T21:22:44.761847
b0.10_g0.30_sim16.csv,0.1,0.30000000000000004,16,21,20.0,2025-04-07T21:22:44.761847
b0.10_g0.30_sim17.csv,0.1,0.30000000000000004,17,16,15.0,2025-04-07T21:22:44.761847
b0.10_g0.30_sim18.csv,0.1,0.30000000000000004,18,16,15.0,2025-04-07T21:22:44.761847
b0.10_g0.30_sim19.csv,0.1,0.30000000000000004,19,18,17.0,2025-04-07T21:22:44.761847
b0.10_g0.30_sim20.csv,0.1,0.30000000000000004,20,18,17.0,2025-04-07T21:22:44.761847
b0.10_g0.30_sim21.csv,0.1,0.30000000000000004,21,21,20.0,2025-04-07T21:22:44.761847
b0.10_g0.30_sim22.csv,0.1,0.30000000000000004,22,15,14.0,2025-04-07T21:22:44.761847
b0.10_g0.30_sim23.csv,0.1,0.30000000000000004,23,20,19.0,2025-04-07T21:22:44.761847
b0.10_g0.30_sim24.csv,0.1,0.30000000000000004,24,31,30.0,2025-04-07T21:22:44.761847
b0.10_g0.30_sim25.csv,0.1,0.30000000000000004,25,18,17.0,2025-04-07T21:22:44.761847
b0.10_g0.30_sim26.csv,0.1,0.30000000000000004,26,17,16.0,2025-04-07T21:22:44.761847
b0.10_g0.30_sim27.csv,0.1,0.30000000000000004,27,29,28.0,2025-04-07T21:22:44.761847
b0.10_g0.30_sim28.csv,0.1,0.30000000000000004,28,26,25.0,2025-04-07T21:22:44.761847
b0.10_g0.30_sim29.csv,0.1,0.30000000000000004,29,12,11.0,2025-04-07T21:22:44.761847
b0.10_g0.30_sim30.csv,0.1,0.30000000000000004,30,18,17.0,2025-04-07T21:22:44.761847
b0.10_g0.30_sim31.csv,0.1,0.30000000000000004,31,19,18.0,2025-04-07T21:22:44.761847
b0.10_g0.30_sim32.csv,0.1,0.30000000000000004,32,21,20.0,2025-04-07T21:22:44.761847
b0.10_g0.30_sim33.csv,0.1,0.30000000000000004,33,16,15.0,2025-04-07T21:22:44.761847
b0.10_g0.30_sim34.csv,0.1,0.30000000000000004,34,10,9.0,2025-04-07T21:22:44.761847
b0.10_g0.30_sim35.csv,0.1,0.30000000000000004,35,20,19.0,2025-04-07T21:22:44.761847
b0.10_g0.30_sim36.csv,0.1,0.30000000000000004,36,15,14.0,2025-04-07T21:22:44.761847
b0.10_g0.30_sim37.csv,0.1,0.30000000000000004,37,16,15.0,2025-04-07T21:22:44.761847
b0.10_g0.30_sim38.csv,0.1,0.30000000000000004,38,22,21.0,2025-04-07T21:22:44.761847
b0.10_g0.30_sim39.csv,0.1,0.30000000000000004,39,16,15.0,2025-04-07T21:22:44.761847
b0.10_g0.30_sim40.csv,0.1,0.30000000000000004,40,24,23.0,2025-04-07T21:22:44.761847
b0.10_g0.30_sim41.csv,0.1,0.30000000000000004,41,19,18.0,2025-04-07T21:22:44.761847
b0.10_g0.30_sim42.csv,0.1,0.30000000000000004,42,18,17.0,2025-04-07T21:22:44.761847
b0.10_g0.30_sim43.csv,0.1,0.30000000000000004,43,17,16.0,2025-04-07T21:22:44.761847
b0.10_g0.30_sim44.csv,0.1,0.30000000000000004,44,28,27.0,2025-04-07T21:22:44.761847
b0.10_g0.30_sim45.csv,0.1,0.30000000000000004,45,17,16.0,2025-04-07T21:22:44.761847
b0.10_g0.30_sim46.csv,0.1,0.30000000000000004,46,24,23.0,2025-04-07T21:22:44.761847
b0.10_g0.30_sim47.csv,0.1,0.30000000000000004,47,15,14.0,2025-04-07T21:22:44.761847
b0.10_g0.30_sim48.csv,0.1,0.30000000000000004,48,29,28.0,2025-04-07T21:22:44.761847
b0.10_g0.30_sim49.csv,0.1,0.30000000000000004,49,21,20.0,2025-04-07T21:22:44.761847
b0.10_g0.40_sim0.csv,0.1,0.4,0,15,14.0,2025-04-07T21:22:44.761847
b0.10_g0.40_sim1.csv,0.1,0.4,1,18,17.0,2025-04-07T21:22:44.761847
b0.10_g0.40_sim2.csv,0.1,0.4,2,16,15.0,2025-04-07T21:22:44.761847
b0.10_g0.40_sim3.csv,0.1,0.4,3,15,14.0,2025-04-07T21:22:44.761847
b0.10_g0.40_sim4.csv,0.1,0.4,4,16,15.0,2025-04-07T21:22:44.761847
b0.10_g0.40_sim5.csv,0.1,0.4,5,10,9.0,2025-04-07T21:22:44.761847
b0.10_g0.40_sim6.csv,0.1,0.4,6,12,11.0,2025-04-07T21:22:44.761847
b0.10_g0.40_sim7.csv,0.1,0.4,7,13,12.0,2025-04-07T21:22:44.761847
b0.10_g0.40_sim8.csv,0.1,0.4,8,16,15.0,2025-04-07T21:22:44.761847
b0.10_g0.40_sim9.csv,0.1,0.4,9,13,12.0,2025-04-07T21:22:44.761847
b0.10_g0.40_sim10.csv,0.1,0.4,10,10,9.0,2025-04-07T21:22:44.761847
b0.10_g0.40_sim11.csv,0.1,0.4,11,11,10.0,2025-04-07T21:22:44.761847
b0.10_g0.40_sim12.csv,0.1,0.4,12,14,13.0,2025-04-07T21:22:44.761847
b0.10_g0.40_sim13.csv,0.1,0.4,13,12,11.0,2025-04-07T21:22:44.761847
b0.10_g0.40_sim14.csv,0.1,0.4,14,21,20.0,2025-04-07T21:22:44.761847
b0.10_g0.40_sim15.csv,0.1,0.4,15,11,10.0,2025-04-07T21:22:44.761847
b0.10_g0.40_sim16.csv,0.1,0.4,16,16,15.0,2025-04-07T21:22:44.761847
b0.10_g0.40_sim17.csv,0.1,0.4,17,11,10.0,2025-04-07T21:22:44.761847
b0.10_g0.40_sim18.csv,0.1,0.4,18,18,17.0,2025-04-07T21:22:44.761847
b0.10_g0.40_sim19.csv,0.1,0.4,19,11,10.0,2025-04-07T21:22:44.761847
b0.10_g0.40_sim20.csv,0.1,0.4,20,14,13.0,2025-04-07T21:22:44.761847
b0.10_g0.40_sim21.csv,0.1,0.4,21,14,13.0,2025-04-07T21:22:44.761847
b0.10_g0.40_sim22.csv,0.1,0.4,22,19,18.0,2025-04-07T21:22:44.761847
b0.10_g0.40_sim23.csv,0.1,0.4,23,11,10.0,2025-04-07T21:22:44.761847
b0.10_g0.40_sim24.csv,0.1,0.4,24,15,14.0,2025-04-07T21:22:44.761847
b0.10_g0.40_sim25.csv,0.1,0.4,25,21,20.0,2025-04-07T21:22:44.761847
b0.10_g0.40_sim26.csv,0.1,0.4,26,17,16.0,2025-04-07T21:22:44.761847
b0.10_g0.40_sim27.csv,0.1,0.4,27,16,15.0,2025-04-07T21:22:44.761847
b0.10_g0.40_sim28.csv,0.1,0.4,28,18,17.0,2025-04-07T21:22:44.761847
b0.10_g0.40_sim29.csv,0.1,0.4,29,14,13.0,2025-04-07T21:22:44.761847
b0.10_g0.40_sim30.csv,0.1,0.4,30,19,18.0,2025-04-07T21:22:44.761847
b0.10_g0.40_sim31.csv,0.1,0.4,31,12,11.0,2025-04-07T21:22:44.761847
b0.10_g0.40_sim32.csv,0.1,0.4,32,18,17.0,2025-04-07T21:22:44.761847
b0.10_g0.40_sim33.csv,0.1,0.4,33,10,9.0,2025-04-07T21:22:44.761847
b0.10_g0.40_sim34.csv,0.1,0.4,34,11,10.0,2025-04-07T21:22:44.761847
b0.10_g0.40_sim35.csv,0.1,0.4,35,11,10.0,2025-04-07T21:22:44.761847
b0.10_g0.40_sim36.csv,0.1,0.4,36,14,13.0,2025-04-07T21:22:44.761847
b0.10_g0.40_sim37.csv,0.1,0.4,37,11,10.0,2025-04-07T21:22:44.761847
b0.10_g0.40_sim38.csv,0.1,0.4,38,14,13.0,2025-04-07T21:22:44.761847
b0.10_g0.40_sim39.csv,0.1,0.4,39,10,9.0,2025-04-07T21:22:44.761847
b0.10_g0.40_sim40.csv,0.1,0.4,40,18,17.0,2025-04-07T21:22:44.761847
b0.10_g0.40_sim41.csv,0.1,0.4,41,13,12.0,2025-04-07T21:22:44.761847
b0.10_g0.40_sim42.csv,0.1,0.4,42,17,16.0,2025-04-07T21:22:44.761847
b0.10_g0.40_sim43.csv,0.1,0.4,43,10,9.0,2025-04-07T21:22:44.761847
b0.10_g0.40_sim44.csv,0.1,0.4,44,16,15.0,2025-04-07T21:22:44.761847
b0.10_g0.40_sim45.csv,0.1,0.4,45,9,8.0,2025-04-07T21:22:44.761847
b0.10_g0.40_sim46.csv,0.1,0.4,46,11,10.0,2025-04-07T21:22:44.761847
b0.10_g0.40_sim47.csv,0.1,0.4,47,10,9.0,2025-04-07T21:22:44.761847
b0.10_g0.40_sim48.csv,0.1,0.4,48,15,14.0,2025-04-07T21:22:44.761847
b0.10_g0.40_sim49.csv,0.1,0.4,49,13,12.0,2025-04-07T21:22:44.761847
b0.10_g0.50_sim0.csv,0.1,0.5,0,12,11.0,2025-04-07T21:22:44.761847
b0.10_g0.50_sim1.csv,0.1,0.5,1,9,8.0,2025-04-07T21:22:44.761847
b0.10_g0.50_sim2.csv,0.1,0.5,2,12,11.0,2025-04-07T21:22:44.761847
b0.10_g0.50_sim3.csv,0.1,0.5,3,10,9.0,2025-04-07T21:22:44.761847
b0.10_g0.50_sim4.csv,0.1,0.5,4,11,10.0,2025-04-07T21:22:44.761847
b0.10_g0.50_sim5.csv,0.1,0.5,5,13,12.0,2025-04-07T21:22:44.761847
b0.10_g0.50_sim6.csv,0.1,0.5,6,8,7.0,2025-04-07T21:22:44.761847
b0.10_g0.50_sim7.csv,0.1,0.5,7,15,14.0,2025-04-07T21:22:44.761847
b0.10_g0.50_sim8.csv,0.1,0.5,8,13,12.0,2025-04-07T21:22:44.761847
b0.10_g0.50_sim9.csv,0.1,0.5,9,10,9.0,2025-04-07T21:22:44.761847
b0.10_g0.50_sim10.csv,0.1,0.5,10,8,7.0,2025-04-07T21:22:44.761847
b0.10_g0.50_sim11.csv,0.1,0.5,11,13,12.0,2025-04-07T21:22:44.761847
b0.10_g0.50_sim12.csv,0.1,0.5,12,11,10.0,2025-04-07T21:22:44.761847
b0.10_g0.50_sim13.csv,0.1,0.5,13,6,5.0,2025-04-07T21:22:44.761847
b0.10_g0.50_sim14.csv,0.1,0.5,14,10,9.0,2025-04-07T21:22:44.761847
b0.10_g0.50_sim15.csv,0.1,0.5,15,14,13.0,2025-04-07T21:22:44.761847
b0.10_g0.50_sim16.csv,0.1,0.5,16,9,8.0,2025-04-07T21:22:44.761847
b0.10_g0.50_sim17.csv,0.1,0.5,17,15,14.0,2025-04-07T21:22:44.761847
b0.10_g0.50_sim18.csv,0.1,0.5,18,11,10.0,2025-04-07T21:22:44.761847
b0.10_g0.50_sim19.csv,0.1,0.5,19,16,15.0,2025-04-07T21:22:44.761847
b0.10_g0.50_sim20.csv,0.1,0.5,20,10,9.0,2025-04-07T21:22:44.761847
b0.10_g0.50_sim21.csv,0.1,0.5,21,9,8.0,2025-04-07T21:22:44.761847
b0.10_g0.50_sim22.csv,0.1,0.5,22,10,9.0,2025-04-07T21:22:44.761847
b0.10_g0.50_sim23.csv,0.1,0.5,23,11,10.0,2025-04-07T21:22:44.761847
b0.10_g0.50_sim24.csv,0.1,0.5,24,11,10.0,2025-04-07T21:22:44.761847
b0.10_g0.50_sim25.csv,0.1,0.5,25,12,11.0,2025-04-07T21:22:44.761847
b0.10_g0.50_sim26.csv,0.1,0.5,26,13,12.0,2025-04-07T21:22:44.761847
b0.10_g0.50_sim27.csv,0.1,0.5,27,10,9.0,2025-04-07T21:22:44.761847
b0.10_g0.50_sim28.csv,0.1,0.5,28,9,8.0,2025-04-07T21:22:44.761847
b0.10_g0.50_sim29.csv,0.1,0.5,29,9,8.0,2025-04-07T21:22:44.761847
b0.10_g0.50_sim30.csv,0.1,0.5,30,9,8.0,2025-04-07T21:22:44.761847
b0.10_g0.50_sim31.csv,0.1,0.5,31,9,8.0,2025-04-07T21:22:44.761847
b0.10_g0.50_sim32.csv,0.1,0.5,32,10,9.0,2025-04-07T21:22:44.761847
b0.10_g0.50_sim33.csv,0.1,0.5,33,11,10.0,2025-04-07T21:22:44.761847
b0.10_g0.50_sim34.csv,0.1,0.5,34,7,6.0,2025-04-07T21:22:44.761847
b0.10_g0.50_sim35.csv,0.1,0.5,35,9,8.0,2025-04-07T21:22:44.761847
b0.10_g0.50_sim36.csv,0.1,0.5,36,16,15.0,2025-04-07T21:22:44.761847
b0.10_g0.50_sim37.csv,0.1,0.5,37,11,10.0,2025-04-07T21:22:44.761847
b0.10_g0.50_sim38.csv,0.1,0.5,38,12,11.0,2025-04-07T21:22:44.761847
b0.10_g0.50_sim39.csv,0.1,0.5,39,11,10.0,2025-04-07T21:22:44.761847
b0.10_g0.50_sim40.csv,0.1,0.5,40,10,9.0,2025-04-07T21:22:44.761847
b0.10_g0.50_sim41.csv,0.1,0.5,41,10,9.0,2025-04-07T21:22:44.761847
b0.10_g0.50_sim42.csv,0.1,0.5,42,13,12.0,2025-04-07T21:22:44.761847
b0.10_g0.50_sim43.csv,0.1,0.5,43,11,10.0,2025-04-07T21:22:44.761847
b0.10_g0.50_sim44.csv,0.1,0.5,44,8,7.0,2025-04-07T21:22:44.761847
b0.10_g0.50_sim45.csv,0.1,0.5,45,15,14.0,2025-04-07T21:22:44.761847
b0.10_g0.50_sim46.csv,0.1,0.5,46,12,11.0,2025-04-07T21:22:44.761847
b0.10_g0.50_sim47.csv,0.1,0.5,47,10,9.0,2025-04-07T21:22:44.761847
b0.10_g0.50_sim48.csv,0.1,0.5,48,11,10.0,2025-04-07T21:22:44.761847
b0.10_g0.50_sim49.csv,0.1,0.5,49,19,18.0,2025-04-07T21:22:44.761847
b0.10_g0.60_sim0.csv,0.1,0.6,0,8,7.0,2025-04-07T21:22:44.761847
b0.10_g0.60_sim1.csv,0.1,0.6,1,8,7.0,2025-04-07T21:22:44.761847
b0.10_g0.60_sim2.csv,0.1,0.6,2,11,10.0,2025-04-07T21:22:44.761847
b0.10_g0.60_sim3.csv,0.1,0.6,3,13,12.0,2025-04-07T21:22:44.761847
b0.10_g0.60_sim4.csv,0.1,0.6,4,8,7.0,2025-04-07T21:22:44.761847
b0.10_g0.60_sim5.csv,0.1,0.6,5,10,9.0,2025-04-07T21:22:44.761847
b0.10_g0.60_sim6.csv,0.1,0.6,6,12,11.0,2025-04-07T21:22:44.761847
b0.10_g0.60_sim7.csv,0.1,0.6,7,10,9.0,2025-04-07T21:22:44.761847
b0.10_g0.60_sim8.csv,0.1,0.6,8,8,7.0,2025-04-07T21:22:44.761847
b0.10_g0.60_sim9.csv,0.1,0.6,9,10,9.0,2025-04-07T21:22:44.761847
b0.10_g0.60_sim10.csv,0.1,0.6,10,9,8.0,2025-04-07T21:22:44.761847
b0.10_g0.60_sim11.csv,0.1,0.6,11,10,9.0,2025-04-07T21:22:44.761847
b0.10_g0.60_sim12.csv,0.1,0.6,12,11,10.0,2025-04-07T21:22:44.761847
b0.10_g0.60_sim13.csv,0.1,0.6,13,11,10.0,2025-04-07T21:22:44.761847
b0.10_g0.60_sim14.csv,0.1,0.6,14,8,7.0,2025-04-07T21:22:44.761847
b0.10_g0.60_sim15.csv,0.1,0.6,15,10,9.0,2025-04-07T21:22:44.761847
b0.10_g0.60_sim16.csv,0.1,0.6,16,11,10.0,2025-04-07T21:22:44.761847
b0.10_g0.60_sim17.csv,0.1,0.6,17,8,7.0,2025-04-07T21:22:44.761847
b0.10_g0.60_sim18.csv,0.1,0.6,18,12,11.0,2025-04-07T21:22:44.761847
b0.10_g0.60_sim19.csv,0.1,0.6,19,9,8.0,2025-04-07T21:22:44.761847
b0.10_g0.60_sim20.csv,0.1,0.6,20,11,10.0,2025-04-07T21:22:44.761847
b0.10_g0.60_sim21.csv,0.1,0.6,21,12,11.0,2025-04-07T21:22:44.761847
b0.10_g0.60_sim22.csv,0.1,0.6,22,11,10.0,2025-04-07T21:22:44.761847
b0.10_g0.60_sim23.csv,0.1,0.6,23,19,18.0,2025-04-07T21:22:44.761847
b0.10_g0.60_sim24.csv,0.1,0.6,24,7,6.0,2025-04-07T21:22:44.761847
b0.10_g0.60_sim25.csv,0.1,0.6,25,10,9.0,2025-04-07T21:22:44.761847
b0.10_g0.60_sim26.csv,0.1,0.6,26,15,14.0,2025-04-07T21:22:44.761847
b0.10_g0.60_sim27.csv,0.1,0.6,27,5,4.0,2025-04-07T21:22:44.761847
b0.10_g0.60_sim28.csv,0.1,0.6,28,9,8.0,2025-04-07T21:22:44.761847
b0.10_g0.60_sim29.csv,0.1,0.6,29,10,9.0,2025-04-07T21:22:44.761847
b0.10_g0.60_sim30.csv,0.1,0.6,30,8,7.0,2025-04-07T21:22:44.761847
b0.10_g0.60_sim31.csv,0.1,0.6,31,12,11.0,2025-04-07T21:22:44.761847
b0.10_g0.60_sim32.csv,0.1,0.6,32,9,8.0,2025-04-07T21:22:44.761847
b0.10_g0.60_sim33.csv,0.1,0.6,33,6,5.0,2025-04-07T21:22:44.761847
b0.10_g0.60_sim34.csv,0.1,0.6,34,8,7.0,2025-04-07T21:22:44.761847
b0.10_g0.60_sim35.csv,0.1,0.6,35,12,11.0,2025-04-07T21:22:44.761847
b0.10_g0.60_sim36.csv,0.1,0.6,36,8,7.0,2025-04-07T21:22:44.761847
b0.10_g0.60_sim37.csv,0.1,0.6,37,9,8.0,2025-04-07T21:22:44.761847
b0.10_g0.60_sim38.csv,0.1,0.6,38,14,13.0,2025-04-07T21:22:44.761847
b0.10_g0.60_sim39.csv,0.1,0.6,39,6,5.0,2025-04-07T21:22:44.761847
b0.10_g0.60_sim40.csv,0.1,0.6,40,10,9.0,2025-04-07T21:22:44.761847
b0.10_g0.60_sim41.csv,0.1,0.6,41,10,9.0,2025-04-07T21:22:44.761847
b0.10_g0.60_sim42.csv,0.1,0.6,42,8,7.0,2025-04-07T21:22:44.761847
b0.10_g0.60_sim43.csv,0.1,0.6,43,12,11.0,2025-04-07T21:22:44.761847
b0.10_g0.60_sim44.csv,0.1,0.6,44,8,7.0,2025-04-07T21:22:44.761847
b0.10_g0.60_sim45.csv,0.1,0.6,45,7,6.0,2025-04-07T21:22:44.761847
b0.10_g0.60_sim46.csv,0.1,0.6,46,8,7.0,2025-04-07T21:22:44.761847
b0.10_g0.60_sim47.csv,0.1,0.6,47,11,10.0,2025-04-07T21:22:44.761847
b0.10_g0.60_sim48.csv,0.1,0.6,48,8,7.0,2025-04-07T21:22:44.761847
b0.10_g0.60_sim49.csv,0.1,0.6,49,13,12.0,2025-04-07T21:22:44.761847
b0.10_g0.70_sim0.csv,0.1,0.7000000000000001,0,7,6.0,2025-04-07T21:22:44.761847
b0.10_g0.70_sim1.csv,0.1,0.7000000000000001,1,11,10.0,2025-04-07T21:22:44.761847
b0.10_g0.70_sim2.csv,0.1,0.7000000000000001,2,14,13.0,2025-04-07T21:22:44.761847
b0.10_g0.70_sim3.csv,0.1,0.7000000000000001,3,11,10.0,2025-04-07T21:22:44.761847
b0.10_g0.70_sim4.csv,0.1,0.7000000000000001,4,15,14.0,2025-04-07T21:22:44.761847
b0.10_g0.70_sim5.csv,0.1,0.7000000000000001,5,11,10.0,2025-04-07T21:22:44.761847
b0.10_g0.70_sim6.csv,0.1,0.7000000000000001,6,7,6.0,2025-04-07T21:22:44.761847
b0.10_g0.70_sim7.csv,0.1,0.7000000000000001,7,8,7.0,2025-04-07T21:22:44.761847
b0.10_g0.70_sim8.csv,0.1,0.7000000000000001,8,6,5.0,2025-04-07T21:22:44.761847
b0.10_g0.70_sim9.csv,0.1,0.7000000000000001,9,9,8.0,2025-04-07T21:22:44.761847
b0.10_g0.70_sim10.csv,0.1,0.7000000000000001,10,11,10.0,2025-04-07T21:22:44.761847
b0.10_g0.70_sim11.csv,0.1,0.7000000000000001,11,8,7.0,2025-04-07T21:22:44.761847
b0.10_g0.70_sim12.csv,0.1,0.7000000000000001,12,10,9.0,2025-04-07T21:22:44.761847
b0.10_g0.70_sim13.csv,0.1,0.7000000000000001,13,6,5.0,2025-04-07T21:22:44.761847
b0.10_g0.70_sim14.csv,0.1,0.7000000000000001,14,6,5.0,2025-04-07T21:22:44.761847
b0.10_g0.70_sim15.csv,0.1,0.7000000000000001,15,6,5.0,2025-04-07T21:22:44.761847
b0.10_g0.70_sim16.csv,0.1,0.7000000000000001,16,11,10.0,2025-04-07T21:22:44.761847
b0.10_g0.70_sim17.csv,0.1,0.7000000000000001,17,12,11.0,2025-04-07T21:22:44.761847
b0.10_g0.70_sim18.csv,0.1,0.7000000000000001,18,6,5.0,2025-04-07T21:22:44.761847
b0.10_g0.70_sim19.csv,0.1,0.7000000000000001,19,9,8.0,2025-04-07T21:22:44.761847
b0.10_g0.70_sim20.csv,0.1,0.7000000000000001,20,6,5.0,2025-04-07T21:22:44.761847
b0.10_g0.70_sim21.csv,0.1,0.7000000000000001,21,6,5.0,2025-04-07T21:22:44.761847
b0.10_g0.70_sim22.csv,0.1,0.7000000000000001,22,9,8.0,2025-04-07T21:22:44.761847
b0.10_g0.70_sim23.csv,0.1,0.7000000000000001,23,8,7.0,2025-04-07T21:22:44.761847
b0.10_g0.70_sim24.csv,0.1,0.7000000000000001,24,5,4.0,2025-04-07T21:22:44.761847
b0.10_g0.70_sim25.csv,0.1,0.7000000000000001,25,9,8.0,2025-04-07T21:22:44.761847
b0.10_g0.70_sim26.csv,0.1,0.7000000000000001,26,7,6.0,2025-04-07T21:22:44.761847
b0.10_g0.70_sim27.csv,0.1,0.7000000000000001,27,6,5.0,2025-04-07T21:22:44.761847
b0.10_g0.70_sim28.csv,0.1,0.7000000000000001,28,7,6.0,2025-04-07T21:22:44.761847
b0.10_g0.70_sim29.csv,0.1,0.7000000000000001,29,9,8.0,2025-04-07T21:22:44.761847
b0.10_g0.70_sim30.csv,0.1,0.7000000000000001,30,11,10.0,2025-04-07T21:22:44.761847
b0.10_g0.70_sim31.csv,0.1,0.7000000000000001,31,6,5.0,2025-04-07T21:22:44.761847
b0.10_g0.70_sim32.csv,0.1,0.7000000000000001,32,9,8.0,2025-04-07T21:22:44.761847
b0.10_g0.70_sim33.csv,0.1,0.7000000000000001,33,8,7.0,2025-04-07T21:22:44.761847
b0.10_g0.70_sim34.csv,0.1,0.7000000000000001,34,8,7.0,2025-04-07T21:22:44.761847
b0.10_g0.70_sim35.csv,0.1,0.7000000000000001,35,8,7.0,2025-04-07T21:22:44.761847
b0.10_g0.70_sim36.csv,0.1,0.7000000000000001,36,6,5.0,2025-04-07T21:22:44.761847
b0.10_g0.70_sim37.csv,0.1,0.7000000000000001,37,7,6.0,2025-04-07T21:22:44.761847
b0.10_g0.70_sim38.csv,0.1,0.7000000000000001,38,8,7.0,2025-04-07T21:22:44.761847
b0.10_g0.70_sim39.csv,0.1,0.7000000000000001,39,8,7.0,2025-04-07T21:22:44.761847
b0.10_g0.70_sim40.csv,0.1,0.7000000000000001,40,9,8.0,2025-04-07T21:22:44.761847
b0.10_g0.70_sim41.csv,0.1,0.7000000000000001,41,7,6.0,2025-04-07T21:22:44.761847
b0.10_g0.70_sim42.csv,0.1,0.7000000000000001,42,8,7.0,2025-04-07T21:22:44.761847
b0.10_g0.70_sim43.csv,0.1,0.7000000000000001,43,8,7.0,2025-04-07T21:22:44.761847
b0.10_g0.70_sim44.csv,0.1,0.7000000000000001,44,7,6.0,2025-04-07T21:22:44.761847
b0.10_g0.70_sim45.csv,0.1,0.7000000000000001,45,7,6.0,2025-04-07T21:22:44.761847
b0.10_g0.70_sim46.csv,0.1,0.7000000000000001,46,8,7.0,2025-04-07T21:22:44.761847
b0.10_g0.70_sim47.csv,0.1,0.7000000000000001,47,10,9.0,2025-04-07T21:22:44.761847
b0.10_g0.70_sim48.csv,0.1,0.7000000000000001,48,9,8.0,2025-04-07T21:22:44.761847
b0.10_g0.70_sim49.csv,0.1,0.7000000000000001,49,8,7.0,2025-04-07T21:22:44.761847
b0.10_g0.80_sim0.csv,0.1,0.8,0,10,9.0,2025-04-07T21:22:44.761847
b0.10_g0.80_sim1.csv,0.1,0.8,1,7,6.0,2025-04-07T21:22:44.761847
b0.10_g0.80_sim2.csv,0.1,0.8,2,8,7.0,2025-04-07T21:22:44.761847
b0.10_g0.80_sim3.csv,0.1,0.8,3,7,6.0,2025-04-07T21:22:44.761847
b0.10_g0.80_sim4.csv,0.1,0.8,4,6,5.0,2025-04-07T21:22:44.761847
b0.10_g0.80_sim5.csv,0.1,0.8,5,8,7.0,2025-04-07T21:22:44.761847
b0.10_g0.80_sim6.csv,0.1,0.8,6,8,7.0,2025-04-07T21:22:44.761847
b0.10_g0.80_sim7.csv,0.1,0.8,7,5,4.0,2025-04-07T21:22:44.761847
b0.10_g0.80_sim8.csv,0.1,0.8,8,6,5.0,2025-04-07T21:22:44.761847
b0.10_g0.80_sim9.csv,0.1,0.8,9,8,7.0,2025-04-07T21:22:44.761847
b0.10_g0.80_sim10.csv,0.1,0.8,10,7,6.0,2025-04-07T21:22:44.761847
b0.10_g0.80_sim11.csv,0.1,0.8,11,9,8.0,2025-04-07T21:22:44.761847
b0.10_g0.80_sim12.csv,0.1,0.8,12,9,8.0,2025-04-07T21:22:44.761847
b0.10_g0.80_sim13.csv,0.1,0.8,13,7,6.0,2025-04-07T21:22:44.761847
b0.10_g0.80_sim14.csv,0.1,0.8,14,6,5.0,2025-04-07T21:22:44.761847
b0.10_g0.80_sim15.csv,0.1,0.8,15,9,8.0,2025-04-07T21:22:44.761847
b0.10_g0.80_sim16.csv,0.1,0.8,16,5,4.0,2025-04-07T21:22:44.761847
b0.10_g0.80_sim17.csv,0.1,0.8,17,7,6.0,2025-04-07T21:22:44.761847
b0.10_g0.80_sim18.csv,0.1,0.8,18,6,5.0,2025-04-07T21:22:44.761847
b0.10_g0.80_sim19.csv,0.1,0.8,19,4,3.0,2025-04-07T21:22:44.761847
b0.10_g0.80_sim20.csv,0.1,0.8,20,6,5.0,2025-04-07T21:22:44.761847
b0.10_g0.80_sim21.csv,0.1,0.8,21,7,6.0,2025-04-07T21:22:44.761847
b0.10_g0.80_sim22.csv,0.1,0.8,22,11,10.0,2025-04-07T21:22:44.761847
b0.10_g0.80_sim23.csv,0.1,0.8,23,8,7.0,2025-04-07T21:22:44.761847
b0.10_g0.80_sim24.csv,0.1,0.8,24,7,6.0,2025-04-07T21:22:44.761847
b0.10_g0.80_sim25.csv,0.1,0.8,25,9,8.0,2025-04-07T21:22:44.761847
b0.10_g0.80_sim26.csv,0.1,0.8,26,9,8.0,2025-04-07T21:22:44.761847
b0.10_g0.80_sim27.csv,0.1,0.8,27,5,4.0,2025-04-07T21:22:44.761847
b0.10_g0.80_sim28.csv,0.1,0.8,28,6,5.0,2025-04-07T21:22:44.761847
b0.10_g0.80_sim29.csv,0.1,0.8,29,7,6.0,2025-04-07T21:22:44.761847
b0.10_g0.80_sim30.csv,0.1,0.8,30,8,7.0,2025-04-07T21:22:44.761847
b0.10_g0.80_sim31.csv,0.1,0.8,31,7,6.0,2025-04-07T21:22:44.761847
b0.10_g0.80_sim32.csv,0.1,0.8,32,7,6.0,2025-04-07T21:22:44.761847
b0.10_g0.80_sim33.csv,0.1,0.8,33,9,8.0,2025-04-07T21:22:44.761847
b0.10_g0.80_sim34.csv,0.1,0.8,34,5,4.0,2025-04-07T21:22:44.761847
b0.10_g0.80_sim35.csv,0.1,0.8,35,5,4.0,2025-04-07T21:22:44.761847
b0.10_g0.80_sim36.csv,0.1,0.8,36,7,6.0,2025-04-07T21:22:44.761847
b0.10_g0.80_sim37.csv,0.1,0.8,37,6,5.0,2025-04-07T21:22:44.761847
b0.10_g0.80_sim38.csv,0.1,0.8,38,8,7.0,2025-04-07T21:22:44.761847
b0.10_g0.80_sim39.csv,0.1,0.8,39,9,8.0,2025-04-07T21:22:44.761847
b0.10_g0.80_sim40.csv,0.1,0.8,40,5,4.0,2025-04-07T21:22:44.761847
b0.10_g0.80_sim41.csv,0.1,0.8,41,6,5.0,2025-04-07T21:22:44.761847
b0.10_g0.80_sim42.csv,0.1,0.8,42,7,6.0,2025-04-07T21:22:44.761847
b0.10_g0.80_sim43.csv,0.1,0.8,43,9,8.0,2025-04-07T21:22:44.761847
b0.10_g0.80_sim44.csv,0.1,0.8,44,5,4.0,2025-04-07T21:22:44.761847
b0.10_g0.80_sim45.csv,0.1,0.8,45,8,7.0,2025-04-07T21:22:44.761847
b0.10_g0.80_sim46.csv,0.1,0.8,46,7,6.0,2025-04-07T21:22:44.761847
b0.10_g0.80_sim47.csv,0.1,0.8,47,9,8.0,2025-04-07T21:22:44.761847
b0.10_g0.80_sim48.csv,0.1,0.8,48,11,10.0,2025-04-07T21:22:44.761847
b0.10_g0.80_sim49.csv,0.1,0.8,49,7,6.0,2025-04-07T21:22:44.761847
b0.10_g0.90_sim0.csv,0.1,0.9,0,5,4.0,2025-04-07T21:22:44.761847
b0.10_g0.90_sim1.csv,0.1,0.9,1,5,4.0,2025-04-07T21:22:44.761847
b0.10_g0.90_sim2.csv,0.1,0.9,2,7,6.0,2025-04-07T21:22:44.761847
b0.10_g0.90_sim3.csv,0.1,0.9,3,7,6.0,2025-04-07T21:22:44.761847
b0.10_g0.90_sim4.csv,0.1,0.9,4,8,7.0,2025-04-07T21:22:44.761847
b0.10_g0.90_sim5.csv,0.1,0.9,5,7,6.0,2025-04-07T21:22:44.761847
b0.10_g0.90_sim6.csv,0.1,0.9,6,6,5.0,2025-04-07T21:22:44.761847
b0.10_g0.90_sim7.csv,0.1,0.9,7,5,4.0,2025-04-07T21:22:44.761847
b0.10_g0.90_sim8.csv,0.1,0.9,8,9,8.0,2025-04-07T21:22:44.761847
b0.10_g0.90_sim9.csv,0.1,0.9,9,11,10.0,2025-04-07T21:22:44.761847
b0.10_g0.90_sim10.csv,0.1,0.9,10,5,4.0,2025-04-07T21:22:44.761847
b0.10_g0.90_sim11.csv,0.1,0.9,11,9,8.0,2025-04-07T21:22:44.761847
b0.10_g0.90_sim12.csv,0.1,0.9,12,5,4.0,2025-04-07T21:22:44.761847
b0.10_g0.90_sim13.csv,0.1,0.9,13,6,5.0,2025-04-07T21:22:44.761847
b0.10_g0.90_sim14.csv,0.1,0.9,14,5,4.0,2025-04-07T21:22:44.761847
b0.10_g0.90_sim15.csv,0.1,0.9,15,7,6.0,2025-04-07T21:22:44.761847
b0.10_g0.90_sim16.csv,0.1,0.9,16,6,5.0,2025-04-07T21:22:44.761847
b0.10_g0.90_sim17.csv,0.1,0.9,17,5,4.0,2025-04-07T21:22:44.761847
b0.10_g0.90_sim18.csv,0.1,0.9,18,8,7.0,2025-04-07T21:22:44.761847
b0.10_g0.90_sim19.csv,0.1,0.9,19,5,4.0,2025-04-07T21:22:44.761847
b0.10_g0.90_sim20.csv,0.1,0.9,20,9,8.0,2025-04-07T21:22:44.761847
b0.10_g0.90_sim21.csv,0.1,0.9,21,6,5.0,2025-04-07T21:22:44.761847
b0.10_g0.90_sim22.csv,0.1,0.9,22,6,5.0,2025-04-07T21:22:44.761847
b0.10_g0.90_sim23.csv,0.1,0.9,23,7,6.0,2025-04-07T21:22:44.761847
b0.10_g0.90_sim24.csv,0.1,0.9,24,6,5.0,2025-04-07T21:22:44.761847
b0.10_g0.90_sim25.csv,0.1,0.9,25,8,7.0,2025-04-07T21:22:44.761847
b0.10_g0.90_sim26.csv,0.1,0.9,26,6,5.0,2025-04-07T21:22:44.761847
b0.10_g0.90_sim27.csv,0.1,0.9,27,5,4.0,2025-04-07T21:22:44.761847
b0.10_g0.90_sim28.csv,0.1,0.9,28,6,5.0,2025-04-07T21:22:44.761847
b0.10_g0.90_sim29.csv,0.1,0.9,29,6,5.0,2025-04-07T21:22:44.761847
b0.10_g0.90_sim30.csv,0.1,0.9,30,9,8.0,2025-04-07T21:22:44.761847
b0.10_g0.90_sim31.csv,0.1,0.9,31,7,6.0,2025-04-07T21:22:44.761847
b0.10_g0.90_sim32.csv,0.1,0.9,32,6,5.0,2025-04-07T21:22:44.761847
b0.10_g0.90_sim33.csv,0.1,0.9,33,8,7.0,2025-04-07T21:22:44.761847
b0.10_g0.90_sim34.csv,0.1,0.9,34,5,4.0,2025-04-07T21:22:44.761847
b0.10_g0.90_sim35.csv,0.1,0.9,35,6,5.0,2025-04-07T21:22:44.761847
b0.10_g0.90_sim36.csv,0.1,0.9,36,6,5.0,2025-04-07T21:22:44.761847
b0.10_g0.90_sim37.csv,0.1,0.9,37,6,5.0,2025-04-07T21:22:44.761847
b0.10_g0.90_sim38.csv,0.1,0.9,38,7,6.0,2025-04-07T21:22:44.761847
b0.10_g0.90_sim39.csv,0.1,0.9,39,8,7.0,2025-04-07T21:22:44.761847
b0.10_g0.90_sim40.csv,0.1,0.9,40,7,6.0,2025-04-07T21:22:44.761847
b0.10_g0.90_sim41.csv,0.1,0.9,41,7,6.0,2025-04-07T21:22:44.761847
b0.10_g0.90_sim42.csv,0.1,0.9,42,5,4.0,2025-04-07T21:22:44.761847
b0.10_g0.90_sim43.csv,0.1,0.9,43,8,7.0,2025-04-07T21:22:44.761847
b0.10_g0.90_sim44.csv,0.1,0.9,44,8,7.0,2025-04-07T21:22:44.761847
b0.10_g0.90_sim45.csv,0.1,0.9,45,5,4.0,2025-04-07T21:22:44.761847
b0.10_g0.90_sim46.csv,0.1,0.9,46,7,6.0,2025-04-07T21:22:44.761847
b0.10_g0.90_sim47.csv,0.1,0.9,47,6,5.0,2025-04-07T21:22:44.761847
b0.10_g0.90_sim48.csv,0.1,0.9,48,7,6.0,2025-04-07T21:22:44.761847
b0.10_g0.90_sim49.csv,0.1,0.9,49,5,4.0,2025-04-07T21:22:44.761847
b0.10_g1.00_sim0.csv,0.1,1.0,0,6,5.0,2025-04-07T21:22:44.761847
b0.10_g1.00_sim1.csv,0.1,1.0,1,5,4.0,2025-04-07T21:22:44.761847
b0.10_g1.00_sim2.csv,0.1,1.0,2,6,5.0,2025-04-07T21:22:44.761847
b0.10_g1.00_sim3.csv,0.1,1.0,3,7,6.0,2025-04-07T21:22:44.761847
b0.10_g1.00_sim4.csv,0.1,1.0,4,7,6.0,2025-04-07T21:22:44.761847
b0.10_g1.00_sim5.csv,0.1,1.0,5,6,5.0,2025-04-07T21:22:44.761847
b0.10_g1.00_sim6.csv,0.1,1.0,6,7,6.0,2025-04-07T21:22:44.761847
b0.10_g1.00_sim7.csv,0.1,1.0,7,5,4.0,2025-04-07T21:22:44.761847
b0.10_g1.00_sim8.csv,0.1,1.0,8,4,3.0,2025-04-07T21:22:44.761847
b0.10_g1.00_sim9.csv,0.1,1.0,9,5,4.0,2025-04-07T21:22:44.761847
b0.10_g1.00_sim10.csv,0.1,1.0,10,6,5.0,2025-04-07T21:22:44.761847
b0.10_g1.00_sim11.csv,0.1,1.0,11,13,12.0,2025-04-07T21:22:44.761847
b0.10_g1.00_sim12.csv,0.1,1.0,12,6,5.0,2025-04-07T21:22:44.761847
b0.10_g1.00_sim13.csv,0.1,1.0,13,6,5.0,2025-04-07T21:22:44.761847
b0.10_g1.00_sim14.csv,0.1,1.0,14,7,6.0,2025-04-07T21:22:44.761847
b0.10_g1.00_sim15.csv,0.1,1.0,15,5,4.0,2025-04-07T21:22:44.761847
b0.10_g1.00_sim16.csv,0.1,1.0,16,6,5.0,2025-04-07T21:22:44.761847
b0.10_g1.00_sim17.csv,0.1,1.0,17,7,6.0,2025-04-07T21:22:44.761847
b0.10_g1.00_sim18.csv,0.1,1.0,18,5,4.0,2025-04-07T21:22:44.761847
b0.10_g1.00_sim19.csv,0.1,1.0,19,7,6.0,2025-04-07T21:22:44.761847
b0.10_g1.00_sim20.csv,0.1,1.0,20,7,6.0,2025-04-07T21:22:44.761847
b0.10_g1.00_sim21.csv,0.1,1.0,21,7,6.0,2025-04-07T21:22:44.761847
b0.10_g1.00_sim22.csv,0.1,1.0,22,7,6.0,2025-04-07T21:22:44.761847
b0.10_g1.00_sim23.csv,0.1,1.0,23,5,4.0,2025-04-07T21:22:44.761847
b0.10_g1.00_sim24.csv,0.1,1.0,24,5,4.0,2025-04-07T21:22:44.761847
b0.10_g1.00_sim25.csv,0.1,1.0,25,5,4.0,2025-04-07T21:22:44.761847
b0.10_g1.00_sim26.csv,0.1,1.0,26,7,6.0,2025-04-07T21:22:44.761847
b0.10_g1.00_sim27.csv,0.1,1.0,27,7,6.0,2025-04-07T21:22:44.761847
b0.10_g1.00_sim28.csv,0.1,1.0,28,7,6.0,2025-04-07T21:22:44.761847
b0.10_g1.00_sim29.csv,0.1,1.0,29,5,4.0,2025-04-07T21:22:44.761847
b0.10_g1.00_sim30.csv,0.1,1.0,30,9,8.0,2025-04-07T21:22:44.761847
b0.10_g1.00_sim31.csv,0.1,1.0,31,5,4.0,2025-04-07T21:22:44.761847
b0.10_g1.00_sim32.csv,0.1,1.0,32,7,6.0,2025-04-07T21:22:44.761847
b0.10_g1.00_sim33.csv,0.1,1.0,33,6,5.0,2025-04-07T21:22:44.761847
b0.10_g1.00_sim34.csv,0.1,1.0,34,7,6.0,2025-04-07T21:22:44.761847
b0.10_g1.00_sim35.csv,0.1,1.0,35,5,4.0,2025-04-07T21:22:44.761847
b0.10_g1.00_sim36.csv,0.1,1.0,36,4,3.0,2025-04-07T21:22:44.761847
b0.10_g1.00_sim37.csv,0.1,1.0,37,6,5.0,2025-04-07T21:22:44.761847
b0.10_g1.00_sim38.csv,0.1,1.0,38,7,6.0,2025-04-07T21:22:44.761847
b0.10_g1.00_sim39.csv,0.1,1.0,39,6,5.0,2025-04-07T21:22:44.761847
b0.10_g1.00_sim40.csv,0.1,1.0,40,8,7.0,2025-04-07T21:22:44.761847
b0.10_g1.00_sim41.csv,0.1,1.0,41,5,4.0,2025-04-07T21:22:44.761847
b0.10_g1.00_sim42.csv,0.1,1.0,42,5,4.0,2025-04-07T21:22:44.761847
b0.10_g1.00_sim43.csv,0.1,1.0,43,5,4.0,2025-04-07T21:22:44.761847
b0.10_g1.00_sim44.csv,0.1,1.0,44,6,5.0,2025-04-07T21:22:44.761847
b0.10_g1.00_sim45.csv,0.1,1.0,45,6,5.0,2025-04-07T21:22:44.761847
b0.10_g1.00_sim46.csv,0.1,1.0,46,7,6.0,2025-04-07T21:22:44.761847
b0.10_g1.00_sim47.csv,0.1,1.0,47,8,7.0,2025-04-07T21:22:44.761847
b0.10_g1.00_sim48.csv,0.1,1.0,48,8,7.0,2025-04-07T21:22:44.761847
b0.10_g1.00_sim49.csv,0.1,1.0,49,7,6.0,2025-04-07T21:22:44.761847
b0.20_g0.10_sim0.csv,0.2,0.1,0,43,42.0,2025-04-07T21:22:44.761847
b0.20_g0.10_sim1.csv,0.2,0.1,1,32,31.0,2025-04-07T21:22:44.761847
b0.20_g0.10_sim2.csv,0.2,0.1,2,44,43.0,2025-04-07T21:22:44.761847
b0.20_g0.10_sim3.csv,0.2,0.1,3,34,33.0,2025-04-07T21:22:44.761847
b0.20_g0.10_sim4.csv,0.2,0.1,4,57,56.0,2025-04-07T21:22:44.761847
b0.20_g0.10_sim5.csv,0.2,0.1,5,38,37.0,2025-04-07T21:22:44.761847
b0.20_g0.10_sim6.csv,0.2,0.1,6,86,85.0,2025-04-07T21:22:44.761847
b0.20_g0.10_sim7.csv,0.2,0.1,7,54,53.0,2025-04-07T21:22:44.761847
b0.20_g0.10_sim8.csv,0.2,0.1,8,46,45.0,2025-04-07T21:22:44.761847
b0.20_g0.10_sim9.csv,0.2,0.1,9,65,64.0,2025-04-07T21:22:44.761847
b0.20_g0.10_sim10.csv,0.2,0.1,10,44,43.0,2025-04-07T21:22:44.761847
b0.20_g0.10_sim11.csv,0.2,0.1,11,38,37.0,2025-04-07T21:22:44.761847
b0.20_g0.10_sim12.csv,0.2,0.1,12,47,46.0,2025-04-07T21:22:44.761847
b0.20_g0.10_sim13.csv,0.2,0.1,13,47,46.0,2025-04-07T21:22:44.761847
b0.20_g0.10_sim14.csv,0.2,0.1,14,59,58.0,2025-04-07T21:22:44.761847
b0.20_g0.10_sim15.csv,0.2,0.1,15,40,39.0,2025-04-07T21:22:44.761847
b0.20_g0.10_sim16.csv,0.2,0.1,16,49,48.0,2025-04-07T21:22:44.761847
b0.20_g0.10_sim17.csv,0.2,0.1,17,39,38.0,2025-04-07T21:22:44.761847
b0.20_g0.10_sim18.csv,0.2,0.1,18,45,44.0,2025-04-07T21:22:44.761847
b0.20_g0.10_sim19.csv,0.2,0.1,19,56,55.0,2025-04-07T21:22:44.761847
b0.20_g0.10_sim20.csv,0.2,0.1,20,38,37.0,2025-04-07T21:22:44.761847
b0.20_g0.10_sim21.csv,0.2,0.1,21,50,49.0,2025-04-07T21:22:44.761847
b0.20_g0.10_sim22.csv,0.2,0.1,22,39,38.0,2025-04-07T21:22:44.761847
b0.20_g0.10_sim23.csv,0.2,0.1,23,65,64.0,2025-04-07T21:22:44.761847
b0.20_g0.10_sim24.csv,0.2,0.1,24,49,48.0,2025-04-07T21:22:44.761847
b0.20_g0.10_sim25.csv,0.2,0.1,25,58,57.0,2025-04-07T21:22:44.761847
b0.20_g0.10_sim26.csv,0.2,0.1,26,52,51.0,2025-04-07T21:22:44.761847
b0.20_g0.10_sim27.csv,0.2,0.1,27,52,51.0,2025-04-07T21:22:44.761847
b0.20_g0.10_sim28.csv,0.2,0.1,28,53,52.0,2025-04-07T21:22:44.761847
b0.20_g0.10_sim29.csv,0.2,0.1,29,38,37.0,2025-04-07T21:22:44.761847
b0.20_g0.10_sim30.csv,0.2,0.1,30,53,52.0,2025-04-07T21:22:44.761847
b0.20_g0.10_sim31.csv,0.2,0.1,31,48,47.0,2025-04-07T21:22:44.761847
b0.20_g0.10_sim32.csv,0.2,0.1,32,55,54.0,2025-04-07T21:22:44.761847
b0.20_g0.10_sim33.csv,0.2,0.1,33,63,62.0,2025-04-07T21:22:44.761847
b0.20_g0.10_sim34.csv,0.2,0.1,34,40,39.0,2025-04-07T21:22:44.761847
b0.20_g0.10_sim35.csv,0.2,0.1,35,64,63.0,2025-04-07T21:22:44.761847
b0.20_g0.10_sim36.csv,0.2,0.1,36,51,50.0,2025-04-07T21:22:44.761847
b0.20_g0.10_sim37.csv,0.2,0.1,37,52,51.0,2025-04-07T21:22:44.761847
b0.20_g0.10_sim38.csv,0.2,0.1,38,40,39.0,2025-04-07T21:22:44.761847
b0.20_g0.10_sim39.csv,0.2,0.1,39,53,52.0,2025-04-07T21:22:44.761847
b0.20_g0.10_sim40.csv,0.2,0.1,40,52,51.0,2025-04-07T21:22:44.761847
b0.20_g0.10_sim41.csv,0.2,0.1,41,62,61.0,2025-04-07T21:22:44.761847
b0.20_g0.10_sim42.csv,0.2,0.1,42,56,55.0,2025-04-07T21:22:44.761847
b0.20_g0.10_sim43.csv,0.2,0.1,43,57,56.0,2025-04-07T21:22:44.761847
b0.20_g0.10_sim44.csv,0.2,0.1,44,67,66.0,2025-04-07T21:22:44.761847
b0.20_g0.10_sim45.csv,0.2,0.1,45,42,41.0,2025-04-07T21:22:44.761847
b0.20_g0.10_sim46.csv,0.2,0.1,46,43,42.0,2025-04-07T21:22:44.761847
b0.20_g0.10_sim47.csv,0.2,0.1,47,34,33.0,2025-04-07T21:22:44.761847
b0.20_g0.10_sim48.csv,0.2,0.1,48,56,55.0,2025-04-07T21:22:44.761847
b0.20_g0.10_sim49.csv,0.2,0.1,49,60,59.0,2025-04-07T21:22:44.761847
b0.20_g0.20_sim0.csv,0.2,0.2,0,20,19.0,2025-04-07T21:22:44.761847
b0.20_g0.20_sim1.csv,0.2,0.2,1,21,20.0,2025-04-07T21:22:44.761847
b0.20_g0.20_sim2.csv,0.2,0.2,2,32,31.0,2025-04-07T21:22:44.761847
b0.20_g0.20_sim3.csv,0.2,0.2,3,24,23.0,2025-04-07T21:22:44.761847
b0.20_g0.20_sim4.csv,0.2,0.2,4,20,19.0,2025-04-07T21:22:44.761847
b0.20_g0.20_sim5.csv,0.2,0.2,5,21,20.0,2025-04-07T21:22:44.761847
b0.20_g0.20_sim6.csv,0.2,0.2,6,22,21.0,2025-04-07T21:22:44.761847
b0.20_g0.20_sim7.csv,0.2,0.2,7,26,25.0,2025-04-07T21:22:44.761847
b0.20_g0.20_sim8.csv,0.2,0.2,8,33,32.0,2025-04-07T21:22:44.761847
b0.20_g0.20_sim9.csv,0.2,0.2,9,31,30.0,2025-04-07T21:22:44.761847
b0.20_g0.20_sim10.csv,0.2,0.2,10,37,36.0,2025-04-07T21:22:44.761847
b0.20_g0.20_sim11.csv,0.2,0.2,11,32,31.0,2025-04-07T21:22:44.761847
b0.20_g0.20_sim12.csv,0.2,0.2,12,21,20.0,2025-04-07T21:22:44.761847
b0.20_g0.20_sim13.csv,0.2,0.2,13,34,33.0,2025-04-07T21:22:44.761847
b0.20_g0.20_sim14.csv,0.2,0.2,14,27,26.0,2025-04-07T21:22:44.761847
b0.20_g0.20_sim15.csv,0.2,0.2,15,29,28.0,2025-04-07T21:22:44.761847
b0.20_g0.20_sim16.csv,0.2,0.2,16,30,29.0,2025-04-07T21:22:44.761847
b0.20_g0.20_sim17.csv,0.2,0.2,17,26,25.0,2025-04-07T21:22:44.761847
b0.20_g0.20_sim18.csv,0.2,0.2,18,26,25.0,2025-04-07T21:22:44.761847
b0.20_g0.20_sim19.csv,0.2,0.2,19,38,37.0,2025-04-07T21:22:44.761847
b0.20_g0.20_sim20.csv,0.2,0.2,20,26,25.0,2025-04-07T21:22:44.761847
b0.20_g0.20_sim21.csv,0.2,0.2,21,44,43.0,2025-04-07T21:22:44.761847
b0.20_g0.20_sim22.csv,0.2,0.2,22,25,24.0,2025-04-07T21:22:44.761847
b0.20_g0.20_sim23.csv,0.2,0.2,23,22,21.0,2025-04-07T21:22:44.761847
b0.20_g0.20_sim24.csv,0.2,0.2,24,32,31.0,2025-04-07T21:22:44.761847
b0.20_g0.20_sim25.csv,0.2,0.2,25,22,21.0,2025-04-07T21:22:44.761847
b0.20_g0.20_sim26.csv,0.2,0.2,26,29,28.0,2025-04-07T21:22:44.761847
b0.20_g0.20_sim27.csv,0.2,0.2,27,34,33.0,2025-04-07T21:22:44.761847
b0.20_g0.20_sim28.csv,0.2,0.2,28,29,28.0,2025-04-07T21:22:44.761847
b0.20_g0.20_sim29.csv,0.2,0.2,29,24,23.0,2025-04-07T21:22:44.761847
b0.20_g0.20_sim30.csv,0.2,0.2,30,29,28.0,2025-04-07T21:22:44.761847
b0.20_g0.20_sim31.csv,0.2,0.2,31,19,18.0,2025-04-07T21:22:44.761847
b0.20_g0.20_sim32.csv,0.2,0.2,32,21,20.0,2025-04-07T21:22:44.761847
b0.20_g0.20_sim33.csv,0.2,0.2,33,26,25.0,2025-04-07T21:22:44.761847
b0.20_g0.20_sim34.csv,0.2,0.2,34,24,23.0,2025-04-07T21:22:44.761847
b0.20_g0.20_sim35.csv,0.2,0.2,35,24,23.0,2025-04-07T21:22:44.761847
b0.20_g0.20_sim36.csv,0.2,0.2,36,26,25.0,2025-04-07T21:22:44.761847
b0.20_g0.20_sim37.csv,0.2,0.2,37,35,34.0,2025-04-07T21:22:44.761847
b0.20_g0.20_sim38.csv,0.2,0.2,38,25,24.0,2025-04-07T21:22:44.761847
b0.20_g0.20_sim39.csv,0.2,0.2,39,16,15.0,2025-04-07T21:22:44.761847
b0.20_g0.20_sim40.csv,0.2,0.2,40,18,17.0,2025-04-07T21:22:44.761847
b0.20_g0.20_sim41.csv,0.2,0.2,41,28,27.0,2025-04-07T21:22:44.761847
b0.20_g0.20_sim42.csv,0.2,0.2,42,27,26.0,2025-04-07T21:22:44.761847
b0.20_g0.20_sim43.csv,0.2,0.2,43,25,24.0,2025-04-07T21:22:44.761847
b0.20_g0.20_sim44.csv,0.2,0.2,44,26,25.0,2025-04-07T21:22:44.761847
b0.20_g0.20_sim45.csv,0.2,0.2,45,17,16.0,2025-04-07T21:22:44.761847
b0.20_g0.20_sim46.csv,0.2,0.2,46,26,25.0,2025-04-07T21:22:44.761847
b0.20_g0.20_sim47.csv,0.2,0.2,47,17,16.0,2025-04-07T21:22:44.761847
b0.20_g0.20_sim48.csv,0.2,0.2,48,19,18.0,2025-04-07T21:22:44.761847
b0.20_g0.20_sim49.csv,0.2,0.2,49,21,20.0,2025-04-07T21:22:44.761847
b0.20_g0.30_sim0.csv,0.2,0.30000000000000004,0,20,19.0,2025-04-07T21:22:44.761847
b0.20_g0.30_sim1.csv,0.2,0.30000000000000004,1,20,19.0,2025-04-07T21:22:44.761847
b0.20_g0.30_sim2.csv,0.2,0.30000000000000004,2,21,20.0,2025-04-07T21:22:44.761847
b0.20_g0.30_sim3.csv,0.2,0.30000000000000004,3,15,14.0,2025-04-07T21:22:44.761847
b0.20_g0.30_sim4.csv,0.2,0.30000000000000004,4,15,14.0,2025-04-07T21:22:44.761847
b0.20_g0.30_sim5.csv,0.2,0.30000000000000004,5,18,17.0,2025-04-07T21:22:44.761847
b0.20_g0.30_sim6.csv,0.2,0.30000000000000004,6,17,16.0,2025-04-07T21:22:44.761847
b0.20_g0.30_sim7.csv,0.2,0.30000000000000004,7,14,13.0,2025-04-07T21:22:44.761847
b0.20_g0.30_sim8.csv,0.2,0.30000000000000004,8,13,12.0,2025-04-07T21:22:44.761847
b0.20_g0.30_sim9.csv,0.2,0.30000000000000004,9,17,16.0,2025-04-07T21:22:44.761847
b0.20_g0.30_sim10.csv,0.2,0.30000000000000004,10,18,17.0,2025-04-07T21:22:44.761847
b0.20_g0.30_sim11.csv,0.2,0.30000000000000004,11,14,13.0,2025-04-07T21:22:44.761847
b0.20_g0.30_sim12.csv,0.2,0.30000000000000004,12,16,15.0,2025-04-07T21:22:44.761847
b0.20_g0.30_sim13.csv,0.2,0.30000000000000004,13,15,14.0,2025-04-07T21:22:44.761847
b0.20_g0.30_sim14.csv,0.2,0.30000000000000004,14,19,18.0,2025-04-07T21:22:44.761847
b0.20_g0.30_sim15.csv,0.2,0.30000000000000004,15,12,11.0,2025-04-07T21:22:44.761847
b0.20_g0.30_sim16.csv,0.2,0.30000000000000004,16,13,12.0,2025-04-07T21:22:44.761847
b0.20_g0.30_sim17.csv,0.2,0.30000000000000004,17,17,16.0,2025-04-07T21:22:44.761847
b0.20_g0.30_sim18.csv,0.2,0.30000000000000004,18,16,15.0,2025-04-07T21:22:44.761847
b0.20_g0.30_sim19.csv,0.2,0.30000000000000004,19,21,20.0,2025-04-07T21:22:44.761847
b0.20_g0.30_sim20.csv,0.2,0.30000000000000004,20,14,13.0,2025-04-07T21:22:44.761847
b0.20_g0.30_sim21.csv,0.2,0.30000000000000004,21,15,14.0,2025-04-07T21:22:44.761847
b0.20_g0.30_sim22.csv,0.2,0.30000000000000004,22,25,24.0,2025-04-07T21:22:44.761847
b0.20_g0.30_sim23.csv,0.2,0.30000000000000004,23,13,12.0,2025-04-07T21:22:44.761847
b0.20_g0.30_sim24.csv,0.2,0.30000000000000004,24,15,14.0,2025-04-07T21:22:44.761847
b0.20_g0.30_sim25.csv,0.2,0.30000000000000004,25,17,16.0,2025-04-07T21:22:44.761847
b0.20_g0.30_sim26.csv,0.2,0.30000000000000004,26,12,11.0,2025-04-07T21:22:44.761847
b0.20_g0.30_sim27.csv,0.2,0.30000000000000004,27,14,13.0,2025-04-07T21:22:44.761847
b0.20_g0.30_sim28.csv,0.2,0.30000000000000004,28,42,41.0,2025-04-07T21:22:44.761847
b0.20_g0.30_sim29.csv,0.2,0.30000000000000004,29,12,11.0,2025-04-07T21:22:44.761847
b0.20_g0.30_sim30.csv,0.2,0.30000000000000004,30,18,17.0,2025-04-07T21:22:44.761847
b0.20_g0.30_sim31.csv,0.2,0.30000000000000004,31,13,12.0,2025-04-07T21:22:44.761847
b0.20_g0.30_sim32.csv,0.2,0.30000000000000004,32,17,16.0,2025-04-07T21:22:44.761847
b0.20_g0.30_sim33.csv,0.2,0.30000000000000004,33,22,21.0,2025-04-07T21:22:44.761847
b0.20_g0.30_sim34.csv,0.2,0.30000000000000004,34,21,20.0,2025-04-07T21:22:44.761847
b0.20_g0.30_sim35.csv,0.2,0.30000000000000004,35,20,19.0,2025-04-07T21:22:44.761847
b0.20_g0.30_sim36.csv,0.2,0.30000000000000004,36,22,21.0,2025-04-07T21:22:44.761847
b0.20_g0.30_sim37.csv,0.2,0.30000000000000004,37,15,14.0,2025-04-07T21:22:44.761847
b0.20_g0.30_sim38.csv,0.2,0.30000000000000004,38,17,16.0,2025-04-07T21:22:44.761847
b0.20_g0.30_sim39.csv,0.2,0.30000000000000004,39,21,20.0,2025-04-07T21:22:44.761847
b0.20_g0.30_sim40.csv,0.2,0.30000000000000004,40,22,21.0,2025-04-07T21:22:44.761847
b0.20_g0.30_sim41.csv,0.2,0.30000000000000004,41,12,11.0,2025-04-07T21:22:44.761847
b0.20_g0.30_sim42.csv,0.2,0.30000000000000004,42,34,33.0,2025-04-07T21:22:44.761847
b0.20_g0.30_sim43.csv,0.2,0.30000000000000004,43,16,15.0,2025-04-07T21:22:44.761847
b0.20_g0.30_sim44.csv,0.2,0.30000000000000004,44,20,19.0,2025-04-07T21:22:44.761847
b0.20_g0.30_sim45.csv,0.2,0.30000000000000004,45,17,16.0,2025-04-07T21:22:44.761847
b0.20_g0.30_sim46.csv,0.2,0.30000000000000004,46,15,14.0,2025-04-07T21:22:44.761847
b0.20_g0.30_sim47.csv,0.2,0.30000000000000004,47,14,13.0,2025-04-07T21:22:44.761847
b0.20_g0.30_sim48.csv,0.2,0.30000000000000004,48,17,16.0,2025-04-07T21:22:44.761847
b0.20_g0.30_sim49.csv,0.2,0.30000000000000004,49,12,11.0,2025-04-07T21:22:44.761847
b0.20_g0.40_sim0.csv,0.2,0.4,0,13,12.0,2025-04-07T21:22:44.761847
b0.20_g0.40_sim1.csv,0.2,0.4,1,9,8.0,2025-04-07T21:22:44.761847
b0.20_g0.40_sim2.csv,0.2,0.4,2,13,12.0,2025-04-07T21:22:44.761847
b0.20_g0.40_sim3.csv,0.2,0.4,3,13,12.0,2025-04-07T21:22:44.761847
b0.20_g0.40_sim4.csv,0.2,0.4,4,12,11.0,2025-04-07T21:22:44.761847
b0.20_g0.40_sim5.csv,0.2,0.4,5,9,8.0,2025-04-07T21:22:44.761847
b0.20_g0.40_sim6.csv,0.2,0.4,6,11,10.0,2025-04-07T21:22:44.761847
b0.20_g0.40_sim7.csv,0.2,0.4,7,13,12.0,2025-04-07T21:22:44.761847
b0.20_g0.40_sim8.csv,0.2,0.4,8,12,11.0,2025-04-07T21:22:44.761847
b0.20_g0.40_sim9.csv,0.2,0.4,9,10,9.0,2025-04-07T21:22:44.761847
b0.20_g0.40_sim10.csv,0.2,0.4,10,13,12.0,2025-04-07T21:22:44.761847
b0.20_g0.40_sim11.csv,0.2,0.4,11,18,17.0,2025-04-07T21:22:44.761847
b0.20_g0.40_sim12.csv,0.2,0.4,12,15,14.0,2025-04-07T21:22:44.761847
b0.20_g0.40_sim13.csv,0.2,0.4,13,7,6.0,2025-04-07T21:22:44.761847
b0.20_g0.40_sim14.csv,0.2,0.4,14,12,11.0,2025-04-07T21:22:44.761847
b0.20_g0.40_sim15.csv,0.2,0.4,15,21,20.0,2025-04-07T21:22:44.761847
b0.20_g0.40_sim16.csv,0.2,0.4,16,14,13.0,2025-04-07T21:22:44.761847
b0.20_g0.40_sim17.csv,0.2,0.4,17,13,12.0,2025-04-07T21:22:44.761847
b0.20_g0.40_sim18.csv,0.2,0.4,18,11,10.0,2025-04-07T21:22:44.761847
b0.20_g0.40_sim19.csv,0.2,0.4,19,15,14.0,2025-04-07T21:22:44.761847
b0.20_g0.40_sim20.csv,0.2,0.4,20,12,11.0,2025-04-07T21:22:44.761847
b0.20_g0.40_sim21.csv,0.2,0.4,21,11,10.0,2025-04-07T21:22:44.761847
b0.20_g0.40_sim22.csv,0.2,0.4,22,20,19.0,2025-04-07T21:22:44.761847
b0.20_g0.40_sim23.csv,0.2,0.4,23,15,14.0,2025-04-07T21:22:44.761847
b0.20_g0.40_sim24.csv,0.2,0.4,24,10,9.0,2025-04-07T21:22:44.761847
b0.20_g0.40_sim25.csv,0.2,0.4,25,13,12.0,2025-04-07T21:22:44.761847
b0.20_g0.40_sim26.csv,0.2,0.4,26,18,17.0,2025-04-07T21:22:44.761847
b0.20_g0.40_sim27.csv,0.2,0.4,27,14,13.0,2025-04-07T21:22:44.761847
b0.20_g0.40_sim28.csv,0.2,0.4,28,12,11.0,2025-04-07T21:22:44.761847
b0.20_g0.40_sim29.csv,0.2,0.4,29,11,10.0,2025-04-07T21:22:44.761847
b0.20_g0.40_sim30.csv,0.2,0.4,30,12,11.0,2025-04-07T21:22:44.761847
b0.20_g0.40_sim31.csv,0.2,0.4,31,11,10.0,2025-04-07T21:22:44.761847
b0.20_g0.40_sim32.csv,0.2,0.4,32,17,16.0,2025-04-07T21:22:44.761847
b0.20_g0.40_sim33.csv,0.2,0.4,33,14,13.0,2025-04-07T21:22:44.761847
b0.20_g0.40_sim34.csv,0.2,0.4,34,10,9.0,2025-04-07T21:22:44.761847
b0.20_g0.40_sim35.csv,0.2,0.4,35,10,9.0,2025-04-07T21:22:44.761847
b0.20_g0.40_sim36.csv,0.2,0.4,36,14,13.0,2025-04-07T21:22:44.761847
b0.20_g0.40_sim37.csv,0.2,0.4,37,13,12.0,2025-04-07T21:22:44.761847
b0.20_g0.40_sim38.csv,0.2,0.4,38,12,11.0,2025-04-07T21:22:44.761847
b0.20_g0.40_sim39.csv,0.2,0.4,39,16,15.0,2025-04-07T21:22:44.761847
b0.20_g0.40_sim40.csv,0.2,0.4,40,24,23.0,2025-04-07T21:22:44.761847
b0.20_g0.40_sim41.csv,0.2,0.4,41,12,11.0,2025-04-07T21:22:44.761847
b0.20_g0.40_sim42.csv,0.2,0.4,42,13,12.0,2025-04-07T21:22:44.761847
b0.20_g0.40_sim43.csv,0.2,0.4,43,14,13.0,2025-04-07T21:22:44.761847
b0.20_g0.40_sim44.csv,0.2,0.4,44,18,17.0,2025-04-07T21:22:44.761847
b0.20_g0.40_sim45.csv,0.2,0.4,45,16,15.0,2025-04-07T21:22:44.761847
b0.20_g0.40_sim46.csv,0.2,0.4,46,14,13.0,2025-04-07T21:22:44.761847
b0.20_g0.40_sim47.csv,0.2,0.4,47,14,13.0,2025-04-07T21:22:44.761847
b0.20_g0.40_sim48.csv,0.2,0.4,48,12,11.0,2025-04-07T21:22:44.761847
b0.20_g0.40_sim49.csv,0.2,0.4,49,8,7.0,2025-04-07T21:22:44.761847
b0.20_g0.50_sim0.csv,0.2,0.5,0,10,9.0,2025-04-07T21:22:44.761847
b0.20_g0.50_sim1.csv,0.2,0.5,1,9,8.0,2025-04-07T21:22:44.761847
b0.20_g0.50_sim2.csv,0.2,0.5,2,10,9.0,2025-04-07T21:22:44.761847
b0.20_g0.50_sim3.csv,0.2,0.5,3,11,10.0,2025-04-07T21:22:44.761847
b0.20_g0.50_sim4.csv,0.2,0.5,4,10,9.0,2025-04-07T21:22:44.761847
b0.20_g0.50_sim5.csv,0.2,0.5,5,9,8.0,2025-04-07T21:22:44.761847
b0.20_g0.50_sim6.csv,0.2,0.5,6,8,7.0,2025-04-07T21:22:44.761847
b0.20_g0.50_sim7.csv,0.2,0.5,7,10,9.0,2025-04-07T21:22:44.761847
b0.20_g0.50_sim8.csv,0.2,0.5,8,7,6.0,2025-04-07T21:22:44.761847
b0.20_g0.50_sim9.csv,0.2,0.5,9,7,6.0,2025-04-07T21:22:44.761847
b0.20_g0.50_sim10.csv,0.2,0.5,10,9,8.0,2025-04-07T21:22:44.761847
b0.20_g0.50_sim11.csv,0.2,0.5,11,13,12.0,2025-04-07T21:22:44.761847
b0.20_g0.50_sim12.csv,0.2,0.5,12,9,8.0,2025-04-07T21:22:44.761847
b0.20_g0.50_sim13.csv,0.2,0.5,13,10,9.0,2025-04-07T21:22:44.761847
b0.20_g0.50_sim14.csv,0.2,0.5,14,10,9.0,2025-04-07T21:22:44.761847
b0.20_g0.50_sim15.csv,0.2,0.5,15,10,9.0,2025-04-07T21:22:44.761847
b0.20_g0.50_sim16.csv,0.2,0.5,16,15,14.0,2025-04-07T21:22:44.761847
b0.20_g0.50_sim17.csv,0.2,0.5,17,12,11.0,2025-04-07T21:22:44.761847
b0.20_g0.50_sim18.csv,0.2,0.5,18,11,10.0,2025-04-07T21:22:44.761847
b0.20_g0.50_sim19.csv,0.2,0.5,19,8,7.0,2025-04-07T21:22:44.761847
b0.20_g0.50_sim20.csv,0.2,0.5,20,11,10.0,2025-04-07T21:22:44.761847
b0.20_g0.50_sim21.csv,0.2,0.5,21,13,12.0,2025-04-07T21:22:44.761847
b0.20_g0.50_sim22.csv,0.2,0.5,22,10,9.0,2025-04-07T21:22:44.761847
b0.20_g0.50_sim23.csv,0.2,0.5,23,15,14.0,2025-04-07T21:22:44.761847
b0.20_g0.50_sim24.csv,0.2,0.5,24,17,16.0,2025-04-07T21:22:44.761847
b0.20_g0.50_sim25.csv,0.2,0.5,25,9,8.0,2025-04-07T21:22:44.761847
b0.20_g0.50_sim26.csv,0.2,0.5,26,7,6.0,2025-04-07T21:22:44.761847
b0.20_g0.50_sim27.csv,0.2,0.5,27,8,7.0,2025-04-07T21:22:44.761847
b0.20_g0.50_sim28.csv,0.2,0.5,28,10,9.0,2025-04-07T21:22:44.761847
b0.20_g0.50_sim29.csv,0.2,0.5,29,11,10.0,2025-04-07T21:22:44.761847
b0.20_g0.50_sim30.csv,0.2,0.5,30,13,12.0,2025-04-07T21:22:44.761847
b0.20_g0.50_sim31.csv,0.2,0.5,31,9,8.0,2025-04-07T21:22:44.761847
b0.20_g0.50_sim32.csv,0.2,0.5,32,9,8.0,2025-04-07T21:22:44.761847
b0.20_g0.50_sim33.csv,0.2,0.5,33,12,11.0,2025-04-07T21:22:44.761847
b0.20_g0.50_sim34.csv,0.2,0.5,34,19,18.0,2025-04-07T21:22:44.761847
b0.20_g0.50_sim35.csv,0.2,0.5,35,13,12.0,2025-04-07T21:22:44.761847
b0.20_g0.50_sim36.csv,0.2,0.5,36,9,8.0,2025-04-07T21:22:44.761847
b0.20_g0.50_sim37.csv,0.2,0.5,37,12,11.0,2025-04-07T21:22:44.761847
b0.20_g0.50_sim38.csv,0.2,0.5,38,9,8.0,2025-04-07T21:22:44.761847
b0.20_g0.50_sim39.csv,0.2,0.5,39,9,8.0,2025-04-07T21:22:44.761847
b0.20_g0.50_sim40.csv,0.2,0.5,40,9,8.0,2025-04-07T21:22:44.761847
b0.20_g0.50_sim41.csv,0.2,0.5,41,8,7.0,2025-04-07T21:22:44.761847
b0.20_g0.50_sim42.csv,0.2,0.5,42,9,8.0,2025-04-07T21:22:44.761847
b0.20_g0.50_sim43.csv,0.2,0.5,43,11,10.0,2025-04-07T21:22:44.761847
b0.20_g0.50_sim44.csv,0.2,0.5,44,13,12.0,2025-04-07T21:22:44.761847
b0.20_g0.50_sim45.csv,0.2,0.5,45,8,7.0,2025-04-07T21:22:44.761847
b0.20_g0.50_sim46.csv,0.2,0.5,46,14,13.0,2025-04-07T21:22:44.761847
b0.20_g0.50_sim47.csv,0.2,0.5,47,14,13.0,2025-04-07T21:22:44.761847
b0.20_g0.50_sim48.csv,0.2,0.5,48,11,10.0,2025-04-07T21:22:44.761847
b0.20_g0.50_sim49.csv,0.2,0.5,49,10,9.0,2025-04-07T21:22:44.761847
b0.20_g0.60_sim0.csv,0.2,0.6,0,10,9.0,2025-04-07T21:22:44.761847
b0.20_g0.60_sim1.csv,0.2,0.6,1,12,11.0,2025-04-07T21:22:44.761847
b0.20_g0.60_sim2.csv,0.2,0.6,2,6,5.0,2025-04-07T21:22:44.761847
b0.20_g0.60_sim3.csv,0.2,0.6,3,11,10.0,2025-04-07T21:22:44.761847
b0.20_g0.60_sim4.csv,0.2,0.6,4,10,9.0,2025-04-07T21:22:44.761847
b0.20_g0.60_sim5.csv,0.2,0.6,5,21,20.0,2025-04-07T21:22:44.761847
b0.20_g0.60_sim6.csv,0.2,0.6,6,9,8.0,2025-04-07T21:22:44.761847
b0.20_g0.60_sim7.csv,0.2,0.6,7,9,8.0,2025-04-07T21:22:44.761847
b0.20_g0.60_sim8.csv,0.2,0.6,8,9,8.0,2025-04-07T21:22:44.761847
b0.20_g0.60_sim9.csv,0.2,0.6,9,10,9.0,2025-04-07T21:22:44.761847
b0.20_g0.60_sim10.csv,0.2,0.6,10,9,8.0,2025-04-07T21:22:44.761847
b0.20_g0.60_sim11.csv,0.2,0.6,11,14,13.0,2025-04-07T21:22:44.761847
b0.20_g0.60_sim12.csv,0.2,0.6,12,11,10.0,2025-04-07T21:22:44.761847
b0.20_g0.60_sim13.csv,0.2,0.6,13,8,7.0,2025-04-07T21:22:44.761847
b0.20_g0.60_sim14.csv,0.2,0.6,14,8,7.0,2025-04-07T21:22:44.761847
b0.20_g0.60_sim15.csv,0.2,0.6,15,9,8.0,2025-04-07T21:22:44.761847
b0.20_g0.60_sim16.csv,0.2,0.6,16,8,7.0,2025-04-07T21:22:44.761847
b0.20_g0.60_sim17.csv,0.2,0.6,17,11,10.0,2025-04-07T21:22:44.761847
b0.20_g0.60_sim18.csv,0.2,0.6,18,6,5.0,2025-04-07T21:22:44.761847
b0.20_g0.60_sim19.csv,0.2,0.6,19,7,6.0,2025-04-07T21:22:44.761847
b0.20_g0.60_sim20.csv,0.2,0.6,20,9,8.0,2025-04-07T21:22:44.761847
b0.20_g0.60_sim21.csv,0.2,0.6,21,8,7.0,2025-04-07T21:22:44.761847
b0.20_g0.60_sim22.csv,0.2,0.6,22,12,11.0,2025-04-07T21:22:44.761847
b0.20_g0.60_sim23.csv,0.2,0.6,23,9,8.0,2025-04-07T21:22:44.761847
b0.20_g0.60_sim24.csv,0.2,0.6,24,8,7.0,2025-04-07T21:22:44.761847
b0.20_g0.60_sim25.csv,0.2,0.6,25,12,11.0,2025-04-07T21:22:44.761847
b0.20_g0.60_sim26.csv,0.2,0.6,26,7,6.0,2025-04-07T21:22:44.761847
b0.20_g0.60_sim27.csv,0.2,0.6,27,7,6.0,2025-04-07T21:22:44.761847
b0.20_g0.60_sim28.csv,0.2,0.6,28,9,8.0,2025-04-07T21:22:44.761847
b0.20_g0.60_sim29.csv,0.2,0.6,29,10,9.0,2025-04-07T21:22:44.761847
b0.20_g0.60_sim30.csv,0.2,0.6,30,9,8.0,2025-04-07T21:22:44.761847
b0.20_g0.60_sim31.csv,0.2,0.6,31,10,9.0,2025-04-07T21:22:44.761847
b0.20_g0.60_sim32.csv,0.2,0.6,32,10,9.0,2025-04-07T21:22:44.761847
b0.20_g0.60_sim33.csv,0.2,0.6,33,8,7.0,2025-04-07T21:22:44.761847
b0.20_g0.60_sim34.csv,0.2,0.6,34,12,11.0,2025-04-07T21:22:44.761847
b0.20_g0.60_sim35.csv,0.2,0.6,35,10,9.0,2025-04-07T21:22:44.761847
b0.20_g0.60_sim36.csv,0.2,0.6,36,8,7.0,2025-04-07T21:22:44.761847
b0.20_g0.60_sim37.csv,0.2,0.6,37,8,7.0,2025-04-07T21:22:44.761847
b0.20_g0.60_sim38.csv,0.2,0.6,38,9,8.0,2025-04-07T21:22:44.761847
b0.20_g0.60_sim39.csv,0.2,0.6,39,8,7.0,2025-04-07T21:22:44.761847
b0.20_g0.60_sim40.csv,0.2,0.6,40,10,9.0,2025-04-07T21:22:44.761847
b0.20_g0.60_sim41.csv,0.2,0.6,41,13,12.0,2025-04-07T21:22:44.761847
b0.20_g0.60_sim42.csv,0.2,0.6,42,13,12.0,2025-04-07T21:22:44.761847
b0.20_g0.60_sim43.csv,0.2,0.6,43,7,6.0,2025-04-07T21:22:44.761847
b0.20_g0.60_sim44.csv,0.2,0.6,44,7,6.0,2025-04-07T21:22:44.761847
b0.20_g0.60_sim45.csv,0.2,0.6,45,7,6.0,2025-04-07T21:22:44.761847
b0.20_g0.60_sim46.csv,0.2,0.6,46,9,8.0,2025-04-07T21:22:44.761847
b0.20_g0.60_sim47.csv,0.2,0.6,47,8,7.0,2025-04-07T21:22:44.761847
b0.20_g0.60_sim48.csv,0.2,0.6,48,9,8.0,2025-04-07T21:22:44.761847
b0.20_g0.60_sim49.csv,0.2,0.6,49,9,8.0,2025-04-07T21:22:44.761847
b0.20_g0.70_sim0.csv,0.2,0.7000000000000001,0,7,6.0,2025-04-07T21:22:44.761847
b0.20_g0.70_sim1.csv,0.2,0.7000000000000001,1,7,6.0,2025-04-07T21:22:44.761847
b0.20_g0.70_sim2.csv,0.2,0.7000000000000001,2,6,5.0,2025-04-07T21:22:44.761847
b0.20_g0.70_sim3.csv,0.2,0.7000000000000001,3,6,5.0,2025-04-07T21:22:44.761847
b0.20_g0.70_sim4.csv,0.2,0.7000000000000001,4,8,7.0,2025-04-07T21:22:44.761847
b0.20_g0.70_sim5.csv,0.2,0.7000000000000001,5,9,8.0,2025-04-07T21:22:44.761847
b0.20_g0.70_sim6.csv,0.2,0.7000000000000001,6,10,9.0,2025-04-07T21:22:44.761847
b0.20_g0.70_sim7.csv,0.2,0.7000000000000001,7,7,6.0,2025-04-07T21:22:44.761847
b0.20_g0.70_sim8.csv,0.2,0.7000000000000001,8,6,5.0,2025-04-07T21:22:44.761847
b0.20_g0.70_sim9.csv,0.2,0.7000000000000001,9,6,5.0,2025-04-07T21:22:44.761847
b0.20_g0.70_sim10.csv,0.2,0.7000000000000001,10,7,6.0,2025-04-07T21:22:44.761847
b0.20_g0.70_sim11.csv,0.2,0.7000000000000001,11,8,7.0,2025-04-07T21:22:44.761847
b0.20_g0.70_sim12.csv,0.2,0.7000000000000001,12,11,10.0,2025-04-07T21:22:44.761847
b0.20_g0.70_sim13.csv,0.2,0.7000000000000001,13,6,5.0,2025-04-07T21:22:44.761847
b0.20_g0.70_sim14.csv,0.2,0.7000000000000001,14,7,6.0,2025-04-07T21:22:44.761847
b0.20_g0.70_sim15.csv,0.2,0.7000000000000001,15,11,10.0,2025-04-07T21:22:44.761847
b0.20_g0.70_sim16.csv,0.2,0.7000000000000001,16,7,6.0,2025-04-07T21:22:44.761847
b0.20_g0.70_sim17.csv,0.2,0.7000000000000001,17,9,8.0,2025-04-07T21:22:44.761847
b0.20_g0.70_sim18.csv,0.2,0.7000000000000001,18,6,5.0,2025-04-07T21:22:44.761847
b0.20_g0.70_sim19.csv,0.2,0.7000000000000001,19,8,7.0,2025-04-07T21:22:44.761847
b0.20_g0.70_sim20.csv,0.2,0.7000000000000001,20,7,6.0,2025-04-07T21:22:44.761847
b0.20_g0.70_sim21.csv,0.2,0.7000000000000001,21,8,7.0,2025-04-07T21:22:44.761847
b0.20_g0.70_sim22.csv,0.2,0.7000000000000001,22,9,8.0,2025-04-07T21:22:44.761847
b0.20_g0.70_sim23.csv,0.2,0.7000000000000001,23,8,7.0,2025-04-07T21:22:44.761847
b0.20_g0.70_sim24.csv,0.2,0.7000000000000001,24,9,8.0,2025-04-07T21:22:44.761847
b0.20_g0.70_sim25.csv,0.2,0.7000000000000001,25,9,8.0,2025-04-07T21:22:44.761847
b0.20_g0.70_sim26.csv,0.2,0.7000000000000001,26,7,6.0,2025-04-07T21:22:44.761847
b0.20_g0.70_sim27.csv,0.2,0.7000000000000001,27,10,9.0,2025-04-07T21:22:44.761847
b0.20_g0.70_sim28.csv,0.2,0.7000000000000001,28,8,7.0,2025-04-07T21:22:44.761847
b0.20_g0.70_sim29.csv,0.2,0.7000000000000001,29,6,5.0,2025-04-07T21:22:44.761847
b0.20_g0.70_sim30.csv,0.2,0.7000000000000001,30,8,7.0,2025-04-07T21:22:44.761847
b0.20_g0.70_sim31.csv,0.2,0.7000000000000001,31,7,6.0,2025-04-07T21:22:44.761847
b0.20_g0.70_sim32.csv,0.2,0.7000000000000001,32,8,7.0,2025-04-07T21:22:44.761847
b0.20_g0.70_sim33.csv,0.2,0.7000000000000001,33,9,8.0,2025-04-07T21:22:44.761847
b0.20_g0.70_sim34.csv,0.2,0.7000000000000001,34,7,6.0,2025-04-07T21:22:44.761847
b0.20_g0.70_sim35.csv,0.2,0.7000000000000001,35,9,8.0,2025-04-07T21:22:44.761847
b0.20_g0.70_sim36.csv,0.2,0.7000000000000001,36,10,9.0,2025-04-07T21:22:44.761847
b0.20_g0.70_sim37.csv,0.2,0.7000000000000001,37,9,8.0,2025-04-07T21:22:44.761847
b0.20_g0.70_sim38.csv,0.2,0.7000000000000001,38,9,8.0,2025-04-07T21:22:44.761847
b0.20_g0.70_sim39.csv,0.2,0.7000000000000001,39,10,9.0,2025-04-07T21:22:44.761847
b0.20_g0.70_sim40.csv,0.2,0.7000000000000001,40,7,6.0,2025-04-07T21:22:44.761847
b0.20_g0.70_sim41.csv,0.2,0.7000000000000001,41,9,8.0,2025-04-07T21:22:44.761847
b0.20_g0.70_sim42.csv,0.2,0.7000000000000001,42,7,6.0,2025-04-07T21:22:44.761847
b0.20_g0.70_sim43.csv,0.2,0.7000000000000001,43,9,8.0,2025-04-07T21:22:44.761847
b0.20_g0.70_sim44.csv,0.2,0.7000000000000001,44,7,6.0,2025-04-07T21:22:44.761847
b0.20_g0.70_sim45.csv,0.2,0.7000000000000001,45,11,10.0,2025-04-07T21:22:44.761847
b0.20_g0.70_sim46.csv,0.2,0.7000000000000001,46,7,6.0,2025-04-07T21:22:44.761847
b0.20_g0.70_sim47.csv,0.2,0.7000000000000001,47,11,10.0,2025-04-07T21:22:44.761847
b0.20_g0.70_sim48.csv,0.2,0.7000000000000001,48,7,6.0,2025-04-07T21:22:44.761847
b0.20_g0.70_sim49.csv,0.2,0.7000000000000001,49,14,13.0,2025-04-07T21:22:44.761847
b0.20_g0.80_sim0.csv,0.2,0.8,0,11,10.0,2025-04-07T21:22:44.761847
b0.20_g0.80_sim1.csv,0.2,0.8,1,8,7.0,2025-04-07T21:22:44.761847
b0.20_g0.80_sim2.csv,0.2,0.8,2,5,4.0,2025-04-07T21:22:44.761847
b0.20_g0.80_sim3.csv,0.2,0.8,3,8,7.0,2025-04-07T21:22:44.761847
b0.20_g0.80_sim4.csv,0.2,0.8,4,6,5.0,2025-04-07T21:22:44.761847
b0.20_g0.80_sim5.csv,0.2,0.8,5,8,7.0,2025-04-07T21:22:44.761847
b0.20_g0.80_sim6.csv,0.2,0.8,6,11,10.0,2025-04-07T21:22:44.761847
b0.20_g0.80_sim7.csv,0.2,0.8,7,11,10.0,2025-04-07T21:22:44.761847
b0.20_g0.80_sim8.csv,0.2,0.8,8,6,5.0,2025-04-07T21:22:44.761847
b0.20_g0.80_sim9.csv,0.2,0.8,9,8,7.0,2025-04-07T21:22:44.761847
b0.20_g0.80_sim10.csv,0.2,0.8,10,8,7.0,2025-04-07T21:22:44.761847
b0.20_g0.80_sim11.csv,0.2,0.8,11,8,7.0,2025-04-07T21:22:44.761847
b0.20_g0.80_sim12.csv,0.2,0.8,12,6,5.0,2025-04-07T21:22:44.761847
b0.20_g0.80_sim13.csv,0.2,0.8,13,7,6.0,2025-04-07T21:22:44.761847
b0.20_g0.80_sim14.csv,0.2,0.8,14,8,7.0,2025-04-07T21:22:44.761847
b0.20_g0.80_sim15.csv,0.2,0.8,15,10,9.0,2025-04-07T21:22:44.761847
b0.20_g0.80_sim16.csv,0.2,0.8,16,7,6.0,2025-04-07T21:22:44.761847
b0.20_g0.80_sim17.csv,0.2,0.8,17,7,6.0,2025-04-07T21:22:44.761847
b0.20_g0.80_sim18.csv,0.2,0.8,18,7,6.0,2025-04-07T21:22:44.761847
b0.20_g0.80_sim19.csv,0.2,0.8,19,6,5.0,2025-04-07T21:22:44.761847
b0.20_g0.80_sim20.csv,0.2,0.8,20,7,6.0,2025-04-07T21:22:44.761847
b0.20_g0.80_sim21.csv,0.2,0.8,21,9,8.0,2025-04-07T21:22:44.761847
b0.20_g0.80_sim22.csv,0.2,0.8,22,6,5.0,2025-04-07T21:22:44.761847
b0.20_g0.80_sim23.csv,0.2,0.8,23,7,6.0,2025-04-07T21:22:44.761847
b0.20_g0.80_sim24.csv,0.2,0.8,24,7,6.0,2025-04-07T21:22:44.761847
b0.20_g0.80_sim25.csv,0.2,0.8,25,6,5.0,2025-04-07T21:22:44.761847
b0.20_g0.80_sim26.csv,0.2,0.8,26,8,7.0,2025-04-07T21:22:44.761847
b0.20_g0.80_sim27.csv,0.2,0.8,27,7,6.0,2025-04-07T21:22:44.761847
b0.20_g0.80_sim28.csv,0.2,0.8,28,8,7.0,2025-04-07T21:22:44.761847
b0.20_g0.80_sim29.csv,0.2,0.8,29,7,6.0,2025-04-07T21:22:44.761847
b0.20_g0.80_sim30.csv,0.2,0.8,30,6,5.0,2025-04-07T21:22:44.761847
b0.20_g0.80_sim31.csv,0.2,0.8,31,7,6.0,2025-04-07T21:22:44.761847
b0.20_g0.80_sim32.csv,0.2,0.8,32,6,5.0,2025-04-07T21:22:44.761847
b0.20_g0.80_sim33.csv,0.2,0.8,33,6,5.0,2025-04-07T21:22:44.761847
b0.20_g0.80_sim34.csv,0.2,0.8,34,7,6.0,2025-04-07T21:22:44.761847
b0.20_g0.80_sim35.csv,0.2,0.8,35,10,9.0,2025-04-07T21:22:44.761847
b0.20_g0.80_sim36.csv,0.2,0.8,36,6,5.0,2025-04-07T21:22:44.761847
b0.20_g0.80_sim37.csv,0.2,0.8,37,5,4.0,2025-04-07T21:22:44.761847
b0.20_g0.80_sim38.csv,0.2,0.8,38,8,7.0,2025-04-07T21:22:44.761847
b0.20_g0.80_sim39.csv,0.2,0.8,39,6,5.0,2025-04-07T21:22:44.761847
b0.20_g0.80_sim40.csv,0.2,0.8,40,6,5.0,2025-04-07T21:22:44.761847
b0.20_g0.80_sim41.csv,0.2,0.8,41,6,5.0,2025-04-07T21:22:44.761847
b0.20_g0.80_sim42.csv,0.2,0.8,42,5,4.0,2025-04-07T21:22:44.761847
b0.20_g0.80_sim43.csv,0.2,0.8,43,9,8.0,2025-04-07T21:22:44.761847
b0.20_g0.80_sim44.csv,0.2,0.8,44,7,6.0,2025-04-07T21:22:44.761847
b0.20_g0.80_sim45.csv,0.2,0.8,45,7,6.0,2025-04-07T21:22:44.761847
b0.20_g0.80_sim46.csv,0.2,0.8,46,6,5.0,2025-04-07T21:22:44.761847
b0.20_g0.80_sim47.csv,0.2,0.8,47,7,6.0,2025-04-07T21:22:44.761847
b0.20_g0.80_sim48.csv,0.2,0.8,48,6,5.0,2025-04-07T21:22:44.761847
b0.20_g0.80_sim49.csv,0.2,0.8,49,5,4.0,2025-04-07T21:22:44.761847
b0.20_g0.90_sim0.csv,0.2,0.9,0,6,5.0,2025-04-07T21:22:44.761847
b0.20_g0.90_sim1.csv,0.2,0.9,1,5,4.0,2025-04-07T21:22:44.761847
b0.20_g0.90_sim2.csv,0.2,0.9,2,8,7.0,2025-04-07T21:22:44.761847
b0.20_g0.90_sim3.csv,0.2,0.9,3,4,3.0,2025-04-07T21:22:44.761847
b0.20_g0.90_sim4.csv,0.2,0.9,4,5,4.0,2025-04-07T21:22:44.761847
b0.20_g0.90_sim5.csv,0.2,0.9,5,7,6.0,2025-04-07T21:22:44.761847
b0.20_g0.90_sim6.csv,0.2,0.9,6,5,4.0,2025-04-07T21:22:44.761847
b0.20_g0.90_sim7.csv,0.2,0.9,7,7,6.0,2025-04-07T21:22:44.761847
b0.20_g0.90_sim8.csv,0.2,0.9,8,8,7.0,2025-04-07T21:22:44.761847
b0.20_g0.90_sim9.csv,0.2,0.9,9,6,5.0,2025-04-07T21:22:44.761847
b0.20_g0.90_sim10.csv,0.2,0.9,10,8,7.0,2025-04-07T21:22:44.761847
b0.20_g0.90_sim11.csv,0.2,0.9,11,5,4.0,2025-04-07T21:22:44.761847
b0.20_g0.90_sim12.csv,0.2,0.9,12,4,3.0,2025-04-07T21:22:44.761847
b0.20_g0.90_sim13.csv,0.2,0.9,13,5,4.0,2025-04-07T21:22:44.761847
b0.20_g0.90_sim14.csv,0.2,0.9,14,7,6.0,2025-04-07T21:22:44.761847
b0.20_g0.90_sim15.csv,0.2,0.9,15,11,10.0,2025-04-07T21:22:44.761847
b0.20_g0.90_sim16.csv,0.2,0.9,16,9,8.0,2025-04-07T21:22:44.761847
b0.20_g0.90_sim17.csv,0.2,0.9,17,8,7.0,2025-04-07T21:22:44.761847
b0.20_g0.90_sim18.csv,0.2,0.9,18,10,9.0,2025-04-07T21:22:44.761847
b0.20_g0.90_sim19.csv,0.2,0.9,19,5,4.0,2025-04-07T21:22:44.761847
b0.20_g0.90_sim20.csv,0.2,0.9,20,11,10.0,2025-04-07T21:22:44.761847
b0.20_g0.90_sim21.csv,0.2,0.9,21,7,6.0,2025-04-07T21:22:44.761847
b0.20_g0.90_sim22.csv,0.2,0.9,22,6,5.0,2025-04-07T21:22:44.761847
b0.20_g0.90_sim23.csv,0.2,0.9,23,8,7.0,2025-04-07T21:22:44.761847
b0.20_g0.90_sim24.csv,0.2,0.9,24,7,6.0,2025-04-07T21:22:44.761847
b0.20_g0.90_sim25.csv,0.2,0.9,25,5,4.0,2025-04-07T21:22:44.761847
b0.20_g0.90_sim26.csv,0.2,0.9,26,5,4.0,2025-04-07T21:22:44.761847
b0.20_g0.90_sim27.csv,0.2,0.9,27,6,5.0,2025-04-07T21:22:44.761847
b0.20_g0.90_sim28.csv,0.2,0.9,28,7,6.0,2025-04-07T21:22:44.761847
b0.20_g0.90_sim29.csv,0.2,0.9,29,5,4.0,2025-04-07T21:22:44.761847
b0.20_g0.90_sim30.csv,0.2,0.9,30,4,3.0,2025-04-07T21:22:44.761847
b0.20_g0.90_sim31.csv,0.2,0.9,31,7,6.0,2025-04-07T21:22:44.761847
b0.20_g0.90_sim32.csv,0.2,0.9,32,7,6.0,2025-04-07T21:22:44.761847
b0.20_g0.90_sim33.csv,0.2,0.9,33,5,4.0,2025-04-07T21:22:44.761847
b0.20_g0.90_sim34.csv,0.2,0.9,34,4,3.0,2025-04-07T21:22:44.761847
b0.20_g0.90_sim35.csv,0.2,0.9,35,6,5.0,2025-04-07T21:22:44.761847
b0.20_g0.90_sim36.csv,0.2,0.9,36,5,4.0,2025-04-07T21:22:44.761847
b0.20_g0.90_sim37.csv,0.2,0.9,37,8,7.0,2025-04-07T21:22:44.761847
b0.20_g0.90_sim38.csv,0.2,0.9,38,8,7.0,2025-04-07T21:22:44.761847
b0.20_g0.90_sim39.csv,0.2,0.9,39,5,4.0,2025-04-07T21:22:44.761847
b0.20_g0.90_sim40.csv,0.2,0.9,40,7,6.0,2025-04-07T21:22:44.761847
b0.20_g0.90_sim41.csv,0.2,0.9,41,5,4.0,2025-04-07T21:22:44.761847
b0.20_g0.90_sim42.csv,0.2,0.9,42,6,5.0,2025-04-07T21:22:44.761847
b0.20_g0.90_sim43.csv,0.2,0.9,43,6,5.0,2025-04-07T21:22:44.761847
b0.20_g0.90_sim44.csv,0.2,0.9,44,6,5.0,2025-04-07T21:22:44.761847
b0.20_g0.90_sim45.csv,0.2,0.9,45,6,5.0,2025-04-07T21:22:44.761847
b0.20_g0.90_sim46.csv,0.2,0.9,46,7,6.0,2025-04-07T21:22:44.761847
b0.20_g0.90_sim47.csv,0.2,0.9,47,5,4.0,2025-04-07T21:22:44.761847
b0.20_g0.90_sim48.csv,0.2,0.9,48,5,4.0,2025-04-07T21:22:44.761847
b0.20_g0.90_sim49.csv,0.2,0.9,49,5,4.0,2025-04-07T21:22:44.761847
b0.20_g1.00_sim0.csv,0.2,1.0,0,5,4.0,2025-04-07T21:22:44.761847
b0.20_g1.00_sim1.csv,0.2,1.0,1,6,5.0,2025-04-07T21:22:44.761847
b0.20_g1.00_sim2.csv,0.2,1.0,2,4,3.0,2025-04-07T21:22:44.761847
b0.20_g1.00_sim3.csv,0.2,1.0,3,5,4.0,2025-04-07T21:22:44.761847
b0.20_g1.00_sim4.csv,0.2,1.0,4,5,4.0,2025-04-07T21:22:44.761847
b0.20_g1.00_sim5.csv,0.2,1.0,5,4,3.0,2025-04-07T21:22:44.761847
b0.20_g1.00_sim6.csv,0.2,1.0,6,6,5.0,2025-04-07T21:22:44.761847
b0.20_g1.00_sim7.csv,0.2,1.0,7,7,6.0,2025-04-07T21:22:44.761847
b0.20_g1.00_sim8.csv,0.2,1.0,8,5,4.0,2025-04-07T21:22:44.761847
b0.20_g1.00_sim9.csv,0.2,1.0,9,7,6.0,2025-04-07T21:22:44.761847
b0.20_g1.00_sim10.csv,0.2,1.0,10,7,6.0,2025-04-07T21:22:44.761847
b0.20_g1.00_sim11.csv,0.2,1.0,11,6,5.0,2025-04-07T21:22:44.761847
b0.20_g1.00_sim12.csv,0.2,1.0,12,6,5.0,2025-04-07T21:22:44.761847
b0.20_g1.00_sim13.csv,0.2,1.0,13,6,5.0,2025-04-07T21:22:44.761847
b0.20_g1.00_sim14.csv,0.2,1.0,14,5,4.0,2025-04-07T21:22:44.761847
b0.20_g1.00_sim15.csv,0.2,1.0,15,7,6.0,2025-04-07T21:22:44.761847
b0.20_g1.00_sim16.csv,0.2,1.0,16,6,5.0,2025-04-07T21:22:44.761847
b0.20_g1.00_sim17.csv,0.2,1.0,17,6,5.0,2025-04-07T21:22:44.761847
b0.20_g1.00_sim18.csv,0.2,1.0,18,9,8.0,2025-04-07T21:22:44.761847
b0.20_g1.00_sim19.csv,0.2,1.0,19,4,3.0,2025-04-07T21:22:44.761847
b0.20_g1.00_sim20.csv,0.2,1.0,20,11,10.0,2025-04-07T21:22:44.761847
b0.20_g1.00_sim21.csv,0.2,1.0,21,5,4.0,2025-04-07T21:22:44.761847
b0.20_g1.00_sim22.csv,0.2,1.0,22,6,5.0,2025-04-07T21:22:44.761847
b0.20_g1.00_sim23.csv,0.2,1.0,23,5,4.0,2025-04-07T21:22:44.761847
b0.20_g1.00_sim24.csv,0.2,1.0,24,6,5.0,2025-04-07T21:22:44.761847
b0.20_g1.00_sim25.csv,0.2,1.0,25,7,6.0,2025-04-07T21:22:44.761847
b0.20_g1.00_sim26.csv,0.2,1.0,26,9,8.0,2025-04-07T21:22:44.761847
b0.20_g1.00_sim27.csv,0.2,1.0,27,4,3.0,2025-04-07T21:22:44.761847
b0.20_g1.00_sim28.csv,0.2,1.0,28,6,5.0,2025-04-07T21:22:44.761847
b0.20_g1.00_sim29.csv,0.2,1.0,29,6,5.0,2025-04-07T21:22:44.761847
b0.20_g1.00_sim30.csv,0.2,1.0,30,5,4.0,2025-04-07T21:22:44.761847
b0.20_g1.00_sim31.csv,0.2,1.0,31,4,3.0,2025-04-07T21:22:44.761847
b0.20_g1.00_sim32.csv,0.2,1.0,32,6,5.0,2025-04-07T21:22:44.761847
b0.20_g1.00_sim33.csv,0.2,1.0,33,8,7.0,2025-04-07T21:22:44.761847
b0.20_g1.00_sim34.csv,0.2,1.0,34,7,6.0,2025-04-07T21:22:44.761847
b0.20_g1.00_sim35.csv,0.2,1.0,35,6,5.0,2025-04-07T21:22:44.761847
b0.20_g1.00_sim36.csv,0.2,1.0,36,6,5.0,2025-04-07T21:22:44.761847
b0.20_g1.00_sim37.csv,0.2,1.0,37,6,5.0,2025-04-07T21:22:44.761847
b0.20_g1.00_sim38.csv,0.2,1.0,38,7,6.0,2025-04-07T21:22:44.761847
b0.20_g1.00_sim39.csv,0.2,1.0,39,6,5.0,2025-04-07T21:22:44.761847
b0.20_g1.00_sim40.csv,0.2,1.0,40,10,9.0,2025-04-07T21:22:44.761847
b0.20_g1.00_sim41.csv,0.2,1.0,41,5,4.0,2025-04-07T21:22:44.761847
b0.20_g1.00_sim42.csv,0.2,1.0,42,6,5.0,2025-04-07T21:22:44.761847
b0.20_g1.00_sim43.csv,0.2,1.0,43,5,4.0,2025-04-07T21:22:44.761847
b0.20_g1.00_sim44.csv,0.2,1.0,44,7,6.0,2025-04-07T21:22:44.761847
b0.20_g1.00_sim45.csv,0.2,1.0,45,6,5.0,2025-04-07T21:22:44.761847
b0.20_g1.00_sim46.csv,0.2,1.0,46,7,6.0,2025-04-07T21:22:44.761847
b0.20_g1.00_sim47.csv,0.2,1.0,47,6,5.0,2025-04-07T21:22:44.761847
b0.20_g1.00_sim48.csv,0.2,1.0,48,5,4.0,2025-04-07T21:22:44.761847
b0.20_g1.00_sim49.csv,0.2,1.0,49,6,5.0,2025-04-07T21:22:44.761847
b0.30_g0.10_sim0.csv,0.30000000000000004,0.1,0,63,62.0,2025-04-07T21:22:44.761847
b0.30_g0.10_sim1.csv,0.30000000000000004,0.1,1,55,54.0,2025-04-07T21:22:44.761847
b0.30_g0.10_sim2.csv,0.30000000000000004,0.1,2,46,45.0,2025-04-07T21:22:44.761847
b0.30_g0.10_sim3.csv,0.30000000000000004,0.1,3,44,43.0,2025-04-07T21:22:44.761847
b0.30_g0.10_sim4.csv,0.30000000000000004,0.1,4,53,52.0,2025-04-07T21:22:44.761847
b0.30_g0.10_sim5.csv,0.30000000000000004,0.1,5,75,74.0,2025-04-07T21:22:44.761847
b0.30_g0.10_sim6.csv,0.30000000000000004,0.1,6,55,54.0,2025-04-07T21:22:44.761847
b0.30_g0.10_sim7.csv,0.30000000000000004,0.1,7,39,38.0,2025-04-07T21:22:44.761847
b0.30_g0.10_sim8.csv,0.30000000000000004,0.1,8,43,42.0,2025-04-07T21:22:44.761847
b0.30_g0.10_sim9.csv,0.30000000000000004,0.1,9,77,76.0,2025-04-07T21:22:44.761847
b0.30_g0.10_sim10.csv,0.30000000000000004,0.1,10,48,47.0,2025-04-07T21:22:44.761847
b0.30_g0.10_sim11.csv,0.30000000000000004,0.1,11,39,38.0,2025-04-07T21:22:44.761847
b0.30_g0.10_sim12.csv,0.30000000000000004,0.1,12,54,53.0,2025-04-07T21:22:44.761847
b0.30_g0.10_sim13.csv,0.30000000000000004,0.1,13,38,37.0,2025-04-07T21:22:44.761847
b0.30_g0.10_sim14.csv,0.30000000000000004,0.1,14,65,64.0,2025-04-07T21:22:44.761847
b0.30_g0.10_sim15.csv,0.30000000000000004,0.1,15,54,53.0,2025-04-07T21:22:44.761847
b0.30_g0.10_sim16.csv,0.30000000000000004,0.1,16,54,53.0,2025-04-07T21:22:44.761847
b0.30_g0.10_sim17.csv,0.30000000000000004,0.1,17,45,44.0,2025-04-07T21:22:44.761847
b0.30_g0.10_sim18.csv,0.30000000000000004,0.1,18,47,46.0,2025-04-07T21:22:44.761847
b0.30_g0.10_sim19.csv,0.30000000000000004,0.1,19,66,65.0,2025-04-07T21:22:44.761847
b0.30_g0.10_sim20.csv,0.30000000000000004,0.1,20,101,100.0,2025-04-07T21:22:44.761847
b0.30_g0.10_sim21.csv,0.30000000000000004,0.1,21,42,41.0,2025-04-07T21:22:44.761847
b0.30_g0.10_sim22.csv,0.30000000000000004,0.1,22,47,46.0,2025-04-07T21:22:44.761847
b0.30_g0.10_sim23.csv,0.30000000000000004,0.1,23,52,51.0,2025-04-07T21:22:44.761847
b0.30_g0.10_sim24.csv,0.30000000000000004,0.1,24,61,60.0,2025-04-07T21:22:44.761847
b0.30_g0.10_sim25.csv,0.30000000000000004,0.1,25,59,58.0,2025-04-07T21:22:44.761847
b0.30_g0.10_sim26.csv,0.30000000000000004,0.1,26,65,64.0,2025-04-07T21:22:44.761847
b0.30_g0.10_sim27.csv,0.30000000000000004,0.1,27,41,40.0,2025-04-07T21:22:44.761847
b0.30_g0.10_sim28.csv,0.30000000000000004,0.1,28,70,69.0,2025-04-07T21:22:44.761847
b0.30_g0.10_sim29.csv,0.30000000000000004,0.1,29,50,49.0,2025-04-07T21:22:44.761847
b0.30_g0.10_sim30.csv,0.30000000000000004,0.1,30,56,55.0,2025-04-07T21:22:44.761847
b0.30_g0.10_sim31.csv,0.30000000000000004,0.1,31,53,52.0,2025-04-07T21:22:44.761847
b0.30_g0.10_sim32.csv,0.30000000000000004,0.1,32,61,60.0,2025-04-07T21:22:44.761847
b0.30_g0.10_sim33.csv,0.30000000000000004,0.1,33,61,60.0,2025-04-07T21:22:44.761847
b0.30_g0.10_sim34.csv,0.30000000000000004,0.1,34,61,60.0,2025-04-07T21:22:44.761847
b0.30_g0.10_sim35.csv,0.30000000000000004,0.1,35,47,46.0,2025-04-07T21:22:44.761847
b0.30_g0.10_sim36.csv,0.30000000000000004,0.1,36,41,40.0,2025-04-07T21:22:44.761847
b0.30_g0.10_sim37.csv,0.30000000000000004,0.1,37,59,58.0,2025-04-07T21:22:44.761847
b0.30_g0.10_sim38.csv,0.30000000000000004,0.1,38,53,52.0,2025-04-07T21:22:44.761847
b0.30_g0.10_sim39.csv,0.30000000000000004,0.1,39,58,57.0,2025-04-07T21:22:44.761847
b0.30_g0.10_sim40.csv,0.30000000000000004,0.1,40,60,59.0,2025-04-07T21:22:44.761847
b0.30_g0.10_sim41.csv,0.30000000000000004,0.1,41,38,37.0,2025-04-07T21:22:44.761847
b0.30_g0.10_sim42.csv,0.30000000000000004,0.1,42,42,41.0,2025-04-07T21:22:44.761847
b0.30_g0.10_sim43.csv,0.30000000000000004,0.1,43,47,46.0,2025-04-07T21:22:44.761847
b0.30_g0.10_sim44.csv,0.30000000000000004,0.1,44,110,109.0,2025-04-07T21:22:44.761847
b0.30_g0.10_sim45.csv,0.30000000000000004,0.1,45,57,56.0,2025-04-07T21:22:44.761847
b0.30_g0.10_sim46.csv,0.30000000000000004,0.1,46,54,53.0,2025-04-07T21:22:44.761847
b0.30_g0.10_sim47.csv,0.30000000000000004,0.1,47,42,41.0,2025-04-07T21:22:44.761847
b0.30_g0.10_sim48.csv,0.30000000000000004,0.1,48,46,45.0,2025-04-07T21:22:44.761847
b0.30_g0.10_sim49.csv,0.30000000000000004,0.1,49,43,42.0,2025-04-07T21:22:44.761847
b0.30_g0.20_sim0.csv,0.30000000000000004,0.2,0,17,16.0,2025-04-07T21:22:44.761847
b0.30_g0.20_sim1.csv,0.30000000000000004,0.2,1,53,52.0,2025-04-07T21:22:44.761847
b0.30_g0.20_sim2.csv,0.30000000000000004,0.2,2,32,31.0,2025-04-07T21:22:44.761847
b0.30_g0.20_sim3.csv,0.30000000000000004,0.2,3,40,39.0,2025-04-07T21:22:44.761847
b0.30_g0.20_sim4.csv,0.30000000000000004,0.2,4,15,14.0,2025-04-07T21:22:44.761847
b0.30_g0.20_sim5.csv,0.30000000000000004,0.2,5,22,21.0,2025-04-07T21:22:44.761847
b0.30_g0.20_sim6.csv,0.30000000000000004,0.2,6,24,23.0,2025-04-07T21:22:44.761847
b0.30_g0.20_sim7.csv,0.30000000000000004,0.2,7,28,27.0,2025-04-07T21:22:44.761847
b0.30_g0.20_sim8.csv,0.30000000000000004,0.2,8,23,22.0,2025-04-07T21:22:44.761847
b0.30_g0.20_sim9.csv,0.30000000000000004,0.2,9,23,22.0,2025-04-07T21:22:44.761847
b0.30_g0.20_sim10.csv,0.30000000000000004,0.2,10,20,19.0,2025-04-07T21:22:44.761847
b0.30_g0.20_sim11.csv,0.30000000000000004,0.2,11,29,28.0,2025-04-07T21:22:44.761847
b0.30_g0.20_sim12.csv,0.30000000000000004,0.2,12,27,26.0,2025-04-07T21:22:44.761847
b0.30_g0.20_sim13.csv,0.30000000000000004,0.2,13,21,20.0,2025-04-07T21:22:44.761847
b0.30_g0.20_sim14.csv,0.30000000000000004,0.2,14,20,19.0,2025-04-07T21:22:44.761847
b0.30_g0.20_sim15.csv,0.30000000000000004,0.2,15,34,33.0,2025-04-07T21:22:44.761847
b0.30_g0.20_sim16.csv,0.30000000000000004,0.2,16,19,18.0,2025-04-07T21:22:44.761847
b0.30_g0.20_sim17.csv,0.30000000000000004,0.2,17,18,17.0,2025-04-07T21:22:44.761847
b0.30_g0.20_sim18.csv,0.30000000000000004,0.2,18,22,21.0,2025-04-07T21:22:44.761847
b0.30_g0.20_sim19.csv,0.30000000000000004,0.2,19,24,23.0,2025-04-07T21:22:44.761847
b0.30_g0.20_sim20.csv,0.30000000000000004,0.2,20,24,23.0,2025-04-07T21:22:44.761847
b0.30_g0.20_sim21.csv,0.30000000000000004,0.2,21,21,20.0,2025-04-07T21:22:44.761847
b0.30_g0.20_sim22.csv,0.30000000000000004,0.2,22,28,27.0,2025-04-07T21:22:44.761847
b0.30_g0.20_sim23.csv,0.30000000000000004,0.2,23,30,29.0,2025-04-07T21:22:44.761847
b0.30_g0.20_sim24.csv,0.30000000000000004,0.2,24,27,26.0,2025-04-07T21:22:44.761847
b0.30_g0.20_sim25.csv,0.30000000000000004,0.2,25,28,27.0,2025-04-07T21:22:44.761847
b0.30_g0.20_sim26.csv,0.30000000000000004,0.2,26,27,26.0,2025-04-07T21:22:44.761847
b0.30_g0.20_sim27.csv,0.30000000000000004,0.2,27,28,27.0,2025-04-07T21:22:44.761847
b0.30_g0.20_sim28.csv,0.30000000000000004,0.2,28,38,37.0,2025-04-07T21:22:44.761847
b0.30_g0.20_sim29.csv,0.30000000000000004,0.2,29,22,21.0,2025-04-07T21:22:44.761847
b0.30_g0.20_sim30.csv,0.30000000000000004,0.2,30,32,31.0,2025-04-07T21:22:44.761847
b0.30_g0.20_sim31.csv,0.30000000000000004,0.2,31,28,27.0,2025-04-07T21:22:44.761847
b0.30_g0.20_sim32.csv,0.30000000000000004,0.2,32,28,27.0,2025-04-07T21:22:44.761847
b0.30_g0.20_sim33.csv,0.30000000000000004,0.2,33,20,19.0,2025-04-07T21:22:44.761847
b0.30_g0.20_sim34.csv,0.30000000000000004,0.2,34,19,18.0,2025-04-07T21:22:44.761847
b0.30_g0.20_sim35.csv,0.30000000000000004,0.2,35,34,33.0,2025-04-07T21:22:44.761847
b0.30_g0.20_sim36.csv,0.30000000000000004,0.2,36,25,24.0,2025-04-07T21:22:44.761847
b0.30_g0.20_sim37.csv,0.30000000000000004,0.2,37,37,36.0,2025-04-07T21:22:44.761847
b0.30_g0.20_sim38.csv,0.30000000000000004,0.2,38,20,19.0,2025-04-07T21:22:44.761847
b0.30_g0.20_sim39.csv,0.30000000000000004,0.2,39,38,37.0,2025-04-07T21:22:44.761847
b0.30_g0.20_sim40.csv,0.30000000000000004,0.2,40,18,17.0,2025-04-07T21:22:44.761847
b0.30_g0.20_sim41.csv,0.30000000000000004,0.2,41,21,20.0,2025-04-07T21:22:44.761847
b0.30_g0.20_sim42.csv,0.30000000000000004,0.2,42,24,23.0,2025-04-07T21:22:44.761847
b0.30_g0.20_sim43.csv,0.30000000000000004,0.2,43,23,22.0,2025-04-07T21:22:44.761847
b0.30_g0.20_sim44.csv,0.30000000000000004,0.2,44,28,27.0,2025-04-07T21:22:44.761847
b0.30_g0.20_sim45.csv,0.30000000000000004,0.2,45,27,26.0,2025-04-07T21:22:44.761847
b0.30_g0.20_sim46.csv,0.30000000000000004,0.2,46,24,23.0,2025-04-07T21:22:44.761847
b0.30_g0.20_sim47.csv,0.30000000000000004,0.2,47,31,30.0,2025-04-07T21:22:44.761847
b0.30_g0.20_sim48.csv,0.30000000000000004,0.2,48,21,20.0,2025-04-07T21:22:44.761847
b0.30_g0.20_sim49.csv,0.30000000000000004,0.2,49,32,31.0,2025-04-07T21:22:44.761847
b0.30_g0.30_sim0.csv,0.30000000000000004,0.30000000000000004,0,22,21.0,2025-04-07T21:22:44.761847
b0.30_g0.30_sim1.csv,0.30000000000000004,0.30000000000000004,1,23,22.0,2025-04-07T21:22:44.761847
b0.30_g0.30_sim2.csv,0.30000000000000004,0.30000000000000004,2,17,16.0,2025-04-07T21:22:44.761847
b0.30_g0.30_sim3.csv,0.30000000000000004,0.30000000000000004,3,20,19.0,2025-04-07T21:22:44.761847
b0.30_g0.30_sim4.csv,0.30000000000000004,0.30000000000000004,4,19,18.0,2025-04-07T21:22:44.761847
b0.30_g0.30_sim5.csv,0.30000000000000004,0.30000000000000004,5,17,16.0,2025-04-07T21:22:44.761847
b0.30_g0.30_sim6.csv,0.30000000000000004,0.30000000000000004,6,16,15.0,2025-04-07T21:22:44.761847
b0.30_g0.30_sim7.csv,0.30000000000000004,0.30000000000000004,7,28,27.0,2025-04-07T21:22:44.761847
b0.30_g0.30_sim8.csv,0.30000000000000004,0.30000000000000004,8,16,15.0,2025-04-07T21:22:44.761847
b0.30_g0.30_sim9.csv,0.30000000000000004,0.30000000000000004,9,15,14.0,2025-04-07T21:22:44.761847
b0.30_g0.30_sim10.csv,0.30000000000000004,0.30000000000000004,10,44,43.0,2025-04-07T21:22:44.761847
b0.30_g0.30_sim11.csv,0.30000000000000004,0.30000000000000004,11,20,19.0,2025-04-07T21:22:44.761847
b0.30_g0.30_sim12.csv,0.30000000000000004,0.30000000000000004,12,33,32.0,2025-04-07T21:22:44.761847
b0.30_g0.30_sim13.csv,0.30000000000000004,0.30000000000000004,13,20,19.0,2025-04-07T21:22:44.761847
b0.30_g0.30_sim14.csv,0.30000000000000004,0.30000000000000004,14,17,16.0,2025-04-07T21:22:44.761847
b0.30_g0.30_sim15.csv,0.30000000000000004,0.30000000000000004,15,13,12.0,2025-04-07T21:22:44.761847
b0.30_g0.30_sim16.csv,0.30000000000000004,0.30000000000000004,16,14,13.0,2025-04-07T21:22:44.761847
b0.30_g0.30_sim17.csv,0.30000000000000004,0.30000000000000004,17,17,16.0,2025-04-07T21:22:44.761847
b0.30_g0.30_sim18.csv,0.30000000000000004,0.30000000000000004,18,18,17.0,2025-04-07T21:22:44.761847
b0.30_g0.30_sim19.csv,0.30000000000000004,0.30000000000000004,19,16,15.0,2025-04-07T21:22:44.761847
b0.30_g0.30_sim20.csv,0.30000000000000004,0.30000000000000004,20,22,21.0,2025-04-07T21:22:44.761847
b0.30_g0.30_sim21.csv,0.30000000000000004,0.30000000000000004,21,21,20.0,2025-04-07T21:22:44.761847
b0.30_g0.30_sim22.csv,0.30000000000000004,0.30000000000000004,22,18,17.0,2025-04-07T21:22:44.761847
b0.30_g0.30_sim23.csv,0.30000000000000004,0.30000000000000004,23,13,12.0,2025-04-07T21:22:44.761847
b0.30_g0.30_sim24.csv,0.30000000000000004,0.30000000000000004,24,28,27.0,2025-04-07T21:22:44.761847
b0.30_g0.30_sim25.csv,0.30000000000000004,0.30000000000000004,25,14,13.0,2025-04-07T21:22:44.761847
b0.30_g0.30_sim26.csv,0.30000000000000004,0.30000000000000004,26,16,15.0,2025-04-07T21:22:44.761847
b0.30_g0.30_sim27.csv,0.30000000000000004,0.30000000000000004,27,20,19.0,2025-04-07T21:22:44.761847
b0.30_g0.30_sim28.csv,0.30000000000000004,0.30000000000000004,28,12,11.0,2025-04-07T21:22:44.761847
b0.30_g0.30_sim29.csv,0.30000000000000004,0.30000000000000004,29,20,19.0,2025-04-07T21:22:44.761847
b0.30_g0.30_sim30.csv,0.30000000000000004,0.30000000000000004,30,16,15.0,2025-04-07T21:22:44.761847
b0.30_g0.30_sim31.csv,0.30000000000000004,0.30000000000000004,31,18,17.0,2025-04-07T21:22:44.761847
b0.30_g0.30_sim32.csv,0.30000000000000004,0.30000000000000004,32,17,16.0,2025-04-07T21:22:44.761847
b0.30_g0.30_sim33.csv,0.30000000000000004,0.30000000000000004,33,20,19.0,2025-04-07T21:22:44.761847
b0.30_g0.30_sim34.csv,0.30000000000000004,0.30000000000000004,34,15,14.0,2025-04-07T21:22:44.761847
b0.30_g0.30_sim35.csv,0.30000000000000004,0.30000000000000004,35,18,17.0,2025-04-07T21:22:44.761847
b0.30_g0.30_sim36.csv,0.30000000000000004,0.30000000000000004,36,13,12.0,2025-04-07T21:22:44.761847
b0.30_g0.30_sim37.csv,0.30000000000000004,0.30000000000000004,37,14,13.0,2025-04-07T21:22:44.761847
b0.30_g0.30_sim38.csv,0.30000000000000004,0.30000000000000004,38,23,22.0,2025-04-07T21:22:44.761847
b0.30_g0.30_sim39.csv,0.30000000000000004,0.30000000000000004,39,19,18.0,2025-04-07T21:22:44.761847
b0.30_g0.30_sim40.csv,0.30000000000000004,0.30000000000000004,40,18,17.0,2025-04-07T21:22:44.761847
b0.30_g0.30_sim41.csv,0.30000000000000004,0.30000000000000004,41,13,12.0,2025-04-07T21:22:44.761847
b0.30_g0.30_sim42.csv,0.30000000000000004,0.30000000000000004,42,13,12.0,2025-04-07T21:22:44.761847
b0.30_g0.30_sim43.csv,0.30000000000000004,0.30000000000000004,43,15,14.0,2025-04-07T21:22:44.761847
b0.30_g0.30_sim44.csv,0.30000000000000004,0.30000000000000004,44,27,26.0,2025-04-07T21:22:44.761847
b0.30_g0.30_sim45.csv,0.30000000000000004,0.30000000000000004,45,11,10.0,2025-04-07T21:22:44.761847
b0.30_g0.30_sim46.csv,0.30000000000000004,0.30000000000000004,46,18,17.0,2025-04-07T21:22:44.761847
b0.30_g0.30_sim47.csv,0.30000000000000004,0.30000000000000004,47,15,14.0,2025-04-07T21:22:44.761847
b0.30_g0.30_sim48.csv,0.30000000000000004,0.30000000000000004,48,22,21.0,2025-04-07T21:22:44.761847
b0.30_g0.30_sim49.csv,0.30000000000000004,0.30000000000000004,49,19,18.0,2025-04-07T21:22:44.761847
b0.30_g0.40_sim0.csv,0.30000000000000004,0.4,0,16,15.0,2025-04-07T21:22:44.761847
b0.30_g0.40_sim1.csv,0.30000000000000004,0.4,1,15,14.0,2025-04-07T21:22:44.761847
b0.30_g0.40_sim2.csv,0.30000000000000004,0.4,2,11,10.0,2025-04-07T21:22:44.761847
b0.30_g0.40_sim3.csv,0.30000000000000004,0.4,3,10,9.0,2025-04-07T21:22:44.761847
b0.30_g0.40_sim4.csv,0.30000000000000004,0.4,4,14,13.0,2025-04-07T21:22:44.761847
b0.30_g0.40_sim5.csv,0.30000000000000004,0.4,5,9,8.0,2025-04-07T21:22:44.761847
b0.30_g0.40_sim6.csv,0.30000000000000004,0.4,6,10,9.0,2025-04-07T21:22:44.761847
b0.30_g0.40_sim7.csv,0.30000000000000004,0.4,7,14,13.0,2025-04-07T21:22:44.761847
b0.30_g0.40_sim8.csv,0.30000000000000004,0.4,8,10,9.0,2025-04-07T21:22:44.761847
b0.30_g0.40_sim9.csv,0.30000000000000004,0.4,9,11,10.0,2025-04-07T21:22:44.761847
b0.30_g0.40_sim10.csv,0.30000000000000004,0.4,10,12,11.0,2025-04-07T21:22:44.761847
b0.30_g0.40_sim11.csv,0.30000000000000004,0.4,11,14,13.0,2025-04-07T21:22:44.761847
b0.30_g0.40_sim12.csv,0.30000000000000004,0.4,12,11,10.0,2025-04-07T21:22:44.761847
b0.30_g0.40_sim13.csv,0.30000000000000004,0.4,13,13,12.0,2025-04-07T21:22:44.761847
b0.30_g0.40_sim14.csv,0.30000000000000004,0.4,14,9,8.0,2025-04-07T21:22:44.761847
b0.30_g0.40_sim15.csv,0.30000000000000004,0.4,15,8,7.0,2025-04-07T21:22:44.761847
b0.30_g0.40_sim16.csv,0.30000000000000004,0.4,16,12,11.0,2025-04-07T21:22:44.761847
b0.30_g0.40_sim17.csv,0.30000000000000004,0.4,17,14,13.0,2025-04-07T21:22:44.761847
b0.30_g0.40_sim18.csv,0.30000000000000004,0.4,18,15,14.0,2025-04-07T21:22:44.761847
b0.30_g0.40_sim19.csv,0.30000000000000004,0.4,19,11,10.0,2025-04-07T21:22:44.761847
b0.30_g0.40_sim20.csv,0.30000000000000004,0.4,20,15,14.0,2025-04-07T21:22:44.761847
b0.30_g0.40_sim21.csv,0.30000000000000004,0.4,21,15,14.0,2025-04-07T21:22:44.761847
b0.30_g0.40_sim22.csv,0.30000000000000004,0.4,22,18,17.0,2025-04-07T21:22:44.761847
b0.30_g0.40_sim23.csv,0.30000000000000004,0.4,23,12,11.0,2025-04-07T21:22:44.761847
b0.30_g0.40_sim24.csv,0.30000000000000004,0.4,24,14,13.0,2025-04-07T21:22:44.761847
b0.30_g0.40_sim25.csv,0.30000000000000004,0.4,25,16,15.0,2025-04-07T21:22:44.761847
b0.30_g0.40_sim26.csv,0.30000000000000004,0.4,26,12,11.0,2025-04-07T21:22:44.761847
b0.30_g0.40_sim27.csv,0.30000000000000004,0.4,27,23,22.0,2025-04-07T21:22:44.761847
b0.30_g0.40_sim28.csv,0.30000000000000004,0.4,28,14,13.0,2025-04-07T21:22:44.761847
b0.30_g0.40_sim29.csv,0.30000000000000004,0.4,29,13,12.0,2025-04-07T21:22:44.761847
b0.30_g0.40_sim30.csv,0.30000000000000004,0.4,30,19,18.0,2025-04-07T21:22:44.761847
b0.30_g0.40_sim31.csv,0.30000000000000004,0.4,31,19,18.0,2025-04-07T21:22:44.761847
b0.30_g0.40_sim32.csv,0.30000000000000004,0.4,32,10,9.0,2025-04-07T21:22:44.761847
b0.30_g0.40_sim33.csv,0.30000000000000004,0.4,33,12,11.0,2025-04-07T21:22:44.761847
b0.30_g0.40_sim34.csv,0.30000000000000004,0.4,34,12,11.0,2025-04-07T21:22:44.761847
b0.30_g0.40_sim35.csv,0.30000000000000004,0.4,35,16,15.0,2025-04-07T21:22:44.761847
b0.30_g0.40_sim36.csv,0.30000000000000004,0.4,36,12,11.0,2025-04-07T21:22:44.761847
b0.30_g0.40_sim37.csv,0.30000000000000004,0.4,37,13,12.0,2025-04-07T21:22:44.761847
b0.30_g0.40_sim38.csv,0.30000000000000004,0.4,38,15,14.0,2025-04-07T21:22:44.761847
b0.30_g0.40_sim39.csv,0.30000000000000004,0.4,39,13,12.0,2025-04-07T21:22:44.761847
b0.30_g0.40_sim40.csv,0.30000000000000004,0.4,40,16,15.0,2025-04-07T21:22:44.761847
b0.30_g0.40_sim41.csv,0.30000000000000004,0.4,41,11,10.0,2025-04-07T21:22:44.761847
b0.30_g0.40_sim42.csv,0.30000000000000004,0.4,42,18,17.0,2025-04-07T21:22:44.761847
b0.30_g0.40_sim43.csv,0.30000000000000004,0.4,43,13,12.0,2025-04-07T21:22:44.761847
b0.30_g0.40_sim44.csv,0.30000000000000004,0.4,44,11,10.0,2025-04-07T21:22:44.761847
b0.30_g0.40_sim45.csv,0.30000000000000004,0.4,45,13,12.0,2025-04-07T21:22:44.761847
b0.30_g0.40_sim46.csv,0.30000000000000004,0.4,46,15,14.0,2025-04-07T21:22:44.761847
b0.30_g0.40_sim47.csv,0.30000000000000004,0.4,47,11,10.0,2025-04-07T21:22:44.761847
b0.30_g0.40_sim48.csv,0.30000000000000004,0.4,48,19,18.0,2025-04-07T21:22:44.761847
b0.30_g0.40_sim49.csv,0.30000000000000004,0.4,49,18,17.0,2025-04-07T21:22:44.761847
b0.30_g0.50_sim0.csv,0.30000000000000004,0.5,0,9,8.0,2025-04-07T21:22:44.761847
b0.30_g0.50_sim1.csv,0.30000000000000004,0.5,1,11,10.0,2025-04-07T21:22:44.761847
b0.30_g0.50_sim2.csv,0.30000000000000004,0.5,2,11,10.0,2025-04-07T21:22:44.761847
b0.30_g0.50_sim3.csv,0.30000000000000004,0.5,3,12,11.0,2025-04-07T21:22:44.761847
b0.30_g0.50_sim4.csv,0.30000000000000004,0.5,4,10,9.0,2025-04-07T21:22:44.761847
b0.30_g0.50_sim5.csv,0.30000000000000004,0.5,5,14,13.0,2025-04-07T21:22:44.761847
b0.30_g0.50_sim6.csv,0.30000000000000004,0.5,6,13,12.0,2025-04-07T21:22:44.761847
b0.30_g0.50_sim7.csv,0.30000000000000004,0.5,7,9,8.0,2025-04-07T21:22:44.761847
b0.30_g0.50_sim8.csv,0.30000000000000004,0.5,8,8,7.0,2025-04-07T21:22:44.761847
b0.30_g0.50_sim9.csv,0.30000000000000004,0.5,9,8,7.0,2025-04-07T21:22:44.761847
b0.30_g0.50_sim10.csv,0.30000000000000004,0.5,10,9,8.0,2025-04-07T21:22:44.761847
b0.30_g0.50_sim11.csv,0.30000000000000004,0.5,11,14,13.0,2025-04-07T21:22:44.761847
b0.30_g0.50_sim12.csv,0.30000000000000004,0.5,12,10,9.0,2025-04-07T21:22:44.761847
b0.30_g0.50_sim13.csv,0.30000000000000004,0.5,13,12,11.0,2025-04-07T21:22:44.761847
b0.30_g0.50_sim14.csv,0.30000000000000004,0.5,14,10,9.0,2025-04-07T21:22:44.761847
b0.30_g0.50_sim15.csv,0.30000000000000004,0.5,15,12,11.0,2025-04-07T21:22:44.761847
b0.30_g0.50_sim16.csv,0.30000000000000004,0.5,16,13,12.0,2025-04-07T21:22:44.761847
b0.30_g0.50_sim17.csv,0.30000000000000004,0.5,17,11,10.0,2025-04-07T21:22:44.761847
b0.30_g0.50_sim18.csv,0.30000000000000004,0.5,18,7,6.0,2025-04-07T21:22:44.761847
b0.30_g0.50_sim19.csv,0.30000000000000004,0.5,19,11,10.0,2025-04-07T21:22:44.761847
b0.30_g0.50_sim20.csv,0.30000000000000004,0.5,20,7,6.0,2025-04-07T21:22:44.761847
b0.30_g0.50_sim21.csv,0.30000000000000004,0.5,21,13,12.0,2025-04-07T21:22:44.761847
b0.30_g0.50_sim22.csv,0.30000000000000004,0.5,22,11,10.0,2025-04-07T21:22:44.761847
b0.30_g0.50_sim23.csv,0.30000000000000004,0.5,23,8,7.0,2025-04-07T21:22:44.761847
b0.30_g0.50_sim24.csv,0.30000000000000004,0.5,24,10,9.0,2025-04-07T21:22:44.761847
b0.30_g0.50_sim25.csv,0.30000000000000004,0.5,25,10,9.0,2025-04-07T21:22:44.761847
b0.30_g0.50_sim26.csv,0.30000000000000004,0.5,26,10,9.0,2025-04-07T21:22:44.761847
b0.30_g0.50_sim27.csv,0.30000000000000004,0.5,27,10,9.0,2025-04-07T21:22:44.761847
b0.30_g0.50_sim28.csv,0.30000000000000004,0.5,28,13,12.0,2025-04-07T21:22:44.761847
b0.30_g0.50_sim29.csv,0.30000000000000004,0.5,29,10,9.0,2025-04-07T21:22:44.761847
b0.30_g0.50_sim30.csv,0.30000000000000004,0.5,30,8,7.0,2025-04-07T21:22:44.761847
b0.30_g0.50_sim31.csv,0.30000000000000004,0.5,31,18,17.0,2025-04-07T21:22:44.761847
b0.30_g0.50_sim32.csv,0.30000000000000004,0.5,32,12,11.0,2025-04-07T21:22:44.761847
b0.30_g0.50_sim33.csv,0.30000000000000004,0.5,33,11,10.0,2025-04-07T21:22:44.761847
b0.30_g0.50_sim34.csv,0.30000000000000004,0.5,34,5,4.0,2025-04-07T21:22:44.761847
b0.30_g0.50_sim35.csv,0.30000000000000004,0.5,35,13,12.0,2025-04-07T21:22:44.761847
b0.30_g0.50_sim36.csv,0.30000000000000004,0.5,36,10,9.0,2025-04-07T21:22:44.761847
b0.30_g0.50_sim37.csv,0.30000000000000004,0.5,37,13,12.0,2025-04-07T21:22:44.761847
b0.30_g0.50_sim38.csv,0.30000000000000004,0.5,38,9,8.0,2025-04-07T21:22:44.761847
b0.30_g0.50_sim39.csv,0.30000000000000004,0.5,39,8,7.0,2025-04-07T21:22:44.761847
b0.30_g0.50_sim40.csv,0.30000000000000004,0.5,40,12,11.0,2025-04-07T21:22:44.761847
b0.30_g0.50_sim41.csv,0.30000000000000004,0.5,41,18,17.0,2025-04-07T21:22:44.761847
b0.30_g0.50_sim42.csv,0.30000000000000004,0.5,42,11,10.0,2025-04-07T21:22:44.761847
b0.30_g0.50_sim43.csv,0.30000000000000004,0.5,43,10,9.0,2025-04-07T21:22:44.761847
b0.30_g0.50_sim44.csv,0.30000000000000004,0.5,44,9,8.0,2025-04-07T21:22:44.761847
b0.30_g0.50_sim45.csv,0.30000000000000004,0.5,45,9,8.0,2025-04-07T21:22:44.761847
b0.30_g0.50_sim46.csv,0.30000000000000004,0.5,46,13,12.0,2025-04-07T21:22:44.761847
b0.30_g0.50_sim47.csv,0.30000000000000004,0.5,47,9,8.0,2025-04-07T21:22:44.761847
b0.30_g0.50_sim48.csv,0.30000000000000004,0.5,48,13,12.0,2025-04-07T21:22:44.761847
b0.30_g0.50_sim49.csv,0.30000000000000004,0.5,49,19,18.0,2025-04-07T21:22:44.761847
b0.30_g0.60_sim0.csv,0.30000000000000004,0.6,0,9,8.0,2025-04-07T21:22:44.761847
b0.30_g0.60_sim1.csv,0.30000000000000004,0.6,1,10,9.0,2025-04-07T21:22:44.761847
b0.30_g0.60_sim2.csv,0.30000000000000004,0.6,2,10,9.0,2025-04-07T21:22:44.761847
b0.30_g0.60_sim3.csv,0.30000000000000004,0.6,3,12,11.0,2025-04-07T21:22:44.761847
b0.30_g0.60_sim4.csv,0.30000000000000004,0.6,4,8,7.0,2025-04-07T21:22:44.761847
b0.30_g0.60_sim5.csv,0.30000000000000004,0.6,5,8,7.0,2025-04-07T21:22:44.761847
b0.30_g0.60_sim6.csv,0.30000000000000004,0.6,6,7,6.0,2025-04-07T21:22:44.761847
b0.30_g0.60_sim7.csv,0.30000000000000004,0.6,7,14,13.0,2025-04-07T21:22:44.761847
b0.30_g0.60_sim8.csv,0.30000000000000004,0.6,8,7,6.0,2025-04-07T21:22:44.761847
b0.30_g0.60_sim9.csv,0.30000000000000004,0.6,9,7,6.0,2025-04-07T21:22:44.761847
b0.30_g0.60_sim10.csv,0.30000000000000004,0.6,10,6,5.0,2025-04-07T21:22:44.761847
b0.30_g0.60_sim11.csv,0.30000000000000004,0.6,11,12,11.0,2025-04-07T21:22:44.761847
b0.30_g0.60_sim12.csv,0.30000000000000004,0.6,12,8,7.0,2025-04-07T21:22:44.761847
b0.30_g0.60_sim13.csv,0.30000000000000004,0.6,13,13,12.0,2025-04-07T21:22:44.761847
b0.30_g0.60_sim14.csv,0.30000000000000004,0.6,14,9,8.0,2025-04-07T21:22:44.761847
b0.30_g0.60_sim15.csv,0.30000000000000004,0.6,15,8,7.0,2025-04-07T21:22:44.761847
b0.30_g0.60_sim16.csv,0.30000000000000004,0.6,16,10,9.0,2025-04-07T21:22:44.761847
b0.30_g0.60_sim17.csv,0.30000000000000004,0.6,17,9,8.0,2025-04-07T21:22:44.761847
b0.30_g0.60_sim18.csv,0.30000000000000004,0.6,18,12,11.0,2025-04-07T21:22:44.761847
b0.30_g0.60_sim19.csv,0.30000000000000004,0.6,19,10,9.0,2025-04-07T21:22:44.761847
b0.30_g0.60_sim20.csv,0.30000000000000004,0.6,20,9,8.0,2025-04-07T21:22:44.761847
b0.30_g0.60_sim21.csv,0.30000000000000004,0.6,21,8,7.0,2025-04-07T21:22:44.761847
b0.30_g0.60_sim22.csv,0.30000000000000004,0.6,22,8,7.0,2025-04-07T21:22:44.761847
b0.30_g0.60_sim23.csv,0.30000000000000004,0.6,23,7,6.0,2025-04-07T21:22:44.761847
b0.30_g0.60_sim24.csv,0.30000000000000004,0.6,24,7,6.0,2025-04-07T21:22:44.761847
b0.30_g0.60_sim25.csv,0.30000000000000004,0.6,25,8,7.0,2025-04-07T21:22:44.761847
b0.30_g0.60_sim26.csv,0.30000000000000004,0.6,26,7,6.0,2025-04-07T21:22:44.761847
b0.30_g0.60_sim27.csv,0.30000000000000004,0.6,27,18,17.0,2025-04-07T21:22:44.761847
b0.30_g0.60_sim28.csv,0.30000000000000004,0.6,28,10,9.0,2025-04-07T21:22:44.761847
b0.30_g0.60_sim29.csv,0.30000000000000004,0.6,29,10,9.0,2025-04-07T21:22:44.761847
b0.30_g0.60_sim30.csv,0.30000000000000004,0.6,30,9,8.0,2025-04-07T21:22:44.761847
b0.30_g0.60_sim31.csv,0.30000000000000004,0.6,31,7,6.0,2025-04-07T21:22:44.761847
b0.30_g0.60_sim32.csv,0.30000000000000004,0.6,32,12,11.0,2025-04-07T21:22:44.761847
b0.30_g0.60_sim33.csv,0.30000000000000004,0.6,33,15,14.0,2025-04-07T21:22:44.761847
b0.30_g0.60_sim34.csv,0.30000000000000004,0.6,34,9,8.0,2025-04-07T21:22:44.761847
b0.30_g0.60_sim35.csv,0.30000000000000004,0.6,35,7,6.0,2025-04-07T21:22:44.761847
b0.30_g0.60_sim36.csv,0.30000000000000004,0.6,36,9,8.0,2025-04-07T21:22:44.761847
b0.30_g0.60_sim37.csv,0.30000000000000004,0.6,37,8,7.0,2025-04-07T21:22:44.761847
b0.30_g0.60_sim38.csv,0.30000000000000004,0.6,38,8,7.0,2025-04-07T21:22:44.761847
b0.30_g0.60_sim39.csv,0.30000000000000004,0.6,39,9,8.0,2025-04-07T21:22:44.761847
b0.30_g0.60_sim40.csv,0.30000000000000004,0.6,40,10,9.0,2025-04-07T21:22:44.761847
b0.30_g0.60_sim41.csv,0.30000000000000004,0.6,41,7,6.0,2025-04-07T21:22:44.761847
b0.30_g0.60_sim42.csv,0.30000000000000004,0.6,42,13,12.0,2025-04-07T21:22:44.761847
b0.30_g0.60_sim43.csv,0.30000000000000004,0.6,43,10,9.0,2025-04-07T21:22:44.761847
b0.30_g0.60_sim44.csv,0.30000000000000004,0.6,44,8,7.0,2025-04-07T21:22:44.761847
b0.30_g0.60_sim45.csv,0.30000000000000004,0.6,45,10,9.0,2025-04-07T21:22:44.761847
b0.30_g0.60_sim46.csv,0.30000000000000004,0.6,46,6,5.0,2025-04-07T21:22:44.761847
b0.30_g0.60_sim47.csv,0.30000000000000004,0.6,47,7,6.0,2025-04-07T21:22:44.761847
b0.30_g0.60_sim48.csv,0.30000000000000004,0.6,48,13,12.0,2025-04-07T21:22:44.761847
b0.30_g0.60_sim49.csv,0.30000000000000004,0.6,49,8,7.0,2025-04-07T21:22:44.761847
b0.30_g0.70_sim0.csv,0.30000000000000004,0.7000000000000001,0,7,6.0,2025-04-07T21:22:44.761847
b0.30_g0.70_sim1.csv,0.30000000000000004,0.7000000000000001,1,6,5.0,2025-04-07T21:22:44.761847
b0.30_g0.70_sim2.csv,0.30000000000000004,0.7000000000000001,2,6,5.0,2025-04-07T21:22:44.761847
b0.30_g0.70_sim3.csv,0.30000000000000004,0.7000000000000001,3,10,9.0,2025-04-07T21:22:44.761847
b0.30_g0.70_sim4.csv,0.30000000000000004,0.7000000000000001,4,8,7.0,2025-04-07T21:22:44.761847
b0.30_g0.70_sim5.csv,0.30000000000000004,0.7000000000000001,5,6,5.0,2025-04-07T21:22:44.761847
b0.30_g0.70_sim6.csv,0.30000000000000004,0.7000000000000001,6,11,10.0,2025-04-07T21:22:44.761847
b0.30_g0.70_sim7.csv,0.30000000000000004,0.7000000000000001,7,8,7.0,2025-04-07T21:22:44.761847
b0.30_g0.70_sim8.csv,0.30000000000000004,0.7000000000000001,8,12,11.0,2025-04-07T21:22:44.761847
b0.30_g0.70_sim9.csv,0.30000000000000004,0.7000000000000001,9,8,7.0,2025-04-07T21:22:44.761847
b0.30_g0.70_sim10.csv,0.30000000000000004,0.7000000000000001,10,8,7.0,2025-04-07T21:22:44.761847
b0.30_g0.70_sim11.csv,0.30000000000000004,0.7000000000000001,11,7,6.0,2025-04-07T21:22:44.761847
b0.30_g0.70_sim12.csv,0.30000000000000004,0.7000000000000001,12,12,11.0,2025-04-07T21:22:44.761847
b0.30_g0.70_sim13.csv,0.30000000000000004,0.7000000000000001,13,7,6.0,2025-04-07T21:22:44.761847
b0.30_g0.70_sim14.csv,0.30000000000000004,0.7000000000000001,14,8,7.0,2025-04-07T21:22:44.761847
b0.30_g0.70_sim15.csv,0.30000000000000004,0.7000000000000001,15,7,6.0,2025-04-07T21:22:44.761847
b0.30_g0.70_sim16.csv,0.30000000000000004,0.7000000000000001,16,7,6.0,2025-04-07T21:22:44.761847
b0.30_g0.70_sim17.csv,0.30000000000000004,0.7000000000000001,17,7,6.0,2025-04-07T21:22:44.761847
b0.30_g0.70_sim18.csv,0.30000000000000004,0.7000000000000001,18,7,6.0,2025-04-07T21:22:44.761847
b0.30_g0.70_sim19.csv,0.30000000000000004,0.7000000000000001,19,9,8.0,2025-04-07T21:22:44.761847
b0.30_g0.70_sim20.csv,0.30000000000000004,0.7000000000000001,20,9,8.0,2025-04-07T21:22:44.761847
b0.30_g0.70_sim21.csv,0.30000000000000004,0.7000000000000001,21,9,8.0,2025-04-07T21:22:44.761847
b0.30_g0.70_sim22.csv,0.30000000000000004,0.7000000000000001,22,5,4.0,2025-04-07T21:22:44.761847
b0.30_g0.70_sim23.csv,0.30000000000000004,0.7000000000000001,23,9,8.0,2025-04-07T21:22:44.761847
b0.30_g0.70_sim24.csv,0.30000000000000004,0.7000000000000001,24,10,9.0,2025-04-07T21:22:44.761847
b0.30_g0.70_sim25.csv,0.30000000000000004,0.7000000000000001,25,8,7.0,2025-04-07T21:22:44.761847
b0.30_g0.70_sim26.csv,0.30000000000000004,0.7000000000000001,26,6,5.0,2025-04-07T21:22:44.761847
b0.30_g0.70_sim27.csv,0.30000000000000004,0.7000000000000001,27,12,11.0,2025-04-07T21:22:44.761847
b0.30_g0.70_sim28.csv,0.30000000000000004,0.7000000000000001,28,13,12.0,2025-04-07T21:22:44.761847
b0.30_g0.70_sim29.csv,0.30000000000000004,0.7000000000000001,29,12,11.0,2025-04-07T21:22:44.761847
b0.30_g0.70_sim30.csv,0.30000000000000004,0.7000000000000001,30,6,5.0,2025-04-07T21:22:44.761847
b0.30_g0.70_sim31.csv,0.30000000000000004,0.7000000000000001,31,9,8.0,2025-04-07T21:22:44.761847
b0.30_g0.70_sim32.csv,0.30000000000000004,0.7000000000000001,32,7,6.0,2025-04-07T21:22:44.761847
b0.30_g0.70_sim33.csv,0.30000000000000004,0.7000000000000001,33,9,8.0,2025-04-07T21:22:44.761847
b0.30_g0.70_sim34.csv,0.30000000000000004,0.7000000000000001,34,7,6.0,2025-04-07T21:22:44.761847
b0.30_g0.70_sim35.csv,0.30000000000000004,0.7000000000000001,35,6,5.0,2025-04-07T21:22:44.761847
b0.30_g0.70_sim36.csv,0.30000000000000004,0.7000000000000001,36,7,6.0,2025-04-07T21:22:44.761847
b0.30_g0.70_sim37.csv,0.30000000000000004,0.7000000000000001,37,6,5.0,2025-04-07T21:22:44.761847
b0.30_g0.70_sim38.csv,0.30000000000000004,0.7000000000000001,38,7,6.0,2025-04-07T21:22:44.761847
b0.30_g0.70_sim39.csv,0.30000000000000004,0.7000000000000001,39,9,8.0,2025-04-07T21:22:44.761847
b0.30_g0.70_sim40.csv,0.30000000000000004,0.7000000000000001,40,7,6.0,2025-04-07T21:22:44.761847
b0.30_g0.70_sim41.csv,0.30000000000000004,0.7000000000000001,41,6,5.0,2025-04-07T21:22:44.761847
b0.30_g0.70_sim42.csv,0.30000000000000004,0.7000000000000001,42,8,7.0,2025-04-07T21:22:44.761847
b0.30_g0.70_sim43.csv,0.30000000000000004,0.7000000000000001,43,7,6.0,2025-04-07T21:22:44.761847
b0.30_g0.70_sim44.csv,0.30000000000000004,0.7000000000000001,44,10,9.0,2025-04-07T21:22:44.761847
b0.30_g0.70_sim45.csv,0.30000000000000004,0.7000000000000001,45,10,9.0,2025-04-07T21:22:44.761847
b0.30_g0.70_sim46.csv,0.30000000000000004,0.7000000000000001,46,7,6.0,2025-04-07T21:22:44.761847
b0.30_g0.70_sim47.csv,0.30000000000000004,0.7000000000000001,47,8,7.0,2025-04-07T21:22:44.761847
b0.30_g0.70_sim48.csv,0.30000000000000004,0.7000000000000001,48,5,4.0,2025-04-07T21:22:44.761847
b0.30_g0.70_sim49.csv,0.30000000000000004,0.7000000000000001,49,8,7.0,2025-04-07T21:22:44.761847
b0.30_g0.80_sim0.csv,0.30000000000000004,0.8,0,8,7.0,2025-04-07T21:22:44.761847
b0.30_g0.80_sim1.csv,0.30000000000000004,0.8,1,8,7.0,2025-04-07T21:22:44.761847
b0.30_g0.80_sim2.csv,0.30000000000000004,0.8,2,7,6.0,2025-04-07T21:22:44.761847
b0.30_g0.80_sim3.csv,0.30000000000000004,0.8,3,8,7.0,2025-04-07T21:22:44.761847
b0.30_g0.80_sim4.csv,0.30000000000000004,0.8,4,8,7.0,2025-04-07T21:22:44.761847
b0.30_g0.80_sim5.csv,0.30000000000000004,0.8,5,7,6.0,2025-04-07T21:22:44.761847
b0.30_g0.80_sim6.csv,0.30000000000000004,0.8,6,7,6.0,2025-04-07T21:22:44.761847
b0.30_g0.80_sim7.csv,0.30000000000000004,0.8,7,7,6.0,2025-04-07T21:22:44.761847
b0.30_g0.80_sim8.csv,0.30000000000000004,0.8,8,11,10.0,2025-04-07T21:22:44.761847
b0.30_g0.80_sim9.csv,0.30000000000000004,0.8,9,6,5.0,2025-04-07T21:22:44.761847
b0.30_g0.80_sim10.csv,0.30000000000000004,0.8,10,10,9.0,2025-04-07T21:22:44.761847
b0.30_g0.80_sim11.csv,0.30000000000000004,0.8,11,7,6.0,2025-04-07T21:22:44.761847
b0.30_g0.80_sim12.csv,0.30000000000000004,0.8,12,6,5.0,2025-04-07T21:22:44.761847
b0.30_g0.80_sim13.csv,0.30000000000000004,0.8,13,6,5.0,2025-04-07T21:22:44.761847
b0.30_g0.80_sim14.csv,0.30000000000000004,0.8,14,7,6.0,2025-04-07T21:22:44.761847
b0.30_g0.80_sim15.csv,0.30000000000000004,0.8,15,9,8.0,2025-04-07T21:22:44.761847
b0.30_g0.80_sim16.csv,0.30000000000000004,0.8,16,6,5.0,2025-04-07T21:22:44.761847
b0.30_g0.80_sim17.csv,0.30000000000000004,0.8,17,7,6.0,2025-04-07T21:22:44.761847
b0.30_g0.80_sim18.csv,0.30000000000000004,0.8,18,7,6.0,2025-04-07T21:22:44.761847
b0.30_g0.80_sim19.csv,0.30000000000000004,0.8,19,6,5.0,2025-04-07T21:22:44.761847
b0.30_g0.80_sim20.csv,0.30000000000000004,0.8,20,8,7.0,2025-04-07T21:22:44.761847
b0.30_g0.80_sim21.csv,0.30000000000000004,0.8,21,6,5.0,2025-04-07T21:22:44.761847
b0.30_g0.80_sim22.csv,0.30000000000000004,0.8,22,6,5.0,2025-04-07T21:22:44.761847
b0.30_g0.80_sim23.csv,0.30000000000000004,0.8,23,9,8.0,2025-04-07T21:22:44.761847
b0.30_g0.80_sim24.csv,0.30000000000000004,0.8,24,8,7.0,2025-04-07T21:22:44.761847
b0.30_g0.80_sim25.csv,0.30000000000000004,0.8,25,8,7.0,2025-04-07T21:22:44.761847
b0.30_g0.80_sim26.csv,0.30000000000000004,0.8,26,8,7.0,2025-04-07T21:22:44.761847
b0.30_g0.80_sim27.csv,0.30000000000000004,0.8,27,6,5.0,2025-04-07T21:22:44.761847
b0.30_g0.80_sim28.csv,0.30000000000000004,0.8,28,7,6.0,2025-04-07T21:22:44.761847
b0.30_g0.80_sim29.csv,0.30000000000000004,0.8,29,8,7.0,2025-04-07T21:22:44.761847
b0.30_g0.80_sim30.csv,0.30000000000000004,0.8,30,6,5.0,2025-04-07T21:22:44.761847
b0.30_g0.80_sim31.csv,0.30000000000000004,0.8,31,6,5.0,2025-04-07T21:22:44.761847
b0.30_g0.80_sim32.csv,0.30000000000000004,0.8,32,7,6.0,2025-04-07T21:22:44.761847
b0.30_g0.80_sim33.csv,0.30000000000000004,0.8,33,14,13.0,2025-04-07T21:22:44.761847
b0.30_g0.80_sim34.csv,0.30000000000000004,0.8,34,8,7.0,2025-04-07T21:22:44.761847
b0.30_g0.80_sim35.csv,0.30000000000000004,0.8,35,9,8.0,2025-04-07T21:22:44.761847
b0.30_g0.80_sim36.csv,0.30000000000000004,0.8,36,7,6.0,2025-04-07T21:22:44.761847
b0.30_g0.80_sim37.csv,0.30000000000000004,0.8,37,8,7.0,2025-04-07T21:22:44.761847
b0.30_g0.80_sim38.csv,0.30000000000000004,0.8,38,8,7.0,2025-04-07T21:22:44.761847
b0.30_g0.80_sim39.csv,0.30000000000000004,0.8,39,8,7.0,2025-04-07T21:22:44.761847
b0.30_g0.80_sim40.csv,0.30000000000000004,0.8,40,6,5.0,2025-04-07T21:22:44.761847
b0.30_g0.80_sim41.csv,0.30000000000000004,0.8,41,5,4.0,2025-04-07T21:22:44.761847
b0.30_g0.80_sim42.csv,0.30000000000000004,0.8,42,8,7.0,2025-04-07T21:22:44.761847
b0.30_g0.80_sim43.csv,0.30000000000000004,0.8,43,5,4.0,2025-04-07T21:22:44.761847
b0.30_g0.80_sim44.csv,0.30000000000000004,0.8,44,7,6.0,2025-04-07T21:22:44.761847
b0.30_g0.80_sim45.csv,0.30000000000000004,0.8,45,6,5.0,2025-04-07T21:22:44.761847
b0.30_g0.80_sim46.csv,0.30000000000000004,0.8,46,6,5.0,2025-04-07T21:22:44.761847
b0.30_g0.80_sim47.csv,0.30000000000000004,0.8,47,10,9.0,2025-04-07T21:22:44.761847
b0.30_g0.80_sim48.csv,0.30000000000000004,0.8,48,8,7.0,2025-04-07T21:22:44.761847
b0.30_g0.80_sim49.csv,0.30000000000000004,0.8,49,7,6.0,2025-04-07T21:22:44.761847
b0.30_g0.90_sim0.csv,0.30000000000000004,0.9,0,8,7.0,2025-04-07T21:22:44.761847
b0.30_g0.90_sim1.csv,0.30000000000000004,0.9,1,6,5.0,2025-04-07T21:22:44.761847
b0.30_g0.90_sim2.csv,0.30000000000000004,0.9,2,6,5.0,2025-04-07T21:22:44.761847
b0.30_g0.90_sim3.csv,0.30000000000000004,0.9,3,6,5.0,2025-04-07T21:22:44.761847
b0.30_g0.90_sim4.csv,0.30000000000000004,0.9,4,5,4.0,2025-04-07T21:22:44.761847
b0.30_g0.90_sim5.csv,0.30000000000000004,0.9,5,6,5.0,2025-04-07T21:22:44.761847
b0.30_g0.90_sim6.csv,0.30000000000000004,0.9,6,6,5.0,2025-04-07T21:22:44.761847
b0.30_g0.90_sim7.csv,0.30000000000000004,0.9,7,8,7.0,2025-04-07T21:22:44.761847
b0.30_g0.90_sim8.csv,0.30000000000000004,0.9,8,5,4.0,2025-04-07T21:22:44.761847
b0.30_g0.90_sim9.csv,0.30000000000000004,0.9,9,10,9.0,2025-04-07T21:22:44.761847
b0.30_g0.90_sim10.csv,0.30000000000000004,0.9,10,5,4.0,2025-04-07T21:22:44.761847
b0.30_g0.90_sim11.csv,0.30000000000000004,0.9,11,8,7.0,2025-04-07T21:22:44.761847
b0.30_g0.90_sim12.csv,0.30000000000000004,0.9,12,7,6.0,2025-04-07T21:22:44.761847
b0.30_g0.90_sim13.csv,0.30000000000000004,0.9,13,6,5.0,2025-04-07T21:22:44.761847
b0.30_g0.90_sim14.csv,0.30000000000000004,0.9,14,5,4.0,2025-04-07T21:22:44.761847
b0.30_g0.90_sim15.csv,0.30000000000000004,0.9,15,5,4.0,2025-04-07T21:22:44.761847
b0.30_g0.90_sim16.csv,0.30000000000000004,0.9,16,8,7.0,2025-04-07T21:22:44.761847
b0.30_g0.90_sim17.csv,0.30000000000000004,0.9,17,7,6.0,2025-04-07T21:22:44.761847
b0.30_g0.90_sim18.csv,0.30000000000000004,0.9,18,7,6.0,2025-04-07T21:22:44.761847
b0.30_g0.90_sim19.csv,0.30000000000000004,0.9,19,8,7.0,2025-04-07T21:22:44.761847
b0.30_g0.90_sim20.csv,0.30000000000000004,0.9,20,7,6.0,2025-04-07T21:22:44.761847
b0.30_g0.90_sim21.csv,0.30000000000000004,0.9,21,5,4.0,2025-04-07T21:22:44.761847
b0.30_g0.90_sim22.csv,0.30000000000000004,0.9,22,6,5.0,2025-04-07T21:22:44.761847
b0.30_g0.90_sim23.csv,0.30000000000000004,0.9,23,9,8.0,2025-04-07T21:22:44.761847
b0.30_g0.90_sim24.csv,0.30000000000000004,0.9,24,7,6.0,2025-04-07T21:22:44.761847
b0.30_g0.90_sim25.csv,0.30000000000000004,0.9,25,6,5.0,2025-04-07T21:22:44.761847
b0.30_g0.90_sim26.csv,0.30000000000000004,0.9,26,5,4.0,2025-04-07T21:22:44.761847
b0.30_g0.90_sim27.csv,0.30000000000000004,0.9,27,9,8.0,2025-04-07T21:22:44.761847
b0.30_g0.90_sim28.csv,0.30000000000000004,0.9,28,6,5.0,2025-04-07T21:22:44.761847
b0.30_g0.90_sim29.csv,0.30000000000000004,0.9,29,8,7.0,2025-04-07T21:22:44.761847
b0.30_g0.90_sim30.csv,0.30000000000000004,0.9,30,8,7.0,2025-04-07T21:22:44.761847
b0.30_g0.90_sim31.csv,0.30000000000000004,0.9,31,5,4.0,2025-04-07T21:22:44.761847
b0.30_g0.90_sim32.csv,0.30000000000000004,0.9,32,7,6.0,2025-04-07T21:22:44.761847
b0.30_g0.90_sim33.csv,0.30000000000000004,0.9,33,6,5.0,2025-04-07T21:22:44.761847
b0.30_g0.90_sim34.csv,0.30000000000000004,0.9,34,5,4.0,2025-04-07T21:22:44.761847
b0.30_g0.90_sim35.csv,0.30000000000000004,0.9,35,7,6.0,2025-04-07T21:22:44.761847
b0.30_g0.90_sim36.csv,0.30000000000000004,0.9,36,5,4.0,2025-04-07T21:22:44.761847
b0.30_g0.90_sim37.csv,0.30000000000000004,0.9,37,5,4.0,2025-04-07T21:22:44.761847
b0.30_g0.90_sim38.csv,0.30000000000000004,0.9,38,6,5.0,2025-04-07T21:22:44.761847
b0.30_g0.90_sim39.csv,0.30000000000000004,0.9,39,6,5.0,2025-04-07T21:22:44.761847
b0.30_g0.90_sim40.csv,0.30000000000000004,0.9,40,7,6.0,2025-04-07T21:22:44.761847
b0.30_g0.90_sim41.csv,0.30000000000000004,0.9,41,6,5.0,2025-04-07T21:22:44.761847
b0.30_g0.90_sim42.csv,0.30000000000000004,0.9,42,6,5.0,2025-04-07T21:22:44.761847
b0.30_g0.90_sim43.csv,0.30000000000000004,0.9,43,6,5.0,2025-04-07T21:22:44.761847
b0.30_g0.90_sim44.csv,0.30000000000000004,0.9,44,5,4.0,2025-04-07T21:22:44.761847
b0.30_g0.90_sim45.csv,0.30000000000000004,0.9,45,4,3.0,2025-04-07T21:22:44.761847
b0.30_g0.90_sim46.csv,0.30000000000000004,0.9,46,7,6.0,2025-04-07T21:22:44.761847
b0.30_g0.90_sim47.csv,0.30000000000000004,0.9,47,7,6.0,2025-04-07T21:22:44.761847
b0.30_g0.90_sim48.csv,0.30000000000000004,0.9,48,6,5.0,2025-04-07T21:22:44.761847
b0.30_g0.90_sim49.csv,0.30000000000000004,0.9,49,6,5.0,2025-04-07T21:22:44.761847
b0.30_g1.00_sim0.csv,0.30000000000000004,1.0,0,5,4.0,2025-04-07T21:22:44.761847
b0.30_g1.00_sim1.csv,0.30000000000000004,1.0,1,6,5.0,2025-04-07T21:22:44.761847
b0.30_g1.00_sim2.csv,0.30000000000000004,1.0,2,6,5.0,2025-04-07T21:22:44.761847
b0.30_g1.00_sim3.csv,0.30000000000000004,1.0,3,5,4.0,2025-04-07T21:22:44.761847
b0.30_g1.00_sim4.csv,0.30000000000000004,1.0,4,5,4.0,2025-04-07T21:22:44.761847
b0.30_g1.00_sim5.csv,0.30000000000000004,1.0,5,4,3.0,2025-04-07T21:22:44.761847
b0.30_g1.00_sim6.csv,0.30000000000000004,1.0,6,6,5.0,2025-04-07T21:22:44.761847
b0.30_g1.00_sim7.csv,0.30000000000000004,1.0,7,4,3.0,2025-04-07T21:22:44.761847
b0.30_g1.00_sim8.csv,0.30000000000000004,1.0,8,4,3.0,2025-04-07T21:22:44.761847
b0.30_g1.00_sim9.csv,0.30000000000000004,1.0,9,6,5.0,2025-04-07T21:22:44.761847
b0.30_g1.00_sim10.csv,0.30000000000000004,1.0,10,7,6.0,2025-04-07T21:22:44.761847
b0.30_g1.00_sim11.csv,0.30000000000000004,1.0,11,5,4.0,2025-04-07T21:22:44.761847
b0.30_g1.00_sim12.csv,0.30000000000000004,1.0,12,6,5.0,2025-04-07T21:22:44.761847
b0.30_g1.00_sim13.csv,0.30000000000000004,1.0,13,6,5.0,2025-04-07T21:22:44.761847
b0.30_g1.00_sim14.csv,0.30000000000000004,1.0,14,5,4.0,2025-04-07T21:22:44.761847
b0.30_g1.00_sim15.csv,0.30000000000000004,1.0,15,7,6.0,2025-04-07T21:22:44.761847
b0.30_g1.00_sim16.csv,0.30000000000000004,1.0,16,7,6.0,2025-04-07T21:22:44.761847
b0.30_g1.00_sim17.csv,0.30000000000000004,1.0,17,6,5.0,2025-04-07T21:22:44.761847
b0.30_g1.00_sim18.csv,0.30000000000000004,1.0,18,7,6.0,2025-04-07T21:22:44.761847
b0.30_g1.00_sim19.csv,0.30000000000000004,1.0,19,8,7.0,2025-04-07T21:22:44.761847
b0.30_g1.00_sim20.csv,0.30000000000000004,1.0,20,6,5.0,2025-04-07T21:22:44.761847
b0.30_g1.00_sim21.csv,0.30000000000000004,1.0,21,4,3.0,2025-04-07T21:22:44.761847
b0.30_g1.00_sim22.csv,0.30000000000000004,1.0,22,4,3.0,2025-04-07T21:22:44.761847
b0.30_g1.00_sim23.csv,0.30000000000000004,1.0,23,5,4.0,2025-04-07T21:22:44.761847
b0.30_g1.00_sim24.csv,0.30000000000000004,1.0,24,5,4.0,2025-04-07T21:22:44.761847
b0.30_g1.00_sim25.csv,0.30000000000000004,1.0,25,8,7.0,2025-04-07T21:22:44.761847
b0.30_g1.00_sim26.csv,0.30000000000000004,1.0,26,6,5.0,2025-04-07T21:22:44.761847
b0.30_g1.00_sim27.csv,0.30000000000000004,1.0,27,7,6.0,2025-04-07T21:22:44.761847
b0.30_g1.00_sim28.csv,0.30000000000000004,1.0,28,8,7.0,2025-04-07T21:22:44.761847
b0.30_g1.00_sim29.csv,0.30000000000000004,1.0,29,7,6.0,2025-04-07T21:22:44.761847
b0.30_g1.00_sim30.csv,0.30000000000000004,1.0,30,6,5.0,2025-04-07T21:22:44.761847
b0.30_g1.00_sim31.csv,0.30000000000000004,1.0,31,7,6.0,2025-04-07T21:22:44.761847
b0.30_g1.00_sim32.csv,0.30000000000000004,1.0,32,6,5.0,2025-04-07T21:22:44.761847
b0.30_g1.00_sim33.csv,0.30000000000000004,1.0,33,5,4.0,2025-04-07T21:22:44.761847
b0.30_g1.00_sim34.csv,0.30000000000000004,1.0,34,5,4.0,2025-04-07T21:22:44.761847
b0.30_g1.00_sim35.csv,0.30000000000000004,1.0,35,5,4.0,2025-04-07T21:22:44.761847
b0.30_g1.00_sim36.csv,0.30000000000000004,1.0,36,7,6.0,2025-04-07T21:22:44.761847
b0.30_g1.00_sim37.csv,0.30000000000000004,1.0,37,6,5.0,2025-04-07T21:22:44.761847
b0.30_g1.00_sim38.csv,0.30000000000000004,1.0,38,5,4.0,2025-04-07T21:22:44.761847
b0.30_g1.00_sim39.csv,0.30000000000000004,1.0,39,5,4.0,2025-04-07T21:22:44.761847
b0.30_g1.00_sim40.csv,0.30000000000000004,1.0,40,4,3.0,2025-04-07T21:22:44.761847
b0.30_g1.00_sim41.csv,0.30000000000000004,1.0,41,5,4.0,2025-04-07T21:22:44.761847
b0.30_g1.00_sim42.csv,0.30000000000000004,1.0,42,5,4.0,2025-04-07T21:22:44.761847
b0.30_g1.00_sim43.csv,0.30000000000000004,1.0,43,6,5.0,2025-04-07T21:22:44.761847
b0.30_g1.00_sim44.csv,0.30000000000000004,1.0,44,7,6.0,2025-04-07T21:22:44.761847
b0.30_g1.00_sim45.csv,0.30000000000000004,1.0,45,7,6.0,2025-04-07T21:22:44.761847
b0.30_g1.00_sim46.csv,0.30000000000000004,1.0,46,5,4.0,2025-04-07T21:22:44.761847
b0.30_g1.00_sim47.csv,0.30000000000000004,1.0,47,6,5.0,2025-04-07T21:22:44.761847
b0.30_g1.00_sim48.csv,0.30000000000000004,1.0,48,5,4.0,2025-04-07T21:22:44.761847
b0.30_g1.00_sim49.csv,0.30000000000000004,1.0,49,9,8.0,2025-04-07T21:22:44.761847
b0.40_g0.10_sim0.csv,0.4,0.1,0,46,45.0,2025-04-07T21:22:44.761847
b0.40_g0.10_sim1.csv,0.4,0.1,1,62,61.0,2025-04-07T21:22:44.761847
b0.40_g0.10_sim2.csv,0.4,0.1,2,58,57.0,2025-04-07T21:22:44.761847
b0.40_g0.10_sim3.csv,0.4,0.1,3,41,40.0,2025-04-07T21:22:44.761847
b0.40_g0.10_sim4.csv,0.4,0.1,4,40,39.0,2025-04-07T21:22:44.761847
b0.40_g0.10_sim5.csv,0.4,0.1,5,57,56.0,2025-04-07T21:22:44.761847
b0.40_g0.10_sim6.csv,0.4,0.1,6,52,51.0,2025-04-07T21:22:44.761847
b0.40_g0.10_sim7.csv,0.4,0.1,7,48,47.0,2025-04-07T21:22:44.761847
b0.40_g0.10_sim8.csv,0.4,0.1,8,47,46.0,2025-04-07T21:22:44.761847
b0.40_g0.10_sim9.csv,0.4,0.1,9,91,90.0,2025-04-07T21:22:44.761847
b0.40_g0.10_sim10.csv,0.4,0.1,10,40,39.0,2025-04-07T21:22:44.761847
b0.40_g0.10_sim11.csv,0.4,0.1,11,54,53.0,2025-04-07T21:22:44.761847
b0.40_g0.10_sim12.csv,0.4,0.1,12,79,78.0,2025-04-07T21:22:44.761847
b0.40_g0.10_sim13.csv,0.4,0.1,13,53,52.0,2025-04-07T21:22:44.761847
b0.40_g0.10_sim14.csv,0.4,0.1,14,121,120.0,2025-04-07T21:22:44.761847
b0.40_g0.10_sim15.csv,0.4,0.1,15,53,52.0,2025-04-07T21:22:44.761847
b0.40_g0.10_sim16.csv,0.4,0.1,16,58,57.0,2025-04-07T21:22:44.761847
b0.40_g0.10_sim17.csv,0.4,0.1,17,53,52.0,2025-04-07T21:22:44.761847
b0.40_g0.10_sim18.csv,0.4,0.1,18,37,36.0,2025-04-07T21:22:44.761847
b0.40_g0.10_sim19.csv,0.4,0.1,19,52,51.0,2025-04-07T21:22:44.761847
b0.40_g0.10_sim20.csv,0.4,0.1,20,70,69.0,2025-04-07T21:22:44.761847
b0.40_g0.10_sim21.csv,0.4,0.1,21,42,41.0,2025-04-07T21:22:44.761847
b0.40_g0.10_sim22.csv,0.4,0.1,22,52,51.0,2025-04-07T21:22:44.761847
b0.40_g0.10_sim23.csv,0.4,0.1,23,62,61.0,2025-04-07T21:22:44.761847
b0.40_g0.10_sim24.csv,0.4,0.1,24,47,46.0,2025-04-07T21:22:44.761847
b0.40_g0.10_sim25.csv,0.4,0.1,25,64,63.0,2025-04-07T21:22:44.761847
b0.40_g0.10_sim26.csv,0.4,0.1,26,74,73.0,2025-04-07T21:22:44.761847
b0.40_g0.10_sim27.csv,0.4,0.1,27,46,45.0,2025-04-07T21:22:44.761847
b0.40_g0.10_sim28.csv,0.4,0.1,28,65,64.0,2025-04-07T21:22:44.761847
b0.40_g0.10_sim29.csv,0.4,0.1,29,39,38.0,2025-04-07T21:22:44.761847
b0.40_g0.10_sim30.csv,0.4,0.1,30,43,42.0,2025-04-07T21:22:44.761847
b0.40_g0.10_sim31.csv,0.4,0.1,31,65,64.0,2025-04-07T21:22:44.761847
b0.40_g0.10_sim32.csv,0.4,0.1,32,46,45.0,2025-04-07T21:22:44.761847
b0.40_g0.10_sim33.csv,0.4,0.1,33,51,50.0,2025-04-07T21:22:44.761847
b0.40_g0.10_sim34.csv,0.4,0.1,34,40,39.0,2025-04-07T21:22:44.761847
b0.40_g0.10_sim35.csv,0.4,0.1,35,49,48.0,2025-04-07T21:22:44.761847
b0.40_g0.10_sim36.csv,0.4,0.1,36,41,40.0,2025-04-07T21:22:44.761847
b0.40_g0.10_sim37.csv,0.4,0.1,37,52,51.0,2025-04-07T21:22:44.761847
b0.40_g0.10_sim38.csv,0.4,0.1,38,43,42.0,2025-04-07T21:22:44.761847
b0.40_g0.10_sim39.csv,0.4,0.1,39,50,49.0,2025-04-07T21:22:44.761847
b0.40_g0.10_sim40.csv,0.4,0.1,40,40,39.0,2025-04-07T21:22:44.761847
b0.40_g0.10_sim41.csv,0.4,0.1,41,43,42.0,2025-04-07T21:22:44.761847
b0.40_g0.10_sim42.csv,0.4,0.1,42,58,57.0,2025-04-07T21:22:44.761847
b0.40_g0.10_sim43.csv,0.4,0.1,43,83,82.0,2025-04-07T21:22:44.761847
b0.40_g0.10_sim44.csv,0.4,0.1,44,47,46.0,2025-04-07T21:22:44.761847
b0.40_g0.10_sim45.csv,0.4,0.1,45,72,71.0,2025-04-07T21:22:44.761847
b0.40_g0.10_sim46.csv,0.4,0.1,46,46,45.0,2025-04-07T21:22:44.761847
b0.40_g0.10_sim47.csv,0.4,0.1,47,40,39.0,2025-04-07T21:22:44.761847
b0.40_g0.10_sim48.csv,0.4,0.1,48,68,67.0,2025-04-07T21:22:44.761847
b0.40_g0.10_sim49.csv,0.4,0.1,49,53,52.0,2025-04-07T21:22:44.761847
b0.40_g0.20_sim0.csv,0.4,0.2,0,30,29.0,2025-04-07T21:22:44.761847
b0.40_g0.20_sim1.csv,0.4,0.2,1,25,24.0,2025-04-07T21:22:44.761847
b0.40_g0.20_sim2.csv,0.4,0.2,2,39,38.0,2025-04-07T21:22:44.761847
b0.40_g0.20_sim3.csv,0.4,0.2,3,29,28.0,2025-04-07T21:22:44.761847
b0.40_g0.20_sim4.csv,0.4,0.2,4,18,17.0,2025-04-07T21:22:44.761847
b0.40_g0.20_sim5.csv,0.4,0.2,5,21,20.0,2025-04-07T21:22:44.761847
b0.40_g0.20_sim6.csv,0.4,0.2,6,19,18.0,2025-04-07T21:22:44.761847
b0.40_g0.20_sim7.csv,0.4,0.2,7,16,15.0,2025-04-07T21:22:44.761847
b0.40_g0.20_sim8.csv,0.4,0.2,8,23,22.0,2025-04-07T21:22:44.761847
b0.40_g0.20_sim9.csv,0.4,0.2,9,31,30.0,2025-04-07T21:22:44.761847
b0.40_g0.20_sim10.csv,0.4,0.2,10,22,21.0,2025-04-07T21:22:44.761847
b0.40_g0.20_sim11.csv,0.4,0.2,11,24,23.0,2025-04-07T21:22:44.761847
b0.40_g0.20_sim12.csv,0.4,0.2,12,32,31.0,2025-04-07T21:22:44.761847
b0.40_g0.20_sim13.csv,0.4,0.2,13,24,23.0,2025-04-07T21:22:44.761847
b0.40_g0.20_sim14.csv,0.4,0.2,14,29,28.0,2025-04-07T21:22:44.761847
b0.40_g0.20_sim15.csv,0.4,0.2,15,21,20.0,2025-04-07T21:22:44.761847
b0.40_g0.20_sim16.csv,0.4,0.2,16,25,24.0,2025-04-07T21:22:44.761847
b0.40_g0.20_sim17.csv,0.4,0.2,17,32,31.0,2025-04-07T21:22:44.761847
b0.40_g0.20_sim18.csv,0.4,0.2,18,29,28.0,2025-04-07T21:22:44.761847
b0.40_g0.20_sim19.csv,0.4,0.2,19,21,20.0,2025-04-07T21:22:44.761847
b0.40_g0.20_sim20.csv,0.4,0.2,20,18,17.0,2025-04-07T21:22:44.761847
b0.40_g0.20_sim21.csv,0.4,0.2,21,25,24.0,2025-04-07T21:22:44.761847
b0.40_g0.20_sim22.csv,0.4,0.2,22,26,25.0,2025-04-07T21:22:44.761847
b0.40_g0.20_sim23.csv,0.4,0.2,23,36,35.0,2025-04-07T21:22:44.761847
b0.40_g0.20_sim24.csv,0.4,0.2,24,32,31.0,2025-04-07T21:22:44.761847
b0.40_g0.20_sim25.csv,0.4,0.2,25,19,18.0,2025-04-07T21:22:44.761847
b0.40_g0.20_sim26.csv,0.4,0.2,26,33,32.0,2025-04-07T21:22:44.761847
b0.40_g0.20_sim27.csv,0.4,0.2,27,38,37.0,2025-04-07T21:22:44.761847
b0.40_g0.20_sim28.csv,0.4,0.2,28,31,30.0,2025-04-07T21:22:44.761847
b0.40_g0.20_sim29.csv,0.4,0.2,29,24,23.0,2025-04-07T21:22:44.761847
b0.40_g0.20_sim30.csv,0.4,0.2,30,29,28.0,2025-04-07T21:22:44.761847
b0.40_g0.20_sim31.csv,0.4,0.2,31,30,29.0,2025-04-07T21:22:44.761847
b0.40_g0.20_sim32.csv,0.4,0.2,32,19,18.0,2025-04-07T21:22:44.761847
b0.40_g0.20_sim33.csv,0.4,0.2,33,33,32.0,2025-04-07T21:22:44.761847
b0.40_g0.20_sim34.csv,0.4,0.2,34,27,26.0,2025-04-07T21:22:44.761847
b0.40_g0.20_sim35.csv,0.4,0.2,35,31,30.0,2025-04-07T21:22:44.761847
b0.40_g0.20_sim36.csv,0.4,0.2,36,38,37.0,2025-04-07T21:22:44.761847
b0.40_g0.20_sim37.csv,0.4,0.2,37,23,22.0,2025-04-07T21:22:44.761847
b0.40_g0.20_sim38.csv,0.4,0.2,38,19,18.0,2025-04-07T21:22:44.761847
b0.40_g0.20_sim39.csv,0.4,0.2,39,28,27.0,2025-04-07T21:22:44.761847
b0.40_g0.20_sim40.csv,0.4,0.2,40,21,20.0,2025-04-07T21:22:44.761847
b0.40_g0.20_sim41.csv,0.4,0.2,41,21,20.0,2025-04-07T21:22:44.761847
b0.40_g0.20_sim42.csv,0.4,0.2,42,21,20.0,2025-04-07T21:22:44.761847
b0.40_g0.20_sim43.csv,0.4,0.2,43,18,17.0,2025-04-07T21:22:44.761847
b0.40_g0.20_sim44.csv,0.4,0.2,44,21,20.0,2025-04-07T21:22:44.761847
b0.40_g0.20_sim45.csv,0.4,0.2,45,18,17.0,2025-04-07T21:22:44.761847
b0.40_g0.20_sim46.csv,0.4,0.2,46,16,15.0,2025-04-07T21:22:44.761847
b0.40_g0.20_sim47.csv,0.4,0.2,47,24,23.0,2025-04-07T21:22:44.761847
b0.40_g0.20_sim48.csv,0.4,0.2,48,26,25.0,2025-04-07T21:22:44.761847
b0.40_g0.20_sim49.csv,0.4,0.2,49,21,20.0,2025-04-07T21:22:44.761847
b0.40_g0.30_sim0.csv,0.4,0.30000000000000004,0,20,19.0,2025-04-07T21:22:44.761847
b0.40_g0.30_sim1.csv,0.4,0.30000000000000004,1,17,16.0,2025-04-07T21:22:44.761847
b0.40_g0.30_sim2.csv,0.4,0.30000000000000004,2,17,16.0,2025-04-07T21:22:44.761847
b0.40_g0.30_sim3.csv,0.4,0.30000000000000004,3,20,19.0,2025-04-07T21:22:44.761847
b0.40_g0.30_sim4.csv,0.4,0.30000000000000004,4,25,24.0,2025-04-07T21:22:44.761847
b0.40_g0.30_sim5.csv,0.4,0.30000000000000004,5,24,23.0,2025-04-07T21:22:44.761847
b0.40_g0.30_sim6.csv,0.4,0.30000000000000004,6,15,14.0,2025-04-07T21:22:44.761847
b0.40_g0.30_sim7.csv,0.4,0.30000000000000004,7,18,17.0,2025-04-07T21:22:44.761847
b0.40_g0.30_sim8.csv,0.4,0.30000000000000004,8,23,22.0,2025-04-07T21:22:44.761847
b0.40_g0.30_sim9.csv,0.4,0.30000000000000004,9,20,19.0,2025-04-07T21:22:44.761847
b0.40_g0.30_sim10.csv,0.4,0.30000000000000004,10,30,29.0,2025-04-07T21:22:44.761847
b0.40_g0.30_sim11.csv,0.4,0.30000000000000004,11,16,15.0,2025-04-07T21:22:44.761847
b0.40_g0.30_sim12.csv,0.4,0.30000000000000004,12,15,14.0,2025-04-07T21:22:44.761847
b0.40_g0.30_sim13.csv,0.4,0.30000000000000004,13,17,16.0,2025-04-07T21:22:44.761847
b0.40_g0.30_sim14.csv,0.4,0.30000000000000004,14,14,13.0,2025-04-07T21:22:44.761847
b0.40_g0.30_sim15.csv,0.4,0.30000000000000004,15,20,19.0,2025-04-07T21:22:44.761847
b0.40_g0.30_sim16.csv,0.4,0.30000000000000004,16,21,20.0,2025-04-07T21:22:44.761847
b0.40_g0.30_sim17.csv,0.4,0.30000000000000004,17,18,17.0,2025-04-07T21:22:44.761847
b0.40_g0.30_sim18.csv,0.4,0.30000000000000004,18,16,15.0,2025-04-07T21:22:44.761847
b0.40_g0.30_sim19.csv,0.4,0.30000000000000004,19,17,16.0,2025-04-07T21:22:44.761847
b0.40_g0.30_sim20.csv,0.4,0.30000000000000004,20,20,19.0,2025-04-07T21:22:44.761847
b0.40_g0.30_sim21.csv,0.4,0.30000000000000004,21,17,16.0,2025-04-07T21:22:44.761847
b0.40_g0.30_sim22.csv,0.4,0.30000000000000004,22,22,21.0,2025-04-07T21:22:44.761847
b0.40_g0.30_sim23.csv,0.4,0.30000000000000004,23,20,19.0,2025-04-07T21:22:44.761847
b0.40_g0.30_sim24.csv,0.4,0.30000000000000004,24,16,15.0,2025-04-07T21:22:44.761847
b0.40_g0.30_sim25.csv,0.4,0.30000000000000004,25,15,14.0,2025-04-07T21:22:44.761847
b0.40_g0.30_sim26.csv,0.4,0.30000000000000004,26,16,15.0,2025-04-07T21:22:44.761847
b0.40_g0.30_sim27.csv,0.4,0.30000000000000004,27,22,21.0,2025-04-07T21:22:44.761847
b0.40_g0.30_sim28.csv,0.4,0.30000000000000004,28,26,25.0,2025-04-07T21:22:44.761847
b0.40_g0.30_sim29.csv,0.4,0.30000000000000004,29,15,14.0,2025-04-07T21:22:44.761847
b0.40_g0.30_sim30.csv,0.4,0.30000000000000004,30,23,22.0,2025-04-07T21:22:44.761847
b0.40_g0.30_sim31.csv,0.4,0.30000000000000004,31,17,16.0,2025-04-07T21:22:44.761847
b0.40_g0.30_sim32.csv,0.4,0.30000000000000004,32,21,20.0,2025-04-07T21:22:44.761847
b0.40_g0.30_sim33.csv,0.4,0.30000000000000004,33,14,13.0,2025-04-07T21:22:44.761847
b0.40_g0.30_sim34.csv,0.4,0.30000000000000004,34,22,21.0,2025-04-07T21:22:44.761847
b0.40_g0.30_sim35.csv,0.4,0.30000000000000004,35,16,15.0,2025-04-07T21:22:44.761847
b0.40_g0.30_sim36.csv,0.4,0.30000000000000004,36,22,21.0,2025-04-07T21:22:44.761847
b0.40_g0.30_sim37.csv,0.4,0.30000000000000004,37,18,17.0,2025-04-07T21:22:44.761847
b0.40_g0.30_sim38.csv,0.4,0.30000000000000004,38,20,19.0,2025-04-07T21:22:44.761847
b0.40_g0.30_sim39.csv,0.4,0.30000000000000004,39,16,15.0,2025-04-07T21:22:44.761847
b0.40_g0.30_sim40.csv,0.4,0.30000000000000004,40,17,16.0,2025-04-07T21:22:44.761847
b0.40_g0.30_sim41.csv,0.4,0.30000000000000004,41,16,15.0,2025-04-07T21:22:44.761847
b0.40_g0.30_sim42.csv,0.4,0.30000000000000004,42,19,18.0,2025-04-07T21:22:44.761847
b0.40_g0.30_sim43.csv,0.4,0.30000000000000004,43,14,13.0,2025-04-07T21:22:44.761847
b0.40_g0.30_sim44.csv,0.4,0.30000000000000004,44,23,22.0,2025-04-07T21:22:44.761847
b0.40_g0.30_sim45.csv,0.4,0.30000000000000004,45,15,14.0,2025-04-07T21:22:44.761847
b0.40_g0.30_sim46.csv,0.4,0.30000000000000004,46,15,14.0,2025-04-07T21:22:44.761847
b0.40_g0.30_sim47.csv,0.4,0.30000000000000004,47,15,14.0,2025-04-07T21:22:44.761847
b0.40_g0.30_sim48.csv,0.4,0.30000000000000004,48,20,19.0,2025-04-07T21:22:44.761847
b0.40_g0.30_sim49.csv,0.4,0.30000000000000004,49,28,27.0,2025-04-07T21:22:44.761847
b0.40_g0.40_sim0.csv,0.4,0.4,0,13,12.0,2025-04-07T21:22:44.761847
b0.40_g0.40_sim1.csv,0.4,0.4,1,13,12.0,2025-04-07T21:22:44.761847
b0.40_g0.40_sim2.csv,0.4,0.4,2,15,14.0,2025-04-07T21:22:44.761847
b0.40_g0.40_sim3.csv,0.4,0.4,3,15,14.0,2025-04-07T21:22:44.761847
b0.40_g0.40_sim4.csv,0.4,0.4,4,12,11.0,2025-04-07T21:22:44.761847
b0.40_g0.40_sim5.csv,0.4,0.4,5,12,11.0,2025-04-07T21:22:44.761847
b0.40_g0.40_sim6.csv,0.4,0.4,6,11,10.0,2025-04-07T21:22:44.761847
b0.40_g0.40_sim7.csv,0.4,0.4,7,14,13.0,2025-04-07T21:22:44.761847
b0.40_g0.40_sim8.csv,0.4,0.4,8,17,16.0,2025-04-07T21:22:44.761847
b0.40_g0.40_sim9.csv,0.4,0.4,9,18,17.0,2025-04-07T21:22:44.761847
b0.40_g0.40_sim10.csv,0.4,0.4,10,10,9.0,2025-04-07T21:22:44.761847
b0.40_g0.40_sim11.csv,0.4,0.4,11,11,10.0,2025-04-07T21:22:44.761847
b0.40_g0.40_sim12.csv,0.4,0.4,12,13,12.0,2025-04-07T21:22:44.761847
b0.40_g0.40_sim13.csv,0.4,0.4,13,15,14.0,2025-04-07T21:22:44.761847
b0.40_g0.40_sim14.csv,0.4,0.4,14,11,10.0,2025-04-07T21:22:44.761847
b0.40_g0.40_sim15.csv,0.4,0.4,15,12,11.0,2025-04-07T21:22:44.761847
b0.40_g0.40_sim16.csv,0.4,0.4,16,12,11.0,2025-04-07T21:22:44.761847
b0.40_g0.40_sim17.csv,0.4,0.4,17,13,12.0,2025-04-07T21:22:44.761847
b0.40_g0.40_sim18.csv,0.4,0.4,18,8,7.0,2025-04-07T21:22:44.761847
b0.40_g0.40_sim19.csv,0.4,0.4,19,11,10.0,2025-04-07T21:22:44.761847
b0.40_g0.40_sim20.csv,0.4,0.4,20,21,20.0,2025-04-07T21:22:44.761847
b0.40_g0.40_sim21.csv,0.4,0.4,21,14,13.0,2025-04-07T21:22:44.761847
b0.40_g0.40_sim22.csv,0.4,0.4,22,17,16.0,2025-04-07T21:22:44.761847
b0.40_g0.40_sim23.csv,0.4,0.4,23,20,19.0,2025-04-07T21:22:44.761847
b0.40_g0.40_sim24.csv,0.4,0.4,24,19,18.0,2025-04-07T21:22:44.761847
b0.40_g0.40_sim25.csv,0.4,0.4,25,12,11.0,2025-04-07T21:22:44.761847
b0.40_g0.40_sim26.csv,0.4,0.4,26,15,14.0,2025-04-07T21:22:44.761847
b0.40_g0.40_sim27.csv,0.4,0.4,27,11,10.0,2025-04-07T21:22:44.761847
b0.40_g0.40_sim28.csv,0.4,0.4,28,13,12.0,2025-04-07T21:22:44.761847
b0.40_g0.40_sim29.csv,0.4,0.4,29,14,13.0,2025-04-07T21:22:44.761847
b0.40_g0.40_sim30.csv,0.4,0.4,30,15,14.0,2025-04-07T21:22:44.761847
b0.40_g0.40_sim31.csv,0.4,0.4,31,19,18.0,2025-04-07T21:22:44.761847
b0.40_g0.40_sim32.csv,0.4,0.4,32,15,14.0,2025-04-07T21:22:44.761847
b0.40_g0.40_sim33.csv,0.4,0.4,33,17,16.0,2025-04-07T21:22:44.761847
b0.40_g0.40_sim34.csv,0.4,0.4,34,11,10.0,2025-04-07T21:22:44.761847
b0.40_g0.40_sim35.csv,0.4,0.4,35,16,15.0,2025-04-07T21:22:44.761847
b0.40_g0.40_sim36.csv,0.4,0.4,36,21,20.0,2025-04-07T21:22:44.761847
b0.40_g0.40_sim37.csv,0.4,0.4,37,13,12.0,2025-04-07T21:22:44.761847
b0.40_g0.40_sim38.csv,0.4,0.4,38,12,11.0,2025-04-07T21:22:44.761847
b0.40_g0.40_sim39.csv,0.4,0.4,39,15,14.0,2025-04-07T21:22:44.761847
b0.40_g0.40_sim40.csv,0.4,0.4,40,17,16.0,2025-04-07T21:22:44.761847
b0.40_g0.40_sim41.csv,0.4,0.4,41,14,13.0,2025-04-07T21:22:44.761847
b0.40_g0.40_sim42.csv,0.4,0.4,42,11,10.0,2025-04-07T21:22:44.761847
b0.40_g0.40_sim43.csv,0.4,0.4,43,10,9.0,2025-04-07T21:22:44.761847
b0.40_g0.40_sim44.csv,0.4,0.4,44,17,16.0,2025-04-07T21:22:44.761847
b0.40_g0.40_sim45.csv,0.4,0.4,45,14,13.0,2025-04-07T21:22:44.761847
b0.40_g0.40_sim46.csv,0.4,0.4,46,17,16.0,2025-04-07T21:22:44.761847
b0.40_g0.40_sim47.csv,0.4,0.4,47,12,11.0,2025-04-07T21:22:44.761847
b0.40_g0.40_sim48.csv,0.4,0.4,48,14,13.0,2025-04-07T21:22:44.761847
b0.40_g0.40_sim49.csv,0.4,0.4,49,14,13.0,2025-04-07T21:22:44.761847
b0.40_g0.50_sim0.csv,0.4,0.5,0,12,11.0,2025-04-07T21:22:44.761847
b0.40_g0.50_sim1.csv,0.4,0.5,1,14,13.0,2025-04-07T21:22:44.761847
b0.40_g0.50_sim2.csv,0.4,0.5,2,12,11.0,2025-04-07T21:22:44.761847
b0.40_g0.50_sim3.csv,0.4,0.5,3,7,6.0,2025-04-07T21:22:44.761847
b0.40_g0.50_sim4.csv,0.4,0.5,4,12,11.0,2025-04-07T21:22:44.761847
b0.40_g0.50_sim5.csv,0.4,0.5,5,9,8.0,2025-04-07T21:22:44.761847
b0.40_g0.50_sim6.csv,0.4,0.5,6,9,8.0,2025-04-07T21:22:44.761847
b0.40_g0.50_sim7.csv,0.4,0.5,7,10,9.0,2025-04-07T21:22:44.761847
b0.40_g0.50_sim8.csv,0.4,0.5,8,10,9.0,2025-04-07T21:22:44.761847
b0.40_g0.50_sim9.csv,0.4,0.5,9,8,7.0,2025-04-07T21:22:44.761847
b0.40_g0.50_sim10.csv,0.4,0.5,10,14,13.0,2025-04-07T21:22:44.761847
b0.40_g0.50_sim11.csv,0.4,0.5,11,9,8.0,2025-04-07T21:22:44.761847
b0.40_g0.50_sim12.csv,0.4,0.5,12,13,12.0,2025-04-07T21:22:44.761847
b0.40_g0.50_sim13.csv,0.4,0.5,13,9,8.0,2025-04-07T21:22:44.761847
b0.40_g0.50_sim14.csv,0.4,0.5,14,8,7.0,2025-04-07T21:22:44.761847
b0.40_g0.50_sim15.csv,0.4,0.5,15,12,11.0,2025-04-07T21:22:44.761847
b0.40_g0.50_sim16.csv,0.4,0.5,16,10,9.0,2025-04-07T21:22:44.761847
b0.40_g0.50_sim17.csv,0.4,0.5,17,9,8.0,2025-04-07T21:22:44.761847
b0.40_g0.50_sim18.csv,0.4,0.5,18,12,11.0,2025-04-07T21:22:44.761847
b0.40_g0.50_sim19.csv,0.4,0.5,19,10,9.0,2025-04-07T21:22:44.761847
b0.40_g0.50_sim20.csv,0.4,0.5,20,9,8.0,2025-04-07T21:22:44.761847
b0.40_g0.50_sim21.csv,0.4,0.5,21,13,12.0,2025-04-07T21:22:44.761847
b0.40_g0.50_sim22.csv,0.4,0.5,22,10,9.0,2025-04-07T21:22:44.761847
b0.40_g0.50_sim23.csv,0.4,0.5,23,9,8.0,2025-04-07T21:22:44.761847
b0.40_g0.50_sim24.csv,0.4,0.5,24,13,12.0,2025-04-07T21:22:44.761847
b0.40_g0.50_sim25.csv,0.4,0.5,25,9,8.0,2025-04-07T21:22:44.761847
b0.40_g0.50_sim26.csv,0.4,0.5,26,10,9.0,2025-04-07T21:22:44.761847
b0.40_g0.50_sim27.csv,0.4,0.5,27,11,10.0,2025-04-07T21:22:44.761847
b0.40_g0.50_sim28.csv,0.4,0.5,28,11,10.0,2025-04-07T21:22:44.761847
b0.40_g0.50_sim29.csv,0.4,0.5,29,11,10.0,2025-04-07T21:22:44.761847
b0.40_g0.50_sim30.csv,0.4,0.5,30,7,6.0,2025-04-07T21:22:44.761847
b0.40_g0.50_sim31.csv,0.4,0.5,31,7,6.0,2025-04-07T21:22:44.761847
b0.40_g0.50_sim32.csv,0.4,0.5,32,10,9.0,2025-04-07T21:22:44.761847
b0.40_g0.50_sim33.csv,0.4,0.5,33,16,15.0,2025-04-07T21:22:44.761847
b0.40_g0.50_sim34.csv,0.4,0.5,34,13,12.0,2025-04-07T21:22:44.761847
b0.40_g0.50_sim35.csv,0.4,0.5,35,17,16.0,2025-04-07T21:22:44.761847
b0.40_g0.50_sim36.csv,0.4,0.5,36,17,16.0,2025-04-07T21:22:44.761847
b0.40_g0.50_sim37.csv,0.4,0.5,37,16,15.0,2025-04-07T21:22:44.761847
b0.40_g0.50_sim38.csv,0.4,0.5,38,9,8.0,2025-04-07T21:22:44.761847
b0.40_g0.50_sim39.csv,0.4,0.5,39,14,13.0,2025-04-07T21:22:44.761847
b0.40_g0.50_sim40.csv,0.4,0.5,40,10,9.0,2025-04-07T21:22:44.761847
b0.40_g0.50_sim41.csv,0.4,0.5,41,7,6.0,2025-04-07T21:22:44.761847
b0.40_g0.50_sim42.csv,0.4,0.5,42,10,9.0,2025-04-07T21:22:44.761847
b0.40_g0.50_sim43.csv,0.4,0.5,43,10,9.0,2025-04-07T21:22:44.761847
b0.40_g0.50_sim44.csv,0.4,0.5,44,12,11.0,2025-04-07T21:22:44.761847
b0.40_g0.50_sim45.csv,0.4,0.5,45,11,10.0,2025-04-07T21:22:44.761847
b0.40_g0.50_sim46.csv,0.4,0.5,46,14,13.0,2025-04-07T21:22:44.761847
b0.40_g0.50_sim47.csv,0.4,0.5,47,10,9.0,2025-04-07T21:22:44.761847
b0.40_g0.50_sim48.csv,0.4,0.5,48,12,11.0,2025-04-07T21:22:44.761847
b0.40_g0.50_sim49.csv,0.4,0.5,49,11,10.0,2025-04-07T21:22:44.761847
b0.40_g0.60_sim0.csv,0.4,0.6,0,9,8.0,2025-04-07T21:22:44.761847
b0.40_g0.60_sim1.csv,0.4,0.6,1,9,8.0,2025-04-07T21:22:44.761847
b0.40_g0.60_sim2.csv,0.4,0.6,2,8,7.0,2025-04-07T21:22:44.761847
b0.40_g0.60_sim3.csv,0.4,0.6,3,7,6.0,2025-04-07T21:22:44.761847
b0.40_g0.60_sim4.csv,0.4,0.6,4,7,6.0,2025-04-07T21:22:44.761847
b0.40_g0.60_sim5.csv,0.4,0.6,5,6,5.0,2025-04-07T21:22:44.761847
b0.40_g0.60_sim6.csv,0.4,0.6,6,14,13.0,2025-04-07T21:22:44.761847
b0.40_g0.60_sim7.csv,0.4,0.6,7,8,7.0,2025-04-07T21:22:44.761847
b0.40_g0.60_sim8.csv,0.4,0.6,8,14,13.0,2025-04-07T21:22:44.761847
b0.40_g0.60_sim9.csv,0.4,0.6,9,8,7.0,2025-04-07T21:22:44.761847
b0.40_g0.60_sim10.csv,0.4,0.6,10,8,7.0,2025-04-07T21:22:44.761847
b0.40_g0.60_sim11.csv,0.4,0.6,11,12,11.0,2025-04-07T21:22:44.761847
b0.40_g0.60_sim12.csv,0.4,0.6,12,13,12.0,2025-04-07T21:22:44.761847
b0.40_g0.60_sim13.csv,0.4,0.6,13,8,7.0,2025-04-07T21:22:44.761847
b0.40_g0.60_sim14.csv,0.4,0.6,14,12,11.0,2025-04-07T21:22:44.761847
b0.40_g0.60_sim15.csv,0.4,0.6,15,7,6.0,2025-04-07T21:22:44.761847
b0.40_g0.60_sim16.csv,0.4,0.6,16,9,8.0,2025-04-07T21:22:44.761847
b0.40_g0.60_sim17.csv,0.4,0.6,17,8,7.0,2025-04-07T21:22:44.761847
b0.40_g0.60_sim18.csv,0.4,0.6,18,9,8.0,2025-04-07T21:22:44.761847
b0.40_g0.60_sim19.csv,0.4,0.6,19,9,8.0,2025-04-07T21:22:44.761847
b0.40_g0.60_sim20.csv,0.4,0.6,20,10,9.0,2025-04-07T21:22:44.761847
b0.40_g0.60_sim21.csv,0.4,0.6,21,12,11.0,2025-04-07T21:22:44.761847
b0.40_g0.60_sim22.csv,0.4,0.6,22,9,8.0,2025-04-07T21:22:44.761847
b0.40_g0.60_sim23.csv,0.4,0.6,23,11,10.0,2025-04-07T21:22:44.761847
b0.40_g0.60_sim24.csv,0.4,0.6,24,8,7.0,2025-04-07T21:22:44.761847
b0.40_g0.60_sim25.csv,0.4,0.6,25,8,7.0,2025-04-07T21:22:44.761847
b0.40_g0.60_sim26.csv,0.4,0.6,26,8,7.0,2025-04-07T21:22:44.761847
b0.40_g0.60_sim27.csv,0.4,0.6,27,8,7.0,2025-04-07T21:22:44.761847
b0.40_g0.60_sim28.csv,0.4,0.6,28,8,7.0,2025-04-07T21:22:44.761847
b0.40_g0.60_sim29.csv,0.4,0.6,29,7,6.0,2025-04-07T21:22:44.761847
b0.40_g0.60_sim30.csv,0.4,0.6,30,12,11.0,2025-04-07T21:22:44.761847
b0.40_g0.60_sim31.csv,0.4,0.6,31,12,11.0,2025-04-07T21:22:44.761847
b0.40_g0.60_sim32.csv,0.4,0.6,32,7,6.0,2025-04-07T21:22:44.761847
b0.40_g0.60_sim33.csv,0.4,0.6,33,10,9.0,2025-04-07T21:22:44.761847
b0.40_g0.60_sim34.csv,0.4,0.6,34,11,10.0,2025-04-07T21:22:44.761847
b0.40_g0.60_sim35.csv,0.4,0.6,35,9,8.0,2025-04-07T21:22:44.761847
b0.40_g0.60_sim36.csv,0.4,0.6,36,11,10.0,2025-04-07T21:22:44.761847
b0.40_g0.60_sim37.csv,0.4,0.6,37,7,6.0,2025-04-07T21:22:44.761847
b0.40_g0.60_sim38.csv,0.4,0.6,38,8,7.0,2025-04-07T21:22:44.761847
b0.40_g0.60_sim39.csv,0.4,0.6,39,10,9.0,2025-04-07T21:22:44.761847
b0.40_g0.60_sim40.csv,0.4,0.6,40,15,14.0,2025-04-07T21:22:44.761847
b0.40_g0.60_sim41.csv,0.4,0.6,41,11,10.0,2025-04-07T21:22:44.761847
b0.40_g0.60_sim42.csv,0.4,0.6,42,11,10.0,2025-04-07T21:22:44.761847
b0.40_g0.60_sim43.csv,0.4,0.6,43,10,9.0,2025-04-07T21:22:44.761847
b0.40_g0.60_sim44.csv,0.4,0.6,44,15,14.0,2025-04-07T21:22:44.761847
b0.40_g0.60_sim45.csv,0.4,0.6,45,12,11.0,2025-04-07T21:22:44.761847
b0.40_g0.60_sim46.csv,0.4,0.6,46,14,13.0,2025-04-07T21:22:44.761847
b0.40_g0.60_sim47.csv,0.4,0.6,47,8,7.0,2025-04-07T21:22:44.761847
b0.40_g0.60_sim48.csv,0.4,0.6,48,7,6.0,2025-04-07T21:22:44.761847
b0.40_g0.60_sim49.csv,0.4,0.6,49,12,11.0,2025-04-07T21:22:44.761847
b0.40_g0.70_sim0.csv,0.4,0.7000000000000001,0,7,6.0,2025-04-07T21:22:44.761847
b0.40_g0.70_sim1.csv,0.4,0.7000000000000001,1,9,8.0,2025-04-07T21:22:44.761847
b0.40_g0.70_sim2.csv,0.4,0.7000000000000001,2,8,7.0,2025-04-07T21:22:44.761847
b0.40_g0.70_sim3.csv,0.4,0.7000000000000001,3,10,9.0,2025-04-07T21:22:44.761847
b0.40_g0.70_sim4.csv,0.4,0.7000000000000001,4,7,6.0,2025-04-07T21:22:44.761847
b0.40_g0.70_sim5.csv,0.4,0.7000000000000001,5,9,8.0,2025-04-07T21:22:44.761847
b0.40_g0.70_sim6.csv,0.4,0.7000000000000001,6,8,7.0,2025-04-07T21:22:44.761847
b0.40_g0.70_sim7.csv,0.4,0.7000000000000001,7,8,7.0,2025-04-07T21:22:44.761847
b0.40_g0.70_sim8.csv,0.4,0.7000000000000001,8,7,6.0,2025-04-07T21:22:44.761847
b0.40_g0.70_sim9.csv,0.4,0.7000000000000001,9,7,6.0,2025-04-07T21:22:44.761847
b0.40_g0.70_sim10.csv,0.4,0.7000000000000001,10,12,11.0,2025-04-07T21:22:44.761847
b0.40_g0.70_sim11.csv,0.4,0.7000000000000001,11,9,8.0,2025-04-07T21:22:44.761847
b0.40_g0.70_sim12.csv,0.4,0.7000000000000001,12,6,5.0,2025-04-07T21:22:44.761847
b0.40_g0.70_sim13.csv,0.4,0.7000000000000001,13,13,12.0,2025-04-07T21:22:44.761847
b0.40_g0.70_sim14.csv,0.4,0.7000000000000001,14,8,7.0,2025-04-07T21:22:44.761847
b0.40_g0.70_sim15.csv,0.4,0.7000000000000001,15,8,7.0,2025-04-07T21:22:44.761847
b0.40_g0.70_sim16.csv,0.4,0.7000000000000001,16,12,11.0,2025-04-07T21:22:44.761847
b0.40_g0.70_sim17.csv,0.4,0.7000000000000001,17,6,5.0,2025-04-07T21:22:44.761847
b0.40_g0.70_sim18.csv,0.4,0.7000000000000001,18,9,8.0,2025-04-07T21:22:44.761847
b0.40_g0.70_sim19.csv,0.4,0.7000000000000001,19,10,9.0,2025-04-07T21:22:44.761847
b0.40_g0.70_sim20.csv,0.4,0.7000000000000001,20,11,10.0,2025-04-07T21:22:44.761847
b0.40_g0.70_sim21.csv,0.4,0.7000000000000001,21,7,6.0,2025-04-07T21:22:44.761847
b0.40_g0.70_sim22.csv,0.4,0.7000000000000001,22,9,8.0,2025-04-07T21:22:44.761847
b0.40_g0.70_sim23.csv,0.4,0.7000000000000001,23,8,7.0,2025-04-07T21:22:44.761847
b0.40_g0.70_sim24.csv,0.4,0.7000000000000001,24,8,7.0,2025-04-07T21:22:44.761847
b0.40_g0.70_sim25.csv,0.4,0.7000000000000001,25,12,11.0,2025-04-07T21:22:44.761847
b0.40_g0.70_sim26.csv,0.4,0.7000000000000001,26,6,5.0,2025-04-07T21:22:44.761847
b0.40_g0.70_sim27.csv,0.4,0.7000000000000001,27,11,10.0,2025-04-07T21:22:44.761847
b0.40_g0.70_sim28.csv,0.4,0.7000000000000001,28,6,5.0,2025-04-07T21:22:44.761847
b0.40_g0.70_sim29.csv,0.4,0.7000000000000001,29,8,7.0,2025-04-07T21:22:44.761847
b0.40_g0.70_sim30.csv,0.4,0.7000000000000001,30,13,12.0,2025-04-07T21:22:44.761847
b0.40_g0.70_sim31.csv,0.4,0.7000000000000001,31,8,7.0,2025-04-07T21:22:44.761847
b0.40_g0.70_sim32.csv,0.4,0.7000000000000001,32,7,6.0,2025-04-07T21:22:44.761847
b0.40_g0.70_sim33.csv,0.4,0.7000000000000001,33,5,4.0,2025-04-07T21:22:44.761847
b0.40_g0.70_sim34.csv,0.4,0.7000000000000001,34,7,6.0,2025-04-07T21:22:44.761847
b0.40_g0.70_sim35.csv,0.4,0.7000000000000001,35,12,11.0,2025-04-07T21:22:44.761847
b0.40_g0.70_sim36.csv,0.4,0.7000000000000001,36,9,8.0,2025-04-07T21:22:44.761847
b0.40_g0.70_sim37.csv,0.4,0.7000000000000001,37,9,8.0,2025-04-07T21:22:44.761847
b0.40_g0.70_sim38.csv,0.4,0.7000000000000001,38,8,7.0,2025-04-07T21:22:44.761847
b0.40_g0.70_sim39.csv,0.4,0.7000000000000001,39,7,6.0,2025-04-07T21:22:44.761847
b0.40_g0.70_sim40.csv,0.4,0.7000000000000001,40,10,9.0,2025-04-07T21:22:44.761847
b0.40_g0.70_sim41.csv,0.4,0.7000000000000001,41,6,5.0,2025-04-07T21:22:44.761847
b0.40_g0.70_sim42.csv,0.4,0.7000000000000001,42,8,7.0,2025-04-07T21:22:44.761847
b0.40_g0.70_sim43.csv,0.4,0.7000000000000001,43,8,7.0,2025-04-07T21:22:44.761847
b0.40_g0.70_sim44.csv,0.4,0.7000000000000001,44,10,9.0,2025-04-07T21:22:44.761847
b0.40_g0.70_sim45.csv,0.4,0.7000000000000001,45,7,6.0,2025-04-07T21:22:44.761847
b0.40_g0.70_sim46.csv,0.4,0.7000000000000001,46,10,9.0,2025-04-07T21:22:44.761847
b0.40_g0.70_sim47.csv,0.4,0.7000000000000001,47,6,5.0,2025-04-07T21:22:44.761847
b0.40_g0.70_sim48.csv,0.4,0.7000000000000001,48,9,8.0,2025-04-07T21:22:44.761847
b0.40_g0.70_sim49.csv,0.4,0.7000000000000001,49,7,6.0,2025-04-07T21:22:44.761847
b0.40_g0.80_sim0.csv,0.4,0.8,0,6,5.0,2025-04-07T21:22:44.761847
b0.40_g0.80_sim1.csv,0.4,0.8,1,7,6.0,2025-04-07T21:22:44.761847
b0.40_g0.80_sim2.csv,0.4,0.8,2,6,5.0,2025-04-07T21:22:44.761847
b0.40_g0.80_sim3.csv,0.4,0.8,3,8,7.0,2025-04-07T21:22:44.761847
b0.40_g0.80_sim4.csv,0.4,0.8,4,6,5.0,2025-04-07T21:22:44.761847
b0.40_g0.80_sim5.csv,0.4,0.8,5,6,5.0,2025-04-07T21:22:44.761847
b0.40_g0.80_sim6.csv,0.4,0.8,6,9,8.0,2025-04-07T21:22:44.761847
b0.40_g0.80_sim7.csv,0.4,0.8,7,7,6.0,2025-04-07T21:22:44.761847
b0.40_g0.80_sim8.csv,0.4,0.8,8,5,4.0,2025-04-07T21:22:44.761847
b0.40_g0.80_sim9.csv,0.4,0.8,9,6,5.0,2025-04-07T21:22:44.761847
b0.40_g0.80_sim10.csv,0.4,0.8,10,9,8.0,2025-04-07T21:22:44.761847
b0.40_g0.80_sim11.csv,0.4,0.8,11,9,8.0,2025-04-07T21:22:44.761847
b0.40_g0.80_sim12.csv,0.4,0.8,12,8,7.0,2025-04-07T21:22:44.761847
b0.40_g0.80_sim13.csv,0.4,0.8,13,6,5.0,2025-04-07T21:22:44.761847
b0.40_g0.80_sim14.csv,0.4,0.8,14,7,6.0,2025-04-07T21:22:44.761847
b0.40_g0.80_sim15.csv,0.4,0.8,15,4,3.0,2025-04-07T21:22:44.761847
b0.40_g0.80_sim16.csv,0.4,0.8,16,6,5.0,2025-04-07T21:22:44.761847
b0.40_g0.80_sim17.csv,0.4,0.8,17,6,5.0,2025-04-07T21:22:44.761847
b0.40_g0.80_sim18.csv,0.4,0.8,18,5,4.0,2025-04-07T21:22:44.761847
b0.40_g0.80_sim19.csv,0.4,0.8,19,5,4.0,2025-04-07T21:22:44.761847
b0.40_g0.80_sim20.csv,0.4,0.8,20,7,6.0,2025-04-07T21:22:44.761847
b0.40_g0.80_sim21.csv,0.4,0.8,21,6,5.0,2025-04-07T21:22:44.761847
b0.40_g0.80_sim22.csv,0.4,0.8,22,8,7.0,2025-04-07T21:22:44.761847
b0.40_g0.80_sim23.csv,0.4,0.8,23,9,8.0,2025-04-07T21:22:44.761847
b0.40_g0.80_sim24.csv,0.4,0.8,24,6,5.0,2025-04-07T21:22:44.761847
b0.40_g0.80_sim25.csv,0.4,0.8,25,7,6.0,2025-04-07T21:22:44.761847
b0.40_g0.80_sim26.csv,0.4,0.8,26,6,5.0,2025-04-07T21:22:44.761847
b0.40_g0.80_sim27.csv,0.4,0.8,27,6,5.0,2025-04-07T21:22:44.761847
b0.40_g0.80_sim28.csv,0.4,0.8,28,5,4.0,2025-04-07T21:22:44.761847
b0.40_g0.80_sim29.csv,0.4,0.8,29,6,5.0,2025-04-07T21:22:44.761847
b0.40_g0.80_sim30.csv,0.4,0.8,30,13,12.0,2025-04-07T21:22:44.761847
b0.40_g0.80_sim31.csv,0.4,0.8,31,6,5.0,2025-04-07T21:22:44.761847
b0.40_g0.80_sim32.csv,0.4,0.8,32,7,6.0,2025-04-07T21:22:44.761847
b0.40_g0.80_sim33.csv,0.4,0.8,33,8,7.0,2025-04-07T21:22:44.761847
b0.40_g0.80_sim34.csv,0.4,0.8,34,8,7.0,2025-04-07T21:22:44.761847
b0.40_g0.80_sim35.csv,0.4,0.8,35,7,6.0,2025-04-07T21:22:44.761847
b0.40_g0.80_sim36.csv,0.4,0.8,36,7,6.0,2025-04-07T21:22:44.761847
b0.40_g0.80_sim37.csv,0.4,0.8,37,9,8.0,2025-04-07T21:22:44.761847
b0.40_g0.80_sim38.csv,0.4,0.8,38,7,6.0,2025-04-07T21:22:44.761847
b0.40_g0.80_sim39.csv,0.4,0.8,39,7,6.0,2025-04-07T21:22:44.761847
b0.40_g0.80_sim40.csv,0.4,0.8,40,7,6.0,2025-04-07T21:22:44.761847
b0.40_g0.80_sim41.csv,0.4,0.8,41,9,8.0,2025-04-07T21:22:44.761847
b0.40_g0.80_sim42.csv,0.4,0.8,42,7,6.0,2025-04-07T21:22:44.761847
b0.40_g0.80_sim43.csv,0.4,0.8,43,6,5.0,2025-04-07T21:22:44.761847
b0.40_g0.80_sim44.csv,0.4,0.8,44,7,6.0,2025-04-07T21:22:44.761847
b0.40_g0.80_sim45.csv,0.4,0.8,45,5,4.0,2025-04-07T21:22:44.761847
b0.40_g0.80_sim46.csv,0.4,0.8,46,5,4.0,2025-04-07T21:22:44.761847
b0.40_g0.80_sim47.csv,0.4,0.8,47,9,8.0,2025-04-07T21:22:44.761847
b0.40_g0.80_sim48.csv,0.4,0.8,48,7,6.0,2025-04-07T21:22:44.761847
b0.40_g0.80_sim49.csv,0.4,0.8,49,5,4.0,2025-04-07T21:22:44.761847
b0.40_g0.90_sim0.csv,0.4,0.9,0,7,6.0,2025-04-07T21:22:44.761847
b0.40_g0.90_sim1.csv,0.4,0.9,1,8,7.0,2025-04-07T21:22:44.761847
b0.40_g0.90_sim2.csv,0.4,0.9,2,8,7.0,2025-04-07T21:22:44.761847
b0.40_g0.90_sim3.csv,0.4,0.9,3,9,8.0,2025-04-07T21:22:44.761847
b0.40_g0.90_sim4.csv,0.4,0.9,4,5,4.0,2025-04-07T21:22:44.761847
b0.40_g0.90_sim5.csv,0.4,0.9,5,4,3.0,2025-04-07T21:22:44.761847
b0.40_g0.90_sim6.csv,0.4,0.9,6,6,5.0,2025-04-07T21:22:44.761847
b0.40_g0.90_sim7.csv,0.4,0.9,7,5,4.0,2025-04-07T21:22:44.761847
b0.40_g0.90_sim8.csv,0.4,0.9,8,5,4.0,2025-04-07T21:22:44.761847
b0.40_g0.90_sim9.csv,0.4,0.9,9,5,4.0,2025-04-07T21:22:44.761847
b0.40_g0.90_sim10.csv,0.4,0.9,10,8,7.0,2025-04-07T21:22:44.761847
b0.40_g0.90_sim11.csv,0.4,0.9,11,5,4.0,2025-04-07T21:22:44.761847
b0.40_g0.90_sim12.csv,0.4,0.9,12,8,7.0,2025-04-07T21:22:44.761847
b0.40_g0.90_sim13.csv,0.4,0.9,13,3,2.0,2025-04-07T21:22:44.761847
b0.40_g0.90_sim14.csv,0.4,0.9,14,6,5.0,2025-04-07T21:22:44.761847
b0.40_g0.90_sim15.csv,0.4,0.9,15,9,8.0,2025-04-07T21:22:44.761847
b0.40_g0.90_sim16.csv,0.4,0.9,16,5,4.0,2025-04-07T21:22:44.761847
b0.40_g0.90_sim17.csv,0.4,0.9,17,8,7.0,2025-04-07T21:22:44.761847
b0.40_g0.90_sim18.csv,0.4,0.9,18,6,5.0,2025-04-07T21:22:44.761847
b0.40_g0.90_sim19.csv,0.4,0.9,19,7,6.0,2025-04-07T21:22:44.761847
b0.40_g0.90_sim20.csv,0.4,0.9,20,7,6.0,2025-04-07T21:22:44.761847
b0.40_g0.90_sim21.csv,0.4,0.9,21,5,4.0,2025-04-07T21:22:44.761847
b0.40_g0.90_sim22.csv,0.4,0.9,22,5,4.0,2025-04-07T21:22:44.761847
b0.40_g0.90_sim23.csv,0.4,0.9,23,5,4.0,2025-04-07T21:22:44.761847
b0.40_g0.90_sim24.csv,0.4,0.9,24,6,5.0,2025-04-07T21:22:44.761847
b0.40_g0.90_sim25.csv,0.4,0.9,25,5,4.0,2025-04-07T21:22:44.761847
b0.40_g0.90_sim26.csv,0.4,0.9,26,6,5.0,2025-04-07T21:22:44.761847
b0.40_g0.90_sim27.csv,0.4,0.9,27,6,5.0,2025-04-07T21:22:44.761847
b0.40_g0.90_sim28.csv,0.4,0.9,28,8,7.0,2025-04-07T21:22:44.761847
b0.40_g0.90_sim29.csv,0.4,0.9,29,5,4.0,2025-04-07T21:22:44.761847
b0.40_g0.90_sim30.csv,0.4,0.9,30,5,4.0,2025-04-07T21:22:44.761847
b0.40_g0.90_sim31.csv,0.4,0.9,31,4,3.0,2025-04-07T21:22:44.761847
b0.40_g0.90_sim32.csv,0.4,0.9,32,4,3.0,2025-04-07T21:22:44.761847
b0.40_g0.90_sim33.csv,0.4,0.9,33,5,4.0,2025-04-07T21:22:44.761847
b0.40_g0.90_sim34.csv,0.4,0.9,34,5,4.0,2025-04-07T21:22:44.761847
b0.40_g0.90_sim35.csv,0.4,0.9,35,5,4.0,2025-04-07T21:22:44.761847
b0.40_g0.90_sim36.csv,0.4,0.9,36,6,5.0,2025-04-07T21:22:44.761847
b0.40_g0.90_sim37.csv,0.4,0.9,37,8,7.0,2025-04-07T21:22:44.761847
b0.40_g0.90_sim38.csv,0.4,0.9,38,7,6.0,2025-04-07T21:22:44.761847
b0.40_g0.90_sim39.csv,0.4,0.9,39,8,7.0,2025-04-07T21:22:44.761847
b0.40_g0.90_sim40.csv,0.4,0.9,40,7,6.0,2025-04-07T21:22:44.761847
b0.40_g0.90_sim41.csv,0.4,0.9,41,5,4.0,2025-04-07T21:22:44.761847
b0.40_g0.90_sim42.csv,0.4,0.9,42,7,6.0,2025-04-07T21:22:44.761847
b0.40_g0.90_sim43.csv,0.4,0.9,43,7,6.0,2025-04-07T21:22:44.761847
b0.40_g0.90_sim44.csv,0.4,0.9,44,6,5.0,2025-04-07T21:22:44.761847
b0.40_g0.90_sim45.csv,0.4,0.9,45,6,5.0,2025-04-07T21:22:44.761847
b0.40_g0.90_sim46.csv,0.4,0.9,46,6,5.0,2025-04-07T21:22:44.761847
b0.40_g0.90_sim47.csv,0.4,0.9,47,6,5.0,2025-04-07T21:22:44.761847
b0.40_g0.90_sim48.csv,0.4,0.9,48,6,5.0,2025-04-07T21:22:44.761847
b0.40_g0.90_sim49.csv,0.4,0.9,49,7,6.0,2025-04-07T21:22:44.761847
b0.40_g1.00_sim0.csv,0.4,1.0,0,11,10.0,2025-04-07T21:22:44.761847
b0.40_g1.00_sim1.csv,0.4,1.0,1,5,4.0,2025-04-07T21:22:44.761847
b0.40_g1.00_sim2.csv,0.4,1.0,2,13,12.0,2025-04-07T21:22:44.761847
b0.40_g1.00_sim3.csv,0.4,1.0,3,5,4.0,2025-04-07T21:22:44.761847
b0.40_g1.00_sim4.csv,0.4,1.0,4,6,5.0,2025-04-07T21:22:44.761847
b0.40_g1.00_sim5.csv,0.4,1.0,5,4,3.0,2025-04-07T21:22:44.761847
b0.40_g1.00_sim6.csv,0.4,1.0,6,6,5.0,2025-04-07T21:22:44.761847
b0.40_g1.00_sim7.csv,0.4,1.0,7,4,3.0,2025-04-07T21:22:44.761847
b0.40_g1.00_sim8.csv,0.4,1.0,8,6,5.0,2025-04-07T21:22:44.761847
b0.40_g1.00_sim9.csv,0.4,1.0,9,5,4.0,2025-04-07T21:22:44.761847
b0.40_g1.00_sim10.csv,0.4,1.0,10,5,4.0,2025-04-07T21:22:44.761847
b0.40_g1.00_sim11.csv,0.4,1.0,11,6,5.0,2025-04-07T21:22:44.761847
b0.40_g1.00_sim12.csv,0.4,1.0,12,5,4.0,2025-04-07T21:22:44.761847
b0.40_g1.00_sim13.csv,0.4,1.0,13,4,3.0,2025-04-07T21:22:44.761847
b0.40_g1.00_sim14.csv,0.4,1.0,14,4,3.0,2025-04-07T21:22:44.761847
b0.40_g1.00_sim15.csv,0.4,1.0,15,7,6.0,2025-04-07T21:22:44.761847
b0.40_g1.00_sim16.csv,0.4,1.0,16,5,4.0,2025-04-07T21:22:44.761847
b0.40_g1.00_sim17.csv,0.4,1.0,17,5,4.0,2025-04-07T21:22:44.761847
b0.40_g1.00_sim18.csv,0.4,1.0,18,6,5.0,2025-04-07T21:22:44.761847
b0.40_g1.00_sim19.csv,0.4,1.0,19,5,4.0,2025-04-07T21:22:44.761847
b0.40_g1.00_sim20.csv,0.4,1.0,20,7,6.0,2025-04-07T21:22:44.761847
b0.40_g1.00_sim21.csv,0.4,1.0,21,4,3.0,2025-04-07T21:22:44.761847
b0.40_g1.00_sim22.csv,0.4,1.0,22,5,4.0,2025-04-07T21:22:44.761847
b0.40_g1.00_sim23.csv,0.4,1.0,23,5,4.0,2025-04-07T21:22:44.761847
b0.40_g1.00_sim24.csv,0.4,1.0,24,6,5.0,2025-04-07T21:22:44.761847
b0.40_g1.00_sim25.csv,0.4,1.0,25,7,6.0,2025-04-07T21:22:44.761847
b0.40_g1.00_sim26.csv,0.4,1.0,26,5,4.0,2025-04-07T21:22:44.761847
b0.40_g1.00_sim27.csv,0.4,1.0,27,7,6.0,2025-04-07T21:22:44.761847
b0.40_g1.00_sim28.csv,0.4,1.0,28,6,5.0,2025-04-07T21:22:44.761847
b0.40_g1.00_sim29.csv,0.4,1.0,29,5,4.0,2025-04-07T21:22:44.761847
b0.40_g1.00_sim30.csv,0.4,1.0,30,5,4.0,2025-04-07T21:22:44.761847
b0.40_g1.00_sim31.csv,0.4,1.0,31,6,5.0,2025-04-07T21:22:44.761847
b0.40_g1.00_sim32.csv,0.4,1.0,32,6,5.0,2025-04-07T21:22:44.761847
b0.40_g1.00_sim33.csv,0.4,1.0,33,5,4.0,2025-04-07T21:22:44.761847
b0.40_g1.00_sim34.csv,0.4,1.0,34,5,4.0,2025-04-07T21:22:44.761847
b0.40_g1.00_sim35.csv,0.4,1.0,35,7,6.0,2025-04-07T21:22:44.761847
b0.40_g1.00_sim36.csv,0.4,1.0,36,7,6.0,2025-04-07T21:22:44.761847
b0.40_g1.00_sim37.csv,0.4,1.0,37,6,5.0,2025-04-07T21:22:44.761847
b0.40_g1.00_sim38.csv,0.4,1.0,38,5,4.0,2025-04-07T21:22:44.761847
b0.40_g1.00_sim39.csv,0.4,1.0,39,5,4.0,2025-04-07T21:22:44.761847
b0.40_g1.00_sim40.csv,0.4,1.0,40,6,5.0,2025-04-07T21:22:44.761847
b0.40_g1.00_sim41.csv,0.4,1.0,41,6,5.0,2025-04-07T21:22:44.761847
b0.40_g1.00_sim42.csv,0.4,1.0,42,4,3.0,2025-04-07T21:22:44.761847
b0.40_g1.00_sim43.csv,0.4,1.0,43,7,6.0,2025-04-07T21:22:44.761847
b0.40_g1.00_sim44.csv,0.4,1.0,44,5,4.0,2025-04-07T21:22:44.761847
b0.40_g1.00_sim45.csv,0.4,1.0,45,4,3.0,2025-04-07T21:22:44.761847
b0.40_g1.00_sim46.csv,0.4,1.0,46,8,7.0,2025-04-07T21:22:44.761847
b0.40_g1.00_sim47.csv,0.4,1.0,47,6,5.0,2025-04-07T21:22:44.761847
b0.40_g1.00_sim48.csv,0.4,1.0,48,4,3.0,2025-04-07T21:22:44.761847
b0.40_g1.00_sim49.csv,0.4,1.0,49,6,5.0,2025-04-07T21:22:44.761847
b0.50_g0.10_sim0.csv,0.5,0.1,0,51,50.0,2025-04-07T21:22:44.761847
b0.50_g0.10_sim1.csv,0.5,0.1,1,81,80.0,2025-04-07T21:22:44.761847
b0.50_g0.10_sim2.csv,0.5,0.1,2,40,39.0,2025-04-07T21:22:44.761847
b0.50_g0.10_sim3.csv,0.5,0.1,3,44,43.0,2025-04-07T21:22:44.761847
b0.50_g0.10_sim4.csv,0.5,0.1,4,40,39.0,2025-04-07T21:22:44.761847
b0.50_g0.10_sim5.csv,0.5,0.1,5,50,49.0,2025-04-07T21:22:44.761847
b0.50_g0.10_sim6.csv,0.5,0.1,6,50,49.0,2025-04-07T21:22:44.761847
b0.50_g0.10_sim7.csv,0.5,0.1,7,46,45.0,2025-04-07T21:22:44.761847
b0.50_g0.10_sim8.csv,0.5,0.1,8,30,29.0,2025-04-07T21:22:44.761847
b0.50_g0.10_sim9.csv,0.5,0.1,9,40,39.0,2025-04-07T21:22:44.761847
b0.50_g0.10_sim10.csv,0.5,0.1,10,50,49.0,2025-04-07T21:22:44.761847
b0.50_g0.10_sim11.csv,0.5,0.1,11,45,44.0,2025-04-07T21:22:44.761847
b0.50_g0.10_sim12.csv,0.5,0.1,12,64,63.0,2025-04-07T21:22:44.761847
b0.50_g0.10_sim13.csv,0.5,0.1,13,40,39.0,2025-04-07T21:22:44.761847
b0.50_g0.10_sim14.csv,0.5,0.1,14,39,38.0,2025-04-07T21:22:44.761847
b0.50_g0.10_sim15.csv,0.5,0.1,15,58,57.0,2025-04-07T21:22:44.761847
b0.50_g0.10_sim16.csv,0.5,0.1,16,61,60.0,2025-04-07T21:22:44.761847
b0.50_g0.10_sim17.csv,0.5,0.1,17,78,77.0,2025-04-07T21:22:44.761847
b0.50_g0.10_sim18.csv,0.5,0.1,18,44,43.0,2025-04-07T21:22:44.761847
b0.50_g0.10_sim19.csv,0.5,0.1,19,46,45.0,2025-04-07T21:22:44.761847
b0.50_g0.10_sim20.csv,0.5,0.1,20,55,54.0,2025-04-07T21:22:44.761847
b0.50_g0.10_sim21.csv,0.5,0.1,21,38,37.0,2025-04-07T21:22:44.761847
b0.50_g0.10_sim22.csv,0.5,0.1,22,40,39.0,2025-04-07T21:22:44.761847
b0.50_g0.10_sim23.csv,0.5,0.1,23,44,43.0,2025-04-07T21:22:44.761847
b0.50_g0.10_sim24.csv,0.5,0.1,24,50,49.0,2025-04-07T21:22:44.761847
b0.50_g0.10_sim25.csv,0.5,0.1,25,62,61.0,2025-04-07T21:22:44.761847
b0.50_g0.10_sim26.csv,0.5,0.1,26,48,47.0,2025-04-07T21:22:44.761847
b0.50_g0.10_sim27.csv,0.5,0.1,27,41,40.0,2025-04-07T21:22:44.761847
b0.50_g0.10_sim28.csv,0.5,0.1,28,37,36.0,2025-04-07T21:22:44.761847
b0.50_g0.10_sim29.csv,0.5,0.1,29,57,56.0,2025-04-07T21:22:44.761847
b0.50_g0.10_sim30.csv,0.5,0.1,30,57,56.0,2025-04-07T21:22:44.761847
b0.50_g0.10_sim31.csv,0.5,0.1,31,91,90.0,2025-04-07T21:22:44.761847
b0.50_g0.10_sim32.csv,0.5,0.1,32,63,62.0,2025-04-07T21:22:44.761847
b0.50_g0.10_sim33.csv,0.5,0.1,33,53,52.0,2025-04-07T21:22:44.761847
b0.50_g0.10_sim34.csv,0.5,0.1,34,78,77.0,2025-04-07T21:22:44.761847
b0.50_g0.10_sim35.csv,0.5,0.1,35,44,43.0,2025-04-07T21:22:44.761847
b0.50_g0.10_sim36.csv,0.5,0.1,36,42,41.0,2025-04-07T21:22:44.761847
b0.50_g0.10_sim37.csv,0.5,0.1,37,66,65.0,2025-04-07T21:22:44.761847
b0.50_g0.10_sim38.csv,0.5,0.1,38,63,62.0,2025-04-07T21:22:44.761847
b0.50_g0.10_sim39.csv,0.5,0.1,39,42,41.0,2025-04-07T21:22:44.761847
b0.50_g0.10_sim40.csv,0.5,0.1,40,44,43.0,2025-04-07T21:22:44.761847
b0.50_g0.10_sim41.csv,0.5,0.1,41,58,57.0,2025-04-07T21:22:44.761847
b0.50_g0.10_sim42.csv,0.5,0.1,42,60,59.0,2025-04-07T21:22:44.761847
b0.50_g0.10_sim43.csv,0.5,0.1,43,39,38.0,2025-04-07T21:22:44.761847
b0.50_g0.10_sim44.csv,0.5,0.1,44,99,98.0,2025-04-07T21:22:44.761847
b0.50_g0.10_sim45.csv,0.5,0.1,45,48,47.0,2025-04-07T21:22:44.761847
b0.50_g0.10_sim46.csv,0.5,0.1,46,72,71.0,2025-04-07T21:22:44.761847
b0.50_g0.10_sim47.csv,0.5,0.1,47,69,68.0,2025-04-07T21:22:44.761847
b0.50_g0.10_sim48.csv,0.5,0.1,48,34,33.0,2025-04-07T21:22:44.761847
b0.50_g0.10_sim49.csv,0.5,0.1,49,55,54.0,2025-04-07T21:22:44.761847
b0.50_g0.20_sim0.csv,0.5,0.2,0,31,30.0,2025-04-07T21:22:44.761847
b0.50_g0.20_sim1.csv,0.5,0.2,1,24,23.0,2025-04-07T21:22:44.761847
b0.50_g0.20_sim2.csv,0.5,0.2,2,32,31.0,2025-04-07T21:22:44.761847
b0.50_g0.20_sim3.csv,0.5,0.2,3,28,27.0,2025-04-07T21:22:44.761847
b0.50_g0.20_sim4.csv,0.5,0.2,4,17,16.0,2025-04-07T21:22:44.761847
b0.50_g0.20_sim5.csv,0.5,0.2,5,31,30.0,2025-04-07T21:22:44.761847
b0.50_g0.20_sim6.csv,0.5,0.2,6,36,35.0,2025-04-07T21:22:44.761847
b0.50_g0.20_sim7.csv,0.5,0.2,7,36,35.0,2025-04-07T21:22:44.761847
b0.50_g0.20_sim8.csv,0.5,0.2,8,25,24.0,2025-04-07T21:22:44.761847
b0.50_g0.20_sim9.csv,0.5,0.2,9,29,28.0,2025-04-07T21:22:44.761847
b0.50_g0.20_sim10.csv,0.5,0.2,10,15,14.0,2025-04-07T21:22:44.761847
b0.50_g0.20_sim11.csv,0.5,0.2,11,22,21.0,2025-04-07T21:22:44.761847
b0.50_g0.20_sim12.csv,0.5,0.2,12,20,19.0,2025-04-07T21:22:44.761847
b0.50_g0.20_sim13.csv,0.5,0.2,13,33,32.0,2025-04-07T21:22:44.761847
b0.50_g0.20_sim14.csv,0.5,0.2,14,20,19.0,2025-04-07T21:22:44.761847
b0.50_g0.20_sim15.csv,0.5,0.2,15,29,28.0,2025-04-07T21:22:44.761847
b0.50_g0.20_sim16.csv,0.5,0.2,16,44,43.0,2025-04-07T21:22:44.761847
b0.50_g0.20_sim17.csv,0.5,0.2,17,16,15.0,2025-04-07T21:22:44.761847
b0.50_g0.20_sim18.csv,0.5,0.2,18,21,20.0,2025-04-07T21:22:44.761847
b0.50_g0.20_sim19.csv,0.5,0.2,19,20,19.0,2025-04-07T21:22:44.761847
b0.50_g0.20_sim20.csv,0.5,0.2,20,33,32.0,2025-04-07T21:22:44.761847
b0.50_g0.20_sim21.csv,0.5,0.2,21,20,19.0,2025-04-07T21:22:44.761847
b0.50_g0.20_sim22.csv,0.5,0.2,22,26,25.0,2025-04-07T21:22:44.761847
b0.50_g0.20_sim23.csv,0.5,0.2,23,28,27.0,2025-04-07T21:22:44.761847
b0.50_g0.20_sim24.csv,0.5,0.2,24,29,28.0,2025-04-07T21:22:44.761847
b0.50_g0.20_sim25.csv,0.5,0.2,25,18,17.0,2025-04-07T21:22:44.761847
b0.50_g0.20_sim26.csv,0.5,0.2,26,23,22.0,2025-04-07T21:22:44.761847
b0.50_g0.20_sim27.csv,0.5,0.2,27,29,28.0,2025-04-07T21:22:44.761847
b0.50_g0.20_sim28.csv,0.5,0.2,28,39,38.0,2025-04-07T21:22:44.761847
b0.50_g0.20_sim29.csv,0.5,0.2,29,36,35.0,2025-04-07T21:22:44.761847
b0.50_g0.20_sim30.csv,0.5,0.2,30,25,24.0,2025-04-07T21:22:44.761847
b0.50_g0.20_sim31.csv,0.5,0.2,31,30,29.0,2025-04-07T21:22:44.761847
b0.50_g0.20_sim32.csv,0.5,0.2,32,19,18.0,2025-04-07T21:22:44.761847
b0.50_g0.20_sim33.csv,0.5,0.2,33,26,25.0,2025-04-07T21:22:44.761847
b0.50_g0.20_sim34.csv,0.5,0.2,34,19,18.0,2025-04-07T21:22:44.761847
b0.50_g0.20_sim35.csv,0.5,0.2,35,28,27.0,2025-04-07T21:22:44.761847
b0.50_g0.20_sim36.csv,0.5,0.2,36,29,28.0,2025-04-07T21:22:44.761847
b0.50_g0.20_sim37.csv,0.5,0.2,37,26,25.0,2025-04-07T21:22:44.761847
b0.50_g0.20_sim38.csv,0.5,0.2,38,24,23.0,2025-04-07T21:22:44.761847
b0.50_g0.20_sim39.csv,0.5,0.2,39,24,23.0,2025-04-07T21:22:44.761847
b0.50_g0.20_sim40.csv,0.5,0.2,40,21,20.0,2025-04-07T21:22:44.761847
b0.50_g0.20_sim41.csv,0.5,0.2,41,26,25.0,2025-04-07T21:22:44.761847
b0.50_g0.20_sim42.csv,0.5,0.2,42,23,22.0,2025-04-07T21:22:44.761847
b0.50_g0.20_sim43.csv,0.5,0.2,43,37,36.0,2025-04-07T21:22:44.761847
b0.50_g0.20_sim44.csv,0.5,0.2,44,28,27.0,2025-04-07T21:22:44.761847
b0.50_g0.20_sim45.csv,0.5,0.2,45,34,33.0,2025-04-07T21:22:44.761847
b0.50_g0.20_sim46.csv,0.5,0.2,46,20,19.0,2025-04-07T21:22:44.761847
b0.50_g0.20_sim47.csv,0.5,0.2,47,22,21.0,2025-04-07T21:22:44.761847
b0.50_g0.20_sim48.csv,0.5,0.2,48,23,22.0,2025-04-07T21:22:44.761847
b0.50_g0.20_sim49.csv,0.5,0.2,49,28,27.0,2025-04-07T21:22:44.761847
b0.50_g0.30_sim0.csv,0.5,0.30000000000000004,0,14,13.0,2025-04-07T21:22:44.761847
b0.50_g0.30_sim1.csv,0.5,0.30000000000000004,1,15,14.0,2025-04-07T21:22:44.761847
b0.50_g0.30_sim2.csv,0.5,0.30000000000000004,2,17,16.0,2025-04-07T21:22:44.761847
b0.50_g0.30_sim3.csv,0.5,0.30000000000000004,3,17,16.0,2025-04-07T21:22:44.761847
b0.50_g0.30_sim4.csv,0.5,0.30000000000000004,4,23,22.0,2025-04-07T21:22:44.761847
b0.50_g0.30_sim5.csv,0.5,0.30000000000000004,5,15,14.0,2025-04-07T21:22:44.761847
b0.50_g0.30_sim6.csv,0.5,0.30000000000000004,6,18,17.0,2025-04-07T21:22:44.761847
b0.50_g0.30_sim7.csv,0.5,0.30000000000000004,7,17,16.0,2025-04-07T21:22:44.761847
b0.50_g0.30_sim8.csv,0.5,0.30000000000000004,8,15,14.0,2025-04-07T21:22:44.761847
b0.50_g0.30_sim9.csv,0.5,0.30000000000000004,9,29,28.0,2025-04-07T21:22:44.761847
b0.50_g0.30_sim10.csv,0.5,0.30000000000000004,10,15,14.0,2025-04-07T21:22:44.761847
b0.50_g0.30_sim11.csv,0.5,0.30000000000000004,11,17,16.0,2025-04-07T21:22:44.761847
b0.50_g0.30_sim12.csv,0.5,0.30000000000000004,12,15,14.0,2025-04-07T21:22:44.761847
b0.50_g0.30_sim13.csv,0.5,0.30000000000000004,13,19,18.0,2025-04-07T21:22:44.761847
b0.50_g0.30_sim14.csv,0.5,0.30000000000000004,14,19,18.0,2025-04-07T21:22:44.761847
b0.50_g0.30_sim15.csv,0.5,0.30000000000000004,15,31,30.0,2025-04-07T21:22:44.761847
b0.50_g0.30_sim16.csv,0.5,0.30000000000000004,16,14,13.0,2025-04-07T21:22:44.761847
b0.50_g0.30_sim17.csv,0.5,0.30000000000000004,17,14,13.0,2025-04-07T21:22:44.761847
b0.50_g0.30_sim18.csv,0.5,0.30000000000000004,18,14,13.0,2025-04-07T21:22:44.761847
b0.50_g0.30_sim19.csv,0.5,0.30000000000000004,19,20,19.0,2025-04-07T21:22:44.761847
b0.50_g0.30_sim20.csv,0.5,0.30000000000000004,20,20,19.0,2025-04-07T21:22:44.761847
b0.50_g0.30_sim21.csv,0.5,0.30000000000000004,21,16,15.0,2025-04-07T21:22:44.761847
b0.50_g0.30_sim22.csv,0.5,0.30000000000000004,22,16,15.0,2025-04-07T21:22:44.761847
b0.50_g0.30_sim23.csv,0.5,0.30000000000000004,23,18,17.0,2025-04-07T21:22:44.761847
b0.50_g0.30_sim24.csv,0.5,0.30000000000000004,24,14,13.0,2025-04-07T21:22:44.761847
b0.50_g0.30_sim25.csv,0.5,0.30000000000000004,25,25,24.0,2025-04-07T21:22:44.761847
b0.50_g0.30_sim26.csv,0.5,0.30000000000000004,26,18,17.0,2025-04-07T21:22:44.761847
b0.50_g0.30_sim27.csv,0.5,0.30000000000000004,27,13,12.0,2025-04-07T21:22:44.761847
b0.50_g0.30_sim28.csv,0.5,0.30000000000000004,28,29,28.0,2025-04-07T21:22:44.761847
b0.50_g0.30_sim29.csv,0.5,0.30000000000000004,29,27,26.0,2025-04-07T21:22:44.761847
b0.50_g0.30_sim30.csv,0.5,0.30000000000000004,30,16,15.0,2025-04-07T21:22:44.761847
b0.50_g0.30_sim31.csv,0.5,0.30000000000000004,31,16,15.0,2025-04-07T21:22:44.761847
b0.50_g0.30_sim32.csv,0.5,0.30000000000000004,32,21,20.0,2025-04-07T21:22:44.761847
b0.50_g0.30_sim33.csv,0.5,0.30000000000000004,33,16,15.0,2025-04-07T21:22:44.761847
b0.50_g0.30_sim34.csv,0.5,0.30000000000000004,34,19,18.0,2025-04-07T21:22:44.761847
b0.50_g0.30_sim35.csv,0.5,0.30000000000000004,35,11,10.0,2025-04-07T21:22:44.761847
b0.50_g0.30_sim36.csv,0.5,0.30000000000000004,36,18,17.0,2025-04-07T21:22:44.761847
b0.50_g0.30_sim37.csv,0.5,0.30000000000000004,37,16,15.0,2025-04-07T21:22:44.761847
b0.50_g0.30_sim38.csv,0.5,0.30000000000000004,38,16,15.0,2025-04-07T21:22:44.761847
b0.50_g0.30_sim39.csv,0.5,0.30000000000000004,39,13,12.0,2025-04-07T21:22:44.761847
b0.50_g0.30_sim40.csv,0.5,0.30000000000000004,40,18,17.0,2025-04-07T21:22:44.761847
b0.50_g0.30_sim41.csv,0.5,0.30000000000000004,41,20,19.0,2025-04-07T21:22:44.761847
b0.50_g0.30_sim42.csv,0.5,0.30000000000000004,42,22,21.0,2025-04-07T21:22:44.761847
b0.50_g0.30_sim43.csv,0.5,0.30000000000000004,43,15,14.0,2025-04-07T21:22:44.761847
b0.50_g0.30_sim44.csv,0.5,0.30000000000000004,44,15,14.0,2025-04-07T21:22:44.761847
b0.50_g0.30_sim45.csv,0.5,0.30000000000000004,45,21,20.0,2025-04-07T21:22:44.761847
b0.50_g0.30_sim46.csv,0.5,0.30000000000000004,46,26,25.0,2025-04-07T21:22:44.761847
b0.50_g0.30_sim47.csv,0.5,0.30000000000000004,47,25,24.0,2025-04-07T21:22:44.761847
b0.50_g0.30_sim48.csv,0.5,0.30000000000000004,48,16,15.0,2025-04-07T21:22:44.761847
b0.50_g0.30_sim49.csv,0.5,0.30000000000000004,49,26,25.0,2025-04-07T21:22:44.761847
b0.50_g0.40_sim0.csv,0.5,0.4,0,12,11.0,2025-04-07T21:22:44.761847
b0.50_g0.40_sim1.csv,0.5,0.4,1,12,11.0,2025-04-07T21:22:44.761847
b0.50_g0.40_sim2.csv,0.5,0.4,2,15,14.0,2025-04-07T21:22:44.761847
b0.50_g0.40_sim3.csv,0.5,0.4,3,10,9.0,2025-04-07T21:22:44.761847
b0.50_g0.40_sim4.csv,0.5,0.4,4,14,13.0,2025-04-07T21:22:44.761847
b0.50_g0.40_sim5.csv,0.5,0.4,5,17,16.0,2025-04-07T21:22:44.761847
b0.50_g0.40_sim6.csv,0.5,0.4,6,12,11.0,2025-04-07T21:22:44.761847
b0.50_g0.40_sim7.csv,0.5,0.4,7,12,11.0,2025-04-07T21:22:44.761847
b0.50_g0.40_sim8.csv,0.5,0.4,8,13,12.0,2025-04-07T21:22:44.761847
b0.50_g0.40_sim9.csv,0.5,0.4,9,19,18.0,2025-04-07T21:22:44.761847
b0.50_g0.40_sim10.csv,0.5,0.4,10,18,17.0,2025-04-07T21:22:44.761847
b0.50_g0.40_sim11.csv,0.5,0.4,11,17,16.0,2025-04-07T21:22:44.761847
b0.50_g0.40_sim12.csv,0.5,0.4,12,16,15.0,2025-04-07T21:22:44.761847
b0.50_g0.40_sim13.csv,0.5,0.4,13,11,10.0,2025-04-07T21:22:44.761847
b0.50_g0.40_sim14.csv,0.5,0.4,14,12,11.0,2025-04-07T21:22:44.761847
b0.50_g0.40_sim15.csv,0.5,0.4,15,9,8.0,2025-04-07T21:22:44.761847
b0.50_g0.40_sim16.csv,0.5,0.4,16,19,18.0,2025-04-07T21:22:44.761847
b0.50_g0.40_sim17.csv,0.5,0.4,17,13,12.0,2025-04-07T21:22:44.761847
b0.50_g0.40_sim18.csv,0.5,0.4,18,15,14.0,2025-04-07T21:22:44.761847
b0.50_g0.40_sim19.csv,0.5,0.4,19,15,14.0,2025-04-07T21:22:44.761847
b0.50_g0.40_sim20.csv,0.5,0.4,20,15,14.0,2025-04-07T21:22:44.761847
b0.50_g0.40_sim21.csv,0.5,0.4,21,11,10.0,2025-04-07T21:22:44.761847
b0.50_g0.40_sim22.csv,0.5,0.4,22,14,13.0,2025-04-07T21:22:44.761847
b0.50_g0.40_sim23.csv,0.5,0.4,23,18,17.0,2025-04-07T21:22:44.761847
b0.50_g0.40_sim24.csv,0.5,0.4,24,18,17.0,2025-04-07T21:22:44.761847
b0.50_g0.40_sim25.csv,0.5,0.4,25,15,14.0,2025-04-07T21:22:44.761847
b0.50_g0.40_sim26.csv,0.5,0.4,26,13,12.0,2025-04-07T21:22:44.761847
b0.50_g0.40_sim27.csv,0.5,0.4,27,11,10.0,2025-04-07T21:22:44.761847
b0.50_g0.40_sim28.csv,0.5,0.4,28,17,16.0,2025-04-07T21:22:44.761847
b0.50_g0.40_sim29.csv,0.5,0.4,29,14,13.0,2025-04-07T21:22:44.761847
b0.50_g0.40_sim30.csv,0.5,0.4,30,11,10.0,2025-04-07T21:22:44.761847
b0.50_g0.40_sim31.csv,0.5,0.4,31,13,12.0,2025-04-07T21:22:44.761847
b0.50_g0.40_sim32.csv,0.5,0.4,32,10,9.0,2025-04-07T21:22:44.761847
b0.50_g0.40_sim33.csv,0.5,0.4,33,10,9.0,2025-04-07T21:22:44.761847
b0.50_g0.40_sim34.csv,0.5,0.4,34,14,13.0,2025-04-07T21:22:44.761847
b0.50_g0.40_sim35.csv,0.5,0.4,35,12,11.0,2025-04-07T21:22:44.761847
b0.50_g0.40_sim36.csv,0.5,0.4,36,12,11.0,2025-04-07T21:22:44.761847
b0.50_g0.40_sim37.csv,0.5,0.4,37,18,17.0,2025-04-07T21:22:44.761847
b0.50_g0.40_sim38.csv,0.5,0.4,38,13,12.0,2025-04-07T21:22:44.761847
b0.50_g0.40_sim39.csv,0.5,0.4,39,13,12.0,2025-04-07T21:22:44.761847
b0.50_g0.40_sim40.csv,0.5,0.4,40,11,10.0,2025-04-07T21:22:44.761847
b0.50_g0.40_sim41.csv,0.5,0.4,41,21,20.0,2025-04-07T21:22:44.761847
b0.50_g0.40_sim42.csv,0.5,0.4,42,15,14.0,2025-04-07T21:22:44.761847
b0.50_g0.40_sim43.csv,0.5,0.4,43,17,16.0,2025-04-07T21:22:44.761847
b0.50_g0.40_sim44.csv,0.5,0.4,44,13,12.0,2025-04-07T21:22:44.761847
b0.50_g0.40_sim45.csv,0.5,0.4,45,14,13.0,2025-04-07T21:22:44.761847
b0.50_g0.40_sim46.csv,0.5,0.4,46,16,15.0,2025-04-07T21:22:44.761847
b0.50_g0.40_sim47.csv,0.5,0.4,47,11,10.0,2025-04-07T21:22:44.761847
b0.50_g0.40_sim48.csv,0.5,0.4,48,12,11.0,2025-04-07T21:22:44.761847
b0.50_g0.40_sim49.csv,0.5,0.4,49,12,11.0,2025-04-07T21:22:44.761847
b0.50_g0.50_sim0.csv,0.5,0.5,0,8,7.0,2025-04-07T21:22:44.761847
b0.50_g0.50_sim1.csv,0.5,0.5,1,10,9.0,2025-04-07T21:22:44.761847
b0.50_g0.50_sim2.csv,0.5,0.5,2,9,8.0,2025-04-07T21:22:44.761847
b0.50_g0.50_sim3.csv,0.5,0.5,3,8,7.0,2025-04-07T21:22:44.761847
b0.50_g0.50_sim4.csv,0.5,0.5,4,9,8.0,2025-04-07T21:22:44.761847
b0.50_g0.50_sim5.csv,0.5,0.5,5,8,7.0,2025-04-07T21:22:44.761847
b0.50_g0.50_sim6.csv,0.5,0.5,6,12,11.0,2025-04-07T21:22:44.761847
b0.50_g0.50_sim7.csv,0.5,0.5,7,9,8.0,2025-04-07T21:22:44.761847
b0.50_g0.50_sim8.csv,0.5,0.5,8,10,9.0,2025-04-07T21:22:44.761847
b0.50_g0.50_sim9.csv,0.5,0.5,9,14,13.0,2025-04-07T21:22:44.761847
b0.50_g0.50_sim10.csv,0.5,0.5,10,9,8.0,2025-04-07T21:22:44.761847
b0.50_g0.50_sim11.csv,0.5,0.5,11,9,8.0,2025-04-07T21:22:44.761847
b0.50_g0.50_sim12.csv,0.5,0.5,12,12,11.0,2025-04-07T21:22:44.761847
b0.50_g0.50_sim13.csv,0.5,0.5,13,14,13.0,2025-04-07T21:22:44.761847
b0.50_g0.50_sim14.csv,0.5,0.5,14,9,8.0,2025-04-07T21:22:44.761847
b0.50_g0.50_sim15.csv,0.5,0.5,15,12,11.0,2025-04-07T21:22:44.761847
b0.50_g0.50_sim16.csv,0.5,0.5,16,12,11.0,2025-04-07T21:22:44.761847
b0.50_g0.50_sim17.csv,0.5,0.5,17,9,8.0,2025-04-07T21:22:44.761847
b0.50_g0.50_sim18.csv,0.5,0.5,18,22,21.0,2025-04-07T21:22:44.761847
b0.50_g0.50_sim19.csv,0.5,0.5,19,9,8.0,2025-04-07T21:22:44.761847
b0.50_g0.50_sim20.csv,0.5,0.5,20,8,7.0,2025-04-07T21:22:44.761847
b0.50_g0.50_sim21.csv,0.5,0.5,21,9,8.0,2025-04-07T21:22:44.761847
b0.50_g0.50_sim22.csv,0.5,0.5,22,15,14.0,2025-04-07T21:22:44.761847
b0.50_g0.50_sim23.csv,0.5,0.5,23,11,10.0,2025-04-07T21:22:44.761847
b0.50_g0.50_sim24.csv,0.5,0.5,24,9,8.0,2025-04-07T21:22:44.761847
b0.50_g0.50_sim25.csv,0.5,0.5,25,13,12.0,2025-04-07T21:22:44.761847
b0.50_g0.50_sim26.csv,0.5,0.5,26,7,6.0,2025-04-07T21:22:44.761847
b0.50_g0.50_sim27.csv,0.5,0.5,27,13,12.0,2025-04-07T21:22:44.761847
b0.50_g0.50_sim28.csv,0.5,0.5,28,14,13.0,2025-04-07T21:22:44.761847
b0.50_g0.50_sim29.csv,0.5,0.5,29,9,8.0,2025-04-07T21:22:44.761847
b0.50_g0.50_sim30.csv,0.5,0.5,30,17,16.0,2025-04-07T21:22:44.761847
b0.50_g0.50_sim31.csv,0.5,0.5,31,12,11.0,2025-04-07T21:22:44.761847
b0.50_g0.50_sim32.csv,0.5,0.5,32,9,8.0,2025-04-07T21:22:44.761847
b0.50_g0.50_sim33.csv,0.5,0.5,33,12,11.0,2025-04-07T21:22:44.761847
b0.50_g0.50_sim34.csv,0.5,0.5,34,10,9.0,2025-04-07T21:22:44.761847
b0.50_g0.50_sim35.csv,0.5,0.5,35,10,9.0,2025-04-07T21:22:44.761847
b0.50_g0.50_sim36.csv,0.5,0.5,36,8,7.0,2025-04-07T21:22:44.761847
b0.50_g0.50_sim37.csv,0.5,0.5,37,11,10.0,2025-04-07T21:22:44.761847
b0.50_g0.50_sim38.csv,0.5,0.5,38,15,14.0,2025-04-07T21:22:44.761847
b0.50_g0.50_sim39.csv,0.5,0.5,39,12,11.0,2025-04-07T21:22:44.761847
b0.50_g0.50_sim40.csv,0.5,0.5,40,9,8.0,2025-04-07T21:22:44.761847
b0.50_g0.50_sim41.csv,0.5,0.5,41,12,11.0,2025-04-07T21:22:44.761847
b0.50_g0.50_sim42.csv,0.5,0.5,42,10,9.0,2025-04-07T21:22:44.761847
b0.50_g0.50_sim43.csv,0.5,0.5,43,9,8.0,2025-04-07T21:22:44.761847
b0.50_g0.50_sim44.csv,0.5,0.5,44,8,7.0,2025-04-07T21:22:44.761847
b0.50_g0.50_sim45.csv,0.5,0.5,45,16,15.0,2025-04-07T21:22:44.761847
b0.50_g0.50_sim46.csv,0.5,0.5,46,13,12.0,2025-04-07T21:22:44.761847
b0.50_g0.50_sim47.csv,0.5,0.5,47,11,10.0,2025-04-07T21:22:44.761847
b0.50_g0.50_sim48.csv,0.5,0.5,48,16,15.0,2025-04-07T21:22:44.761847
b0.50_g0.50_sim49.csv,0.5,0.5,49,14,13.0,2025-04-07T21:22:44.761847
b0.50_g0.60_sim0.csv,0.5,0.6,0,13,12.0,2025-04-07T21:22:44.761847
b0.50_g0.60_sim1.csv,0.5,0.6,1,10,9.0,2025-04-07T21:22:44.761847
b0.50_g0.60_sim2.csv,0.5,0.6,2,8,7.0,2025-04-07T21:22:44.761847
b0.50_g0.60_sim3.csv,0.5,0.6,3,9,8.0,2025-04-07T21:22:44.761847
b0.50_g0.60_sim4.csv,0.5,0.6,4,9,8.0,2025-04-07T21:22:44.761847
b0.50_g0.60_sim5.csv,0.5,0.6,5,6,5.0,2025-04-07T21:22:44.761847
b0.50_g0.60_sim6.csv,0.5,0.6,6,8,7.0,2025-04-07T21:22:44.761847
b0.50_g0.60_sim7.csv,0.5,0.6,7,12,11.0,2025-04-07T21:22:44.761847
b0.50_g0.60_sim8.csv,0.5,0.6,8,10,9.0,2025-04-07T21:22:44.761847
b0.50_g0.60_sim9.csv,0.5,0.6,9,9,8.0,2025-04-07T21:22:44.761847
b0.50_g0.60_sim10.csv,0.5,0.6,10,9,8.0,2025-04-07T21:22:44.761847
b0.50_g0.60_sim11.csv,0.5,0.6,11,7,6.0,2025-04-07T21:22:44.761847
b0.50_g0.60_sim12.csv,0.5,0.6,12,7,6.0,2025-04-07T21:22:44.761847
b0.50_g0.60_sim13.csv,0.5,0.6,13,7,6.0,2025-04-07T21:22:44.761847
b0.50_g0.60_sim14.csv,0.5,0.6,14,12,11.0,2025-04-07T21:22:44.761847
b0.50_g0.60_sim15.csv,0.5,0.6,15,7,6.0,2025-04-07T21:22:44.761847
b0.50_g0.60_sim16.csv,0.5,0.6,16,11,10.0,2025-04-07T21:22:44.761847
b0.50_g0.60_sim17.csv,0.5,0.6,17,9,8.0,2025-04-07T21:22:44.761847
b0.50_g0.60_sim18.csv,0.5,0.6,18,9,8.0,2025-04-07T21:22:44.761847
b0.50_g0.60_sim19.csv,0.5,0.6,19,11,10.0,2025-04-07T21:22:44.761847
b0.50_g0.60_sim20.csv,0.5,0.6,20,7,6.0,2025-04-07T21:22:44.761847
b0.50_g0.60_sim21.csv,0.5,0.6,21,7,6.0,2025-04-07T21:22:44.761847
b0.50_g0.60_sim22.csv,0.5,0.6,22,11,10.0,2025-04-07T21:22:44.761847
b0.50_g0.60_sim23.csv,0.5,0.6,23,12,11.0,2025-04-07T21:22:44.761847
b0.50_g0.60_sim24.csv,0.5,0.6,24,10,9.0,2025-04-07T21:22:44.761847
b0.50_g0.60_sim25.csv,0.5,0.6,25,15,14.0,2025-04-07T21:22:44.761847
b0.50_g0.60_sim26.csv,0.5,0.6,26,9,8.0,2025-04-07T21:22:44.761847
b0.50_g0.60_sim27.csv,0.5,0.6,27,11,10.0,2025-04-07T21:22:44.761847
b0.50_g0.60_sim28.csv,0.5,0.6,28,7,6.0,2025-04-07T21:22:44.761847
b0.50_g0.60_sim29.csv,0.5,0.6,29,9,8.0,2025-04-07T21:22:44.761847
b0.50_g0.60_sim30.csv,0.5,0.6,30,12,11.0,2025-04-07T21:22:44.761847
b0.50_g0.60_sim31.csv,0.5,0.6,31,7,6.0,2025-04-07T21:22:44.761847
b0.50_g0.60_sim32.csv,0.5,0.6,32,6,5.0,2025-04-07T21:22:44.761847
b0.50_g0.60_sim33.csv,0.5,0.6,33,10,9.0,2025-04-07T21:22:44.761847
b0.50_g0.60_sim34.csv,0.5,0.6,34,10,9.0,2025-04-07T21:22:44.761847
b0.50_g0.60_sim35.csv,0.5,0.6,35,10,9.0,2025-04-07T21:22:44.761847
b0.50_g0.60_sim36.csv,0.5,0.6,36,10,9.0,2025-04-07T21:22:44.761847
b0.50_g0.60_sim37.csv,0.5,0.6,37,8,7.0,2025-04-07T21:22:44.761847
b0.50_g0.60_sim38.csv,0.5,0.6,38,9,8.0,2025-04-07T21:22:44.761847
b0.50_g0.60_sim39.csv,0.5,0.6,39,8,7.0,2025-04-07T21:22:44.761847
b0.50_g0.60_sim40.csv,0.5,0.6,40,7,6.0,2025-04-07T21:22:44.761847
b0.50_g0.60_sim41.csv,0.5,0.6,41,8,7.0,2025-04-07T21:22:44.761847
b0.50_g0.60_sim42.csv,0.5,0.6,42,10,9.0,2025-04-07T21:22:44.761847
b0.50_g0.60_sim43.csv,0.5,0.6,43,8,7.0,2025-04-07T21:22:44.761847
b0.50_g0.60_sim44.csv,0.5,0.6,44,5,4.0,2025-04-07T21:22:44.761847
b0.50_g0.60_sim45.csv,0.5,0.6,45,14,13.0,2025-04-07T21:22:44.761847
b0.50_g0.60_sim46.csv,0.5,0.6,46,8,7.0,2025-04-07T21:22:44.761847
b0.50_g0.60_sim47.csv,0.5,0.6,47,11,10.0,2025-04-07T21:22:44.761847
b0.50_g0.60_sim48.csv,0.5,0.6,48,18,17.0,2025-04-07T21:22:44.761847
b0.50_g0.60_sim49.csv,0.5,0.6,49,8,7.0,2025-04-07T21:22:44.761847
b0.50_g0.70_sim0.csv,0.5,0.7000000000000001,0,7,6.0,2025-04-07T21:22:44.761847
b0.50_g0.70_sim1.csv,0.5,0.7000000000000001,1,11,10.0,2025-04-07T21:22:44.761847
b0.50_g0.70_sim2.csv,0.5,0.7000000000000001,2,7,6.0,2025-04-07T21:22:44.761847
b0.50_g0.70_sim3.csv,0.5,0.7000000000000001,3,7,6.0,2025-04-07T21:22:44.761847
b0.50_g0.70_sim4.csv,0.5,0.7000000000000001,4,7,6.0,2025-04-07T21:22:44.761847
b0.50_g0.70_sim5.csv,0.5,0.7000000000000001,5,6,5.0,2025-04-07T21:22:44.761847
b0.50_g0.70_sim6.csv,0.5,0.7000000000000001,6,8,7.0,2025-04-07T21:22:44.761847
b0.50_g0.70_sim7.csv,0.5,0.7000000000000001,7,9,8.0,2025-04-07T21:22:44.761847
b0.50_g0.70_sim8.csv,0.5,0.7000000000000001,8,7,6.0,2025-04-07T21:22:44.761847
b0.50_g0.70_sim9.csv,0.5,0.7000000000000001,9,10,9.0,2025-04-07T21:22:44.761847
b0.50_g0.70_sim10.csv,0.5,0.7000000000000001,10,8,7.0,2025-04-07T21:22:44.761847
b0.50_g0.70_sim11.csv,0.5,0.7000000000000001,11,9,8.0,2025-04-07T21:22:44.761847
b0.50_g0.70_sim12.csv,0.5,0.7000000000000001,12,6,5.0,2025-04-07T21:22:44.761847
b0.50_g0.70_sim13.csv,0.5,0.7000000000000001,13,8,7.0,2025-04-07T21:22:44.761847
b0.50_g0.70_sim14.csv,0.5,0.7000000000000001,14,9,8.0,2025-04-07T21:22:44.761847
b0.50_g0.70_sim15.csv,0.5,0.7000000000000001,15,7,6.0,2025-04-07T21:22:44.761847
b0.50_g0.70_sim16.csv,0.5,0.7000000000000001,16,11,10.0,2025-04-07T21:22:44.761847
b0.50_g0.70_sim17.csv,0.5,0.7000000000000001,17,8,7.0,2025-04-07T21:22:44.761847
b0.50_g0.70_sim18.csv,0.5,0.7000000000000001,18,11,10.0,2025-04-07T21:22:44.761847
b0.50_g0.70_sim19.csv,0.5,0.7000000000000001,19,7,6.0,2025-04-07T21:22:44.761847
b0.50_g0.70_sim20.csv,0.5,0.7000000000000001,20,8,7.0,2025-04-07T21:22:44.761847
b0.50_g0.70_sim21.csv,0.5,0.7000000000000001,21,7,6.0,2025-04-07T21:22:44.761847
b0.50_g0.70_sim22.csv,0.5,0.7000000000000001,22,8,7.0,2025-04-07T21:22:44.761847
b0.50_g0.70_sim23.csv,0.5,0.7000000000000001,23,6,5.0,2025-04-07T21:22:44.761847
b0.50_g0.70_sim24.csv,0.5,0.7000000000000001,24,8,7.0,2025-04-07T21:22:44.761847
b0.50_g0.70_sim25.csv,0.5,0.7000000000000001,25,9,8.0,2025-04-07T21:22:44.761847
b0.50_g0.70_sim26.csv,0.5,0.7000000000000001,26,6,5.0,2025-04-07T21:22:44.761847
b0.50_g0.70_sim27.csv,0.5,0.7000000000000001,27,9,8.0,2025-04-07T21:22:44.761847
b0.50_g0.70_sim28.csv,0.5,0.7000000000000001,28,7,6.0,2025-04-07T21:22:44.761847
b0.50_g0.70_sim29.csv,0.5,0.7000000000000001,29,7,6.0,2025-04-07T21:22:44.761847
b0.50_g0.70_sim30.csv,0.5,0.7000000000000001,30,8,7.0,2025-04-07T21:22:44.761847
b0.50_g0.70_sim31.csv,0.5,0.7000000000000001,31,6,5.0,2025-04-07T21:22:44.761847
b0.50_g0.70_sim32.csv,0.5,0.7000000000000001,32,7,6.0,2025-04-07T21:22:44.761847
b0.50_g0.70_sim33.csv,0.5,0.7000000000000001,33,5,4.0,2025-04-07T21:22:44.761847
b0.50_g0.70_sim34.csv,0.5,0.7000000000000001,34,7,6.0,2025-04-07T21:22:44.761847
b0.50_g0.70_sim35.csv,0.5,0.7000000000000001,35,7,6.0,2025-04-07T21:22:44.761847
b0.50_g0.70_sim36.csv,0.5,0.7000000000000001,36,5,4.0,2025-04-07T21:22:44.761847
b0.50_g0.70_sim37.csv,0.5,0.7000000000000001,37,9,8.0,2025-04-07T21:22:44.761847
b0.50_g0.70_sim38.csv,0.5,0.7000000000000001,38,8,7.0,2025-04-07T21:22:44.761847
b0.50_g0.70_sim39.csv,0.5,0.7000000000000001,39,6,5.0,2025-04-07T21:22:44.761847
b0.50_g0.70_sim40.csv,0.5,0.7000000000000001,40,10,9.0,2025-04-07T21:22:44.761847
b0.50_g0.70_sim41.csv,0.5,0.7000000000000001,41,9,8.0,2025-04-07T21:22:44.761847
b0.50_g0.70_sim42.csv,0.5,0.7000000000000001,42,8,7.0,2025-04-07T21:22:44.761847
b0.50_g0.70_sim43.csv,0.5,0.7000000000000001,43,6,5.0,2025-04-07T21:22:44.761847
b0.50_g0.70_sim44.csv,0.5,0.7000000000000001,44,9,8.0,2025-04-07T21:22:44.761847
b0.50_g0.70_sim45.csv,0.5,0.7000000000000001,45,11,10.0,2025-04-07T21:22:44.761847
b0.50_g0.70_sim46.csv,0.5,0.7000000000000001,46,5,4.0,2025-04-07T21:22:44.761847
b0.50_g0.70_sim47.csv,0.5,0.7000000000000001,47,7,6.0,2025-04-07T21:22:44.761847
b0.50_g0.70_sim48.csv,0.5,0.7000000000000001,48,7,6.0,2025-04-07T21:22:44.761847
b0.50_g0.70_sim49.csv,0.5,0.7000000000000001,49,7,6.0,2025-04-07T21:22:44.761847
b0.50_g0.80_sim0.csv,0.5,0.8,0,5,4.0,2025-04-07T21:22:44.761847
b0.50_g0.80_sim1.csv,0.5,0.8,1,10,9.0,2025-04-07T21:22:44.761847
b0.50_g0.80_sim2.csv,0.5,0.8,2,8,7.0,2025-04-07T21:22:44.761847
b0.50_g0.80_sim3.csv,0.5,0.8,3,6,5.0,2025-04-07T21:22:44.761847
b0.50_g0.80_sim4.csv,0.5,0.8,4,7,6.0,2025-04-07T21:22:44.761847
b0.50_g0.80_sim5.csv,0.5,0.8,5,6,5.0,2025-04-07T21:22:44.761847
b0.50_g0.80_sim6.csv,0.5,0.8,6,8,7.0,2025-04-07T21:22:44.761847
b0.50_g0.80_sim7.csv,0.5,0.8,7,10,9.0,2025-04-07T21:22:44.761847
b0.50_g0.80_sim8.csv,0.5,0.8,8,5,4.0,2025-04-07T21:22:44.761847
b0.50_g0.80_sim9.csv,0.5,0.8,9,7,6.0,2025-04-07T21:22:44.761847
b0.50_g0.80_sim10.csv,0.5,0.8,10,6,5.0,2025-04-07T21:22:44.761847
b0.50_g0.80_sim11.csv,0.5,0.8,11,9,8.0,2025-04-07T21:22:44.761847
b0.50_g0.80_sim12.csv,0.5,0.8,12,6,5.0,2025-04-07T21:22:44.761847
b0.50_g0.80_sim13.csv,0.5,0.8,13,5,4.0,2025-04-07T21:22:44.761847
b0.50_g0.80_sim14.csv,0.5,0.8,14,7,6.0,2025-04-07T21:22:44.761847
b0.50_g0.80_sim15.csv,0.5,0.8,15,5,4.0,2025-04-07T21:22:44.761847
b0.50_g0.80_sim16.csv,0.5,0.8,16,6,5.0,2025-04-07T21:22:44.761847
b0.50_g0.80_sim17.csv,0.5,0.8,17,8,7.0,2025-04-07T21:22:44.761847
b0.50_g0.80_sim18.csv,0.5,0.8,18,9,8.0,2025-04-07T21:22:44.761847
b0.50_g0.80_sim19.csv,0.5,0.8,19,6,5.0,2025-04-07T21:22:44.761847
b0.50_g0.80_sim20.csv,0.5,0.8,20,5,4.0,2025-04-07T21:22:44.761847
b0.50_g0.80_sim21.csv,0.5,0.8,21,6,5.0,2025-04-07T21:22:44.761847
b0.50_g0.80_sim22.csv,0.5,0.8,22,7,6.0,2025-04-07T21:22:44.761847
b0.50_g0.80_sim23.csv,0.5,0.8,23,6,5.0,2025-04-07T21:22:44.761847
b0.50_g0.80_sim24.csv,0.5,0.8,24,5,4.0,2025-04-07T21:22:44.761847
b0.50_g0.80_sim25.csv,0.5,0.8,25,6,5.0,2025-04-07T21:22:44.761847
b0.50_g0.80_sim26.csv,0.5,0.8,26,10,9.0,2025-04-07T21:22:44.761847
b0.50_g0.80_sim27.csv,0.5,0.8,27,9,8.0,2025-04-07T21:22:44.761847
b0.50_g0.80_sim28.csv,0.5,0.8,28,8,7.0,2025-04-07T21:22:44.761847
b0.50_g0.80_sim29.csv,0.5,0.8,29,10,9.0,2025-04-07T21:22:44.761847
b0.50_g0.80_sim30.csv,0.5,0.8,30,6,5.0,2025-04-07T21:22:44.761847
b0.50_g0.80_sim31.csv,0.5,0.8,31,5,4.0,2025-04-07T21:22:44.761847
b0.50_g0.80_sim32.csv,0.5,0.8,32,9,8.0,2025-04-07T21:22:44.761847
b0.50_g0.80_sim33.csv,0.5,0.8,33,9,8.0,2025-04-07T21:22:44.761847
b0.50_g0.80_sim34.csv,0.5,0.8,34,6,5.0,2025-04-07T21:22:44.761847
b0.50_g0.80_sim35.csv,0.5,0.8,35,6,5.0,2025-04-07T21:22:44.761847
b0.50_g0.80_sim36.csv,0.5,0.8,36,7,6.0,2025-04-07T21:22:44.761847
b0.50_g0.80_sim37.csv,0.5,0.8,37,9,8.0,2025-04-07T21:22:44.761847
b0.50_g0.80_sim38.csv,0.5,0.8,38,6,5.0,2025-04-07T21:22:44.761847
b0.50_g0.80_sim39.csv,0.5,0.8,39,7,6.0,2025-04-07T21:22:44.761847
b0.50_g0.80_sim40.csv,0.5,0.8,40,10,9.0,2025-04-07T21:22:44.761847
b0.50_g0.80_sim41.csv,0.5,0.8,41,6,5.0,2025-04-07T21:22:44.761847
b0.50_g0.80_sim42.csv,0.5,0.8,42,7,6.0,2025-04-07T21:22:44.761847
b0.50_g0.80_sim43.csv,0.5,0.8,43,7,6.0,2025-04-07T21:22:44.761847
b0.50_g0.80_sim44.csv,0.5,0.8,44,11,10.0,2025-04-07T21:22:44.761847
b0.50_g0.80_sim45.csv,0.5,0.8,45,6,5.0,2025-04-07T21:22:44.761847
b0.50_g0.80_sim46.csv,0.5,0.8,46,5,4.0,2025-04-07T21:22:44.761847
b0.50_g0.80_sim47.csv,0.5,0.8,47,8,7.0,2025-04-07T21:22:44.761847
b0.50_g0.80_sim48.csv,0.5,0.8,48,5,4.0,2025-04-07T21:22:44.761847
b0.50_g0.80_sim49.csv,0.5,0.8,49,6,5.0,2025-04-07T21:22:44.761847
b0.50_g0.90_sim0.csv,0.5,0.9,0,5,4.0,2025-04-07T21:22:44.761847
b0.50_g0.90_sim1.csv,0.5,0.9,1,6,5.0,2025-04-07T21:22:44.761847
b0.50_g0.90_sim2.csv,0.5,0.9,2,5,4.0,2025-04-07T21:22:44.761847
b0.50_g0.90_sim3.csv,0.5,0.9,3,5,4.0,2025-04-07T21:22:44.761847
b0.50_g0.90_sim4.csv,0.5,0.9,4,6,5.0,2025-04-07T21:22:44.761847
b0.50_g0.90_sim5.csv,0.5,0.9,5,6,5.0,2025-04-07T21:22:44.761847
b0.50_g0.90_sim6.csv,0.5,0.9,6,6,5.0,2025-04-07T21:22:44.761847
b0.50_g0.90_sim7.csv,0.5,0.9,7,5,4.0,2025-04-07T21:22:44.761847
b0.50_g0.90_sim8.csv,0.5,0.9,8,6,5.0,2025-04-07T21:22:44.761847
b0.50_g0.90_sim9.csv,0.5,0.9,9,7,6.0,2025-04-07T21:22:44.761847
b0.50_g0.90_sim10.csv,0.5,0.9,10,9,8.0,2025-04-07T21:22:44.761847
b0.50_g0.90_sim11.csv,0.5,0.9,11,7,6.0,2025-04-07T21:22:44.761847
b0.50_g0.90_sim12.csv,0.5,0.9,12,6,5.0,2025-04-07T21:22:44.761847
b0.50_g0.90_sim13.csv,0.5,0.9,13,8,7.0,2025-04-07T21:22:44.761847
b0.50_g0.90_sim14.csv,0.5,0.9,14,8,7.0,2025-04-07T21:22:44.761847
b0.50_g0.90_sim15.csv,0.5,0.9,15,5,4.0,2025-04-07T21:22:44.761847
b0.50_g0.90_sim16.csv,0.5,0.9,16,6,5.0,2025-04-07T21:22:44.761847
b0.50_g0.90_sim17.csv,0.5,0.9,17,5,4.0,2025-04-07T21:22:44.761847
b0.50_g0.90_sim18.csv,0.5,0.9,18,5,4.0,2025-04-07T21:22:44.761847
b0.50_g0.90_sim19.csv,0.5,0.9,19,4,3.0,2025-04-07T21:22:44.761847
b0.50_g0.90_sim20.csv,0.5,0.9,20,6,5.0,2025-04-07T21:22:44.761847
b0.50_g0.90_sim21.csv,0.5,0.9,21,6,5.0,2025-04-07T21:22:44.761847
b0.50_g0.90_sim22.csv,0.5,0.9,22,6,5.0,2025-04-07T21:22:44.761847
b0.50_g0.90_sim23.csv,0.5,0.9,23,9,8.0,2025-04-07T21:22:44.761847
b0.50_g0.90_sim24.csv,0.5,0.9,24,5,4.0,2025-04-07T21:22:44.761847
b0.50_g0.90_sim25.csv,0.5,0.9,25,6,5.0,2025-04-07T21:22:44.761847
b0.50_g0.90_sim26.csv,0.5,0.9,26,4,3.0,2025-04-07T21:22:44.761847
b0.50_g0.90_sim27.csv,0.5,0.9,27,6,5.0,2025-04-07T21:22:44.761847
b0.50_g0.90_sim28.csv,0.5,0.9,28,8,7.0,2025-04-07T21:22:44.761847
b0.50_g0.90_sim29.csv,0.5,0.9,29,5,4.0,2025-04-07T21:22:44.761847
b0.50_g0.90_sim30.csv,0.5,0.9,30,5,4.0,2025-04-07T21:22:44.761847
b0.50_g0.90_sim31.csv,0.5,0.9,31,5,4.0,2025-04-07T21:22:44.761847
b0.50_g0.90_sim32.csv,0.5,0.9,32,5,4.0,2025-04-07T21:22:44.761847
b0.50_g0.90_sim33.csv,0.5,0.9,33,6,5.0,2025-04-07T21:22:44.761847
b0.50_g0.90_sim34.csv,0.5,0.9,34,4,3.0,2025-04-07T21:22:44.761847
b0.50_g0.90_sim35.csv,0.5,0.9,35,6,5.0,2025-04-07T21:22:44.761847
b0.50_g0.90_sim36.csv,0.5,0.9,36,7,6.0,2025-04-07T21:22:44.761847
b0.50_g0.90_sim37.csv,0.5,0.9,37,5,4.0,2025-04-07T21:22:44.761847
b0.50_g0.90_sim38.csv,0.5,0.9,38,6,5.0,2025-04-07T21:22:44.761847
b0.50_g0.90_sim39.csv,0.5,0.9,39,6,5.0,2025-04-07T21:22:44.761847
b0.50_g0.90_sim40.csv,0.5,0.9,40,4,3.0,2025-04-07T21:22:44.761847
b0.50_g0.90_sim41.csv,0.5,0.9,41,6,5.0,2025-04-07T21:22:44.761847
b0.50_g0.90_sim42.csv,0.5,0.9,42,8,7.0,2025-04-07T21:22:44.761847
b0.50_g0.90_sim43.csv,0.5,0.9,43,5,4.0,2025-04-07T21:22:44.761847
b0.50_g0.90_sim44.csv,0.5,0.9,44,9,8.0,2025-04-07T21:22:44.761847
b0.50_g0.90_sim45.csv,0.5,0.9,45,7,6.0,2025-04-07T21:22:44.761847
b0.50_g0.90_sim46.csv,0.5,0.9,46,7,6.0,2025-04-07T21:22:44.761847
b0.50_g0.90_sim47.csv,0.5,0.9,47,5,4.0,2025-04-07T21:22:44.761847
b0.50_g0.90_sim48.csv,0.5,0.9,48,5,4.0,2025-04-07T21:22:44.761847
b0.50_g0.90_sim49.csv,0.5,0.9,49,5,4.0,2025-04-07T21:22:44.761847
b0.50_g1.00_sim0.csv,0.5,1.0,0,5,4.0,2025-04-07T21:22:44.761847
b0.50_g1.00_sim1.csv,0.5,1.0,1,6,5.0,2025-04-07T21:22:44.761847
b0.50_g1.00_sim2.csv,0.5,1.0,2,7,6.0,2025-04-07T21:22:44.761847
b0.50_g1.00_sim3.csv,0.5,1.0,3,5,4.0,2025-04-07T21:22:44.761847
b0.50_g1.00_sim4.csv,0.5,1.0,4,6,5.0,2025-04-07T21:22:44.761847
b0.50_g1.00_sim5.csv,0.5,1.0,5,5,4.0,2025-04-07T21:22:44.761847
b0.50_g1.00_sim6.csv,0.5,1.0,6,7,6.0,2025-04-07T21:22:44.761847
b0.50_g1.00_sim7.csv,0.5,1.0,7,5,4.0,2025-04-07T21:22:44.761847
b0.50_g1.00_sim8.csv,0.5,1.0,8,7,6.0,2025-04-07T21:22:44.761847
b0.50_g1.00_sim9.csv,0.5,1.0,9,7,6.0,2025-04-07T21:22:44.761847
b0.50_g1.00_sim10.csv,0.5,1.0,10,5,4.0,2025-04-07T21:22:44.761847
b0.50_g1.00_sim11.csv,0.5,1.0,11,6,5.0,2025-04-07T21:22:44.761847
b0.50_g1.00_sim12.csv,0.5,1.0,12,5,4.0,2025-04-07T21:22:44.761847
b0.50_g1.00_sim13.csv,0.5,1.0,13,6,5.0,2025-04-07T21:22:44.761847
b0.50_g1.00_sim14.csv,0.5,1.0,14,5,4.0,2025-04-07T21:22:44.761847
b0.50_g1.00_sim15.csv,0.5,1.0,15,7,6.0,2025-04-07T21:22:44.761847
b0.50_g1.00_sim16.csv,0.5,1.0,16,4,3.0,2025-04-07T21:22:44.761847
b0.50_g1.00_sim17.csv,0.5,1.0,17,6,5.0,2025-04-07T21:22:44.761847
b0.50_g1.00_sim18.csv,0.5,1.0,18,5,4.0,2025-04-07T21:22:44.761847
b0.50_g1.00_sim19.csv,0.5,1.0,19,5,4.0,2025-04-07T21:22:44.761847
b0.50_g1.00_sim20.csv,0.5,1.0,20,6,5.0,2025-04-07T21:22:44.761847
b0.50_g1.00_sim21.csv,0.5,1.0,21,5,4.0,2025-04-07T21:22:44.761847
b0.50_g1.00_sim22.csv,0.5,1.0,22,6,5.0,2025-04-07T21:22:44.761847
b0.50_g1.00_sim23.csv,0.5,1.0,23,6,5.0,2025-04-07T21:22:44.761847
b0.50_g1.00_sim24.csv,0.5,1.0,24,6,5.0,2025-04-07T21:22:44.761847
b0.50_g1.00_sim25.csv,0.5,1.0,25,6,5.0,2025-04-07T21:22:44.761847
b0.50_g1.00_sim26.csv,0.5,1.0,26,4,3.0,2025-04-07T21:22:44.761847
b0.50_g1.00_sim27.csv,0.5,1.0,27,7,6.0,2025-04-07T21:22:44.761847
b0.50_g1.00_sim28.csv,0.5,1.0,28,6,5.0,2025-04-07T21:22:44.761847
b0.50_g1.00_sim29.csv,0.5,1.0,29,5,4.0,2025-04-07T21:22:44.761847
b0.50_g1.00_sim30.csv,0.5,1.0,30,5,4.0,2025-04-07T21:22:44.761847
b0.50_g1.00_sim31.csv,0.5,1.0,31,5,4.0,2025-04-07T21:22:44.761847
b0.50_g1.00_sim32.csv,0.5,1.0,32,5,4.0,2025-04-07T21:22:44.761847
b0.50_g1.00_sim33.csv,0.5,1.0,33,4,3.0,2025-04-07T21:22:44.761847
b0.50_g1.00_sim34.csv,0.5,1.0,34,5,4.0,2025-04-07T21:22:44.761847
b0.50_g1.00_sim35.csv,0.5,1.0,35,6,5.0,2025-04-07T21:22:44.761847
b0.50_g1.00_sim36.csv,0.5,1.0,36,6,5.0,2025-04-07T21:22:44.761847
b0.50_g1.00_sim37.csv,0.5,1.0,37,6,5.0,2025-04-07T21:22:44.761847
b0.50_g1.00_sim38.csv,0.5,1.0,38,7,6.0,2025-04-07T21:22:44.761847
b0.50_g1.00_sim39.csv,0.5,1.0,39,6,5.0,2025-04-07T21:22:44.761847
b0.50_g1.00_sim40.csv,0.5,1.0,40,5,4.0,2025-04-07T21:22:44.761847
b0.50_g1.00_sim41.csv,0.5,1.0,41,5,4.0,2025-04-07T21:22:44.761847
b0.50_g1.00_sim42.csv,0.5,1.0,42,5,4.0,2025-04-07T21:22:44.761847
b0.50_g1.00_sim43.csv,0.5,1.0,43,7,6.0,2025-04-07T21:22:44.761847
b0.50_g1.00_sim44.csv,0.5,1.0,44,6,5.0,2025-04-07T21:22:44.761847
b0.50_g1.00_sim45.csv,0.5,1.0,45,4,3.0,2025-04-07T21:22:44.761847
b0.50_g1.00_sim46.csv,0.5,1.0,46,9,8.0,2025-04-07T21:22:44.761847
b0.50_g1.00_sim47.csv,0.5,1.0,47,9,8.0,2025-04-07T21:22:44.761847
b0.50_g1.00_sim48.csv,0.5,1.0,48,6,5.0,2025-04-07T21:22:44.761847
b0.50_g1.00_sim49.csv,0.5,1.0,49,5,4.0,2025-04-07T21:22:44.761847
b0.60_g0.10_sim0.csv,0.6,0.1,0,38,37.0,2025-04-07T21:22:44.761847
b0.60_g0.10_sim1.csv,0.6,0.1,1,43,42.0,2025-04-07T21:22:44.761847
b0.60_g0.10_sim2.csv,0.6,0.1,2,67,66.0,2025-04-07T21:22:44.761847
b0.60_g0.10_sim3.csv,0.6,0.1,3,58,57.0,2025-04-07T21:22:44.761847
b0.60_g0.10_sim4.csv,0.6,0.1,4,59,58.0,2025-04-07T21:22:44.761847
b0.60_g0.10_sim5.csv,0.6,0.1,5,81,80.0,2025-04-07T21:22:44.761847
b0.60_g0.10_sim6.csv,0.6,0.1,6,52,51.0,2025-04-07T21:22:44.761847
b0.60_g0.10_sim7.csv,0.6,0.1,7,50,49.0,2025-04-07T21:22:44.761847
b0.60_g0.10_sim8.csv,0.6,0.1,8,48,47.0,2025-04-07T21:22:44.761847
b0.60_g0.10_sim9.csv,0.6,0.1,9,72,71.0,2025-04-07T21:22:44.761847
b0.60_g0.10_sim10.csv,0.6,0.1,10,42,41.0,2025-04-07T21:22:44.761847
b0.60_g0.10_sim11.csv,0.6,0.1,11,68,67.0,2025-04-07T21:22:44.761847
b0.60_g0.10_sim12.csv,0.6,0.1,12,46,45.0,2025-04-07T21:22:44.761847
b0.60_g0.10_sim13.csv,0.6,0.1,13,39,38.0,2025-04-07T21:22:44.761847
b0.60_g0.10_sim14.csv,0.6,0.1,14,58,57.0,2025-04-07T21:22:44.761847
b0.60_g0.10_sim15.csv,0.6,0.1,15,47,46.0,2025-04-07T21:22:44.761847
b0.60_g0.10_sim16.csv,0.6,0.1,16,65,64.0,2025-04-07T21:22:44.761847
b0.60_g0.10_sim17.csv,0.6,0.1,17,41,40.0,2025-04-07T21:22:44.761847
b0.60_g0.10_sim18.csv,0.6,0.1,18,64,63.0,2025-04-07T21:22:44.761847
b0.60_g0.10_sim19.csv,0.6,0.1,19,50,49.0,2025-04-07T21:22:44.761847
b0.60_g0.10_sim20.csv,0.6,0.1,20,44,43.0,2025-04-07T21:22:44.761847
b0.60_g0.10_sim21.csv,0.6,0.1,21,41,40.0,2025-04-07T21:22:44.761847
b0.60_g0.10_sim22.csv,0.6,0.1,22,48,47.0,2025-04-07T21:22:44.761847
b0.60_g0.10_sim23.csv,0.6,0.1,23,66,65.0,2025-04-07T21:22:44.761847
b0.60_g0.10_sim24.csv,0.6,0.1,24,80,79.0,2025-04-07T21:22:44.761847
b0.60_g0.10_sim25.csv,0.6,0.1,25,54,53.0,2025-04-07T21:22:44.761847
b0.60_g0.10_sim26.csv,0.6,0.1,26,50,49.0,2025-04-07T21:22:44.761847
b0.60_g0.10_sim27.csv,0.6,0.1,27,72,71.0,2025-04-07T21:22:44.761847
b0.60_g0.10_sim28.csv,0.6,0.1,28,69,68.0,2025-04-07T21:22:44.761847
b0.60_g0.10_sim29.csv,0.6,0.1,29,49,48.0,2025-04-07T21:22:44.761847
b0.60_g0.10_sim30.csv,0.6,0.1,30,43,42.0,2025-04-07T21:22:44.761847
b0.60_g0.10_sim31.csv,0.6,0.1,31,56,55.0,2025-04-07T21:22:44.761847
b0.60_g0.10_sim32.csv,0.6,0.1,32,52,51.0,2025-04-07T21:22:44.761847
b0.60_g0.10_sim33.csv,0.6,0.1,33,71,70.0,2025-04-07T21:22:44.761847
b0.60_g0.10_sim34.csv,0.6,0.1,34,50,49.0,2025-04-07T21:22:44.761847
b0.60_g0.10_sim35.csv,0.6,0.1,35,51,50.0,2025-04-07T21:22:44.761847
b0.60_g0.10_sim36.csv,0.6,0.1,36,47,46.0,2025-04-07T21:22:44.761847
b0.60_g0.10_sim37.csv,0.6,0.1,37,49,48.0,2025-04-07T21:22:44.761847
b0.60_g0.10_sim38.csv,0.6,0.1,38,66,65.0,2025-04-07T21:22:44.761847
b0.60_g0.10_sim39.csv,0.6,0.1,39,45,44.0,2025-04-07T21:22:44.761847
b0.60_g0.10_sim40.csv,0.6,0.1,40,35,34.0,2025-04-07T21:22:44.761847
b0.60_g0.10_sim41.csv,0.6,0.1,41,44,43.0,2025-04-07T21:22:44.761847
b0.60_g0.10_sim42.csv,0.6,0.1,42,51,50.0,2025-04-07T21:22:44.761847
b0.60_g0.10_sim43.csv,0.6,0.1,43,51,50.0,2025-04-07T21:22:44.761847
b0.60_g0.10_sim44.csv,0.6,0.1,44,68,67.0,2025-04-07T21:22:44.761847
b0.60_g0.10_sim45.csv,0.6,0.1,45,44,43.0,2025-04-07T21:22:44.761847
b0.60_g0.10_sim46.csv,0.6,0.1,46,70,69.0,2025-04-07T21:22:44.761847
b0.60_g0.10_sim47.csv,0.6,0.1,47,74,73.0,2025-04-07T21:22:44.761847
b0.60_g0.10_sim48.csv,0.6,0.1,48,68,67.0,2025-04-07T21:22:44.761847
b0.60_g0.10_sim49.csv,0.6,0.1,49,36,35.0,2025-04-07T21:22:44.761847
b0.60_g0.20_sim0.csv,0.6,0.2,0,31,30.0,2025-04-07T21:22:44.761847
b0.60_g0.20_sim1.csv,0.6,0.2,1,34,33.0,2025-04-07T21:22:44.761847
b0.60_g0.20_sim2.csv,0.6,0.2,2,32,31.0,2025-04-07T21:22:44.761847
b0.60_g0.20_sim3.csv,0.6,0.2,3,23,22.0,2025-04-07T21:22:44.761847
b0.60_g0.20_sim4.csv,0.6,0.2,4,23,22.0,2025-04-07T21:22:44.761847
b0.60_g0.20_sim5.csv,0.6,0.2,5,21,20.0,2025-04-07T21:22:44.761847
b0.60_g0.20_sim6.csv,0.6,0.2,6,34,33.0,2025-04-07T21:22:44.761847
b0.60_g0.20_sim7.csv,0.6,0.2,7,37,36.0,2025-04-07T21:22:44.761847
b0.60_g0.20_sim8.csv,0.6,0.2,8,30,29.0,2025-04-07T21:22:44.761847
b0.60_g0.20_sim9.csv,0.6,0.2,9,26,25.0,2025-04-07T21:22:44.761847
b0.60_g0.20_sim10.csv,0.6,0.2,10,29,28.0,2025-04-07T21:22:44.761847
b0.60_g0.20_sim11.csv,0.6,0.2,11,28,27.0,2025-04-07T21:22:44.761847
b0.60_g0.20_sim12.csv,0.6,0.2,12,33,32.0,2025-04-07T21:22:44.761847
b0.60_g0.20_sim13.csv,0.6,0.2,13,46,45.0,2025-04-07T21:22:44.761847
b0.60_g0.20_sim14.csv,0.6,0.2,14,19,18.0,2025-04-07T21:22:44.761847
b0.60_g0.20_sim15.csv,0.6,0.2,15,20,19.0,2025-04-07T21:22:44.761847
b0.60_g0.20_sim16.csv,0.6,0.2,16,23,22.0,2025-04-07T21:22:44.761847
b0.60_g0.20_sim17.csv,0.6,0.2,17,27,26.0,2025-04-07T21:22:44.761847
b0.60_g0.20_sim18.csv,0.6,0.2,18,28,27.0,2025-04-07T21:22:44.761847
b0.60_g0.20_sim19.csv,0.6,0.2,19,29,28.0,2025-04-07T21:22:44.761847
b0.60_g0.20_sim20.csv,0.6,0.2,20,20,19.0,2025-04-07T21:22:44.761847
b0.60_g0.20_sim21.csv,0.6,0.2,21,16,15.0,2025-04-07T21:22:44.761847
b0.60_g0.20_sim22.csv,0.6,0.2,22,19,18.0,2025-04-07T21:22:44.761847
b0.60_g0.20_sim23.csv,0.6,0.2,23,49,48.0,2025-04-07T21:22:44.761847
b0.60_g0.20_sim24.csv,0.6,0.2,24,20,19.0,2025-04-07T21:22:44.761847
b0.60_g0.20_sim25.csv,0.6,0.2,25,27,26.0,2025-04-07T21:22:44.761847
b0.60_g0.20_sim26.csv,0.6,0.2,26,31,30.0,2025-04-07T21:22:44.761847
b0.60_g0.20_sim27.csv,0.6,0.2,27,20,19.0,2025-04-07T21:22:44.761847
b0.60_g0.20_sim28.csv,0.6,0.2,28,24,23.0,2025-04-07T21:22:44.761847
b0.60_g0.20_sim29.csv,0.6,0.2,29,32,31.0,2025-04-07T21:22:44.761847
b0.60_g0.20_sim30.csv,0.6,0.2,30,31,30.0,2025-04-07T21:22:44.761847
b0.60_g0.20_sim31.csv,0.6,0.2,31,23,22.0,2025-04-07T21:22:44.761847
b0.60_g0.20_sim32.csv,0.6,0.2,32,22,21.0,2025-04-07T21:22:44.761847
b0.60_g0.20_sim33.csv,0.6,0.2,33,29,28.0,2025-04-07T21:22:44.761847
b0.60_g0.20_sim34.csv,0.6,0.2,34,24,23.0,2025-04-07T21:22:44.761847
b0.60_g0.20_sim35.csv,0.6,0.2,35,23,22.0,2025-04-07T21:22:44.761847
b0.60_g0.20_sim36.csv,0.6,0.2,36,26,25.0,2025-04-07T21:22:44.761847
b0.60_g0.20_sim37.csv,0.6,0.2,37,18,17.0,2025-04-07T21:22:44.761847
b0.60_g0.20_sim38.csv,0.6,0.2,38,50,49.0,2025-04-07T21:22:44.761847
b0.60_g0.20_sim39.csv,0.6,0.2,39,23,22.0,2025-04-07T21:22:44.761847
b0.60_g0.20_sim40.csv,0.6,0.2,40,25,24.0,2025-04-07T21:22:44.761847
b0.60_g0.20_sim41.csv,0.6,0.2,41,36,35.0,2025-04-07T21:22:44.761847
b0.60_g0.20_sim42.csv,0.6,0.2,42,26,25.0,2025-04-07T21:22:44.761847
b0.60_g0.20_sim43.csv,0.6,0.2,43,20,19.0,2025-04-07T21:22:44.761847
b0.60_g0.20_sim44.csv,0.6,0.2,44,26,25.0,2025-04-07T21:22:44.761847
b0.60_g0.20_sim45.csv,0.6,0.2,45,22,21.0,2025-04-07T21:22:44.761847
b0.60_g0.20_sim46.csv,0.6,0.2,46,23,22.0,2025-04-07T21:22:44.761847
b0.60_g0.20_sim47.csv,0.6,0.2,47,20,19.0,2025-04-07T21:22:44.761847
b0.60_g0.20_sim48.csv,0.6,0.2,48,30,29.0,2025-04-07T21:22:44.761847
b0.60_g0.20_sim49.csv,0.6,0.2,49,23,22.0,2025-04-07T21:22:44.761847
b0.60_g0.30_sim0.csv,0.6,0.30000000000000004,0,17,16.0,2025-04-07T21:22:44.761847
b0.60_g0.30_sim1.csv,0.6,0.30000000000000004,1,17,16.0,2025-04-07T21:22:44.761847
b0.60_g0.30_sim2.csv,0.6,0.30000000000000004,2,32,31.0,2025-04-07T21:22:44.761847
b0.60_g0.30_sim3.csv,0.6,0.30000000000000004,3,19,18.0,2025-04-07T21:22:44.761847
b0.60_g0.30_sim4.csv,0.6,0.30000000000000004,4,13,12.0,2025-04-07T21:22:44.761847
b0.60_g0.30_sim5.csv,0.6,0.30000000000000004,5,19,18.0,2025-04-07T21:22:44.761847
b0.60_g0.30_sim6.csv,0.6,0.30000000000000004,6,21,20.0,2025-04-07T21:22:44.761847
b0.60_g0.30_sim7.csv,0.6,0.30000000000000004,7,21,20.0,2025-04-07T21:22:44.761847
b0.60_g0.30_sim8.csv,0.6,0.30000000000000004,8,15,14.0,2025-04-07T21:22:44.761847
b0.60_g0.30_sim9.csv,0.6,0.30000000000000004,9,26,25.0,2025-04-07T21:22:44.761847
b0.60_g0.30_sim10.csv,0.6,0.30000000000000004,10,15,14.0,2025-04-07T21:22:44.761847
b0.60_g0.30_sim11.csv,0.6,0.30000000000000004,11,14,13.0,2025-04-07T21:22:44.761847
b0.60_g0.30_sim12.csv,0.6,0.30000000000000004,12,22,21.0,2025-04-07T21:22:44.761847
b0.60_g0.30_sim13.csv,0.6,0.30000000000000004,13,26,25.0,2025-04-07T21:22:44.761847
b0.60_g0.30_sim14.csv,0.6,0.30000000000000004,14,14,13.0,2025-04-07T21:22:44.761847
b0.60_g0.30_sim15.csv,0.6,0.30000000000000004,15,18,17.0,2025-04-07T21:22:44.761847
b0.60_g0.30_sim16.csv,0.6,0.30000000000000004,16,16,15.0,2025-04-07T21:22:44.761847
b0.60_g0.30_sim17.csv,0.6,0.30000000000000004,17,18,17.0,2025-04-07T21:22:44.761847
b0.60_g0.30_sim18.csv,0.6,0.30000000000000004,18,13,12.0,2025-04-07T21:22:44.761847
b0.60_g0.30_sim19.csv,0.6,0.30000000000000004,19,15,14.0,2025-04-07T21:22:44.761847
b0.60_g0.30_sim20.csv,0.6,0.30000000000000004,20,18,17.0,2025-04-07T21:22:44.761847
b0.60_g0.30_sim21.csv,0.6,0.30000000000000004,21,17,16.0,2025-04-07T21:22:44.761847
b0.60_g0.30_sim22.csv,0.6,0.30000000000000004,22,13,12.0,2025-04-07T21:22:44.761847
b0.60_g0.30_sim23.csv,0.6,0.30000000000000004,23,16,15.0,2025-04-07T21:22:44.761847
b0.60_g0.30_sim24.csv,0.6,0.30000000000000004,24,22,21.0,2025-04-07T21:22:44.761847
b0.60_g0.30_sim25.csv,0.6,0.30000000000000004,25,25,24.0,2025-04-07T21:22:44.761847
b0.60_g0.30_sim26.csv,0.6,0.30000000000000004,26,12,11.0,2025-04-07T21:22:44.761847
b0.60_g0.30_sim27.csv,0.6,0.30000000000000004,27,17,16.0,2025-04-07T21:22:44.761847
b0.60_g0.30_sim28.csv,0.6,0.30000000000000004,28,11,10.0,2025-04-07T21:22:44.761847
b0.60_g0.30_sim29.csv,0.6,0.30000000000000004,29,13,12.0,2025-04-07T21:22:44.761847
b0.60_g0.30_sim30.csv,0.6,0.30000000000000004,30,13,12.0,2025-04-07T21:22:44.761847
b0.60_g0.30_sim31.csv,0.6,0.30000000000000004,31,13,12.0,2025-04-07T21:22:44.761847
b0.60_g0.30_sim32.csv,0.6,0.30000000000000004,32,15,14.0,2025-04-07T21:22:44.761847
b0.60_g0.30_sim33.csv,0.6,0.30000000000000004,33,21,20.0,2025-04-07T21:22:44.761847
b0.60_g0.30_sim34.csv,0.6,0.30000000000000004,34,18,17.0,2025-04-07T21:22:44.761847
b0.60_g0.30_sim35.csv,0.6,0.30000000000000004,35,19,18.0,2025-04-07T21:22:44.761847
b0.60_g0.30_sim36.csv,0.6,0.30000000000000004,36,22,21.0,2025-04-07T21:22:44.761847
b0.60_g0.30_sim37.csv,0.6,0.30000000000000004,37,25,24.0,2025-04-07T21:22:44.761847
b0.60_g0.30_sim38.csv,0.6,0.30000000000000004,38,18,17.0,2025-04-07T21:22:44.761847
b0.60_g0.30_sim39.csv,0.6,0.30000000000000004,39,16,15.0,2025-04-07T21:22:44.761847
b0.60_g0.30_sim40.csv,0.6,0.30000000000000004,40,18,17.0,2025-04-07T21:22:44.761847
b0.60_g0.30_sim41.csv,0.6,0.30000000000000004,41,19,18.0,2025-04-07T21:22:44.761847
b0.60_g0.30_sim42.csv,0.6,0.30000000000000004,42,25,24.0,2025-04-07T21:22:44.761847
b0.60_g0.30_sim43.csv,0.6,0.30000000000000004,43,15,14.0,2025-04-07T21:22:44.761847
b0.60_g0.30_sim44.csv,0.6,0.30000000000000004,44,14,13.0,2025-04-07T21:22:44.761847
b0.60_g0.30_sim45.csv,0.6,0.30000000000000004,45,13,12.0,2025-04-07T21:22:44.761847
b0.60_g0.30_sim46.csv,0.6,0.30000000000000004,46,18,17.0,2025-04-07T21:22:44.761847
b0.60_g0.30_sim47.csv,0.6,0.30000000000000004,47,16,15.0,2025-04-07T21:22:44.761847
b0.60_g0.30_sim48.csv,0.6,0.30000000000000004,48,18,17.0,2025-04-07T21:22:44.761847
b0.60_g0.30_sim49.csv,0.6,0.30000000000000004,49,18,17.0,2025-04-07T21:22:44.761847
b0.60_g0.40_sim0.csv,0.6,0.4,0,14,13.0,2025-04-07T21:22:44.761847
b0.60_g0.40_sim1.csv,0.6,0.4,1,19,18.0,2025-04-07T21:22:44.761847
b0.60_g0.40_sim2.csv,0.6,0.4,2,13,12.0,2025-04-07T21:22:44.761847
b0.60_g0.40_sim3.csv,0.6,0.4,3,11,10.0,2025-04-07T21:22:44.761847
b0.60_g0.40_sim4.csv,0.6,0.4,4,16,15.0,2025-04-07T21:22:44.761847
b0.60_g0.40_sim5.csv,0.6,0.4,5,13,12.0,2025-04-07T21:22:44.761847
b0.60_g0.40_sim6.csv,0.6,0.4,6,14,13.0,2025-04-07T21:22:44.761847
b0.60_g0.40_sim7.csv,0.6,0.4,7,23,22.0,2025-04-07T21:22:44.761847
b0.60_g0.40_sim8.csv,0.6,0.4,8,10,9.0,2025-04-07T21:22:44.761847
b0.60_g0.40_sim9.csv,0.6,0.4,9,12,11.0,2025-04-07T21:22:44.761847
b0.60_g0.40_sim10.csv,0.6,0.4,10,15,14.0,2025-04-07T21:22:44.761847
b0.60_g0.40_sim11.csv,0.6,0.4,11,14,13.0,2025-04-07T21:22:44.761847
b0.60_g0.40_sim12.csv,0.6,0.4,12,10,9.0,2025-04-07T21:22:44.761847
b0.60_g0.40_sim13.csv,0.6,0.4,13,12,11.0,2025-04-07T21:22:44.761847
b0.60_g0.40_sim14.csv,0.6,0.4,14,12,11.0,2025-04-07T21:22:44.761847
b0.60_g0.40_sim15.csv,0.6,0.4,15,14,13.0,2025-04-07T21:22:44.761847
b0.60_g0.40_sim16.csv,0.6,0.4,16,10,9.0,2025-04-07T21:22:44.761847
b0.60_g0.40_sim17.csv,0.6,0.4,17,13,12.0,2025-04-07T21:22:44.761847
b0.60_g0.40_sim18.csv,0.6,0.4,18,20,19.0,2025-04-07T21:22:44.761847
b0.60_g0.40_sim19.csv,0.6,0.4,19,18,17.0,2025-04-07T21:22:44.761847
b0.60_g0.40_sim20.csv,0.6,0.4,20,14,13.0,2025-04-07T21:22:44.761847
b0.60_g0.40_sim21.csv,0.6,0.4,21,11,10.0,2025-04-07T21:22:44.761847
b0.60_g0.40_sim22.csv,0.6,0.4,22,11,10.0,2025-04-07T21:22:44.761847
b0.60_g0.40_sim23.csv,0.6,0.4,23,15,14.0,2025-04-07T21:22:44.761847
b0.60_g0.40_sim24.csv,0.6,0.4,24,15,14.0,2025-04-07T21:22:44.761847
b0.60_g0.40_sim25.csv,0.6,0.4,25,16,15.0,2025-04-07T21:22:44.761847
b0.60_g0.40_sim26.csv,0.6,0.4,26,15,14.0,2025-04-07T21:22:44.761847
b0.60_g0.40_sim27.csv,0.6,0.4,27,19,18.0,2025-04-07T21:22:44.761847
b0.60_g0.40_sim28.csv,0.6,0.4,28,13,12.0,2025-04-07T21:22:44.761847
b0.60_g0.40_sim29.csv,0.6,0.4,29,16,15.0,2025-04-07T21:22:44.761847
b0.60_g0.40_sim30.csv,0.6,0.4,30,8,7.0,2025-04-07T21:22:44.761847
b0.60_g0.40_sim31.csv,0.6,0.4,31,13,12.0,2025-04-07T21:22:44.761847
b0.60_g0.40_sim32.csv,0.6,0.4,32,14,13.0,2025-04-07T21:22:44.761847
b0.60_g0.40_sim33.csv,0.6,0.4,33,14,13.0,2025-04-07T21:22:44.761847
b0.60_g0.40_sim34.csv,0.6,0.4,34,12,11.0,2025-04-07T21:22:44.761847
b0.60_g0.40_sim35.csv,0.6,0.4,35,15,14.0,2025-04-07T21:22:44.761847
b0.60_g0.40_sim36.csv,0.6,0.4,36,16,15.0,2025-04-07T21:22:44.761847
b0.60_g0.40_sim37.csv,0.6,0.4,37,13,12.0,2025-04-07T21:22:44.761847
b0.60_g0.40_sim38.csv,0.6,0.4,38,22,21.0,2025-04-07T21:22:44.761847
b0.60_g0.40_sim39.csv,0.6,0.4,39,11,10.0,2025-04-07T21:22:44.761847
b0.60_g0.40_sim40.csv,0.6,0.4,40,11,10.0,2025-04-07T21:22:44.761847
b0.60_g0.40_sim41.csv,0.6,0.4,41,12,11.0,2025-04-07T21:22:44.761847
b0.60_g0.40_sim42.csv,0.6,0.4,42,16,15.0,2025-04-07T21:22:44.761847
b0.60_g0.40_sim43.csv,0.6,0.4,43,17,16.0,2025-04-07T21:22:44.761847
b0.60_g0.40_sim44.csv,0.6,0.4,44,14,13.0,2025-04-07T21:22:44.761847
b0.60_g0.40_sim45.csv,0.6,0.4,45,10,9.0,2025-04-07T21:22:44.761847
b0.60_g0.40_sim46.csv,0.6,0.4,46,13,12.0,2025-04-07T21:22:44.761847
b0.60_g0.40_sim47.csv,0.6,0.4,47,16,15.0,2025-04-07T21:22:44.761847
b0.60_g0.40_sim48.csv,0.6,0.4,48,10,9.0,2025-04-07T21:22:44.761847
b0.60_g0.40_sim49.csv,0.6,0.4,49,14,13.0,2025-04-07T21:22:44.761847
b0.60_g0.50_sim0.csv,0.6,0.5,0,11,10.0,2025-04-07T21:22:44.761847
b0.60_g0.50_sim1.csv,0.6,0.5,1,10,9.0,2025-04-07T21:22:44.761847
b0.60_g0.50_sim2.csv,0.6,0.5,2,11,10.0,2025-04-07T21:22:44.761847
b0.60_g0.50_sim3.csv,0.6,0.5,3,9,8.0,2025-04-07T21:22:44.761847
b0.60_g0.50_sim4.csv,0.6,0.5,4,15,14.0,2025-04-07T21:22:44.761847
b0.60_g0.50_sim5.csv,0.6,0.5,5,12,11.0,2025-04-07T21:22:44.761847
b0.60_g0.50_sim6.csv,0.6,0.5,6,17,16.0,2025-04-07T21:22:44.761847
b0.60_g0.50_sim7.csv,0.6,0.5,7,10,9.0,2025-04-07T21:22:44.761847
b0.60_g0.50_sim8.csv,0.6,0.5,8,8,7.0,2025-04-07T21:22:44.761847
b0.60_g0.50_sim9.csv,0.6,0.5,9,10,9.0,2025-04-07T21:22:44.761847
b0.60_g0.50_sim10.csv,0.6,0.5,10,10,9.0,2025-04-07T21:22:44.761847
b0.60_g0.50_sim11.csv,0.6,0.5,11,16,15.0,2025-04-07T21:22:44.761847
b0.60_g0.50_sim12.csv,0.6,0.5,12,14,13.0,2025-04-07T21:22:44.761847
b0.60_g0.50_sim13.csv,0.6,0.5,13,12,11.0,2025-04-07T21:22:44.761847
b0.60_g0.50_sim14.csv,0.6,0.5,14,13,12.0,2025-04-07T21:22:44.761847
b0.60_g0.50_sim15.csv,0.6,0.5,15,12,11.0,2025-04-07T21:22:44.761847
b0.60_g0.50_sim16.csv,0.6,0.5,16,12,11.0,2025-04-07T21:22:44.761847
b0.60_g0.50_sim17.csv,0.6,0.5,17,9,8.0,2025-04-07T21:22:44.761847
b0.60_g0.50_sim18.csv,0.6,0.5,18,12,11.0,2025-04-07T21:22:44.761847
b0.60_g0.50_sim19.csv,0.6,0.5,19,20,19.0,2025-04-07T21:22:44.761847
b0.60_g0.50_sim20.csv,0.6,0.5,20,10,9.0,2025-04-07T21:22:44.761847
b0.60_g0.50_sim21.csv,0.6,0.5,21,13,12.0,2025-04-07T21:22:44.761847
b0.60_g0.50_sim22.csv,0.6,0.5,22,10,9.0,2025-04-07T21:22:44.761847
b0.60_g0.50_sim23.csv,0.6,0.5,23,15,14.0,2025-04-07T21:22:44.761847
b0.60_g0.50_sim24.csv,0.6,0.5,24,11,10.0,2025-04-07T21:22:44.761847
b0.60_g0.50_sim25.csv,0.6,0.5,25,12,11.0,2025-04-07T21:22:44.761847
b0.60_g0.50_sim26.csv,0.6,0.5,26,13,12.0,2025-04-07T21:22:44.761847
b0.60_g0.50_sim27.csv,0.6,0.5,27,16,15.0,2025-04-07T21:22:44.761847
b0.60_g0.50_sim28.csv,0.6,0.5,28,7,6.0,2025-04-07T21:22:44.761847
b0.60_g0.50_sim29.csv,0.6,0.5,29,11,10.0,2025-04-07T21:22:44.761847
b0.60_g0.50_sim30.csv,0.6,0.5,30,7,6.0,2025-04-07T21:22:44.761847
b0.60_g0.50_sim31.csv,0.6,0.5,31,9,8.0,2025-04-07T21:22:44.761847
b0.60_g0.50_sim32.csv,0.6,0.5,32,12,11.0,2025-04-07T21:22:44.761847
b0.60_g0.50_sim33.csv,0.6,0.5,33,14,13.0,2025-04-07T21:22:44.761847
b0.60_g0.50_sim34.csv,0.6,0.5,34,12,11.0,2025-04-07T21:22:44.761847
b0.60_g0.50_sim35.csv,0.6,0.5,35,9,8.0,2025-04-07T21:22:44.761847
b0.60_g0.50_sim36.csv,0.6,0.5,36,10,9.0,2025-04-07T21:22:44.761847
b0.60_g0.50_sim37.csv,0.6,0.5,37,13,12.0,2025-04-07T21:22:44.761847
b0.60_g0.50_sim38.csv,0.6,0.5,38,8,7.0,2025-04-07T21:22:44.761847
b0.60_g0.50_sim39.csv,0.6,0.5,39,9,8.0,2025-04-07T21:22:44.761847
b0.60_g0.50_sim40.csv,0.6,0.5,40,13,12.0,2025-04-07T21:22:44.761847
b0.60_g0.50_sim41.csv,0.6,0.5,41,9,8.0,2025-04-07T21:22:44.761847
b0.60_g0.50_sim42.csv,0.6,0.5,42,12,11.0,2025-04-07T21:22:44.761847
b0.60_g0.50_sim43.csv,0.6,0.5,43,12,11.0,2025-04-07T21:22:44.761847
b0.60_g0.50_sim44.csv,0.6,0.5,44,11,10.0,2025-04-07T21:22:44.761847
b0.60_g0.50_sim45.csv,0.6,0.5,45,9,8.0,2025-04-07T21:22:44.761847
b0.60_g0.50_sim46.csv,0.6,0.5,46,10,9.0,2025-04-07T21:22:44.761847
b0.60_g0.50_sim47.csv,0.6,0.5,47,8,7.0,2025-04-07T21:22:44.761847
b0.60_g0.50_sim48.csv,0.6,0.5,48,7,6.0,2025-04-07T21:22:44.761847
b0.60_g0.50_sim49.csv,0.6,0.5,49,9,8.0,2025-04-07T21:22:44.761847
b0.60_g0.60_sim0.csv,0.6,0.6,0,10,9.0,2025-04-07T21:22:44.761847
b0.60_g0.60_sim1.csv,0.6,0.6,1,8,7.0,2025-04-07T21:22:44.761847
b0.60_g0.60_sim2.csv,0.6,0.6,2,9,8.0,2025-04-07T21:22:44.761847
b0.60_g0.60_sim3.csv,0.6,0.6,3,8,7.0,2025-04-07T21:22:44.761847
b0.60_g0.60_sim4.csv,0.6,0.6,4,6,5.0,2025-04-07T21:22:44.761847
b0.60_g0.60_sim5.csv,0.6,0.6,5,6,5.0,2025-04-07T21:22:44.761847
b0.60_g0.60_sim6.csv,0.6,0.6,6,9,8.0,2025-04-07T21:22:44.761847
b0.60_g0.60_sim7.csv,0.6,0.6,7,12,11.0,2025-04-07T21:22:44.761847
b0.60_g0.60_sim8.csv,0.6,0.6,8,10,9.0,2025-04-07T21:22:44.761847
b0.60_g0.60_sim9.csv,0.6,0.6,9,7,6.0,2025-04-07T21:22:44.761847
b0.60_g0.60_sim10.csv,0.6,0.6,10,8,7.0,2025-04-07T21:22:44.761847
b0.60_g0.60_sim11.csv,0.6,0.6,11,7,6.0,2025-04-07T21:22:44.761847
b0.60_g0.60_sim12.csv,0.6,0.6,12,8,7.0,2025-04-07T21:22:44.761847
b0.60_g0.60_sim13.csv,0.6,0.6,13,9,8.0,2025-04-07T21:22:44.761847
b0.60_g0.60_sim14.csv,0.6,0.6,14,7,6.0,2025-04-07T21:22:44.761847
b0.60_g0.60_sim15.csv,0.6,0.6,15,8,7.0,2025-04-07T21:22:44.761847
b0.60_g0.60_sim16.csv,0.6,0.6,16,14,13.0,2025-04-07T21:22:44.761847
b0.60_g0.60_sim17.csv,0.6,0.6,17,9,8.0,2025-04-07T21:22:44.761847
b0.60_g0.60_sim18.csv,0.6,0.6,18,8,7.0,2025-04-07T21:22:44.761847
b0.60_g0.60_sim19.csv,0.6,0.6,19,9,8.0,2025-04-07T21:22:44.761847
b0.60_g0.60_sim20.csv,0.6,0.6,20,9,8.0,2025-04-07T21:22:44.761847
b0.60_g0.60_sim21.csv,0.6,0.6,21,9,8.0,2025-04-07T21:22:44.761847
b0.60_g0.60_sim22.csv,0.6,0.6,22,11,10.0,2025-04-07T21:22:44.761847
b0.60_g0.60_sim23.csv,0.6,0.6,23,9,8.0,2025-04-07T21:22:44.761847
b0.60_g0.60_sim24.csv,0.6,0.6,24,9,8.0,2025-04-07T21:22:44.761847
b0.60_g0.60_sim25.csv,0.6,0.6,25,7,6.0,2025-04-07T21:22:44.761847
b0.60_g0.60_sim26.csv,0.6,0.6,26,6,5.0,2025-04-07T21:22:44.761847
b0.60_g0.60_sim27.csv,0.6,0.6,27,9,8.0,2025-04-07T21:22:44.761847
b0.60_g0.60_sim28.csv,0.6,0.6,28,7,6.0,2025-04-07T21:22:44.761847
b0.60_g0.60_sim29.csv,0.6,0.6,29,10,9.0,2025-04-07T21:22:44.761847
b0.60_g0.60_sim30.csv,0.6,0.6,30,10,9.0,2025-04-07T21:22:44.761847
b0.60_g0.60_sim31.csv,0.6,0.6,31,15,14.0,2025-04-07T21:22:44.761847
b0.60_g0.60_sim32.csv,0.6,0.6,32,8,7.0,2025-04-07T21:22:44.761847
b0.60_g0.60_sim33.csv,0.6,0.6,33,7,6.0,2025-04-07T21:22:44.761847
b0.60_g0.60_sim34.csv,0.6,0.6,34,9,8.0,2025-04-07T21:22:44.761847
b0.60_g0.60_sim35.csv,0.6,0.6,35,7,6.0,2025-04-07T21:22:44.761847
b0.60_g0.60_sim36.csv,0.6,0.6,36,9,8.0,2025-04-07T21:22:44.761847
b0.60_g0.60_sim37.csv,0.6,0.6,37,8,7.0,2025-04-07T21:22:44.761847
b0.60_g0.60_sim38.csv,0.6,0.6,38,9,8.0,2025-04-07T21:22:44.761847
b0.60_g0.60_sim39.csv,0.6,0.6,39,8,7.0,2025-04-07T21:22:44.761847
b0.60_g0.60_sim40.csv,0.6,0.6,40,8,7.0,2025-04-07T21:22:44.761847
b0.60_g0.60_sim41.csv,0.6,0.6,41,12,11.0,2025-04-07T21:22:44.761847
b0.60_g0.60_sim42.csv,0.6,0.6,42,8,7.0,2025-04-07T21:22:44.761847
b0.60_g0.60_sim43.csv,0.6,0.6,43,8,7.0,2025-04-07T21:22:44.761847
b0.60_g0.60_sim44.csv,0.6,0.6,44,7,6.0,2025-04-07T21:22:44.761847
b0.60_g0.60_sim45.csv,0.6,0.6,45,11,10.0,2025-04-07T21:22:44.761847
b0.60_g0.60_sim46.csv,0.6,0.6,46,10,9.0,2025-04-07T21:22:44.761847
b0.60_g0.60_sim47.csv,0.6,0.6,47,6,5.0,2025-04-07T21:22:44.761847
b0.60_g0.60_sim48.csv,0.6,0.6,48,9,8.0,2025-04-07T21:22:44.761847
b0.60_g0.60_sim49.csv,0.6,0.6,49,7,6.0,2025-04-07T21:22:44.761847
b0.60_g0.70_sim0.csv,0.6,0.7000000000000001,0,8,7.0,2025-04-07T21:22:44.761847
b0.60_g0.70_sim1.csv,0.6,0.7000000000000001,1,9,8.0,2025-04-07T21:22:44.761847
b0.60_g0.70_sim2.csv,0.6,0.7000000000000001,2,7,6.0,2025-04-07T21:22:44.761847
b0.60_g0.70_sim3.csv,0.6,0.7000000000000001,3,7,6.0,2025-04-07T21:22:44.761847
b0.60_g0.70_sim4.csv,0.6,0.7000000000000001,4,10,9.0,2025-04-07T21:22:44.761847
b0.60_g0.70_sim5.csv,0.6,0.7000000000000001,5,9,8.0,2025-04-07T21:22:44.761847
b0.60_g0.70_sim6.csv,0.6,0.7000000000000001,6,6,5.0,2025-04-07T21:22:44.761847
b0.60_g0.70_sim7.csv,0.6,0.7000000000000001,7,8,7.0,2025-04-07T21:22:44.761847
b0.60_g0.70_sim8.csv,0.6,0.7000000000000001,8,7,6.0,2025-04-07T21:22:44.761847
b0.60_g0.70_sim9.csv,0.6,0.7000000000000001,9,11,10.0,2025-04-07T21:22:44.761847
b0.60_g0.70_sim10.csv,0.6,0.7000000000000001,10,7,6.0,2025-04-07T21:22:44.761847
b0.60_g0.70_sim11.csv,0.6,0.7000000000000001,11,9,8.0,2025-04-07T21:22:44.761847
b0.60_g0.70_sim12.csv,0.6,0.7000000000000001,12,8,7.0,2025-04-07T21:22:44.761847
b0.60_g0.70_sim13.csv,0.6,0.7000000000000001,13,7,6.0,2025-04-07T21:22:44.761847
b0.60_g0.70_sim14.csv,0.6,0.7000000000000001,14,10,9.0,2025-04-07T21:22:44.761847
b0.60_g0.70_sim15.csv,0.6,0.7000000000000001,15,7,6.0,2025-04-07T21:22:44.761847
b0.60_g0.70_sim16.csv,0.6,0.7000000000000001,16,7,6.0,2025-04-07T21:22:44.761847
b0.60_g0.70_sim17.csv,0.6,0.7000000000000001,17,7,6.0,2025-04-07T21:22:44.761847
b0.60_g0.70_sim18.csv,0.6,0.7000000000000001,18,6,5.0,2025-04-07T21:22:44.761847
b0.60_g0.70_sim19.csv,0.6,0.7000000000000001,19,10,9.0,2025-04-07T21:22:44.761847
b0.60_g0.70_sim20.csv,0.6,0.7000000000000001,20,9,8.0,2025-04-07T21:22:44.761847
b0.60_g0.70_sim21.csv,0.6,0.7000000000000001,21,6,5.0,2025-04-07T21:22:44.761847
b0.60_g0.70_sim22.csv,0.6,0.7000000000000001,22,7,6.0,2025-04-07T21:22:44.761847
b0.60_g0.70_sim23.csv,0.6,0.7000000000000001,23,9,8.0,2025-04-07T21:22:44.761847
b0.60_g0.70_sim24.csv,0.6,0.7000000000000001,24,7,6.0,2025-04-07T21:22:44.761847
b0.60_g0.70_sim25.csv,0.6,0.7000000000000001,25,6,5.0,2025-04-07T21:22:44.761847
b0.60_g0.70_sim26.csv,0.6,0.7000000000000001,26,7,6.0,2025-04-07T21:22:44.761847
b0.60_g0.70_sim27.csv,0.6,0.7000000000000001,27,7,6.0,2025-04-07T21:22:44.761847
b0.60_g0.70_sim28.csv,0.6,0.7000000000000001,28,8,7.0,2025-04-07T21:22:44.761847
b0.60_g0.70_sim29.csv,0.6,0.7000000000000001,29,8,7.0,2025-04-07T21:22:44.761847
b0.60_g0.70_sim30.csv,0.6,0.7000000000000001,30,10,9.0,2025-04-07T21:22:44.761847
b0.60_g0.70_sim31.csv,0.6,0.7000000000000001,31,8,7.0,2025-04-07T21:22:44.761847
b0.60_g0.70_sim32.csv,0.6,0.7000000000000001,32,11,10.0,2025-04-07T21:22:44.761847
b0.60_g0.70_sim33.csv,0.6,0.7000000000000001,33,7,6.0,2025-04-07T21:22:44.761847
b0.60_g0.70_sim34.csv,0.6,0.7000000000000001,34,7,6.0,2025-04-07T21:22:44.761847
b0.60_g0.70_sim35.csv,0.6,0.7000000000000001,35,13,12.0,2025-04-07T21:22:44.761847
b0.60_g0.70_sim36.csv,0.6,0.7000000000000001,36,10,9.0,2025-04-07T21:22:44.761847
b0.60_g0.70_sim37.csv,0.6,0.7000000000000001,37,8,7.0,2025-04-07T21:22:44.761847
b0.60_g0.70_sim38.csv,0.6,0.7000000000000001,38,9,8.0,2025-04-07T21:22:44.761847
b0.60_g0.70_sim39.csv,0.6,0.7000000000000001,39,11,10.0,2025-04-07T21:22:44.761847
b0.60_g0.70_sim40.csv,0.6,0.7000000000000001,40,7,6.0,2025-04-07T21:22:44.761847
b0.60_g0.70_sim41.csv,0.6,0.7000000000000001,41,7,6.0,2025-04-07T21:22:44.761847
b0.60_g0.70_sim42.csv,0.6,0.7000000000000001,42,9,8.0,2025-04-07T21:22:44.761847
b0.60_g0.70_sim43.csv,0.6,0.7000000000000001,43,6,5.0,2025-04-07T21:22:44.761847
b0.60_g0.70_sim44.csv,0.6,0.7000000000000001,44,9,8.0,2025-04-07T21:22:44.761847
b0.60_g0.70_sim45.csv,0.6,0.7000000000000001,45,7,6.0,2025-04-07T21:22:44.761847
b0.60_g0.70_sim46.csv,0.6,0.7000000000000001,46,7,6.0,2025-04-07T21:22:44.761847
b0.60_g0.70_sim47.csv,0.6,0.7000000000000001,47,8,7.0,2025-04-07T21:22:44.761847
b0.60_g0.70_sim48.csv,0.6,0.7000000000000001,48,8,7.0,2025-04-07T21:22:44.761847
b0.60_g0.70_sim49.csv,0.6,0.7000000000000001,49,9,8.0,2025-04-07T21:22:44.761847
b0.60_g0.80_sim0.csv,0.6,0.8,0,7,6.0,2025-04-07T21:22:44.761847
b0.60_g0.80_sim1.csv,0.6,0.8,1,5,4.0,2025-04-07T21:22:44.761847
b0.60_g0.80_sim2.csv,0.6,0.8,2,7,6.0,2025-04-07T21:22:44.761847
b0.60_g0.80_sim3.csv,0.6,0.8,3,10,9.0,2025-04-07T21:22:44.761847
b0.60_g0.80_sim4.csv,0.6,0.8,4,7,6.0,2025-04-07T21:22:44.761847
b0.60_g0.80_sim5.csv,0.6,0.8,5,5,4.0,2025-04-07T21:22:44.761847
b0.60_g0.80_sim6.csv,0.6,0.8,6,7,6.0,2025-04-07T21:22:44.761847
b0.60_g0.80_sim7.csv,0.6,0.8,7,5,4.0,2025-04-07T21:22:44.761847
b0.60_g0.80_sim8.csv,0.6,0.8,8,8,7.0,2025-04-07T21:22:44.761847
b0.60_g0.80_sim9.csv,0.6,0.8,9,7,6.0,2025-04-07T21:22:44.761847
b0.60_g0.80_sim10.csv,0.6,0.8,10,5,4.0,2025-04-07T21:22:44.761847
b0.60_g0.80_sim11.csv,0.6,0.8,11,5,4.0,2025-04-07T21:22:44.761847
b0.60_g0.80_sim12.csv,0.6,0.8,12,5,4.0,2025-04-07T21:22:44.761847
b0.60_g0.80_sim13.csv,0.6,0.8,13,8,7.0,2025-04-07T21:22:44.761847
b0.60_g0.80_sim14.csv,0.6,0.8,14,8,7.0,2025-04-07T21:22:44.761847
b0.60_g0.80_sim15.csv,0.6,0.8,15,8,7.0,2025-04-07T21:22:44.761847
b0.60_g0.80_sim16.csv,0.6,0.8,16,6,5.0,2025-04-07T21:22:44.761847
b0.60_g0.80_sim17.csv,0.6,0.8,17,6,5.0,2025-04-07T21:22:44.761847
b0.60_g0.80_sim18.csv,0.6,0.8,18,10,9.0,2025-04-07T21:22:44.761847
b0.60_g0.80_sim19.csv,0.6,0.8,19,6,5.0,2025-04-07T21:22:44.761847
b0.60_g0.80_sim20.csv,0.6,0.8,20,7,6.0,2025-04-07T21:22:44.761847
b0.60_g0.80_sim21.csv,0.6,0.8,21,7,6.0,2025-04-07T21:22:44.761847
b0.60_g0.80_sim22.csv,0.6,0.8,22,6,5.0,2025-04-07T21:22:44.761847
b0.60_g0.80_sim23.csv,0.6,0.8,23,6,5.0,2025-04-07T21:22:44.761847
b0.60_g0.80_sim24.csv,0.6,0.8,24,9,8.0,2025-04-07T21:22:44.761847
b0.60_g0.80_sim25.csv,0.6,0.8,25,5,4.0,2025-04-07T21:22:44.761847
b0.60_g0.80_sim26.csv,0.6,0.8,26,12,11.0,2025-04-07T21:22:44.761847
b0.60_g0.80_sim27.csv,0.6,0.8,27,6,5.0,2025-04-07T21:22:44.761847
b0.60_g0.80_sim28.csv,0.6,0.8,28,7,6.0,2025-04-07T21:22:44.761847
b0.60_g0.80_sim29.csv,0.6,0.8,29,5,4.0,2025-04-07T21:22:44.761847
b0.60_g0.80_sim30.csv,0.6,0.8,30,11,10.0,2025-04-07T21:22:44.761847
b0.60_g0.80_sim31.csv,0.6,0.8,31,7,6.0,2025-04-07T21:22:44.761847
b0.60_g0.80_sim32.csv,0.6,0.8,32,6,5.0,2025-04-07T21:22:44.761847
b0.60_g0.80_sim33.csv,0.6,0.8,33,8,7.0,2025-04-07T21:22:44.761847
b0.60_g0.80_sim34.csv,0.6,0.8,34,7,6.0,2025-04-07T21:22:44.761847
b0.60_g0.80_sim35.csv,0.6,0.8,35,7,6.0,2025-04-07T21:22:44.761847
b0.60_g0.80_sim36.csv,0.6,0.8,36,9,8.0,2025-04-07T21:22:44.761847
b0.60_g0.80_sim37.csv,0.6,0.8,37,11,10.0,2025-04-07T21:22:44.761847
b0.60_g0.80_sim38.csv,0.6,0.8,38,6,5.0,2025-04-07T21:22:44.761847
b0.60_g0.80_sim39.csv,0.6,0.8,39,7,6.0,2025-04-07T21:22:44.761847
b0.60_g0.80_sim40.csv,0.6,0.8,40,7,6.0,2025-04-07T21:22:44.761847
b0.60_g0.80_sim41.csv,0.6,0.8,41,7,6.0,2025-04-07T21:22:44.761847
b0.60_g0.80_sim42.csv,0.6,0.8,42,8,7.0,2025-04-07T21:22:44.761847
b0.60_g0.80_sim43.csv,0.6,0.8,43,8,7.0,2025-04-07T21:22:44.761847
b0.60_g0.80_sim44.csv,0.6,0.8,44,11,10.0,2025-04-07T21:22:44.761847
b0.60_g0.80_sim45.csv,0.6,0.8,45,8,7.0,2025-04-07T21:22:44.761847
b0.60_g0.80_sim46.csv,0.6,0.8,46,7,6.0,2025-04-07T21:22:44.761847
b0.60_g0.80_sim47.csv,0.6,0.8,47,8,7.0,2025-04-07T21:22:44.761847
b0.60_g0.80_sim48.csv,0.6,0.8,48,7,6.0,2025-04-07T21:22:44.761847
b0.60_g0.80_sim49.csv,0.6,0.8,49,10,9.0,2025-04-07T21:22:44.761847
b0.60_g0.90_sim0.csv,0.6,0.9,0,5,4.0,2025-04-07T21:22:44.761847
b0.60_g0.90_sim1.csv,0.6,0.9,1,5,4.0,2025-04-07T21:22:44.761847
b0.60_g0.90_sim2.csv,0.6,0.9,2,11,10.0,2025-04-07T21:22:44.761847
b0.60_g0.90_sim3.csv,0.6,0.9,3,6,5.0,2025-04-07T21:22:44.761847
b0.60_g0.90_sim4.csv,0.6,0.9,4,7,6.0,2025-04-07T21:22:44.761847
b0.60_g0.90_sim5.csv,0.6,0.9,5,6,5.0,2025-04-07T21:22:44.761847
b0.60_g0.90_sim6.csv,0.6,0.9,6,6,5.0,2025-04-07T21:22:44.761847
b0.60_g0.90_sim7.csv,0.6,0.9,7,6,5.0,2025-04-07T21:22:44.761847
b0.60_g0.90_sim8.csv,0.6,0.9,8,5,4.0,2025-04-07T21:22:44.761847
b0.60_g0.90_sim9.csv,0.6,0.9,9,8,7.0,2025-04-07T21:22:44.761847
b0.60_g0.90_sim10.csv,0.6,0.9,10,6,5.0,2025-04-07T21:22:44.761847
b0.60_g0.90_sim11.csv,0.6,0.9,11,6,5.0,2025-04-07T21:22:44.761847
b0.60_g0.90_sim12.csv,0.6,0.9,12,6,5.0,2025-04-07T21:22:44.761847
b0.60_g0.90_sim13.csv,0.6,0.9,13,5,4.0,2025-04-07T21:22:44.761847
b0.60_g0.90_sim14.csv,0.6,0.9,14,6,5.0,2025-04-07T21:22:44.761847
b0.60_g0.90_sim15.csv,0.6,0.9,15,5,4.0,2025-04-07T21:22:44.761847
b0.60_g0.90_sim16.csv,0.6,0.9,16,5,4.0,2025-04-07T21:22:44.761847
b0.60_g0.90_sim17.csv,0.6,0.9,17,5,4.0,2025-04-07T21:22:44.761847
b0.60_g0.90_sim18.csv,0.6,0.9,18,6,5.0,2025-04-07T21:22:44.761847
b0.60_g0.90_sim19.csv,0.6,0.9,19,4,3.0,2025-04-07T21:22:44.761847
b0.60_g0.90_sim20.csv,0.6,0.9,20,5,4.0,2025-04-07T21:22:44.761847
b0.60_g0.90_sim21.csv,0.6,0.9,21,6,5.0,2025-04-07T21:22:44.761847
b0.60_g0.90_sim22.csv,0.6,0.9,22,9,8.0,2025-04-07T21:22:44.761847
b0.60_g0.90_sim23.csv,0.6,0.9,23,6,5.0,2025-04-07T21:22:44.761847
b0.60_g0.90_sim24.csv,0.6,0.9,24,6,5.0,2025-04-07T21:22:44.761847
b0.60_g0.90_sim25.csv,0.6,0.9,25,4,3.0,2025-04-07T21:22:44.761847
b0.60_g0.90_sim26.csv,0.6,0.9,26,6,5.0,2025-04-07T21:22:44.761847
b0.60_g0.90_sim27.csv,0.6,0.9,27,5,4.0,2025-04-07T21:22:44.761847
b0.60_g0.90_sim28.csv,0.6,0.9,28,5,4.0,2025-04-07T21:22:44.761847
b0.60_g0.90_sim29.csv,0.6,0.9,29,5,4.0,2025-04-07T21:22:44.761847
b0.60_g0.90_sim30.csv,0.6,0.9,30,6,5.0,2025-04-07T21:22:44.761847
b0.60_g0.90_sim31.csv,0.6,0.9,31,7,6.0,2025-04-07T21:22:44.761847
b0.60_g0.90_sim32.csv,0.6,0.9,32,4,3.0,2025-04-07T21:22:44.761847
b0.60_g0.90_sim33.csv,0.6,0.9,33,8,7.0,2025-04-07T21:22:44.761847
b0.60_g0.90_sim34.csv,0.6,0.9,34,6,5.0,2025-04-07T21:22:44.761847
b0.60_g0.90_sim35.csv,0.6,0.9,35,7,6.0,2025-04-07T21:22:44.761847
b0.60_g0.90_sim36.csv,0.6,0.9,36,9,8.0,2025-04-07T21:22:44.761847
b0.60_g0.90_sim37.csv,0.6,0.9,37,5,4.0,2025-04-07T21:22:44.761847
b0.60_g0.90_sim38.csv,0.6,0.9,38,6,5.0,2025-04-07T21:22:44.761847
b0.60_g0.90_sim39.csv,0.6,0.9,39,12,11.0,2025-04-07T21:22:44.761847
b0.60_g0.90_sim40.csv,0.6,0.9,40,8,7.0,2025-04-07T21:22:44.761847
b0.60_g0.90_sim41.csv,0.6,0.9,41,5,4.0,2025-04-07T21:22:44.761847
b0.60_g0.90_sim42.csv,0.6,0.9,42,8,7.0,2025-04-07T21:22:44.761847
b0.60_g0.90_sim43.csv,0.6,0.9,43,5,4.0,2025-04-07T21:22:44.761847
b0.60_g0.90_sim44.csv,0.6,0.9,44,6,5.0,2025-04-07T21:22:44.761847
b0.60_g0.90_sim45.csv,0.6,0.9,45,9,8.0,2025-04-07T21:22:44.761847
b0.60_g0.90_sim46.csv,0.6,0.9,46,7,6.0,2025-04-07T21:22:44.761847
b0.60_g0.90_sim47.csv,0.6,0.9,47,5,4.0,2025-04-07T21:22:44.761847
b0.60_g0.90_sim48.csv,0.6,0.9,48,6,5.0,2025-04-07T21:22:44.761847
b0.60_g0.90_sim49.csv,0.6,0.9,49,7,6.0,2025-04-07T21:22:44.761847
b0.60_g1.00_sim0.csv,0.6,1.0,0,5,4.0,2025-04-07T21:22:44.761847
b0.60_g1.00_sim1.csv,0.6,1.0,1,7,6.0,2025-04-07T21:22:44.761847
b0.60_g1.00_sim2.csv,0.6,1.0,2,5,4.0,2025-04-07T21:22:44.761847
b0.60_g1.00_sim3.csv,0.6,1.0,3,5,4.0,2025-04-07T21:22:44.761847
b0.60_g1.00_sim4.csv,0.6,1.0,4,9,8.0,2025-04-07T21:22:44.761847
b0.60_g1.00_sim5.csv,0.6,1.0,5,4,3.0,2025-04-07T21:22:44.761847
b0.60_g1.00_sim6.csv,0.6,1.0,6,5,4.0,2025-04-07T21:22:44.761847
b0.60_g1.00_sim7.csv,0.6,1.0,7,6,5.0,2025-04-07T21:22:44.761847
b0.60_g1.00_sim8.csv,0.6,1.0,8,7,6.0,2025-04-07T21:22:44.761847
b0.60_g1.00_sim9.csv,0.6,1.0,9,6,5.0,2025-04-07T21:22:44.761847
b0.60_g1.00_sim10.csv,0.6,1.0,10,6,5.0,2025-04-07T21:22:44.761847
b0.60_g1.00_sim11.csv,0.6,1.0,11,4,3.0,2025-04-07T21:22:44.761847
b0.60_g1.00_sim12.csv,0.6,1.0,12,5,4.0,2025-04-07T21:22:44.761847
b0.60_g1.00_sim13.csv,0.6,1.0,13,6,5.0,2025-04-07T21:22:44.761847
b0.60_g1.00_sim14.csv,0.6,1.0,14,6,5.0,2025-04-07T21:22:44.761847
b0.60_g1.00_sim15.csv,0.6,1.0,15,4,3.0,2025-04-07T21:22:44.761847
b0.60_g1.00_sim16.csv,0.6,1.0,16,5,4.0,2025-04-07T21:22:44.761847
b0.60_g1.00_sim17.csv,0.6,1.0,17,5,4.0,2025-04-07T21:22:44.761847
b0.60_g1.00_sim18.csv,0.6,1.0,18,7,6.0,2025-04-07T21:22:44.761847
b0.60_g1.00_sim19.csv,0.6,1.0,19,6,5.0,2025-04-07T21:22:44.761847
b0.60_g1.00_sim20.csv,0.6,1.0,20,6,5.0,2025-04-07T21:22:44.761847
b0.60_g1.00_sim21.csv,0.6,1.0,21,6,5.0,2025-04-07T21:22:44.761847
b0.60_g1.00_sim22.csv,0.6,1.0,22,4,3.0,2025-04-07T21:22:44.761847
b0.60_g1.00_sim23.csv,0.6,1.0,23,5,4.0,2025-04-07T21:22:44.761847
b0.60_g1.00_sim24.csv,0.6,1.0,24,5,4.0,2025-04-07T21:22:44.761847
b0.60_g1.00_sim25.csv,0.6,1.0,25,6,5.0,2025-04-07T21:22:44.761847
b0.60_g1.00_sim26.csv,0.6,1.0,26,6,5.0,2025-04-07T21:22:44.761847
b0.60_g1.00_sim27.csv,0.6,1.0,27,5,4.0,2025-04-07T21:22:44.761847
b0.60_g1.00_sim28.csv,0.6,1.0,28,6,5.0,2025-04-07T21:22:44.761847
b0.60_g1.00_sim29.csv,0.6,1.0,29,5,4.0,2025-04-07T21:22:44.761847
b0.60_g1.00_sim30.csv,0.6,1.0,30,5,4.0,2025-04-07T21:22:44.761847
b0.60_g1.00_sim31.csv,0.6,1.0,31,7,6.0,2025-04-07T21:22:44.761847
b0.60_g1.00_sim32.csv,0.6,1.0,32,5,4.0,2025-04-07T21:22:44.761847
b0.60_g1.00_sim33.csv,0.6,1.0,33,6,5.0,2025-04-07T21:22:44.761847
b0.60_g1.00_sim34.csv,0.6,1.0,34,5,4.0,2025-04-07T21:22:44.761847
b0.60_g1.00_sim35.csv,0.6,1.0,35,9,8.0,2025-04-07T21:22:44.761847
b0.60_g1.00_sim36.csv,0.6,1.0,36,5,4.0,2025-04-07T21:22:44.761847
b0.60_g1.00_sim37.csv,0.6,1.0,37,6,5.0,2025-04-07T21:22:44.761847
b0.60_g1.00_sim38.csv,0.6,1.0,38,7,6.0,2025-04-07T21:22:44.761847
b0.60_g1.00_sim39.csv,0.6,1.0,39,5,4.0,2025-04-07T21:22:44.761847
b0.60_g1.00_sim40.csv,0.6,1.0,40,5,4.0,2025-04-07T21:22:44.761847
b0.60_g1.00_sim41.csv,0.6,1.0,41,5,4.0,2025-04-07T21:22:44.761847
b0.60_g1.00_sim42.csv,0.6,1.0,42,7,6.0,2025-04-07T21:22:44.761847
b0.60_g1.00_sim43.csv,0.6,1.0,43,6,5.0,2025-04-07T21:22:44.761847
b0.60_g1.00_sim44.csv,0.6,1.0,44,3,2.0,2025-04-07T21:22:44.761847
b0.60_g1.00_sim45.csv,0.6,1.0,45,6,5.0,2025-04-07T21:22:44.761847
b0.60_g1.00_sim46.csv,0.6,1.0,46,5,4.0,2025-04-07T21:22:44.761847
b0.60_g1.00_sim47.csv,0.6,1.0,47,5,4.0,2025-04-07T21:22:44.761847
b0.60_g1.00_sim48.csv,0.6,1.0,48,7,6.0,2025-04-07T21:22:44.761847
b0.60_g1.00_sim49.csv,0.6,1.0,49,4,3.0,2025-04-07T21:22:44.761847
b0.70_g0.10_sim0.csv,0.7000000000000001,0.1,0,31,30.0,2025-04-07T21:22:44.761847
b0.70_g0.10_sim1.csv,0.7000000000000001,0.1,1,56,55.0,2025-04-07T21:22:44.761847
b0.70_g0.10_sim2.csv,0.7000000000000001,0.1,2,70,69.0,2025-04-07T21:22:44.761847
b0.70_g0.10_sim3.csv,0.7000000000000001,0.1,3,69,68.0,2025-04-07T21:22:44.761847
b0.70_g0.10_sim4.csv,0.7000000000000001,0.1,4,47,46.0,2025-04-07T21:22:44.761847
b0.70_g0.10_sim5.csv,0.7000000000000001,0.1,5,45,44.0,2025-04-07T21:22:44.761847
b0.70_g0.10_sim6.csv,0.7000000000000001,0.1,6,52,51.0,2025-04-07T21:22:44.761847
b0.70_g0.10_sim7.csv,0.7000000000000001,0.1,7,38,37.0,2025-04-07T21:22:44.761847
b0.70_g0.10_sim8.csv,0.7000000000000001,0.1,8,54,53.0,2025-04-07T21:22:44.761847
b0.70_g0.10_sim9.csv,0.7000000000000001,0.1,9,60,59.0,2025-04-07T21:22:44.761847
b0.70_g0.10_sim10.csv,0.7000000000000001,0.1,10,62,61.0,2025-04-07T21:22:44.761847
b0.70_g0.10_sim11.csv,0.7000000000000001,0.1,11,62,61.0,2025-04-07T21:22:44.761847
b0.70_g0.10_sim12.csv,0.7000000000000001,0.1,12,58,57.0,2025-04-07T21:22:44.761847
b0.70_g0.10_sim13.csv,0.7000000000000001,0.1,13,77,76.0,2025-04-07T21:22:44.761847
b0.70_g0.10_sim14.csv,0.7000000000000001,0.1,14,41,40.0,2025-04-07T21:22:44.761847
b0.70_g0.10_sim15.csv,0.7000000000000001,0.1,15,60,59.0,2025-04-07T21:22:44.761847
b0.70_g0.10_sim16.csv,0.7000000000000001,0.1,16,33,32.0,2025-04-07T21:22:44.761847
b0.70_g0.10_sim17.csv,0.7000000000000001,0.1,17,62,61.0,2025-04-07T21:22:44.761847
b0.70_g0.10_sim18.csv,0.7000000000000001,0.1,18,65,64.0,2025-04-07T21:22:44.761847
b0.70_g0.10_sim19.csv,0.7000000000000001,0.1,19,36,35.0,2025-04-07T21:22:44.761847
b0.70_g0.10_sim20.csv,0.7000000000000001,0.1,20,63,62.0,2025-04-07T21:22:44.761847
b0.70_g0.10_sim21.csv,0.7000000000000001,0.1,21,48,47.0,2025-04-07T21:22:44.761847
b0.70_g0.10_sim22.csv,0.7000000000000001,0.1,22,39,38.0,2025-04-07T21:22:44.761847
b0.70_g0.10_sim23.csv,0.7000000000000001,0.1,23,64,63.0,2025-04-07T21:22:44.761847
b0.70_g0.10_sim24.csv,0.7000000000000001,0.1,24,44,43.0,2025-04-07T21:22:44.761847
b0.70_g0.10_sim25.csv,0.7000000000000001,0.1,25,57,56.0,2025-04-07T21:22:44.761847
b0.70_g0.10_sim26.csv,0.7000000000000001,0.1,26,77,76.0,2025-04-07T21:22:44.761847
b0.70_g0.10_sim27.csv,0.7000000000000001,0.1,27,66,65.0,2025-04-07T21:22:44.761847
b0.70_g0.10_sim28.csv,0.7000000000000001,0.1,28,51,50.0,2025-04-07T21:22:44.761847
b0.70_g0.10_sim29.csv,0.7000000000000001,0.1,29,44,43.0,2025-04-07T21:22:44.761847
b0.70_g0.10_sim30.csv,0.7000000000000001,0.1,30,65,64.0,2025-04-07T21:22:44.761847
b0.70_g0.10_sim31.csv,0.7000000000000001,0.1,31,49,48.0,2025-04-07T21:22:44.761847
b0.70_g0.10_sim32.csv,0.7000000000000001,0.1,32,50,49.0,2025-04-07T21:22:44.761847
b0.70_g0.10_sim33.csv,0.7000000000000001,0.1,33,42,41.0,2025-04-07T21:22:44.761847
b0.70_g0.10_sim34.csv,0.7000000000000001,0.1,34,49,48.0,2025-04-07T21:22:44.761847
b0.70_g0.10_sim35.csv,0.7000000000000001,0.1,35,60,59.0,2025-04-07T21:22:44.761847
b0.70_g0.10_sim36.csv,0.7000000000000001,0.1,36,43,42.0,2025-04-07T21:22:44.761847
b0.70_g0.10_sim37.csv,0.7000000000000001,0.1,37,75,74.0,2025-04-07T21:22:44.761847
b0.70_g0.10_sim38.csv,0.7000000000000001,0.1,38,59,58.0,2025-04-07T21:22:44.761847
b0.70_g0.10_sim39.csv,0.7000000000000001,0.1,39,49,48.0,2025-04-07T21:22:44.761847
b0.70_g0.10_sim40.csv,0.7000000000000001,0.1,40,50,49.0,2025-04-07T21:22:44.761847
b0.70_g0.10_sim41.csv,0.7000000000000001,0.1,41,63,62.0,2025-04-07T21:22:44.761847
b0.70_g0.10_sim42.csv,0.7000000000000001,0.1,42,54,53.0,2025-04-07T21:22:44.761847
b0.70_g0.10_sim43.csv,0.7000000000000001,0.1,43,39,38.0,2025-04-07T21:22:44.761847
b0.70_g0.10_sim44.csv,0.7000000000000001,0.1,44,53,52.0,2025-04-07T21:22:44.761847
b0.70_g0.10_sim45.csv,0.7000000000000001,0.1,45,43,42.0,2025-04-07T21:22:44.761847
b0.70_g0.10_sim46.csv,0.7000000000000001,0.1,46,46,45.0,2025-04-07T21:22:44.761847
b0.70_g0.10_sim47.csv,0.7000000000000001,0.1,47,40,39.0,2025-04-07T21:22:44.761847
b0.70_g0.10_sim48.csv,0.7000000000000001,0.1,48,70,69.0,2025-04-07T21:22:44.761847
b0.70_g0.10_sim49.csv,0.7000000000000001,0.1,49,63,62.0,2025-04-07T21:22:44.761847
b0.70_g0.20_sim0.csv,0.7000000000000001,0.2,0,28,27.0,2025-04-07T21:22:44.761847
b0.70_g0.20_sim1.csv,0.7000000000000001,0.2,1,19,18.0,2025-04-07T21:22:44.761847
b0.70_g0.20_sim2.csv,0.7000000000000001,0.2,2,29,28.0,2025-04-07T21:22:44.761847
b0.70_g0.20_sim3.csv,0.7000000000000001,0.2,3,22,21.0,2025-04-07T21:22:44.761847
b0.70_g0.20_sim4.csv,0.7000000000000001,0.2,4,31,30.0,2025-04-07T21:22:44.761847
b0.70_g0.20_sim5.csv,0.7000000000000001,0.2,5,46,45.0,2025-04-07T21:22:44.761847
b0.70_g0.20_sim6.csv,0.7000000000000001,0.2,6,29,28.0,2025-04-07T21:22:44.761847
b0.70_g0.20_sim7.csv,0.7000000000000001,0.2,7,19,18.0,2025-04-07T21:22:44.761847
b0.70_g0.20_sim8.csv,0.7000000000000001,0.2,8,26,25.0,2025-04-07T21:22:44.761847
b0.70_g0.20_sim9.csv,0.7000000000000001,0.2,9,21,20.0,2025-04-07T21:22:44.761847
b0.70_g0.20_sim10.csv,0.7000000000000001,0.2,10,20,19.0,2025-04-07T21:22:44.761847
b0.70_g0.20_sim11.csv,0.7000000000000001,0.2,11,20,19.0,2025-04-07T21:22:44.761847
b0.70_g0.20_sim12.csv,0.7000000000000001,0.2,12,34,33.0,2025-04-07T21:22:44.761847
b0.70_g0.20_sim13.csv,0.7000000000000001,0.2,13,26,25.0,2025-04-07T21:22:44.761847
b0.70_g0.20_sim14.csv,0.7000000000000001,0.2,14,36,35.0,2025-04-07T21:22:44.761847
b0.70_g0.20_sim15.csv,0.7000000000000001,0.2,15,21,20.0,2025-04-07T21:22:44.761847
b0.70_g0.20_sim16.csv,0.7000000000000001,0.2,16,22,21.0,2025-04-07T21:22:44.761847
b0.70_g0.20_sim17.csv,0.7000000000000001,0.2,17,29,28.0,2025-04-07T21:22:44.761847
b0.70_g0.20_sim18.csv,0.7000000000000001,0.2,18,21,20.0,2025-04-07T21:22:44.761847
b0.70_g0.20_sim19.csv,0.7000000000000001,0.2,19,31,30.0,2025-04-07T21:22:44.761847
b0.70_g0.20_sim20.csv,0.7000000000000001,0.2,20,38,37.0,2025-04-07T21:22:44.761847
b0.70_g0.20_sim21.csv,0.7000000000000001,0.2,21,39,38.0,2025-04-07T21:22:44.761847
b0.70_g0.20_sim22.csv,0.7000000000000001,0.2,22,20,19.0,2025-04-07T21:22:44.761847
b0.70_g0.20_sim23.csv,0.7000000000000001,0.2,23,25,24.0,2025-04-07T21:22:44.761847
b0.70_g0.20_sim24.csv,0.7000000000000001,0.2,24,23,22.0,2025-04-07T21:22:44.761847
b0.70_g0.20_sim25.csv,0.7000000000000001,0.2,25,24,23.0,2025-04-07T21:22:44.761847
b0.70_g0.20_sim26.csv,0.7000000000000001,0.2,26,27,26.0,2025-04-07T21:22:44.761847
b0.70_g0.20_sim27.csv,0.7000000000000001,0.2,27,29,28.0,2025-04-07T21:22:44.761847
b0.70_g0.20_sim28.csv,0.7000000000000001,0.2,28,27,26.0,2025-04-07T21:22:44.761847
b0.70_g0.20_sim29.csv,0.7000000000000001,0.2,29,22,21.0,2025-04-07T21:22:44.761847
b0.70_g0.20_sim30.csv,0.7000000000000001,0.2,30,25,24.0,2025-04-07T21:22:44.761847
b0.70_g0.20_sim31.csv,0.7000000000000001,0.2,31,26,25.0,2025-04-07T21:22:44.761847
b0.70_g0.20_sim32.csv,0.7000000000000001,0.2,32,28,27.0,2025-04-07T21:22:44.761847
b0.70_g0.20_sim33.csv,0.7000000000000001,0.2,33,19,18.0,2025-04-07T21:22:44.761847
b0.70_g0.20_sim34.csv,0.7000000000000001,0.2,34,26,25.0,2025-04-07T21:22:44.761847
b0.70_g0.20_sim35.csv,0.7000000000000001,0.2,35,28,27.0,2025-04-07T21:22:44.761847
b0.70_g0.20_sim36.csv,0.7000000000000001,0.2,36,29,28.0,2025-04-07T21:22:44.761847
b0.70_g0.20_sim37.csv,0.7000000000000001,0.2,37,28,27.0,2025-04-07T21:22:44.761847
b0.70_g0.20_sim38.csv,0.7000000000000001,0.2,38,28,27.0,2025-04-07T21:22:44.761847
b0.70_g0.20_sim39.csv,0.7000000000000001,0.2,39,36,35.0,2025-04-07T21:22:44.761847
b0.70_g0.20_sim40.csv,0.7000000000000001,0.2,40,39,38.0,2025-04-07T21:22:44.761847
b0.70_g0.20_sim41.csv,0.7000000000000001,0.2,41,25,24.0,2025-04-07T21:22:44.761847
b0.70_g0.20_sim42.csv,0.7000000000000001,0.2,42,32,31.0,2025-04-07T21:22:44.761847
b0.70_g0.20_sim43.csv,0.7000000000000001,0.2,43,27,26.0,2025-04-07T21:22:44.761847
b0.70_g0.20_sim44.csv,0.7000000000000001,0.2,44,24,23.0,2025-04-07T21:22:44.761847
b0.70_g0.20_sim45.csv,0.7000000000000001,0.2,45,28,27.0,2025-04-07T21:22:44.761847
b0.70_g0.20_sim46.csv,0.7000000000000001,0.2,46,23,22.0,2025-04-07T21:22:44.761847
b0.70_g0.20_sim47.csv,0.7000000000000001,0.2,47,23,22.0,2025-04-07T21:22:44.761847
b0.70_g0.20_sim48.csv,0.7000000000000001,0.2,48,30,29.0,2025-04-07T21:22:44.761847
b0.70_g0.20_sim49.csv,0.7000000000000001,0.2,49,28,27.0,2025-04-07T21:22:44.761847
b0.70_g0.30_sim0.csv,0.7000000000000001,0.30000000000000004,0,19,18.0,2025-04-07T21:22:44.761847
b0.70_g0.30_sim1.csv,0.7000000000000001,0.30000000000000004,1,14,13.0,2025-04-07T21:22:44.761847
b0.70_g0.30_sim2.csv,0.7000000000000001,0.30000000000000004,2,18,17.0,2025-04-07T21:22:44.761847
b0.70_g0.30_sim3.csv,0.7000000000000001,0.30000000000000004,3,18,17.0,2025-04-07T21:22:44.761847
b0.70_g0.30_sim4.csv,0.7000000000000001,0.30000000000000004,4,18,17.0,2025-04-07T21:22:44.761847
b0.70_g0.30_sim5.csv,0.7000000000000001,0.30000000000000004,5,16,15.0,2025-04-07T21:22:44.761847
b0.70_g0.30_sim6.csv,0.7000000000000001,0.30000000000000004,6,29,28.0,2025-04-07T21:22:44.761847
b0.70_g0.30_sim7.csv,0.7000000000000001,0.30000000000000004,7,15,14.0,2025-04-07T21:22:44.761847
b0.70_g0.30_sim8.csv,0.7000000000000001,0.30000000000000004,8,21,20.0,2025-04-07T21:22:44.761847
b0.70_g0.30_sim9.csv,0.7000000000000001,0.30000000000000004,9,19,18.0,2025-04-07T21:22:44.761847
b0.70_g0.30_sim10.csv,0.7000000000000001,0.30000000000000004,10,12,11.0,2025-04-07T21:22:44.761847
b0.70_g0.30_sim11.csv,0.7000000000000001,0.30000000000000004,11,22,21.0,2025-04-07T21:22:44.761847
b0.70_g0.30_sim12.csv,0.7000000000000001,0.30000000000000004,12,13,12.0,2025-04-07T21:22:44.761847
b0.70_g0.30_sim13.csv,0.7000000000000001,0.30000000000000004,13,22,21.0,2025-04-07T21:22:44.761847
b0.70_g0.30_sim14.csv,0.7000000000000001,0.30000000000000004,14,13,12.0,2025-04-07T21:22:44.761847
b0.70_g0.30_sim15.csv,0.7000000000000001,0.30000000000000004,15,14,13.0,2025-04-07T21:22:44.761847
b0.70_g0.30_sim16.csv,0.7000000000000001,0.30000000000000004,16,25,24.0,2025-04-07T21:22:44.761847
b0.70_g0.30_sim17.csv,0.7000000000000001,0.30000000000000004,17,17,16.0,2025-04-07T21:22:44.761847
b0.70_g0.30_sim18.csv,0.7000000000000001,0.30000000000000004,18,19,18.0,2025-04-07T21:22:44.761847
b0.70_g0.30_sim19.csv,0.7000000000000001,0.30000000000000004,19,15,14.0,2025-04-07T21:22:44.761847
b0.70_g0.30_sim20.csv,0.7000000000000001,0.30000000000000004,20,10,9.0,2025-04-07T21:22:44.761847
b0.70_g0.30_sim21.csv,0.7000000000000001,0.30000000000000004,21,15,14.0,2025-04-07T21:22:44.761847
b0.70_g0.30_sim22.csv,0.7000000000000001,0.30000000000000004,22,19,18.0,2025-04-07T21:22:44.761847
b0.70_g0.30_sim23.csv,0.7000000000000001,0.30000000000000004,23,12,11.0,2025-04-07T21:22:44.761847
b0.70_g0.30_sim24.csv,0.7000000000000001,0.30000000000000004,24,14,13.0,2025-04-07T21:22:44.761847
b0.70_g0.30_sim25.csv,0.7000000000000001,0.30000000000000004,25,16,15.0,2025-04-07T21:22:44.761847
b0.70_g0.30_sim26.csv,0.7000000000000001,0.30000000000000004,26,22,21.0,2025-04-07T21:22:44.761847
b0.70_g0.30_sim27.csv,0.7000000000000001,0.30000000000000004,27,23,22.0,2025-04-07T21:22:44.761847
b0.70_g0.30_sim28.csv,0.7000000000000001,0.30000000000000004,28,18,17.0,2025-04-07T21:22:44.761847
b0.70_g0.30_sim29.csv,0.7000000000000001,0.30000000000000004,29,19,18.0,2025-04-07T21:22:44.761847
b0.70_g0.30_sim30.csv,0.7000000000000001,0.30000000000000004,30,17,16.0,2025-04-07T21:22:44.761847
b0.70_g0.30_sim31.csv,0.7000000000000001,0.30000000000000004,31,19,18.0,2025-04-07T21:22:44.761847
b0.70_g0.30_sim32.csv,0.7000000000000001,0.30000000000000004,32,22,21.0,2025-04-07T21:22:44.761847
b0.70_g0.30_sim33.csv,0.7000000000000001,0.30000000000000004,33,16,15.0,2025-04-07T21:22:44.761847
b0.70_g0.30_sim34.csv,0.7000000000000001,0.30000000000000004,34,17,16.0,2025-04-07T21:22:44.761847
b0.70_g0.30_sim35.csv,0.7000000000000001,0.30000000000000004,35,18,17.0,2025-04-07T21:22:44.761847
b0.70_g0.30_sim36.csv,0.7000000000000001,0.30000000000000004,36,18,17.0,2025-04-07T21:22:44.761847
b0.70_g0.30_sim37.csv,0.7000000000000001,0.30000000000000004,37,18,17.0,2025-04-07T21:22:44.761847
b0.70_g0.30_sim38.csv,0.7000000000000001,0.30000000000000004,38,32,31.0,2025-04-07T21:22:44.761847
b0.70_g0.30_sim39.csv,0.7000000000000001,0.30000000000000004,39,16,15.0,2025-04-07T21:22:44.761847
b0.70_g0.30_sim40.csv,0.7000000000000001,0.30000000000000004,40,18,17.0,2025-04-07T21:22:44.761847
b0.70_g0.30_sim41.csv,0.7000000000000001,0.30000000000000004,41,13,12.0,2025-04-07T21:22:44.761847
b0.70_g0.30_sim42.csv,0.7000000000000001,0.30000000000000004,42,16,15.0,2025-04-07T21:22:44.761847
b0.70_g0.30_sim43.csv,0.7000000000000001,0.30000000000000004,43,15,14.0,2025-04-07T21:22:44.761847
b0.70_g0.30_sim44.csv,0.7000000000000001,0.30000000000000004,44,17,16.0,2025-04-07T21:22:44.761847
b0.70_g0.30_sim45.csv,0.7000000000000001,0.30000000000000004,45,21,20.0,2025-04-07T21:22:44.761847
b0.70_g0.30_sim46.csv,0.7000000000000001,0.30000000000000004,46,18,17.0,2025-04-07T21:22:44.761847
b0.70_g0.30_sim47.csv,0.7000000000000001,0.30000000000000004,47,19,18.0,2025-04-07T21:22:44.761847
b0.70_g0.30_sim48.csv,0.7000000000000001,0.30000000000000004,48,17,16.0,2025-04-07T21:22:44.761847
b0.70_g0.30_sim49.csv,0.7000000000000001,0.30000000000000004,49,17,16.0,2025-04-07T21:22:44.761847
b0.70_g0.40_sim0.csv,0.7000000000000001,0.4,0,11,10.0,2025-04-07T21:22:44.761847
b0.70_g0.40_sim1.csv,0.7000000000000001,0.4,1,22,21.0,2025-04-07T21:22:44.761847
b0.70_g0.40_sim2.csv,0.7000000000000001,0.4,2,11,10.0,2025-04-07T21:22:44.761847
b0.70_g0.40_sim3.csv,0.7000000000000001,0.4,3,13,12.0,2025-04-07T21:22:44.761847
b0.70_g0.40_sim4.csv,0.7000000000000001,0.4,4,9,8.0,2025-04-07T21:22:44.761847
b0.70_g0.40_sim5.csv,0.7000000000000001,0.4,5,14,13.0,2025-04-07T21:22:44.761847
b0.70_g0.40_sim6.csv,0.7000000000000001,0.4,6,15,14.0,2025-04-07T21:22:44.761847
b0.70_g0.40_sim7.csv,0.7000000000000001,0.4,7,14,13.0,2025-04-07T21:22:44.761847
b0.70_g0.40_sim8.csv,0.7000000000000001,0.4,8,13,12.0,2025-04-07T21:22:44.761847
b0.70_g0.40_sim9.csv,0.7000000000000001,0.4,9,10,9.0,2025-04-07T21:22:44.761847
b0.70_g0.40_sim10.csv,0.7000000000000001,0.4,10,11,10.0,2025-04-07T21:22:44.761847
b0.70_g0.40_sim11.csv,0.7000000000000001,0.4,11,15,14.0,2025-04-07T21:22:44.761847
b0.70_g0.40_sim12.csv,0.7000000000000001,0.4,12,12,11.0,2025-04-07T21:22:44.761847
b0.70_g0.40_sim13.csv,0.7000000000000001,0.4,13,12,11.0,2025-04-07T21:22:44.761847
b0.70_g0.40_sim14.csv,0.7000000000000001,0.4,14,17,16.0,2025-04-07T21:22:44.761847
b0.70_g0.40_sim15.csv,0.7000000000000001,0.4,15,11,10.0,2025-04-07T21:22:44.761847
b0.70_g0.40_sim16.csv,0.7000000000000001,0.4,16,15,14.0,2025-04-07T21:22:44.761847
b0.70_g0.40_sim17.csv,0.7000000000000001,0.4,17,13,12.0,2025-04-07T21:22:44.761847
b0.70_g0.40_sim18.csv,0.7000000000000001,0.4,18,15,14.0,2025-04-07T21:22:44.761847
b0.70_g0.40_sim19.csv,0.7000000000000001,0.4,19,16,15.0,2025-04-07T21:22:44.761847
b0.70_g0.40_sim20.csv,0.7000000000000001,0.4,20,10,9.0,2025-04-07T21:22:44.761847
b0.70_g0.40_sim21.csv,0.7000000000000001,0.4,21,13,12.0,2025-04-07T21:22:44.761847
b0.70_g0.40_sim22.csv,0.7000000000000001,0.4,22,12,11.0,2025-04-07T21:22:44.761847
b0.70_g0.40_sim23.csv,0.7000000000000001,0.4,23,10,9.0,2025-04-07T21:22:44.761847
b0.70_g0.40_sim24.csv,0.7000000000000001,0.4,24,13,12.0,2025-04-07T21:22:44.761847
b0.70_g0.40_sim25.csv,0.7000000000000001,0.4,25,13,12.0,2025-04-07T21:22:44.761847
b0.70_g0.40_sim26.csv,0.7000000000000001,0.4,26,14,13.0,2025-04-07T21:22:44.761847
b0.70_g0.40_sim27.csv,0.7000000000000001,0.4,27,14,13.0,2025-04-07T21:22:44.761847
b0.70_g0.40_sim28.csv,0.7000000000000001,0.4,28,15,14.0,2025-04-07T21:22:44.761847
b0.70_g0.40_sim29.csv,0.7000000000000001,0.4,29,20,19.0,2025-04-07T21:22:44.761847
b0.70_g0.40_sim30.csv,0.7000000000000001,0.4,30,12,11.0,2025-04-07T21:22:44.761847
b0.70_g0.40_sim31.csv,0.7000000000000001,0.4,31,16,15.0,2025-04-07T21:22:44.761847
b0.70_g0.40_sim32.csv,0.7000000000000001,0.4,32,10,9.0,2025-04-07T21:22:44.761847
b0.70_g0.40_sim33.csv,0.7000000000000001,0.4,33,17,16.0,2025-04-07T21:22:44.761847
b0.70_g0.40_sim34.csv,0.7000000000000001,0.4,34,11,10.0,2025-04-07T21:22:44.761847
b0.70_g0.40_sim35.csv,0.7000000000000001,0.4,35,11,10.0,2025-04-07T21:22:44.761847
b0.70_g0.40_sim36.csv,0.7000000000000001,0.4,36,13,12.0,2025-04-07T21:22:44.761847
b0.70_g0.40_sim37.csv,0.7000000000000001,0.4,37,12,11.0,2025-04-07T21:22:44.761847
b0.70_g0.40_sim38.csv,0.7000000000000001,0.4,38,15,14.0,2025-04-07T21:22:44.761847
b0.70_g0.40_sim39.csv,0.7000000000000001,0.4,39,16,15.0,2025-04-07T21:22:44.761847
b0.70_g0.40_sim40.csv,0.7000000000000001,0.4,40,12,11.0,2025-04-07T21:22:44.761847
b0.70_g0.40_sim41.csv,0.7000000000000001,0.4,41,15,14.0,2025-04-07T21:22:44.761847
b0.70_g0.40_sim42.csv,0.7000000000000001,0.4,42,13,12.0,2025-04-07T21:22:44.761847
b0.70_g0.40_sim43.csv,0.7000000000000001,0.4,43,15,14.0,2025-04-07T21:22:44.761847
b0.70_g0.40_sim44.csv,0.7000000000000001,0.4,44,14,13.0,2025-04-07T21:22:44.761847
b0.70_g0.40_sim45.csv,0.7000000000000001,0.4,45,10,9.0,2025-04-07T21:22:44.761847
b0.70_g0.40_sim46.csv,0.7000000000000001,0.4,46,13,12.0,2025-04-07T21:22:44.761847
b0.70_g0.40_sim47.csv,0.7000000000000001,0.4,47,13,12.0,2025-04-07T21:22:44.761847
b0.70_g0.40_sim48.csv,0.7000000000000001,0.4,48,11,10.0,2025-04-07T21:22:44.761847
b0.70_g0.40_sim49.csv,0.7000000000000001,0.4,49,10,9.0,2025-04-07T21:22:44.761847
b0.70_g0.50_sim0.csv,0.7000000000000001,0.5,0,11,10.0,2025-04-07T21:22:44.761847
b0.70_g0.50_sim1.csv,0.7000000000000001,0.5,1,9,8.0,2025-04-07T21:22:44.761847
b0.70_g0.50_sim2.csv,0.7000000000000001,0.5,2,9,8.0,2025-04-07T21:22:44.761847
b0.70_g0.50_sim3.csv,0.7000000000000001,0.5,3,14,13.0,2025-04-07T21:22:44.761847
b0.70_g0.50_sim4.csv,0.7000000000000001,0.5,4,9,8.0,2025-04-07T21:22:44.761847
b0.70_g0.50_sim5.csv,0.7000000000000001,0.5,5,10,9.0,2025-04-07T21:22:44.761847
b0.70_g0.50_sim6.csv,0.7000000000000001,0.5,6,16,15.0,2025-04-07T21:22:44.761847
b0.70_g0.50_sim7.csv,0.7000000000000001,0.5,7,7,6.0,2025-04-07T21:22:44.761847
b0.70_g0.50_sim8.csv,0.7000000000000001,0.5,8,12,11.0,2025-04-07T21:22:44.761847
b0.70_g0.50_sim9.csv,0.7000000000000001,0.5,9,15,14.0,2025-04-07T21:22:44.761847
b0.70_g0.50_sim10.csv,0.7000000000000001,0.5,10,9,8.0,2025-04-07T21:22:44.761847
b0.70_g0.50_sim11.csv,0.7000000000000001,0.5,11,11,10.0,2025-04-07T21:22:44.761847
b0.70_g0.50_sim12.csv,0.7000000000000001,0.5,12,8,7.0,2025-04-07T21:22:44.761847
b0.70_g0.50_sim13.csv,0.7000000000000001,0.5,13,10,9.0,2025-04-07T21:22:44.761847
b0.70_g0.50_sim14.csv,0.7000000000000001,0.5,14,8,7.0,2025-04-07T21:22:44.761847
b0.70_g0.50_sim15.csv,0.7000000000000001,0.5,15,11,10.0,2025-04-07T21:22:44.761847
b0.70_g0.50_sim16.csv,0.7000000000000001,0.5,16,9,8.0,2025-04-07T21:22:44.761847
b0.70_g0.50_sim17.csv,0.7000000000000001,0.5,17,11,10.0,2025-04-07T21:22:44.761847
b0.70_g0.50_sim18.csv,0.7000000000000001,0.5,18,7,6.0,2025-04-07T21:22:44.761847
b0.70_g0.50_sim19.csv,0.7000000000000001,0.5,19,11,10.0,2025-04-07T21:22:44.761847
b0.70_g0.50_sim20.csv,0.7000000000000001,0.5,20,13,12.0,2025-04-07T21:22:44.761847
b0.70_g0.50_sim21.csv,0.7000000000000001,0.5,21,12,11.0,2025-04-07T21:22:44.761847
b0.70_g0.50_sim22.csv,0.7000000000000001,0.5,22,14,13.0,2025-04-07T21:22:44.761847
b0.70_g0.50_sim23.csv,0.7000000000000001,0.5,23,10,9.0,2025-04-07T21:22:44.761847
b0.70_g0.50_sim24.csv,0.7000000000000001,0.5,24,13,12.0,2025-04-07T21:22:44.761847
b0.70_g0.50_sim25.csv,0.7000000000000001,0.5,25,11,10.0,2025-04-07T21:22:44.761847
b0.70_g0.50_sim26.csv,0.7000000000000001,0.5,26,10,9.0,2025-04-07T21:22:44.761847
b0.70_g0.50_sim27.csv,0.7000000000000001,0.5,27,9,8.0,2025-04-07T21:22:44.761847
b0.70_g0.50_sim28.csv,0.7000000000000001,0.5,28,9,8.0,2025-04-07T21:22:44.761847
b0.70_g0.50_sim29.csv,0.7000000000000001,0.5,29,12,11.0,2025-04-07T21:22:44.761847
b0.70_g0.50_sim30.csv,0.7000000000000001,0.5,30,18,17.0,2025-04-07T21:22:44.761847
b0.70_g0.50_sim31.csv,0.7000000000000001,0.5,31,10,9.0,2025-04-07T21:22:44.761847
b0.70_g0.50_sim32.csv,0.7000000000000001,0.5,32,11,10.0,2025-04-07T21:22:44.761847
b0.70_g0.50_sim33.csv,0.7000000000000001,0.5,33,9,8.0,2025-04-07T21:22:44.761847
b0.70_g0.50_sim34.csv,0.7000000000000001,0.5,34,11,10.0,2025-04-07T21:22:44.761847
b0.70_g0.50_sim35.csv,0.7000000000000001,0.5,35,8,7.0,2025-04-07T21:22:44.761847
b0.70_g0.50_sim36.csv,0.7000000000000001,0.5,36,12,11.0,2025-04-07T21:22:44.761847
b0.70_g0.50_sim37.csv,0.7000000000000001,0.5,37,17,16.0,2025-04-07T21:22:44.761847
b0.70_g0.50_sim38.csv,0.7000000000000001,0.5,38,11,10.0,2025-04-07T21:22:44.761847
b0.70_g0.50_sim39.csv,0.7000000000000001,0.5,39,10,9.0,2025-04-07T21:22:44.761847
b0.70_g0.50_sim40.csv,0.7000000000000001,0.5,40,8,7.0,2025-04-07T21:22:44.761847
b0.70_g0.50_sim41.csv,0.7000000000000001,0.5,41,9,8.0,2025-04-07T21:22:44.761847
b0.70_g0.50_sim42.csv,0.7000000000000001,0.5,42,10,9.0,2025-04-07T21:22:44.761847
b0.70_g0.50_sim43.csv,0.7000000000000001,0.5,43,8,7.0,2025-04-07T21:22:44.761847
b0.70_g0.50_sim44.csv,0.7000000000000001,0.5,44,19,18.0,2025-04-07T21:22:44.761847
b0.70_g0.50_sim45.csv,0.7000000000000001,0.5,45,11,10.0,2025-04-07T21:22:44.761847
b0.70_g0.50_sim46.csv,0.7000000000000001,0.5,46,11,10.0,2025-04-07T21:22:44.761847
b0.70_g0.50_sim47.csv,0.7000000000000001,0.5,47,11,10.0,2025-04-07T21:22:44.761847
b0.70_g0.50_sim48.csv,0.7000000000000001,0.5,48,14,13.0,2025-04-07T21:22:44.761847
b0.70_g0.50_sim49.csv,0.7000000000000001,0.5,49,10,9.0,2025-04-07T21:22:44.761847
b0.70_g0.60_sim0.csv,0.7000000000000001,0.6,0,6,5.0,2025-04-07T21:22:44.761847
b0.70_g0.60_sim1.csv,0.7000000000000001,0.6,1,9,8.0,2025-04-07T21:22:44.761847
b0.70_g0.60_sim2.csv,0.7000000000000001,0.6,2,8,7.0,2025-04-07T21:22:44.761847
b0.70_g0.60_sim3.csv,0.7000000000000001,0.6,3,13,12.0,2025-04-07T21:22:44.761847
b0.70_g0.60_sim4.csv,0.7000000000000001,0.6,4,8,7.0,2025-04-07T21:22:44.761847
b0.70_g0.60_sim5.csv,0.7000000000000001,0.6,5,10,9.0,2025-04-07T21:22:44.761847
b0.70_g0.60_sim6.csv,0.7000000000000001,0.6,6,13,12.0,2025-04-07T21:22:44.761847
b0.70_g0.60_sim7.csv,0.7000000000000001,0.6,7,9,8.0,2025-04-07T21:22:44.761847
b0.70_g0.60_sim8.csv,0.7000000000000001,0.6,8,9,8.0,2025-04-07T21:22:44.761847
b0.70_g0.60_sim9.csv,0.7000000000000001,0.6,9,13,12.0,2025-04-07T21:22:44.761847
b0.70_g0.60_sim10.csv,0.7000000000000001,0.6,10,6,5.0,2025-04-07T21:22:44.761847
b0.70_g0.60_sim11.csv,0.7000000000000001,0.6,11,10,9.0,2025-04-07T21:22:44.761847
b0.70_g0.60_sim12.csv,0.7000000000000001,0.6,12,8,7.0,2025-04-07T21:22:44.761847
b0.70_g0.60_sim13.csv,0.7000000000000001,0.6,13,8,7.0,2025-04-07T21:22:44.761847
b0.70_g0.60_sim14.csv,0.7000000000000001,0.6,14,8,7.0,2025-04-07T21:22:44.761847
b0.70_g0.60_sim15.csv,0.7000000000000001,0.6,15,8,7.0,2025-04-07T21:22:44.761847
b0.70_g0.60_sim16.csv,0.7000000000000001,0.6,16,7,6.0,2025-04-07T21:22:44.761847
b0.70_g0.60_sim17.csv,0.7000000000000001,0.6,17,10,9.0,2025-04-07T21:22:44.761847
b0.70_g0.60_sim18.csv,0.7000000000000001,0.6,18,9,8.0,2025-04-07T21:22:44.761847
b0.70_g0.60_sim19.csv,0.7000000000000001,0.6,19,8,7.0,2025-04-07T21:22:44.761847
b0.70_g0.60_sim20.csv,0.7000000000000001,0.6,20,7,6.0,2025-04-07T21:22:44.761847
b0.70_g0.60_sim21.csv,0.7000000000000001,0.6,21,10,9.0,2025-04-07T21:22:44.761847
b0.70_g0.60_sim22.csv,0.7000000000000001,0.6,22,10,9.0,2025-04-07T21:22:44.761847
b0.70_g0.60_sim23.csv,0.7000000000000001,0.6,23,12,11.0,2025-04-07T21:22:44.761847
b0.70_g0.60_sim24.csv,0.7000000000000001,0.6,24,9,8.0,2025-04-07T21:22:44.761847
b0.70_g0.60_sim25.csv,0.7000000000000001,0.6,25,11,10.0,2025-04-07T21:22:44.761847
b0.70_g0.60_sim26.csv,0.7000000000000001,0.6,26,10,9.0,2025-04-07T21:22:44.761847
b0.70_g0.60_sim27.csv,0.7000000000000001,0.6,27,12,11.0,2025-04-07T21:22:44.761847
b0.70_g0.60_sim28.csv,0.7000000000000001,0.6,28,10,9.0,2025-04-07T21:22:44.761847
b0.70_g0.60_sim29.csv,0.7000000000000001,0.6,29,10,9.0,2025-04-07T21:22:44.761847
b0.70_g0.60_sim30.csv,0.7000000000000001,0.6,30,7,6.0,2025-04-07T21:22:44.761847
b0.70_g0.60_sim31.csv,0.7000000000000001,0.6,31,13,12.0,2025-04-07T21:22:44.761847
b0.70_g0.60_sim32.csv,0.7000000000000001,0.6,32,9,8.0,2025-04-07T21:22:44.761847
b0.70_g0.60_sim33.csv,0.7000000000000001,0.6,33,10,9.0,2025-04-07T21:22:44.761847
b0.70_g0.60_sim34.csv,0.7000000000000001,0.6,34,9,8.0,2025-04-07T21:22:44.761847
b0.70_g0.60_sim35.csv,0.7000000000000001,0.6,35,6,5.0,2025-04-07T21:22:44.761847
b0.70_g0.60_sim36.csv,0.7000000000000001,0.6,36,9,8.0,2025-04-07T21:22:44.761847
b0.70_g0.60_sim37.csv,0.7000000000000001,0.6,37,12,11.0,2025-04-07T21:22:44.761847
b0.70_g0.60_sim38.csv,0.7000000000000001,0.6,38,15,14.0,2025-04-07T21:22:44.761847
b0.70_g0.60_sim39.csv,0.7000000000000001,0.6,39,8,7.0,2025-04-07T21:22:44.761847
b0.70_g0.60_sim40.csv,0.7000000000000001,0.6,40,6,5.0,2025-04-07T21:22:44.761847
b0.70_g0.60_sim41.csv,0.7000000000000001,0.6,41,5,4.0,2025-04-07T21:22:44.761847
b0.70_g0.60_sim42.csv,0.7000000000000001,0.6,42,9,8.0,2025-04-07T21:22:44.761847
b0.70_g0.60_sim43.csv,0.7000000000000001,0.6,43,9,8.0,2025-04-07T21:22:44.761847
b0.70_g0.60_sim44.csv,0.7000000000000001,0.6,44,7,6.0,2025-04-07T21:22:44.761847
b0.70_g0.60_sim45.csv,0.7000000000000001,0.6,45,8,7.0,2025-04-07T21:22:44.761847
b0.70_g0.60_sim46.csv,0.7000000000000001,0.6,46,10,9.0,2025-04-07T21:22:44.761847
b0.70_g0.60_sim47.csv,0.7000000000000001,0.6,47,10,9.0,2025-04-07T21:22:44.761847
b0.70_g0.60_sim48.csv,0.7000000000000001,0.6,48,14,13.0,2025-04-07T21:22:44.761847
b0.70_g0.60_sim49.csv,0.7000000000000001,0.6,49,11,10.0,2025-04-07T21:22:44.761847
b0.70_g0.70_sim0.csv,0.7000000000000001,0.7000000000000001,0,6,5.0,2025-04-07T21:22:44.761847
b0.70_g0.70_sim1.csv,0.7000000000000001,0.7000000000000001,1,7,6.0,2025-04-07T21:22:44.761847
b0.70_g0.70_sim2.csv,0.7000000000000001,0.7000000000000001,2,8,7.0,2025-04-07T21:22:44.761847
b0.70_g0.70_sim3.csv,0.7000000000000001,0.7000000000000001,3,10,9.0,2025-04-07T21:22:44.761847
b0.70_g0.70_sim4.csv,0.7000000000000001,0.7000000000000001,4,10,9.0,2025-04-07T21:22:44.761847
b0.70_g0.70_sim5.csv,0.7000000000000001,0.7000000000000001,5,7,6.0,2025-04-07T21:22:44.761847
b0.70_g0.70_sim6.csv,0.7000000000000001,0.7000000000000001,6,7,6.0,2025-04-07T21:22:44.761847
b0.70_g0.70_sim7.csv,0.7000000000000001,0.7000000000000001,7,8,7.0,2025-04-07T21:22:44.761847
b0.70_g0.70_sim8.csv,0.7000000000000001,0.7000000000000001,8,7,6.0,2025-04-07T21:22:44.761847
b0.70_g0.70_sim9.csv,0.7000000000000001,0.7000000000000001,9,15,14.0,2025-04-07T21:22:44.761847
b0.70_g0.70_sim10.csv,0.7000000000000001,0.7000000000000001,10,8,7.0,2025-04-07T21:22:44.761847
b0.70_g0.70_sim11.csv,0.7000000000000001,0.7000000000000001,11,6,5.0,2025-04-07T21:22:44.761847
b0.70_g0.70_sim12.csv,0.7000000000000001,0.7000000000000001,12,7,6.0,2025-04-07T21:22:44.761847
b0.70_g0.70_sim13.csv,0.7000000000000001,0.7000000000000001,13,6,5.0,2025-04-07T21:22:44.761847
b0.70_g0.70_sim14.csv,0.7000000000000001,0.7000000000000001,14,9,8.0,2025-04-07T21:22:44.761847
b0.70_g0.70_sim15.csv,0.7000000000000001,0.7000000000000001,15,10,9.0,2025-04-07T21:22:44.761847
b0.70_g0.70_sim16.csv,0.7000000000000001,0.7000000000000001,16,6,5.0,2025-04-07T21:22:44.761847
b0.70_g0.70_sim17.csv,0.7000000000000001,0.7000000000000001,17,8,7.0,2025-04-07T21:22:44.761847
b0.70_g0.70_sim18.csv,0.7000000000000001,0.7000000000000001,18,9,8.0,2025-04-07T21:22:44.761847
b0.70_g0.70_sim19.csv,0.7000000000000001,0.7000000000000001,19,9,8.0,2025-04-07T21:22:44.761847
b0.70_g0.70_sim20.csv,0.7000000000000001,0.7000000000000001,20,9,8.0,2025-04-07T21:22:44.761847
b0.70_g0.70_sim21.csv,0.7000000000000001,0.7000000000000001,21,6,5.0,2025-04-07T21:22:44.761847
b0.70_g0.70_sim22.csv,0.7000000000000001,0.7000000000000001,22,9,8.0,2025-04-07T21:22:44.761847
b0.70_g0.70_sim23.csv,0.7000000000000001,0.7000000000000001,23,5,4.0,2025-04-07T21:22:44.761847
b0.70_g0.70_sim24.csv,0.7000000000000001,0.7000000000000001,24,7,6.0,2025-04-07T21:22:44.761847
b0.70_g0.70_sim25.csv,0.7000000000000001,0.7000000000000001,25,8,7.0,2025-04-07T21:22:44.761847
b0.70_g0.70_sim26.csv,0.7000000000000001,0.7000000000000001,26,12,11.0,2025-04-07T21:22:44.761847
b0.70_g0.70_sim27.csv,0.7000000000000001,0.7000000000000001,27,6,5.0,2025-04-07T21:22:44.761847
b0.70_g0.70_sim28.csv,0.7000000000000001,0.7000000000000001,28,9,8.0,2025-04-07T21:22:44.761847
b0.70_g0.70_sim29.csv,0.7000000000000001,0.7000000000000001,29,10,9.0,2025-04-07T21:22:44.761847
b0.70_g0.70_sim30.csv,0.7000000000000001,0.7000000000000001,30,8,7.0,2025-04-07T21:22:44.761847
b0.70_g0.70_sim31.csv,0.7000000000000001,0.7000000000000001,31,9,8.0,2025-04-07T21:22:44.761847
b0.70_g0.70_sim32.csv,0.7000000000000001,0.7000000000000001,32,7,6.0,2025-04-07T21:22:44.761847
b0.70_g0.70_sim33.csv,0.7000000000000001,0.7000000000000001,33,7,6.0,2025-04-07T21:22:44.761847
b0.70_g0.70_sim34.csv,0.7000000000000001,0.7000000000000001,34,11,10.0,2025-04-07T21:22:44.761847
b0.70_g0.70_sim35.csv,0.7000000000000001,0.7000000000000001,35,7,6.0,2025-04-07T21:22:44.761847
b0.70_g0.70_sim36.csv,0.7000000000000001,0.7000000000000001,36,7,6.0,2025-04-07T21:22:44.761847
b0.70_g0.70_sim37.csv,0.7000000000000001,0.7000000000000001,37,6,5.0,2025-04-07T21:22:44.761847
b0.70_g0.70_sim38.csv,0.7000000000000001,0.7000000000000001,38,7,6.0,2025-04-07T21:22:44.761847
b0.70_g0.70_sim39.csv,0.7000000000000001,0.7000000000000001,39,8,7.0,2025-04-07T21:22:44.761847
b0.70_g0.70_sim40.csv,0.7000000000000001,0.7000000000000001,40,9,8.0,2025-04-07T21:22:44.761847
b0.70_g0.70_sim41.csv,0.7000000000000001,0.7000000000000001,41,7,6.0,2025-04-07T21:22:44.761847
b0.70_g0.70_sim42.csv,0.7000000000000001,0.7000000000000001,42,7,6.0,2025-04-07T21:22:44.761847
b0.70_g0.70_sim43.csv,0.7000000000000001,0.7000000000000001,43,7,6.0,2025-04-07T21:22:44.761847
b0.70_g0.70_sim44.csv,0.7000000000000001,0.7000000000000001,44,13,12.0,2025-04-07T21:22:44.761847
b0.70_g0.70_sim45.csv,0.7000000000000001,0.7000000000000001,45,8,7.0,2025-04-07T21:22:44.761847
b0.70_g0.70_sim46.csv,0.7000000000000001,0.7000000000000001,46,7,6.0,2025-04-07T21:22:44.761847
b0.70_g0.70_sim47.csv,0.7000000000000001,0.7000000000000001,47,7,6.0,2025-04-07T21:22:44.761847
b0.70_g0.70_sim48.csv,0.7000000000000001,0.7000000000000001,48,5,4.0,2025-04-07T21:22:44.761847
b0.70_g0.70_sim49.csv,0.7000000000000001,0.7000000000000001,49,9,8.0,2025-04-07T21:22:44.761847
b0.70_g0.80_sim0.csv,0.7000000000000001,0.8,0,8,7.0,2025-04-07T21:22:44.761847
b0.70_g0.80_sim1.csv,0.7000000000000001,0.8,1,9,8.0,2025-04-07T21:22:44.761847
b0.70_g0.80_sim2.csv,0.7000000000000001,0.8,2,5,4.0,2025-04-07T21:22:44.761847
b0.70_g0.80_sim3.csv,0.7000000000000001,0.8,3,6,5.0,2025-04-07T21:22:44.761847
b0.70_g0.80_sim4.csv,0.7000000000000001,0.8,4,7,6.0,2025-04-07T21:22:44.761847
b0.70_g0.80_sim5.csv,0.7000000000000001,0.8,5,7,6.0,2025-04-07T21:22:44.761847
b0.70_g0.80_sim6.csv,0.7000000000000001,0.8,6,6,5.0,2025-04-07T21:22:44.761847
b0.70_g0.80_sim7.csv,0.7000000000000001,0.8,7,7,6.0,2025-04-07T21:22:44.761847
b0.70_g0.80_sim8.csv,0.7000000000000001,0.8,8,6,5.0,2025-04-07T21:22:44.761847
b0.70_g0.80_sim9.csv,0.7000000000000001,0.8,9,6,5.0,2025-04-07T21:22:44.761847
b0.70_g0.80_sim10.csv,0.7000000000000001,0.8,10,7,6.0,2025-04-07T21:22:44.761847
b0.70_g0.80_sim11.csv,0.7000000000000001,0.8,11,5,4.0,2025-04-07T21:22:44.761847
b0.70_g0.80_sim12.csv,0.7000000000000001,0.8,12,8,7.0,2025-04-07T21:22:44.761847
b0.70_g0.80_sim13.csv,0.7000000000000001,0.8,13,5,4.0,2025-04-07T21:22:44.761847
b0.70_g0.80_sim14.csv,0.7000000000000001,0.8,14,8,7.0,2025-04-07T21:22:44.761847
b0.70_g0.80_sim15.csv,0.7000000000000001,0.8,15,10,9.0,2025-04-07T21:22:44.761847
b0.70_g0.80_sim16.csv,0.7000000000000001,0.8,16,6,5.0,2025-04-07T21:22:44.761847
b0.70_g0.80_sim17.csv,0.7000000000000001,0.8,17,8,7.0,2025-04-07T21:22:44.761847
b0.70_g0.80_sim18.csv,0.7000000000000001,0.8,18,6,5.0,2025-04-07T21:22:44.761847
b0.70_g0.80_sim19.csv,0.7000000000000001,0.8,19,11,10.0,2025-04-07T21:22:44.761847
b0.70_g0.80_sim20.csv,0.7000000000000001,0.8,20,7,6.0,2025-04-07T21:22:44.761847
b0.70_g0.80_sim21.csv,0.7000000000000001,0.8,21,6,5.0,2025-04-07T21:22:44.761847
b0.70_g0.80_sim22.csv,0.7000000000000001,0.8,22,10,9.0,2025-04-07T21:22:44.761847
b0.70_g0.80_sim23.csv,0.7000000000000001,0.8,23,10,9.0,2025-04-07T21:22:44.761847
b0.70_g0.80_sim24.csv,0.7000000000000001,0.8,24,8,7.0,2025-04-07T21:22:44.761847
b0.70_g0.80_sim25.csv,0.7000000000000001,0.8,25,6,5.0,2025-04-07T21:22:44.761847
b0.70_g0.80_sim26.csv,0.7000000000000001,0.8,26,10,9.0,2025-04-07T21:22:44.761847
b0.70_g0.80_sim27.csv,0.7000000000000001,0.8,27,8,7.0,2025-04-07T21:22:44.761847
b0.70_g0.80_sim28.csv,0.7000000000000001,0.8,28,9,8.0,2025-04-07T21:22:44.761847
b0.70_g0.80_sim29.csv,0.7000000000000001,0.8,29,8,7.0,2025-04-07T21:22:44.761847
b0.70_g0.80_sim30.csv,0.7000000000000001,0.8,30,6,5.0,2025-04-07T21:22:44.761847
b0.70_g0.80_sim31.csv,0.7000000000000001,0.8,31,8,7.0,2025-04-07T21:22:44.761847
b0.70_g0.80_sim32.csv,0.7000000000000001,0.8,32,5,4.0,2025-04-07T21:22:44.761847
b0.70_g0.80_sim33.csv,0.7000000000000001,0.8,33,6,5.0,2025-04-07T21:22:44.761847
b0.70_g0.80_sim34.csv,0.7000000000000001,0.8,34,7,6.0,2025-04-07T21:22:44.761847
b0.70_g0.80_sim35.csv,0.7000000000000001,0.8,35,5,4.0,2025-04-07T21:22:44.761847
b0.70_g0.80_sim36.csv,0.7000000000000001,0.8,36,6,5.0,2025-04-07T21:22:44.761847
b0.70_g0.80_sim37.csv,0.7000000000000001,0.8,37,8,7.0,2025-04-07T21:22:44.761847
b0.70_g0.80_sim38.csv,0.7000000000000001,0.8,38,7,6.0,2025-04-07T21:22:44.761847
b0.70_g0.80_sim39.csv,0.7000000000000001,0.8,39,8,7.0,2025-04-07T21:22:44.761847
b0.70_g0.80_sim40.csv,0.7000000000000001,0.8,40,6,5.0,2025-04-07T21:22:44.761847
b0.70_g0.80_sim41.csv,0.7000000000000001,0.8,41,9,8.0,2025-04-07T21:22:44.761847
b0.70_g0.80_sim42.csv,0.7000000000000001,0.8,42,8,7.0,2025-04-07T21:22:44.761847
b0.70_g0.80_sim43.csv,0.7000000000000001,0.8,43,7,6.0,2025-04-07T21:22:44.761847
b0.70_g0.80_sim44.csv,0.7000000000000001,0.8,44,6,5.0,2025-04-07T21:22:44.761847
b0.70_g0.80_sim45.csv,0.7000000000000001,0.8,45,9,8.0,2025-04-07T21:22:44.761847
b0.70_g0.80_sim46.csv,0.7000000000000001,0.8,46,5,4.0,2025-04-07T21:22:44.761847
b0.70_g0.80_sim47.csv,0.7000000000000001,0.8,47,6,5.0,2025-04-07T21:22:44.761847
b0.70_g0.80_sim48.csv,0.7000000000000001,0.8,48,8,7.0,2025-04-07T21:22:44.761847
b0.70_g0.80_sim49.csv,0.7000000000000001,0.8,49,7,6.0,2025-04-07T21:22:44.761847
b0.70_g0.90_sim0.csv,0.7000000000000001,0.9,0,6,5.0,2025-04-07T21:22:44.761847
b0.70_g0.90_sim1.csv,0.7000000000000001,0.9,1,5,4.0,2025-04-07T21:22:44.761847
b0.70_g0.90_sim2.csv,0.7000000000000001,0.9,2,5,4.0,2025-04-07T21:22:44.761847
b0.70_g0.90_sim3.csv,0.7000000000000001,0.9,3,8,7.0,2025-04-07T21:22:44.761847
b0.70_g0.90_sim4.csv,0.7000000000000001,0.9,4,5,4.0,2025-04-07T21:22:44.761847
b0.70_g0.90_sim5.csv,0.7000000000000001,0.9,5,9,8.0,2025-04-07T21:22:44.761847
b0.70_g0.90_sim6.csv,0.7000000000000001,0.9,6,5,4.0,2025-04-07T21:22:44.761847
b0.70_g0.90_sim7.csv,0.7000000000000001,0.9,7,8,7.0,2025-04-07T21:22:44.761847
b0.70_g0.90_sim8.csv,0.7000000000000001,0.9,8,9,8.0,2025-04-07T21:22:44.761847
b0.70_g0.90_sim9.csv,0.7000000000000001,0.9,9,6,5.0,2025-04-07T21:22:44.761847
b0.70_g0.90_sim10.csv,0.7000000000000001,0.9,10,6,5.0,2025-04-07T21:22:44.761847
b0.70_g0.90_sim11.csv,0.7000000000000001,0.9,11,5,4.0,2025-04-07T21:22:44.761847
b0.70_g0.90_sim12.csv,0.7000000000000001,0.9,12,7,6.0,2025-04-07T21:22:44.761847
b0.70_g0.90_sim13.csv,0.7000000000000001,0.9,13,7,6.0,2025-04-07T21:22:44.761847
b0.70_g0.90_sim14.csv,0.7000000000000001,0.9,14,6,5.0,2025-04-07T21:22:44.761847
b0.70_g0.90_sim15.csv,0.7000000000000001,0.9,15,6,5.0,2025-04-07T21:22:44.761847
b0.70_g0.90_sim16.csv,0.7000000000000001,0.9,16,6,5.0,2025-04-07T21:22:44.761847
b0.70_g0.90_sim17.csv,0.7000000000000001,0.9,17,4,3.0,2025-04-07T21:22:44.761847
b0.70_g0.90_sim18.csv,0.7000000000000001,0.9,18,5,4.0,2025-04-07T21:22:44.761847
b0.70_g0.90_sim19.csv,0.7000000000000001,0.9,19,6,5.0,2025-04-07T21:22:44.761847
b0.70_g0.90_sim20.csv,0.7000000000000001,0.9,20,7,6.0,2025-04-07T21:22:44.761847
b0.70_g0.90_sim21.csv,0.7000000000000001,0.9,21,7,6.0,2025-04-07T21:22:44.761847
b0.70_g0.90_sim22.csv,0.7000000000000001,0.9,22,7,6.0,2025-04-07T21:22:44.761847
b0.70_g0.90_sim23.csv,0.7000000000000001,0.9,23,6,5.0,2025-04-07T21:22:44.761847
b0.70_g0.90_sim24.csv,0.7000000000000001,0.9,24,5,4.0,2025-04-07T21:22:44.761847
b0.70_g0.90_sim25.csv,0.7000000000000001,0.9,25,5,4.0,2025-04-07T21:22:44.761847
b0.70_g0.90_sim26.csv,0.7000000000000001,0.9,26,6,5.0,2025-04-07T21:22:44.761847
b0.70_g0.90_sim27.csv,0.7000000000000001,0.9,27,5,4.0,2025-04-07T21:22:44.761847
b0.70_g0.90_sim28.csv,0.7000000000000001,0.9,28,5,4.0,2025-04-07T21:22:44.761847
b0.70_g0.90_sim29.csv,0.7000000000000001,0.9,29,5,4.0,2025-04-07T21:22:44.761847
b0.70_g0.90_sim30.csv,0.7000000000000001,0.9,30,7,6.0,2025-04-07T21:22:44.761847
b0.70_g0.90_sim31.csv,0.7000000000000001,0.9,31,7,6.0,2025-04-07T21:22:44.761847
b0.70_g0.90_sim32.csv,0.7000000000000001,0.9,32,7,6.0,2025-04-07T21:22:44.761847
b0.70_g0.90_sim33.csv,0.7000000000000001,0.9,33,6,5.0,2025-04-07T21:22:44.761847
b0.70_g0.90_sim34.csv,0.7000000000000001,0.9,34,6,5.0,2025-04-07T21:22:44.761847
b0.70_g0.90_sim35.csv,0.7000000000000001,0.9,35,5,4.0,2025-04-07T21:22:44.761847
b0.70_g0.90_sim36.csv,0.7000000000000001,0.9,36,6,5.0,2025-04-07T21:22:44.761847
b0.70_g0.90_sim37.csv,0.7000000000000001,0.9,37,7,6.0,2025-04-07T21:22:44.761847
b0.70_g0.90_sim38.csv,0.7000000000000001,0.9,38,5,4.0,2025-04-07T21:22:44.761847
b0.70_g0.90_sim39.csv,0.7000000000000001,0.9,39,5,4.0,2025-04-07T21:22:44.761847
b0.70_g0.90_sim40.csv,0.7000000000000001,0.9,40,6,5.0,2025-04-07T21:22:44.761847
b0.70_g0.90_sim41.csv,0.7000000000000001,0.9,41,13,12.0,2025-04-07T21:22:44.761847
b0.70_g0.90_sim42.csv,0.7000000000000001,0.9,42,6,5.0,2025-04-07T21:22:44.761847
b0.70_g0.90_sim43.csv,0.7000000000000001,0.9,43,6,5.0,2025-04-07T21:22:44.761847
b0.70_g0.90_sim44.csv,0.7000000000000001,0.9,44,7,6.0,2025-04-07T21:22:44.761847
b0.70_g0.90_sim45.csv,0.7000000000000001,0.9,45,7,6.0,2025-04-07T21:22:44.761847
b0.70_g0.90_sim46.csv,0.7000000000000001,0.9,46,8,7.0,2025-04-07T21:22:44.761847
b0.70_g0.90_sim47.csv,0.7000000000000001,0.9,47,5,4.0,2025-04-07T21:22:44.761847
b0.70_g0.90_sim48.csv,0.7000000000000001,0.9,48,9,8.0,2025-04-07T21:22:44.761847
b0.70_g0.90_sim49.csv,0.7000000000000001,0.9,49,6,5.0,2025-04-07T21:22:44.761847
b0.70_g1.00_sim0.csv,0.7000000000000001,1.0,0,5,4.0,2025-04-07T21:22:44.761847
b0.70_g1.00_sim1.csv,0.7000000000000001,1.0,1,9,8.0,2025-04-07T21:22:44.761847
b0.70_g1.00_sim2.csv,0.7000000000000001,1.0,2,11,10.0,2025-04-07T21:22:44.761847
b0.70_g1.00_sim3.csv,0.7000000000000001,1.0,3,4,3.0,2025-04-07T21:22:44.761847
b0.70_g1.00_sim4.csv,0.7000000000000001,1.0,4,6,5.0,2025-04-07T21:22:44.761847
b0.70_g1.00_sim5.csv,0.7000000000000001,1.0,5,5,4.0,2025-04-07T21:22:44.761847
b0.70_g1.00_sim6.csv,0.7000000000000001,1.0,6,4,3.0,2025-04-07T21:22:44.761847
b0.70_g1.00_sim7.csv,0.7000000000000001,1.0,7,6,5.0,2025-04-07T21:22:44.761847
b0.70_g1.00_sim8.csv,0.7000000000000001,1.0,8,5,4.0,2025-04-07T21:22:44.761847
b0.70_g1.00_sim9.csv,0.7000000000000001,1.0,9,6,5.0,2025-04-07T21:22:44.761847
b0.70_g1.00_sim10.csv,0.7000000000000001,1.0,10,5,4.0,2025-04-07T21:22:44.761847
b0.70_g1.00_sim11.csv,0.7000000000000001,1.0,11,6,5.0,2025-04-07T21:22:44.761847
b0.70_g1.00_sim12.csv,0.7000000000000001,1.0,12,8,7.0,2025-04-07T21:22:44.761847
b0.70_g1.00_sim13.csv,0.7000000000000001,1.0,13,6,5.0,2025-04-07T21:22:44.761847
b0.70_g1.00_sim14.csv,0.7000000000000001,1.0,14,5,4.0,2025-04-07T21:22:44.761847
b0.70_g1.00_sim15.csv,0.7000000000000001,1.0,15,8,7.0,2025-04-07T21:22:44.761847
b0.70_g1.00_sim16.csv,0.7000000000000001,1.0,16,5,4.0,2025-04-07T21:22:44.761847
b0.70_g1.00_sim17.csv,0.7000000000000001,1.0,17,6,5.0,2025-04-07T21:22:44.761847
b0.70_g1.00_sim18.csv,0.7000000000000001,1.0,18,5,4.0,2025-04-07T21:22:44.761847
b0.70_g1.00_sim19.csv,0.7000000000000001,1.0,19,7,6.0,2025-04-07T21:22:44.761847
b0.70_g1.00_sim20.csv,0.7000000000000001,1.0,20,5,4.0,2025-04-07T21:22:44.761847
b0.70_g1.00_sim21.csv,0.7000000000000001,1.0,21,6,5.0,2025-04-07T21:22:44.761847
b0.70_g1.00_sim22.csv,0.7000000000000001,1.0,22,6,5.0,2025-04-07T21:22:44.761847
b0.70_g1.00_sim23.csv,0.7000000000000001,1.0,23,6,5.0,2025-04-07T21:22:44.761847
b0.70_g1.00_sim24.csv,0.7000000000000001,1.0,24,6,5.0,2025-04-07T21:22:44.761847
b0.70_g1.00_sim25.csv,0.7000000000000001,1.0,25,4,3.0,2025-04-07T21:22:44.761847
b0.70_g1.00_sim26.csv,0.7000000000000001,1.0,26,10,9.0,2025-04-07T21:22:44.761847
b0.70_g1.00_sim27.csv,0.7000000000000001,1.0,27,5,4.0,2025-04-07T21:22:44.761847
b0.70_g1.00_sim28.csv,0.7000000000000001,1.0,28,4,3.0,2025-04-07T21:22:44.761847
b0.70_g1.00_sim29.csv,0.7000000000000001,1.0,29,5,4.0,2025-04-07T21:22:44.761847
b0.70_g1.00_sim30.csv,0.7000000000000001,1.0,30,7,6.0,2025-04-07T21:22:44.761847
b0.70_g1.00_sim31.csv,0.7000000000000001,1.0,31,6,5.0,2025-04-07T21:22:44.761847
b0.70_g1.00_sim32.csv,0.7000000000000001,1.0,32,6,5.0,2025-04-07T21:22:44.761847
b0.70_g1.00_sim33.csv,0.7000000000000001,1.0,33,6,5.0,2025-04-07T21:22:44.761847
b0.70_g1.00_sim34.csv,0.7000000000000001,1.0,34,8,7.0,2025-04-07T21:22:44.761847
b0.70_g1.00_sim35.csv,0.7000000000000001,1.0,35,5,4.0,2025-04-07T21:22:44.761847
b0.70_g1.00_sim36.csv,0.7000000000000001,1.0,36,5,4.0,2025-04-07T21:22:44.761847
b0.70_g1.00_sim37.csv,0.7000000000000001,1.0,37,9,8.0,2025-04-07T21:22:44.761847
b0.70_g1.00_sim38.csv,0.7000000000000001,1.0,38,6,5.0,2025-04-07T21:22:44.761847
b0.70_g1.00_sim39.csv,0.7000000000000001,1.0,39,7,6.0,2025-04-07T21:22:44.761847
b0.70_g1.00_sim40.csv,0.7000000000000001,1.0,40,7,6.0,2025-04-07T21:22:44.761847
b0.70_g1.00_sim41.csv,0.7000000000000001,1.0,41,5,4.0,2025-04-07T21:22:44.761847
b0.70_g1.00_sim42.csv,0.7000000000000001,1.0,42,5,4.0,2025-04-07T21:22:44.761847
b0.70_g1.00_sim43.csv,0.7000000000000001,1.0,43,5,4.0,2025-04-07T21:22:44.761847
b0.70_g1.00_sim44.csv,0.7000000000000001,1.0,44,8,7.0,2025-04-07T21:22:44.761847
b0.70_g1.00_sim45.csv,0.7000000000000001,1.0,45,5,4.0,2025-04-07T21:22:44.761847
b0.70_g1.00_sim46.csv,0.7000000000000001,1.0,46,6,5.0,2025-04-07T21:22:44.761847
b0.70_g1.00_sim47.csv,0.7000000000000001,1.0,47,6,5.0,2025-04-07T21:22:44.761847
b0.70_g1.00_sim48.csv,0.7000000000000001,1.0,48,9,8.0,2025-04-07T21:22:44.761847
b0.70_g1.00_sim49.csv,0.7000000000000001,1.0,49,5,4.0,2025-04-07T21:22:44.761847
b0.80_g0.10_sim0.csv,0.8,0.1,0,63,62.0,2025-04-07T21:22:44.761847
b0.80_g0.10_sim1.csv,0.8,0.1,1,38,37.0,2025-04-07T21:22:44.761847
b0.80_g0.10_sim2.csv,0.8,0.1,2,43,42.0,2025-04-07T21:22:44.761847
b0.80_g0.10_sim3.csv,0.8,0.1,3,66,65.0,2025-04-07T21:22:44.761847
b0.80_g0.10_sim4.csv,0.8,0.1,4,47,46.0,2025-04-07T21:22:44.761847
b0.80_g0.10_sim5.csv,0.8,0.1,5,54,53.0,2025-04-07T21:22:44.761847
b0.80_g0.10_sim6.csv,0.8,0.1,6,38,37.0,2025-04-07T21:22:44.761847
b0.80_g0.10_sim7.csv,0.8,0.1,7,41,40.0,2025-04-07T21:22:44.761847
b0.80_g0.10_sim8.csv,0.8,0.1,8,52,51.0,2025-04-07T21:22:44.761847
b0.80_g0.10_sim9.csv,0.8,0.1,9,58,57.0,2025-04-07T21:22:44.761847
b0.80_g0.10_sim10.csv,0.8,0.1,10,52,51.0,2025-04-07T21:22:44.761847
b0.80_g0.10_sim11.csv,0.8,0.1,11,58,57.0,2025-04-07T21:22:44.761847
b0.80_g0.10_sim12.csv,0.8,0.1,12,38,37.0,2025-04-07T21:22:44.761847
b0.80_g0.10_sim13.csv,0.8,0.1,13,43,42.0,2025-04-07T21:22:44.761847
b0.80_g0.10_sim14.csv,0.8,0.1,14,67,66.0,2025-04-07T21:22:44.761847
b0.80_g0.10_sim15.csv,0.8,0.1,15,44,43.0,2025-04-07T21:22:44.761847
b0.80_g0.10_sim16.csv,0.8,0.1,16,42,41.0,2025-04-07T21:22:44.761847
b0.80_g0.10_sim17.csv,0.8,0.1,17,61,60.0,2025-04-07T21:22:44.761847
b0.80_g0.10_sim18.csv,0.8,0.1,18,70,69.0,2025-04-07T21:22:44.761847
b0.80_g0.10_sim19.csv,0.8,0.1,19,120,119.0,2025-04-07T21:22:44.761847
b0.80_g0.10_sim20.csv,0.8,0.1,20,50,49.0,2025-04-07T21:22:44.761847
b0.80_g0.10_sim21.csv,0.8,0.1,21,72,71.0,2025-04-07T21:22:44.761847
b0.80_g0.10_sim22.csv,0.8,0.1,22,53,52.0,2025-04-07T21:22:44.761847
b0.80_g0.10_sim23.csv,0.8,0.1,23,63,62.0,2025-04-07T21:22:44.761847
b0.80_g0.10_sim24.csv,0.8,0.1,24,81,80.0,2025-04-07T21:22:44.761847
b0.80_g0.10_sim25.csv,0.8,0.1,25,93,92.0,2025-04-07T21:22:44.761847
b0.80_g0.10_sim26.csv,0.8,0.1,26,43,42.0,2025-04-07T21:22:44.761847
b0.80_g0.10_sim27.csv,0.8,0.1,27,57,56.0,2025-04-07T21:22:44.761847
b0.80_g0.10_sim28.csv,0.8,0.1,28,52,51.0,2025-04-07T21:22:44.761847
b0.80_g0.10_sim29.csv,0.8,0.1,29,72,71.0,2025-04-07T21:22:44.761847
b0.80_g0.10_sim30.csv,0.8,0.1,30,39,38.0,2025-04-07T21:22:44.761847
b0.80_g0.10_sim31.csv,0.8,0.1,31,53,52.0,2025-04-07T21:22:44.761847
b0.80_g0.10_sim32.csv,0.8,0.1,32,58,57.0,2025-04-07T21:22:44.761847
b0.80_g0.10_sim33.csv,0.8,0.1,33,42,41.0,2025-04-07T21:22:44.761847
b0.80_g0.10_sim34.csv,0.8,0.1,34,53,52.0,2025-04-07T21:22:44.761847
b0.80_g0.10_sim35.csv,0.8,0.1,35,55,54.0,2025-04-07T21:22:44.761847
b0.80_g0.10_sim36.csv,0.8,0.1,36,41,40.0,2025-04-07T21:22:44.761847
b0.80_g0.10_sim37.csv,0.8,0.1,37,45,44.0,2025-04-07T21:22:44.761847
b0.80_g0.10_sim38.csv,0.8,0.1,38,53,52.0,2025-04-07T21:22:44.761847
b0.80_g0.10_sim39.csv,0.8,0.1,39,36,35.0,2025-04-07T21:22:44.761847
b0.80_g0.10_sim40.csv,0.8,0.1,40,65,64.0,2025-04-07T21:22:44.761847
b0.80_g0.10_sim41.csv,0.8,0.1,41,44,43.0,2025-04-07T21:22:44.761847
b0.80_g0.10_sim42.csv,0.8,0.1,42,47,46.0,2025-04-07T21:22:44.761847
b0.80_g0.10_sim43.csv,0.8,0.1,43,51,50.0,2025-04-07T21:22:44.761847
b0.80_g0.10_sim44.csv,0.8,0.1,44,43,42.0,2025-04-07T21:22:44.761847
b0.80_g0.10_sim45.csv,0.8,0.1,45,47,46.0,2025-04-07T21:22:44.761847
b0.80_g0.10_sim46.csv,0.8,0.1,46,52,51.0,2025-04-07T21:22:44.761847
b0.80_g0.10_sim47.csv,0.8,0.1,47,39,38.0,2025-04-07T21:22:44.761847
b0.80_g0.10_sim48.csv,0.8,0.1,48,63,62.0,2025-04-07T21:22:44.761847
b0.80_g0.10_sim49.csv,0.8,0.1,49,30,29.0,2025-04-07T21:22:44.761847
b0.80_g0.20_sim0.csv,0.8,0.2,0,23,22.0,2025-04-07T21:22:44.761847
b0.80_g0.20_sim1.csv,0.8,0.2,1,21,20.0,2025-04-07T21:22:44.761847
b0.80_g0.20_sim2.csv,0.8,0.2,2,20,19.0,2025-04-07T21:22:44.761847
b0.80_g0.20_sim3.csv,0.8,0.2,3,27,26.0,2025-04-07T21:22:44.761847
b0.80_g0.20_sim4.csv,0.8,0.2,4,23,22.0,2025-04-07T21:22:44.761847
b0.80_g0.20_sim5.csv,0.8,0.2,5,18,17.0,2025-04-07T21:22:44.761847
b0.80_g0.20_sim6.csv,0.8,0.2,6,26,25.0,2025-04-07T21:22:44.761847
b0.80_g0.20_sim7.csv,0.8,0.2,7,26,25.0,2025-04-07T21:22:44.761847
b0.80_g0.20_sim8.csv,0.8,0.2,8,25,24.0,2025-04-07T21:22:44.761847
b0.80_g0.20_sim9.csv,0.8,0.2,9,28,27.0,2025-04-07T21:22:44.761847
b0.80_g0.20_sim10.csv,0.8,0.2,10,20,19.0,2025-04-07T21:22:44.761847
b0.80_g0.20_sim11.csv,0.8,0.2,11,32,31.0,2025-04-07T21:22:44.761847
b0.80_g0.20_sim12.csv,0.8,0.2,12,17,16.0,2025-04-07T21:22:44.761847
b0.80_g0.20_sim13.csv,0.8,0.2,13,23,22.0,2025-04-07T21:22:44.761847
b0.80_g0.20_sim14.csv,0.8,0.2,14,26,25.0,2025-04-07T21:22:44.761847
b0.80_g0.20_sim15.csv,0.8,0.2,15,24,23.0,2025-04-07T21:22:44.761847
b0.80_g0.20_sim16.csv,0.8,0.2,16,23,22.0,2025-04-07T21:22:44.761847
b0.80_g0.20_sim17.csv,0.8,0.2,17,26,25.0,2025-04-07T21:22:44.761847
b0.80_g0.20_sim18.csv,0.8,0.2,18,25,24.0,2025-04-07T21:22:44.761847
b0.80_g0.20_sim19.csv,0.8,0.2,19,35,34.0,2025-04-07T21:22:44.761847
b0.80_g0.20_sim20.csv,0.8,0.2,20,24,23.0,2025-04-07T21:22:44.761847
b0.80_g0.20_sim21.csv,0.8,0.2,21,27,26.0,2025-04-07T21:22:44.761847
b0.80_g0.20_sim22.csv,0.8,0.2,22,27,26.0,2025-04-07T21:22:44.761847
b0.80_g0.20_sim23.csv,0.8,0.2,23,32,31.0,2025-04-07T21:22:44.761847
b0.80_g0.20_sim24.csv,0.8,0.2,24,21,20.0,2025-04-07T21:22:44.761847
b0.80_g0.20_sim25.csv,0.8,0.2,25,32,31.0,2025-04-07T21:22:44.761847
b0.80_g0.20_sim26.csv,0.8,0.2,26,26,25.0,2025-04-07T21:22:44.761847
b0.80_g0.20_sim27.csv,0.8,0.2,27,18,17.0,2025-04-07T21:22:44.761847
b0.80_g0.20_sim28.csv,0.8,0.2,28,18,17.0,2025-04-07T21:22:44.761847
b0.80_g0.20_sim29.csv,0.8,0.2,29,26,25.0,2025-04-07T21:22:44.761847
b0.80_g0.20_sim30.csv,0.8,0.2,30,27,26.0,2025-04-07T21:22:44.761847
b0.80_g0.20_sim31.csv,0.8,0.2,31,33,32.0,2025-04-07T21:22:44.761847
b0.80_g0.20_sim32.csv,0.8,0.2,32,45,44.0,2025-04-07T21:22:44.761847
b0.80_g0.20_sim33.csv,0.8,0.2,33,31,30.0,2025-04-07T21:22:44.761847
b0.80_g0.20_sim34.csv,0.8,0.2,34,22,21.0,2025-04-07T21:22:44.761847
b0.80_g0.20_sim35.csv,0.8,0.2,35,24,23.0,2025-04-07T21:22:44.761847
b0.80_g0.20_sim36.csv,0.8,0.2,36,26,25.0,2025-04-07T21:22:44.761847
b0.80_g0.20_sim37.csv,0.8,0.2,37,30,29.0,2025-04-07T21:22:44.761847
b0.80_g0.20_sim38.csv,0.8,0.2,38,32,31.0,2025-04-07T21:22:44.761847
b0.80_g0.20_sim39.csv,0.8,0.2,39,23,22.0,2025-04-07T21:22:44.761847
b0.80_g0.20_sim40.csv,0.8,0.2,40,29,28.0,2025-04-07T21:22:44.761847
b0.80_g0.20_sim41.csv,0.8,0.2,41,27,26.0,2025-04-07T21:22:44.761847
b0.80_g0.20_sim42.csv,0.8,0.2,42,29,28.0,2025-04-07T21:22:44.761847
b0.80_g0.20_sim43.csv,0.8,0.2,43,33,32.0,2025-04-07T21:22:44.761847
b0.80_g0.20_sim44.csv,0.8,0.2,44,32,31.0,2025-04-07T21:22:44.761847
b0.80_g0.20_sim45.csv,0.8,0.2,45,30,29.0,2025-04-07T21:22:44.761847
b0.80_g0.20_sim46.csv,0.8,0.2,46,28,27.0,2025-04-07T21:22:44.761847
b0.80_g0.20_sim47.csv,0.8,0.2,47,20,19.0,2025-04-07T21:22:44.761847
b0.80_g0.20_sim48.csv,0.8,0.2,48,27,26.0,2025-04-07T21:22:44.761847
b0.80_g0.20_sim49.csv,0.8,0.2,49,22,21.0,2025-04-07T21:22:44.761847
b0.80_g0.30_sim0.csv,0.8,0.30000000000000004,0,16,15.0,2025-04-07T21:22:44.761847
b0.80_g0.30_sim1.csv,0.8,0.30000000000000004,1,19,18.0,2025-04-07T21:22:44.761847
b0.80_g0.30_sim2.csv,0.8,0.30000000000000004,2,17,16.0,2025-04-07T21:22:44.761847
b0.80_g0.30_sim3.csv,0.8,0.30000000000000004,3,19,18.0,2025-04-07T21:22:44.761847
b0.80_g0.30_sim4.csv,0.8,0.30000000000000004,4,32,31.0,2025-04-07T21:22:44.761847
b0.80_g0.30_sim5.csv,0.8,0.30000000000000004,5,14,13.0,2025-04-07T21:22:44.761847
b0.80_g0.30_sim6.csv,0.8,0.30000000000000004,6,23,22.0,2025-04-07T21:22:44.761847
b0.80_g0.30_sim7.csv,0.8,0.30000000000000004,7,17,16.0,2025-04-07T21:22:44.761847
b0.80_g0.30_sim8.csv,0.8,0.30000000000000004,8,25,24.0,2025-04-07T21:22:44.761847
b0.80_g0.30_sim9.csv,0.8,0.30000000000000004,9,18,17.0,2025-04-07T21:22:44.761847
b0.80_g0.30_sim10.csv,0.8,0.30000000000000004,10,16,15.0,2025-04-07T21:22:44.761847
b0.80_g0.30_sim11.csv,0.8,0.30000000000000004,11,20,19.0,2025-04-07T21:22:44.761847
b0.80_g0.30_sim12.csv,0.8,0.30000000000000004,12,12,11.0,2025-04-07T21:22:44.761847
b0.80_g0.30_sim13.csv,0.8,0.30000000000000004,13,24,23.0,2025-04-07T21:22:44.761847
b0.80_g0.30_sim14.csv,0.8,0.30000000000000004,14,16,15.0,2025-04-07T21:22:44.761847
b0.80_g0.30_sim15.csv,0.8,0.30000000000000004,15,13,12.0,2025-04-07T21:22:44.761847
b0.80_g0.30_sim16.csv,0.8,0.30000000000000004,16,16,15.0,2025-04-07T21:22:44.761847
b0.80_g0.30_sim17.csv,0.8,0.30000000000000004,17,16,15.0,2025-04-07T21:22:44.761847
b0.80_g0.30_sim18.csv,0.8,0.30000000000000004,18,18,17.0,2025-04-07T21:22:44.761847
b0.80_g0.30_sim19.csv,0.8,0.30000000000000004,19,17,16.0,2025-04-07T21:22:44.761847
b0.80_g0.30_sim20.csv,0.8,0.30000000000000004,20,14,13.0,2025-04-07T21:22:44.761847
b0.80_g0.30_sim21.csv,0.8,0.30000000000000004,21,17,16.0,2025-04-07T21:22:44.761847
b0.80_g0.30_sim22.csv,0.8,0.30000000000000004,22,17,16.0,2025-04-07T21:22:44.761847
b0.80_g0.30_sim23.csv,0.8,0.30000000000000004,23,17,16.0,2025-04-07T21:22:44.761847
b0.80_g0.30_sim24.csv,0.8,0.30000000000000004,24,13,12.0,2025-04-07T21:22:44.761847
b0.80_g0.30_sim25.csv,0.8,0.30000000000000004,25,13,12.0,2025-04-07T21:22:44.761847
b0.80_g0.30_sim26.csv,0.8,0.30000000000000004,26,21,20.0,2025-04-07T21:22:44.761847
b0.80_g0.30_sim27.csv,0.8,0.30000000000000004,27,22,21.0,2025-04-07T21:22:44.761847
b0.80_g0.30_sim28.csv,0.8,0.30000000000000004,28,14,13.0,2025-04-07T21:22:44.761847
b0.80_g0.30_sim29.csv,0.8,0.30000000000000004,29,14,13.0,2025-04-07T21:22:44.761847
b0.80_g0.30_sim30.csv,0.8,0.30000000000000004,30,25,24.0,2025-04-07T21:22:44.761847
b0.80_g0.30_sim31.csv,0.8,0.30000000000000004,31,13,12.0,2025-04-07T21:22:44.761847
b0.80_g0.30_sim32.csv,0.8,0.30000000000000004,32,13,12.0,2025-04-07T21:22:44.761847
b0.80_g0.30_sim33.csv,0.8,0.30000000000000004,33,20,19.0,2025-04-07T21:22:44.761847
b0.80_g0.30_sim34.csv,0.8,0.30000000000000004,34,13,12.0,2025-04-07T21:22:44.761847
b0.80_g0.30_sim35.csv,0.8,0.30000000000000004,35,17,16.0,2025-04-07T21:22:44.761847
b0.80_g0.30_sim36.csv,0.8,0.30000000000000004,36,26,25.0,2025-04-07T21:22:44.761847
b0.80_g0.30_sim37.csv,0.8,0.30000000000000004,37,26,25.0,2025-04-07T21:22:44.761847
b0.80_g0.30_sim38.csv,0.8,0.30000000000000004,38,23,22.0,2025-04-07T21:22:44.761847
b0.80_g0.30_sim39.csv,0.8,0.30000000000000004,39,13,12.0,2025-04-07T21:22:44.761847
b0.80_g0.30_sim40.csv,0.8,0.30000000000000004,40,24,23.0,2025-04-07T21:22:44.761847
b0.80_g0.30_sim41.csv,0.8,0.30000000000000004,41,17,16.0,2025-04-07T21:22:44.761847
b0.80_g0.30_sim42.csv,0.8,0.30000000000000004,42,31,30.0,2025-04-07T21:22:44.761847
b0.80_g0.30_sim43.csv,0.8,0.30000000000000004,43,18,17.0,2025-04-07T21:22:44.761847
b0.80_g0.30_sim44.csv,0.8,0.30000000000000004,44,16,15.0,2025-04-07T21:22:44.761847
b0.80_g0.30_sim45.csv,0.8,0.30000000000000004,45,25,24.0,2025-04-07T21:22:44.761847
b0.80_g0.30_sim46.csv,0.8,0.30000000000000004,46,17,16.0,2025-04-07T21:22:44.761847
b0.80_g0.30_sim47.csv,0.8,0.30000000000000004,47,19,18.0,2025-04-07T21:22:44.761847
b0.80_g0.30_sim48.csv,0.8,0.30000000000000004,48,23,22.0,2025-04-07T21:22:44.761847
b0.80_g0.30_sim49.csv,0.8,0.30000000000000004,49,17,16.0,2025-04-07T21:22:44.761847
b0.80_g0.40_sim0.csv,0.8,0.4,0,13,12.0,2025-04-07T21:22:44.761847
b0.80_g0.40_sim1.csv,0.8,0.4,1,12,11.0,2025-04-07T21:22:44.761847
b0.80_g0.40_sim2.csv,0.8,0.4,2,17,16.0,2025-04-07T21:22:44.761847
b0.80_g0.40_sim3.csv,0.8,0.4,3,15,14.0,2025-04-07T21:22:44.761847
b0.80_g0.40_sim4.csv,0.8,0.4,4,11,10.0,2025-04-07T21:22:44.761847
b0.80_g0.40_sim5.csv,0.8,0.4,5,16,15.0,2025-04-07T21:22:44.761847
b0.80_g0.40_sim6.csv,0.8,0.4,6,14,13.0,2025-04-07T21:22:44.761847
b0.80_g0.40_sim7.csv,0.8,0.4,7,14,13.0,2025-04-07T21:22:44.761847
b0.80_g0.40_sim8.csv,0.8,0.4,8,11,10.0,2025-04-07T21:22:44.761847
b0.80_g0.40_sim9.csv,0.8,0.4,9,13,12.0,2025-04-07T21:22:44.761847
b0.80_g0.40_sim10.csv,0.8,0.4,10,9,8.0,2025-04-07T21:22:44.761847
b0.80_g0.40_sim11.csv,0.8,0.4,11,16,15.0,2025-04-07T21:22:44.761847
b0.80_g0.40_sim12.csv,0.8,0.4,12,20,19.0,2025-04-07T21:22:44.761847
b0.80_g0.40_sim13.csv,0.8,0.4,13,14,13.0,2025-04-07T21:22:44.761847
b0.80_g0.40_sim14.csv,0.8,0.4,14,9,8.0,2025-04-07T21:22:44.761847
b0.80_g0.40_sim15.csv,0.8,0.4,15,11,10.0,2025-04-07T21:22:44.761847
b0.80_g0.40_sim16.csv,0.8,0.4,16,14,13.0,2025-04-07T21:22:44.761847
b0.80_g0.40_sim17.csv,0.8,0.4,17,13,12.0,2025-04-07T21:22:44.761847
b0.80_g0.40_sim18.csv,0.8,0.4,18,10,9.0,2025-04-07T21:22:44.761847
b0.80_g0.40_sim19.csv,0.8,0.4,19,12,11.0,2025-04-07T21:22:44.761847
b0.80_g0.40_sim20.csv,0.8,0.4,20,10,9.0,2025-04-07T21:22:44.761847
b0.80_g0.40_sim21.csv,0.8,0.4,21,11,10.0,2025-04-07T21:22:44.761847
b0.80_g0.40_sim22.csv,0.8,0.4,22,13,12.0,2025-04-07T21:22:44.761847
b0.80_g0.40_sim23.csv,0.8,0.4,23,12,11.0,2025-04-07T21:22:44.761847
b0.80_g0.40_sim24.csv,0.8,0.4,24,9,8.0,2025-04-07T21:22:44.761847
b0.80_g0.40_sim25.csv,0.8,0.4,25,13,12.0,2025-04-07T21:22:44.761847
b0.80_g0.40_sim26.csv,0.8,0.4,26,15,14.0,2025-04-07T21:22:44.761847
b0.80_g0.40_sim27.csv,0.8,0.4,27,18,17.0,2025-04-07T21:22:44.761847
b0.80_g0.40_sim28.csv,0.8,0.4,28,12,11.0,2025-04-07T21:22:44.761847
b0.80_g0.40_sim29.csv,0.8,0.4,29,15,14.0,2025-04-07T21:22:44.761847
b0.80_g0.40_sim30.csv,0.8,0.4,30,11,10.0,2025-04-07T21:22:44.761847
b0.80_g0.40_sim31.csv,0.8,0.4,31,16,15.0,2025-04-07T21:22:44.761847
b0.80_g0.40_sim32.csv,0.8,0.4,32,13,12.0,2025-04-07T21:22:44.761847
b0.80_g0.40_sim33.csv,0.8,0.4,33,12,11.0,2025-04-07T21:22:44.761847
b0.80_g0.40_sim34.csv,0.8,0.4,34,15,14.0,2025-04-07T21:22:44.761847
b0.80_g0.40_sim35.csv,0.8,0.4,35,12,11.0,2025-04-07T21:22:44.761847
b0.80_g0.40_sim36.csv,0.8,0.4,36,14,13.0,2025-04-07T21:22:44.761847
b0.80_g0.40_sim37.csv,0.8,0.4,37,12,11.0,2025-04-07T21:22:44.761847
b0.80_g0.40_sim38.csv,0.8,0.4,38,10,9.0,2025-04-07T21:22:44.761847
b0.80_g0.40_sim39.csv,0.8,0.4,39,19,18.0,2025-04-07T21:22:44.761847
b0.80_g0.40_sim40.csv,0.8,0.4,40,20,19.0,2025-04-07T21:22:44.761847
b0.80_g0.40_sim41.csv,0.8,0.4,41,15,14.0,2025-04-07T21:22:44.761847
b0.80_g0.40_sim42.csv,0.8,0.4,42,10,9.0,2025-04-07T21:22:44.761847
b0.80_g0.40_sim43.csv,0.8,0.4,43,13,12.0,2025-04-07T21:22:44.761847
b0.80_g0.40_sim44.csv,0.8,0.4,44,12,11.0,2025-04-07T21:22:44.761847
b0.80_g0.40_sim45.csv,0.8,0.4,45,13,12.0,2025-04-07T21:22:44.761847
b0.80_g0.40_sim46.csv,0.8,0.4,46,9,8.0,2025-04-07T21:22:44.761847
b0.80_g0.40_sim47.csv,0.8,0.4,47,12,11.0,2025-04-07T21:22:44.761847
b0.80_g0.40_sim48.csv,0.8,0.4,48,14,13.0,2025-04-07T21:22:44.761847
b0.80_g0.40_sim49.csv,0.8,0.4,49,12,11.0,2025-04-07T21:22:44.761847
b0.80_g0.50_sim0.csv,0.8,0.5,0,9,8.0,2025-04-07T21:22:44.761847
b0.80_g0.50_sim1.csv,0.8,0.5,1,11,10.0,2025-04-07T21:22:44.761847
b0.80_g0.50_sim2.csv,0.8,0.5,2,11,10.0,2025-04-07T21:22:44.761847
b0.80_g0.50_sim3.csv,0.8,0.5,3,9,8.0,2025-04-07T21:22:44.761847
b0.80_g0.50_sim4.csv,0.8,0.5,4,9,8.0,2025-04-07T21:22:44.761847
b0.80_g0.50_sim5.csv,0.8,0.5,5,8,7.0,2025-04-07T21:22:44.761847
b0.80_g0.50_sim6.csv,0.8,0.5,6,18,17.0,2025-04-07T21:22:44.761847
b0.80_g0.50_sim7.csv,0.8,0.5,7,9,8.0,2025-04-07T21:22:44.761847
b0.80_g0.50_sim8.csv,0.8,0.5,8,8,7.0,2025-04-07T21:22:44.761847
b0.80_g0.50_sim9.csv,0.8,0.5,9,9,8.0,2025-04-07T21:22:44.761847
b0.80_g0.50_sim10.csv,0.8,0.5,10,12,11.0,2025-04-07T21:22:44.761847
b0.80_g0.50_sim11.csv,0.8,0.5,11,15,14.0,2025-04-07T21:22:44.761847
b0.80_g0.50_sim12.csv,0.8,0.5,12,13,12.0,2025-04-07T21:22:44.761847
b0.80_g0.50_sim13.csv,0.8,0.5,13,10,9.0,2025-04-07T21:22:44.761847
b0.80_g0.50_sim14.csv,0.8,0.5,14,12,11.0,2025-04-07T21:22:44.761847
b0.80_g0.50_sim15.csv,0.8,0.5,15,12,11.0,2025-04-07T21:22:44.761847
b0.80_g0.50_sim16.csv,0.8,0.5,16,9,8.0,2025-04-07T21:22:44.761847
b0.80_g0.50_sim17.csv,0.8,0.5,17,9,8.0,2025-04-07T21:22:44.761847
b0.80_g0.50_sim18.csv,0.8,0.5,18,9,8.0,2025-04-07T21:22:44.761847
b0.80_g0.50_sim19.csv,0.8,0.5,19,6,5.0,2025-04-07T21:22:44.761847
b0.80_g0.50_sim20.csv,0.8,0.5,20,8,7.0,2025-04-07T21:22:44.761847
b0.80_g0.50_sim21.csv,0.8,0.5,21,13,12.0,2025-04-07T21:22:44.761847
b0.80_g0.50_sim22.csv,0.8,0.5,22,12,11.0,2025-04-07T21:22:44.761847
b0.80_g0.50_sim23.csv,0.8,0.5,23,13,12.0,2025-04-07T21:22:44.761847
b0.80_g0.50_sim24.csv,0.8,0.5,24,9,8.0,2025-04-07T21:22:44.761847
b0.80_g0.50_sim25.csv,0.8,0.5,25,12,11.0,2025-04-07T21:22:44.761847
b0.80_g0.50_sim26.csv,0.8,0.5,26,9,8.0,2025-04-07T21:22:44.761847
b0.80_g0.50_sim27.csv,0.8,0.5,27,12,11.0,2025-04-07T21:22:44.761847
b0.80_g0.50_sim28.csv,0.8,0.5,28,9,8.0,2025-04-07T21:22:44.761847
b0.80_g0.50_sim29.csv,0.8,0.5,29,9,8.0,2025-04-07T21:22:44.761847
b0.80_g0.50_sim30.csv,0.8,0.5,30,9,8.0,2025-04-07T21:22:44.761847
b0.80_g0.50_sim31.csv,0.8,0.5,31,8,7.0,2025-04-07T21:22:44.761847
b0.80_g0.50_sim32.csv,0.8,0.5,32,11,10.0,2025-04-07T21:22:44.761847
b0.80_g0.50_sim33.csv,0.8,0.5,33,16,15.0,2025-04-07T21:22:44.761847
b0.80_g0.50_sim34.csv,0.8,0.5,34,11,10.0,2025-04-07T21:22:44.761847
b0.80_g0.50_sim35.csv,0.8,0.5,35,12,11.0,2025-04-07T21:22:44.761847
b0.80_g0.50_sim36.csv,0.8,0.5,36,10,9.0,2025-04-07T21:22:44.761847
b0.80_g0.50_sim37.csv,0.8,0.5,37,11,10.0,2025-04-07T21:22:44.761847
b0.80_g0.50_sim38.csv,0.8,0.5,38,8,7.0,2025-04-07T21:22:44.761847
b0.80_g0.50_sim39.csv,0.8,0.5,39,12,11.0,2025-04-07T21:22:44.761847
b0.80_g0.50_sim40.csv,0.8,0.5,40,7,6.0,2025-04-07T21:22:44.761847
b0.80_g0.50_sim41.csv,0.8,0.5,41,9,8.0,2025-04-07T21:22:44.761847
b0.80_g0.50_sim42.csv,0.8,0.5,42,18,17.0,2025-04-07T21:22:44.761847
b0.80_g0.50_sim43.csv,0.8,0.5,43,10,9.0,2025-04-07T21:22:44.761847
b0.80_g0.50_sim44.csv,0.8,0.5,44,13,12.0,2025-04-07T21:22:44.761847
b0.80_g0.50_sim45.csv,0.8,0.5,45,12,11.0,2025-04-07T21:22:44.761847
b0.80_g0.50_sim46.csv,0.8,0.5,46,12,11.0,2025-04-07T21:22:44.761847
b0.80_g0.50_sim47.csv,0.8,0.5,47,8,7.0,2025-04-07T21:22:44.761847
b0.80_g0.50_sim48.csv,0.8,0.5,48,8,7.0,2025-04-07T21:22:44.761847
b0.80_g0.50_sim49.csv,0.8,0.5,49,9,8.0,2025-04-07T21:22:44.761847
b0.80_g0.60_sim0.csv,0.8,0.6,0,9,8.0,2025-04-07T21:22:44.761847
b0.80_g0.60_sim1.csv,0.8,0.6,1,9,8.0,2025-04-07T21:22:44.761847
b0.80_g0.60_sim2.csv,0.8,0.6,2,7,6.0,2025-04-07T21:22:44.761847
b0.80_g0.60_sim3.csv,0.8,0.6,3,11,10.0,2025-04-07T21:22:44.761847
b0.80_g0.60_sim4.csv,0.8,0.6,4,9,8.0,2025-04-07T21:22:44.761847
b0.80_g0.60_sim5.csv,0.8,0.6,5,8,7.0,2025-04-07T21:22:44.761847
b0.80_g0.60_sim6.csv,0.8,0.6,6,9,8.0,2025-04-07T21:22:44.761847
b0.80_g0.60_sim7.csv,0.8,0.6,7,13,12.0,2025-04-07T21:22:44.761847
b0.80_g0.60_sim8.csv,0.8,0.6,8,9,8.0,2025-04-07T21:22:44.761847
b0.80_g0.60_sim9.csv,0.8,0.6,9,7,6.0,2025-04-07T21:22:44.761847
b0.80_g0.60_sim10.csv,0.8,0.6,10,12,11.0,2025-04-07T21:22:44.761847
b0.80_g0.60_sim11.csv,0.8,0.6,11,8,7.0,2025-04-07T21:22:44.761847
b0.80_g0.60_sim12.csv,0.8,0.6,12,11,10.0,2025-04-07T21:22:44.761847
b0.80_g0.60_sim13.csv,0.8,0.6,13,7,6.0,2025-04-07T21:22:44.761847
b0.80_g0.60_sim14.csv,0.8,0.6,14,10,9.0,2025-04-07T21:22:44.761847
b0.80_g0.60_sim15.csv,0.8,0.6,15,8,7.0,2025-04-07T21:22:44.761847
b0.80_g0.60_sim16.csv,0.8,0.6,16,13,12.0,2025-04-07T21:22:44.761847
b0.80_g0.60_sim17.csv,0.8,0.6,17,8,7.0,2025-04-07T21:22:44.761847
b0.80_g0.60_sim18.csv,0.8,0.6,18,7,6.0,2025-04-07T21:22:44.761847
b0.80_g0.60_sim19.csv,0.8,0.6,19,16,15.0,2025-04-07T21:22:44.761847
b0.80_g0.60_sim20.csv,0.8,0.6,20,9,8.0,2025-04-07T21:22:44.761847
b0.80_g0.60_sim21.csv,0.8,0.6,21,8,7.0,2025-04-07T21:22:44.761847
b0.80_g0.60_sim22.csv,0.8,0.6,22,7,6.0,2025-04-07T21:22:44.761847
b0.80_g0.60_sim23.csv,0.8,0.6,23,10,9.0,2025-04-07T21:22:44.761847
b0.80_g0.60_sim24.csv,0.8,0.6,24,10,9.0,2025-04-07T21:22:44.761847
b0.80_g0.60_sim25.csv,0.8,0.6,25,10,9.0,2025-04-07T21:22:44.761847
b0.80_g0.60_sim26.csv,0.8,0.6,26,8,7.0,2025-04-07T21:22:44.761847
b0.80_g0.60_sim27.csv,0.8,0.6,27,10,9.0,2025-04-07T21:22:44.761847
b0.80_g0.60_sim28.csv,0.8,0.6,28,7,6.0,2025-04-07T21:22:44.761847
b0.80_g0.60_sim29.csv,0.8,0.6,29,9,8.0,2025-04-07T21:22:44.761847
b0.80_g0.60_sim30.csv,0.8,0.6,30,13,12.0,2025-04-07T21:22:44.761847
b0.80_g0.60_sim31.csv,0.8,0.6,31,8,7.0,2025-04-07T21:22:44.761847
b0.80_g0.60_sim32.csv,0.8,0.6,32,9,8.0,2025-04-07T21:22:44.761847
b0.80_g0.60_sim33.csv,0.8,0.6,33,7,6.0,2025-04-07T21:22:44.761847
b0.80_g0.60_sim34.csv,0.8,0.6,34,9,8.0,2025-04-07T21:22:44.761847
b0.80_g0.60_sim35.csv,0.8,0.6,35,7,6.0,2025-04-07T21:22:44.761847
b0.80_g0.60_sim36.csv,0.8,0.6,36,11,10.0,2025-04-07T21:22:44.761847
b0.80_g0.60_sim37.csv,0.8,0.6,37,7,6.0,2025-04-07T21:22:44.761847
b0.80_g0.60_sim38.csv,0.8,0.6,38,9,8.0,2025-04-07T21:22:44.761847
b0.80_g0.60_sim39.csv,0.8,0.6,39,9,8.0,2025-04-07T21:22:44.761847
b0.80_g0.60_sim40.csv,0.8,0.6,40,12,11.0,2025-04-07T21:22:44.761847
b0.80_g0.60_sim41.csv,0.8,0.6,41,9,8.0,2025-04-07T21:22:44.761847
b0.80_g0.60_sim42.csv,0.8,0.6,42,8,7.0,2025-04-07T21:22:44.761847
b0.80_g0.60_sim43.csv,0.8,0.6,43,10,9.0,2025-04-07T21:22:44.761847
b0.80_g0.60_sim44.csv,0.8,0.6,44,9,8.0,2025-04-07T21:22:44.761847
b0.80_g0.60_sim45.csv,0.8,0.6,45,9,8.0,2025-04-07T21:22:44.761847
b0.80_g0.60_sim46.csv,0.8,0.6,46,16,15.0,2025-04-07T21:22:44.761847
b0.80_g0.60_sim47.csv,0.8,0.6,47,8,7.0,2025-04-07T21:22:44.761847
b0.80_g0.60_sim48.csv,0.8,0.6,48,9,8.0,2025-04-07T21:22:44.761847
b0.80_g0.60_sim49.csv,0.8,0.6,49,9,8.0,2025-04-07T21:22:44.761847
b0.80_g0.70_sim0.csv,0.8,0.7000000000000001,0,6,5.0,2025-04-07T21:22:44.761847
b0.80_g0.70_sim1.csv,0.8,0.7000000000000001,1,8,7.0,2025-04-07T21:22:44.761847
b0.80_g0.70_sim2.csv,0.8,0.7000000000000001,2,8,7.0,2025-04-07T21:22:44.761847
b0.80_g0.70_sim3.csv,0.8,0.7000000000000001,3,7,6.0,2025-04-07T21:22:44.761847
b0.80_g0.70_sim4.csv,0.8,0.7000000000000001,4,9,8.0,2025-04-07T21:22:44.761847
b0.80_g0.70_sim5.csv,0.8,0.7000000000000001,5,8,7.0,2025-04-07T21:22:44.761847
b0.80_g0.70_sim6.csv,0.8,0.7000000000000001,6,9,8.0,2025-04-07T21:22:44.761847
b0.80_g0.70_sim7.csv,0.8,0.7000000000000001,7,6,5.0,2025-04-07T21:22:44.761847
b0.80_g0.70_sim8.csv,0.8,0.7000000000000001,8,9,8.0,2025-04-07T21:22:44.761847
b0.80_g0.70_sim9.csv,0.8,0.7000000000000001,9,7,6.0,2025-04-07T21:22:44.761847
b0.80_g0.70_sim10.csv,0.8,0.7000000000000001,10,6,5.0,2025-04-07T21:22:44.761847
b0.80_g0.70_sim11.csv,0.8,0.7000000000000001,11,11,10.0,2025-04-07T21:22:44.761847
b0.80_g0.70_sim12.csv,0.8,0.7000000000000001,12,8,7.0,2025-04-07T21:22:44.761847
b0.80_g0.70_sim13.csv,0.8,0.7000000000000001,13,9,8.0,2025-04-07T21:22:44.761847
b0.80_g0.70_sim14.csv,0.8,0.7000000000000001,14,6,5.0,2025-04-07T21:22:44.761847
b0.80_g0.70_sim15.csv,0.8,0.7000000000000001,15,6,5.0,2025-04-07T21:22:44.761847
b0.80_g0.70_sim16.csv,0.8,0.7000000000000001,16,9,8.0,2025-04-07T21:22:44.761847
b0.80_g0.70_sim17.csv,0.8,0.7000000000000001,17,10,9.0,2025-04-07T21:22:44.761847
b0.80_g0.70_sim18.csv,0.8,0.7000000000000001,18,6,5.0,2025-04-07T21:22:44.761847
b0.80_g0.70_sim19.csv,0.8,0.7000000000000001,19,6,5.0,2025-04-07T21:22:44.761847
b0.80_g0.70_sim20.csv,0.8,0.7000000000000001,20,8,7.0,2025-04-07T21:22:44.761847
b0.80_g0.70_sim21.csv,0.8,0.7000000000000001,21,7,6.0,2025-04-07T21:22:44.761847
b0.80_g0.70_sim22.csv,0.8,0.7000000000000001,22,7,6.0,2025-04-07T21:22:44.761847
b0.80_g0.70_sim23.csv,0.8,0.7000000000000001,23,7,6.0,2025-04-07T21:22:44.761847
b0.80_g0.70_sim24.csv,0.8,0.7000000000000001,24,8,7.0,2025-04-07T21:22:44.761847
b0.80_g0.70_sim25.csv,0.8,0.7000000000000001,25,11,10.0,2025-04-07T21:22:44.761847
b0.80_g0.70_sim26.csv,0.8,0.7000000000000001,26,9,8.0,2025-04-07T21:22:44.761847
b0.80_g0.70_sim27.csv,0.8,0.7000000000000001,27,8,7.0,2025-04-07T21:22:44.761847
b0.80_g0.70_sim28.csv,0.8,0.7000000000000001,28,10,9.0,2025-04-07T21:22:44.761847
b0.80_g0.70_sim29.csv,0.8,0.7000000000000001,29,7,6.0,2025-04-07T21:22:44.761847
b0.80_g0.70_sim30.csv,0.8,0.7000000000000001,30,7,6.0,2025-04-07T21:22:44.761847
b0.80_g0.70_sim31.csv,0.8,0.7000000000000001,31,8,7.0,2025-04-07T21:22:44.761847
b0.80_g0.70_sim32.csv,0.8,0.7000000000000001,32,6,5.0,2025-04-07T21:22:44.761847
b0.80_g0.70_sim33.csv,0.8,0.7000000000000001,33,6,5.0,2025-04-07T21:22:44.761847
b0.80_g0.70_sim34.csv,0.8,0.7000000000000001,34,6,5.0,2025-04-07T21:22:44.761847
b0.80_g0.70_sim35.csv,0.8,0.7000000000000001,35,8,7.0,2025-04-07T21:22:44.761847
b0.80_g0.70_sim36.csv,0.8,0.7000000000000001,36,13,12.0,2025-04-07T21:22:44.761847
b0.80_g0.70_sim37.csv,0.8,0.7000000000000001,37,6,5.0,2025-04-07T21:22:44.761847
b0.80_g0.70_sim38.csv,0.8,0.7000000000000001,38,8,7.0,2025-04-07T21:22:44.761847
b0.80_g0.70_sim39.csv,0.8,0.7000000000000001,39,9,8.0,2025-04-07T21:22:44.761847
b0.80_g0.70_sim40.csv,0.8,0.7000000000000001,40,9,8.0,2025-04-07T21:22:44.761847
b0.80_g0.70_sim41.csv,0.8,0.7000000000000001,41,10,9.0,2025-04-07T21:22:44.761847
b0.80_g0.70_sim42.csv,0.8,0.7000000000000001,42,8,7.0,2025-04-07T21:22:44.761847
b0.80_g0.70_sim43.csv,0.8,0.7000000000000001,43,13,12.0,2025-04-07T21:22:44.761847
b0.80_g0.70_sim44.csv,0.8,0.7000000000000001,44,12,11.0,2025-04-07T21:22:44.761847
b0.80_g0.70_sim45.csv,0.8,0.7000000000000001,45,8,7.0,2025-04-07T21:22:44.761847
b0.80_g0.70_sim46.csv,0.8,0.7000000000000001,46,8,7.0,2025-04-07T21:22:44.761847
b0.80_g0.70_sim47.csv,0.8,0.7000000000000001,47,10,9.0,2025-04-07T21:22:44.761847
b0.80_g0.70_sim48.csv,0.8,0.7000000000000001,48,7,6.0,2025-04-07T21:22:44.761847
b0.80_g0.70_sim49.csv,0.8,0.7000000000000001,49,6,5.0,2025-04-07T21:22:44.761847
b0.80_g0.80_sim0.csv,0.8,0.8,0,8,7.0,2025-04-07T21:22:44.761847
b0.80_g0.80_sim1.csv,0.8,0.8,1,6,5.0,2025-04-07T21:22:44.761847
b0.80_g0.80_sim2.csv,0.8,0.8,2,4,3.0,2025-04-07T21:22:44.761847
b0.80_g0.80_sim3.csv,0.8,0.8,3,6,5.0,2025-04-07T21:22:44.761847
b0.80_g0.80_sim4.csv,0.8,0.8,4,11,10.0,2025-04-07T21:22:44.761847
b0.80_g0.80_sim5.csv,0.8,0.8,5,6,5.0,2025-04-07T21:22:44.761847
b0.80_g0.80_sim6.csv,0.8,0.8,6,8,7.0,2025-04-07T21:22:44.761847
b0.80_g0.80_sim7.csv,0.8,0.8,7,8,7.0,2025-04-07T21:22:44.761847
b0.80_g0.80_sim8.csv,0.8,0.8,8,9,8.0,2025-04-07T21:22:44.761847
b0.80_g0.80_sim9.csv,0.8,0.8,9,6,5.0,2025-04-07T21:22:44.761847
b0.80_g0.80_sim10.csv,0.8,0.8,10,6,5.0,2025-04-07T21:22:44.761847
b0.80_g0.80_sim11.csv,0.8,0.8,11,8,7.0,2025-04-07T21:22:44.761847
b0.80_g0.80_sim12.csv,0.8,0.8,12,6,5.0,2025-04-07T21:22:44.761847
b0.80_g0.80_sim13.csv,0.8,0.8,13,6,5.0,2025-04-07T21:22:44.761847
b0.80_g0.80_sim14.csv,0.8,0.8,14,5,4.0,2025-04-07T21:22:44.761847
b0.80_g0.80_sim15.csv,0.8,0.8,15,6,5.0,2025-04-07T21:22:44.761847
b0.80_g0.80_sim16.csv,0.8,0.8,16,6,5.0,2025-04-07T21:22:44.761847
b0.80_g0.80_sim17.csv,0.8,0.8,17,6,5.0,2025-04-07T21:22:44.761847
b0.80_g0.80_sim18.csv,0.8,0.8,18,7,6.0,2025-04-07T21:22:44.761847
b0.80_g0.80_sim19.csv,0.8,0.8,19,4,3.0,2025-04-07T21:22:44.761847
b0.80_g0.80_sim20.csv,0.8,0.8,20,9,8.0,2025-04-07T21:22:44.761847
b0.80_g0.80_sim21.csv,0.8,0.8,21,9,8.0,2025-04-07T21:22:44.761847
b0.80_g0.80_sim22.csv,0.8,0.8,22,6,5.0,2025-04-07T21:22:44.761847
b0.80_g0.80_sim23.csv,0.8,0.8,23,5,4.0,2025-04-07T21:22:44.761847
b0.80_g0.80_sim24.csv,0.8,0.8,24,7,6.0,2025-04-07T21:22:44.761847
b0.80_g0.80_sim25.csv,0.8,0.8,25,7,6.0,2025-04-07T21:22:44.761847
b0.80_g0.80_sim26.csv,0.8,0.8,26,8,7.0,2025-04-07T21:22:44.761847
b0.80_g0.80_sim27.csv,0.8,0.8,27,6,5.0,2025-04-07T21:22:44.761847
b0.80_g0.80_sim28.csv,0.8,0.8,28,6,5.0,2025-04-07T21:22:44.761847
b0.80_g0.80_sim29.csv,0.8,0.8,29,8,7.0,2025-04-07T21:22:44.761847
b0.80_g0.80_sim30.csv,0.8,0.8,30,6,5.0,2025-04-07T21:22:44.761847
b0.80_g0.80_sim31.csv,0.8,0.8,31,6,5.0,2025-04-07T21:22:44.761847
b0.80_g0.80_sim32.csv,0.8,0.8,32,11,10.0,2025-04-07T21:22:44.761847
b0.80_g0.80_sim33.csv,0.8,0.8,33,8,7.0,2025-04-07T21:22:44.761847
b0.80_g0.80_sim34.csv,0.8,0.8,34,5,4.0,2025-04-07T21:22:44.761847
b0.80_g0.80_sim35.csv,0.8,0.8,35,6,5.0,2025-04-07T21:22:44.761847
b0.80_g0.80_sim36.csv,0.8,0.8,36,8,7.0,2025-04-07T21:22:44.761847
b0.80_g0.80_sim37.csv,0.8,0.8,37,6,5.0,2025-04-07T21:22:44.761847
b0.80_g0.80_sim38.csv,0.8,0.8,38,8,7.0,2025-04-07T21:22:44.761847
b0.80_g0.80_sim39.csv,0.8,0.8,39,6,5.0,2025-04-07T21:22:44.761847
b0.80_g0.80_sim40.csv,0.8,0.8,40,6,5.0,2025-04-07T21:22:44.761847
b0.80_g0.80_sim41.csv,0.8,0.8,41,6,5.0,2025-04-07T21:22:44.761847
b0.80_g0.80_sim42.csv,0.8,0.8,42,6,5.0,2025-04-07T21:22:44.761847
b0.80_g0.80_sim43.csv,0.8,0.8,43,7,6.0,2025-04-07T21:22:44.761847
b0.80_g0.80_sim44.csv,0.8,0.8,44,5,4.0,2025-04-07T21:22:44.761847
b0.80_g0.80_sim45.csv,0.8,0.8,45,7,6.0,2025-04-07T21:22:44.761847
b0.80_g0.80_sim46.csv,0.8,0.8,46,9,8.0,2025-04-07T21:22:44.761847
b0.80_g0.80_sim47.csv,0.8,0.8,47,5,4.0,2025-04-07T21:22:44.761847
b0.80_g0.80_sim48.csv,0.8,0.8,48,7,6.0,2025-04-07T21:22:44.761847
b0.80_g0.80_sim49.csv,0.8,0.8,49,6,5.0,2025-04-07T21:22:44.761847
b0.80_g0.90_sim0.csv,0.8,0.9,0,7,6.0,2025-04-07T21:22:44.761847
b0.80_g0.90_sim1.csv,0.8,0.9,1,8,7.0,2025-04-07T21:22:44.761847
b0.80_g0.90_sim2.csv,0.8,0.9,2,6,5.0,2025-04-07T21:22:44.761847
b0.80_g0.90_sim3.csv,0.8,0.9,3,10,9.0,2025-04-07T21:22:44.761847
b0.80_g0.90_sim4.csv,0.8,0.9,4,6,5.0,2025-04-07T21:22:44.761847
b0.80_g0.90_sim5.csv,0.8,0.9,5,4,3.0,2025-04-07T21:22:44.761847
b0.80_g0.90_sim6.csv,0.8,0.9,6,8,7.0,2025-04-07T21:22:44.761847
b0.80_g0.90_sim7.csv,0.8,0.9,7,6,5.0,2025-04-07T21:22:44.761847
b0.80_g0.90_sim8.csv,0.8,0.9,8,5,4.0,2025-04-07T21:22:44.761847
b0.80_g0.90_sim9.csv,0.8,0.9,9,4,3.0,2025-04-07T21:22:44.761847
b0.80_g0.90_sim10.csv,0.8,0.9,10,6,5.0,2025-04-07T21:22:44.761847
b0.80_g0.90_sim11.csv,0.8,0.9,11,6,5.0,2025-04-07T21:22:44.761847
b0.80_g0.90_sim12.csv,0.8,0.9,12,6,5.0,2025-04-07T21:22:44.761847
b0.80_g0.90_sim13.csv,0.8,0.9,13,5,4.0,2025-04-07T21:22:44.761847
b0.80_g0.90_sim14.csv,0.8,0.9,14,6,5.0,2025-04-07T21:22:44.761847
b0.80_g0.90_sim15.csv,0.8,0.9,15,6,5.0,2025-04-07T21:22:44.761847
b0.80_g0.90_sim16.csv,0.8,0.9,16,6,5.0,2025-04-07T21:22:44.761847
b0.80_g0.90_sim17.csv,0.8,0.9,17,7,6.0,2025-04-07T21:22:44.761847
b0.80_g0.90_sim18.csv,0.8,0.9,18,9,8.0,2025-04-07T21:22:44.761847
b0.80_g0.90_sim19.csv,0.8,0.9,19,6,5.0,2025-04-07T21:22:44.761847
b0.80_g0.90_sim20.csv,0.8,0.9,20,5,4.0,2025-04-07T21:22:44.761847
b0.80_g0.90_sim21.csv,0.8,0.9,21,6,5.0,2025-04-07T21:22:44.761847
b0.80_g0.90_sim22.csv,0.8,0.9,22,7,6.0,2025-04-07T21:22:44.761847
b0.80_g0.90_sim23.csv,0.8,0.9,23,6,5.0,2025-04-07T21:22:44.761847
b0.80_g0.90_sim24.csv,0.8,0.9,24,7,6.0,2025-04-07T21:22:44.761847
b0.80_g0.90_sim25.csv,0.8,0.9,25,7,6.0,2025-04-07T21:22:44.761847
b0.80_g0.90_sim26.csv,0.8,0.9,26,6,5.0,2025-04-07T21:22:44.761847
b0.80_g0.90_sim27.csv,0.8,0.9,27,5,4.0,2025-04-07T21:22:44.761847
b0.80_g0.90_sim28.csv,0.8,0.9,28,7,6.0,2025-04-07T21:22:44.761847
b0.80_g0.90_sim29.csv,0.8,0.9,29,7,6.0,2025-04-07T21:22:44.761847
b0.80_g0.90_sim30.csv,0.8,0.9,30,8,7.0,2025-04-07T21:22:44.761847
b0.80_g0.90_sim31.csv,0.8,0.9,31,9,8.0,2025-04-07T21:22:44.761847
b0.80_g0.90_sim32.csv,0.8,0.9,32,5,4.0,2025-04-07T21:22:44.761847
b0.80_g0.90_sim33.csv,0.8,0.9,33,10,9.0,2025-04-07T21:22:44.761847
b0.80_g0.90_sim34.csv,0.8,0.9,34,9,8.0,2025-04-07T21:22:44.761847
b0.80_g0.90_sim35.csv,0.8,0.9,35,6,5.0,2025-04-07T21:22:44.761847
b0.80_g0.90_sim36.csv,0.8,0.9,36,7,6.0,2025-04-07T21:22:44.761847
b0.80_g0.90_sim37.csv,0.8,0.9,37,8,7.0,2025-04-07T21:22:44.761847
b0.80_g0.90_sim38.csv,0.8,0.9,38,9,8.0,2025-04-07T21:22:44.761847
b0.80_g0.90_sim39.csv,0.8,0.9,39,5,4.0,2025-04-07T21:22:44.761847
b0.80_g0.90_sim40.csv,0.8,0.9,40,6,5.0,2025-04-07T21:22:44.761847
b0.80_g0.90_sim41.csv,0.8,0.9,41,5,4.0,2025-04-07T21:22:44.761847
b0.80_g0.90_sim42.csv,0.8,0.9,42,6,5.0,2025-04-07T21:22:44.761847
b0.80_g0.90_sim43.csv,0.8,0.9,43,8,7.0,2025-04-07T21:22:44.761847
b0.80_g0.90_sim44.csv,0.8,0.9,44,5,4.0,2025-04-07T21:22:44.761847
b0.80_g0.90_sim45.csv,0.8,0.9,45,7,6.0,2025-04-07T21:22:44.761847
b0.80_g0.90_sim46.csv,0.8,0.9,46,5,4.0,2025-04-07T21:22:44.761847
b0.80_g0.90_sim47.csv,0.8,0.9,47,7,6.0,2025-04-07T21:22:44.761847
b0.80_g0.90_sim48.csv,0.8,0.9,48,5,4.0,2025-04-07T21:22:44.761847
b0.80_g0.90_sim49.csv,0.8,0.9,49,5,4.0,2025-04-07T21:22:44.761847
b0.80_g1.00_sim0.csv,0.8,1.0,0,6,5.0,2025-04-07T21:22:44.761847
b0.80_g1.00_sim1.csv,0.8,1.0,1,6,5.0,2025-04-07T21:22:44.761847
b0.80_g1.00_sim2.csv,0.8,1.0,2,6,5.0,2025-04-07T21:22:44.761847
b0.80_g1.00_sim3.csv,0.8,1.0,3,8,7.0,2025-04-07T21:22:44.761847
b0.80_g1.00_sim4.csv,0.8,1.0,4,7,6.0,2025-04-07T21:22:44.761847
b0.80_g1.00_sim5.csv,0.8,1.0,5,5,4.0,2025-04-07T21:22:44.761847
b0.80_g1.00_sim6.csv,0.8,1.0,6,4,3.0,2025-04-07T21:22:44.761847
b0.80_g1.00_sim7.csv,0.8,1.0,7,6,5.0,2025-04-07T21:22:44.761847
b0.80_g1.00_sim8.csv,0.8,1.0,8,6,5.0,2025-04-07T21:22:44.761847
b0.80_g1.00_sim9.csv,0.8,1.0,9,5,4.0,2025-04-07T21:22:44.761847
b0.80_g1.00_sim10.csv,0.8,1.0,10,5,4.0,2025-04-07T21:22:44.761847
b0.80_g1.00_sim11.csv,0.8,1.0,11,7,6.0,2025-04-07T21:22:44.761847
b0.80_g1.00_sim12.csv,0.8,1.0,12,5,4.0,2025-04-07T21:22:44.761847
b0.80_g1.00_sim13.csv,0.8,1.0,13,4,3.0,2025-04-07T21:22:44.761847
b0.80_g1.00_sim14.csv,0.8,1.0,14,5,4.0,2025-04-07T21:22:44.761847
b0.80_g1.00_sim15.csv,0.8,1.0,15,8,7.0,2025-04-07T21:22:44.761847
b0.80_g1.00_sim16.csv,0.8,1.0,16,5,4.0,2025-04-07T21:22:44.761847
b0.80_g1.00_sim17.csv,0.8,1.0,17,7,6.0,2025-04-07T21:22:44.761847
b0.80_g1.00_sim18.csv,0.8,1.0,18,5,4.0,2025-04-07T21:22:44.761847
b0.80_g1.00_sim19.csv,0.8,1.0,19,6,5.0,2025-04-07T21:22:44.761847
b0.80_g1.00_sim20.csv,0.8,1.0,20,6,5.0,2025-04-07T21:22:44.761847
b0.80_g1.00_sim21.csv,0.8,1.0,21,5,4.0,2025-04-07T21:22:44.761847
b0.80_g1.00_sim22.csv,0.8,1.0,22,4,3.0,2025-04-07T21:22:44.761847
b0.80_g1.00_sim23.csv,0.8,1.0,23,5,4.0,2025-04-07T21:22:44.761847
b0.80_g1.00_sim24.csv,0.8,1.0,24,5,4.0,2025-04-07T21:22:44.761847
b0.80_g1.00_sim25.csv,0.8,1.0,25,7,6.0,2025-04-07T21:22:44.761847
b0.80_g1.00_sim26.csv,0.8,1.0,26,6,5.0,2025-04-07T21:22:44.761847
b0.80_g1.00_sim27.csv,0.8,1.0,27,5,4.0,2025-04-07T21:22:44.761847
b0.80_g1.00_sim28.csv,0.8,1.0,28,5,4.0,2025-04-07T21:22:44.761847
b0.80_g1.00_sim29.csv,0.8,1.0,29,4,3.0,2025-04-07T21:22:44.761847
b0.80_g1.00_sim30.csv,0.8,1.0,30,6,5.0,2025-04-07T21:22:44.761847
b0.80_g1.00_sim31.csv,0.8,1.0,31,7,6.0,2025-04-07T21:22:44.761847
b0.80_g1.00_sim32.csv,0.8,1.0,32,6,5.0,2025-04-07T21:22:44.761847
b0.80_g1.00_sim33.csv,0.8,1.0,33,6,5.0,2025-04-07T21:22:44.761847
b0.80_g1.00_sim34.csv,0.8,1.0,34,5,4.0,2025-04-07T21:22:44.761847
b0.80_g1.00_sim35.csv,0.8,1.0,35,5,4.0,2025-04-07T21:22:44.761847
b0.80_g1.00_sim36.csv,0.8,1.0,36,8,7.0,2025-04-07T21:22:44.761847
b0.80_g1.00_sim37.csv,0.8,1.0,37,7,6.0,2025-04-07T21:22:44.761847
b0.80_g1.00_sim38.csv,0.8,1.0,38,4,3.0,2025-04-07T21:22:44.761847
b0.80_g1.00_sim39.csv,0.8,1.0,39,4,3.0,2025-04-07T21:22:44.761847
b0.80_g1.00_sim40.csv,0.8,1.0,40,5,4.0,2025-04-07T21:22:44.761847
b0.80_g1.00_sim41.csv,0.8,1.0,41,7,6.0,2025-04-07T21:22:44.761847
b0.80_g1.00_sim42.csv,0.8,1.0,42,4,3.0,2025-04-07T21:22:44.761847
b0.80_g1.00_sim43.csv,0.8,1.0,43,5,4.0,2025-04-07T21:22:44.761847
b0.80_g1.00_sim44.csv,0.8,1.0,44,5,4.0,2025-04-07T21:22:44.761847
b0.80_g1.00_sim45.csv,0.8,1.0,45,7,6.0,2025-04-07T21:22:44.761847
b0.80_g1.00_sim46.csv,0.8,1.0,46,5,4.0,2025-04-07T21:22:44.761847
b0.80_g1.00_sim47.csv,0.8,1.0,47,6,5.0,2025-04-07T21:22:44.761847
b0.80_g1.00_sim48.csv,0.8,1.0,48,6,5.0,2025-04-07T21:22:44.761847
b0.80_g1.00_sim49.csv,0.8,1.0,49,5,4.0,2025-04-07T21:22:44.761847
b0.90_g0.10_sim0.csv,0.9,0.1,0,47,46.0,2025-04-07T21:22:44.761847
b0.90_g0.10_sim1.csv,0.9,0.1,1,72,71.0,2025-04-07T21:22:44.761847
b0.90_g0.10_sim2.csv,0.9,0.1,2,58,57.0,2025-04-07T21:22:44.761847
b0.90_g0.10_sim3.csv,0.9,0.1,3,65,64.0,2025-04-07T21:22:44.761847
b0.90_g0.10_sim4.csv,0.9,0.1,4,48,47.0,2025-04-07T21:22:44.761847
b0.90_g0.10_sim5.csv,0.9,0.1,5,62,61.0,2025-04-07T21:22:44.761847
b0.90_g0.10_sim6.csv,0.9,0.1,6,46,45.0,2025-04-07T21:22:44.761847
b0.90_g0.10_sim7.csv,0.9,0.1,7,36,35.0,2025-04-07T21:22:44.761847
b0.90_g0.10_sim8.csv,0.9,0.1,8,56,55.0,2025-04-07T21:22:44.761847
b0.90_g0.10_sim9.csv,0.9,0.1,9,48,47.0,2025-04-07T21:22:44.761847
b0.90_g0.10_sim10.csv,0.9,0.1,10,57,56.0,2025-04-07T21:22:44.761847
b0.90_g0.10_sim11.csv,0.9,0.1,11,45,44.0,2025-04-07T21:22:44.761847
b0.90_g0.10_sim12.csv,0.9,0.1,12,42,41.0,2025-04-07T21:22:44.761847
b0.90_g0.10_sim13.csv,0.9,0.1,13,47,46.0,2025-04-07T21:22:44.761847
b0.90_g0.10_sim14.csv,0.9,0.1,14,47,46.0,2025-04-07T21:22:44.761847
b0.90_g0.10_sim15.csv,0.9,0.1,15,48,47.0,2025-04-07T21:22:44.761847
b0.90_g0.10_sim16.csv,0.9,0.1,16,51,50.0,2025-04-07T21:22:44.761847
b0.90_g0.10_sim17.csv,0.9,0.1,17,58,57.0,2025-04-07T21:22:44.761847
b0.90_g0.10_sim18.csv,0.9,0.1,18,55,54.0,2025-04-07T21:22:44.761847
b0.90_g0.10_sim19.csv,0.9,0.1,19,50,49.0,2025-04-07T21:22:44.761847
b0.90_g0.10_sim20.csv,0.9,0.1,20,97,96.0,2025-04-07T21:22:44.761847
b0.90_g0.10_sim21.csv,0.9,0.1,21,65,64.0,2025-04-07T21:22:44.761847
b0.90_g0.10_sim22.csv,0.9,0.1,22,62,61.0,2025-04-07T21:22:44.761847
b0.90_g0.10_sim23.csv,0.9,0.1,23,69,68.0,2025-04-07T21:22:44.761847
b0.90_g0.10_sim24.csv,0.9,0.1,24,49,48.0,2025-04-07T21:22:44.761847
b0.90_g0.10_sim25.csv,0.9,0.1,25,46,45.0,2025-04-07T21:22:44.761847
b0.90_g0.10_sim26.csv,0.9,0.1,26,48,47.0,2025-04-07T21:22:44.761847
b0.90_g0.10_sim27.csv,0.9,0.1,27,43,42.0,2025-04-07T21:22:44.761847
b0.90_g0.10_sim28.csv,0.9,0.1,28,46,45.0,2025-04-07T21:22:44.761847
b0.90_g0.10_sim29.csv,0.9,0.1,29,51,50.0,2025-04-07T21:22:44.761847
b0.90_g0.10_sim30.csv,0.9,0.1,30,46,45.0,2025-04-07T21:22:44.761847
b0.90_g0.10_sim31.csv,0.9,0.1,31,61,60.0,2025-04-07T21:22:44.761847
b0.90_g0.10_sim32.csv,0.9,0.1,32,50,49.0,2025-04-07T21:22:44.761847
b0.90_g0.10_sim33.csv,0.9,0.1,33,52,51.0,2025-04-07T21:22:44.761847
b0.90_g0.10_sim34.csv,0.9,0.1,34,77,76.0,2025-04-07T21:22:44.761847
b0.90_g0.10_sim35.csv,0.9,0.1,35,52,51.0,2025-04-07T21:22:44.761847
b0.90_g0.10_sim36.csv,0.9,0.1,36,37,36.0,2025-04-07T21:22:44.761847
b0.90_g0.10_sim37.csv,0.9,0.1,37,48,47.0,2025-04-07T21:22:44.761847
b0.90_g0.10_sim38.csv,0.9,0.1,38,66,65.0,2025-04-07T21:22:44.761847
b0.90_g0.10_sim39.csv,0.9,0.1,39,57,56.0,2025-04-07T21:22:44.761847
b0.90_g0.10_sim40.csv,0.9,0.1,40,48,47.0,2025-04-07T21:22:44.761847
b0.90_g0.10_sim41.csv,0.9,0.1,41,51,50.0,2025-04-07T21:22:44.761847
b0.90_g0.10_sim42.csv,0.9,0.1,42,42,41.0,2025-04-07T21:22:44.761847
b0.90_g0.10_sim43.csv,0.9,0.1,43,37,36.0,2025-04-07T21:22:44.761847
b0.90_g0.10_sim44.csv,0.9,0.1,44,44,43.0,2025-04-07T21:22:44.761847
b0.90_g0.10_sim45.csv,0.9,0.1,45,45,44.0,2025-04-07T21:22:44.761847
b0.90_g0.10_sim46.csv,0.9,0.1,46,42,41.0,2025-04-07T21:22:44.761847
b0.90_g0.10_sim47.csv,0.9,0.1,47,40,39.0,2025-04-07T21:22:44.761847
b0.90_g0.10_sim48.csv,0.9,0.1,48,96,95.0,2025-04-07T21:22:44.761847
b0.90_g0.10_sim49.csv,0.9,0.1,49,44,43.0,2025-04-07T21:22:44.761847
b0.90_g0.20_sim0.csv,0.9,0.2,0,19,18.0,2025-04-07T21:22:44.761847
b0.90_g0.20_sim1.csv,0.9,0.2,1,23,22.0,2025-04-07T21:22:44.761847
b0.90_g0.20_sim2.csv,0.9,0.2,2,35,34.0,2025-04-07T21:22:44.761847
b0.90_g0.20_sim3.csv,0.9,0.2,3,23,22.0,2025-04-07T21:22:44.761847
b0.90_g0.20_sim4.csv,0.9,0.2,4,33,32.0,2025-04-07T21:22:44.761847
b0.90_g0.20_sim5.csv,0.9,0.2,5,22,21.0,2025-04-07T21:22:44.761847
b0.90_g0.20_sim6.csv,0.9,0.2,6,19,18.0,2025-04-07T21:22:44.761847
b0.90_g0.20_sim7.csv,0.9,0.2,7,35,34.0,2025-04-07T21:22:44.761847
b0.90_g0.20_sim8.csv,0.9,0.2,8,31,30.0,2025-04-07T21:22:44.761847
b0.90_g0.20_sim9.csv,0.9,0.2,9,19,18.0,2025-04-07T21:22:44.761847
b0.90_g0.20_sim10.csv,0.9,0.2,10,22,21.0,2025-04-07T21:22:44.761847
b0.90_g0.20_sim11.csv,0.9,0.2,11,24,23.0,2025-04-07T21:22:44.761847
b0.90_g0.20_sim12.csv,0.9,0.2,12,20,19.0,2025-04-07T21:22:44.761847
b0.90_g0.20_sim13.csv,0.9,0.2,13,26,25.0,2025-04-07T21:22:44.761847
b0.90_g0.20_sim14.csv,0.9,0.2,14,29,28.0,2025-04-07T21:22:44.761847
b0.90_g0.20_sim15.csv,0.9,0.2,15,21,20.0,2025-04-07T21:22:44.761847
b0.90_g0.20_sim16.csv,0.9,0.2,16,28,27.0,2025-04-07T21:22:44.761847
b0.90_g0.20_sim17.csv,0.9,0.2,17,24,23.0,2025-04-07T21:22:44.761847
b0.90_g0.20_sim18.csv,0.9,0.2,18,31,30.0,2025-04-07T21:22:44.761847
b0.90_g0.20_sim19.csv,0.9,0.2,19,40,39.0,2025-04-07T21:22:44.761847
b0.90_g0.20_sim20.csv,0.9,0.2,20,24,23.0,2025-04-07T21:22:44.761847
b0.90_g0.20_sim21.csv,0.9,0.2,21,26,25.0,2025-04-07T21:22:44.761847
b0.90_g0.20_sim22.csv,0.9,0.2,22,27,26.0,2025-04-07T21:22:44.761847
b0.90_g0.20_sim23.csv,0.9,0.2,23,34,33.0,2025-04-07T21:22:44.761847
b0.90_g0.20_sim24.csv,0.9,0.2,24,27,26.0,2025-04-07T21:22:44.761847
b0.90_g0.20_sim25.csv,0.9,0.2,25,31,30.0,2025-04-07T21:22:44.761847
b0.90_g0.20_sim26.csv,0.9,0.2,26,26,25.0,2025-04-07T21:22:44.761847
b0.90_g0.20_sim27.csv,0.9,0.2,27,26,25.0,2025-04-07T21:22:44.761847
b0.90_g0.20_sim28.csv,0.9,0.2,28,33,32.0,2025-04-07T21:22:44.761847
b0.90_g0.20_sim29.csv,0.9,0.2,29,25,24.0,2025-04-07T21:22:44.761847
b0.90_g0.20_sim30.csv,0.9,0.2,30,20,19.0,2025-04-07T21:22:44.761847
b0.90_g0.20_sim31.csv,0.9,0.2,31,26,25.0,2025-04-07T21:22:44.761847
b0.90_g0.20_sim32.csv,0.9,0.2,32,24,23.0,2025-04-07T21:22:44.761847
b0.90_g0.20_sim33.csv,0.9,0.2,33,30,29.0,2025-04-07T21:22:44.761847
b0.90_g0.20_sim34.csv,0.9,0.2,34,27,26.0,2025-04-07T21:22:44.761847
b0.90_g0.20_sim35.csv,0.9,0.2,35,34,33.0,2025-04-07T21:22:44.761847
b0.90_g0.20_sim36.csv,0.9,0.2,36,24,23.0,2025-04-07T21:22:44.761847
b0.90_g0.20_sim37.csv,0.9,0.2,37,24,23.0,2025-04-07T21:22:44.761847
b0.90_g0.20_sim38.csv,0.9,0.2,38,21,20.0,2025-04-07T21:22:44.761847
b0.90_g0.20_sim39.csv,0.9,0.2,39,22,21.0,2025-04-07T21:22:44.761847
b0.90_g0.20_sim40.csv,0.9,0.2,40,26,25.0,2025-04-07T21:22:44.761847
b0.90_g0.20_sim41.csv,0.9,0.2,41,37,36.0,2025-04-07T21:22:44.761847
b0.90_g0.20_sim42.csv,0.9,0.2,42,25,24.0,2025-04-07T21:22:44.761847
b0.90_g0.20_sim43.csv,0.9,0.2,43,18,17.0,2025-04-07T21:22:44.761847
b0.90_g0.20_sim44.csv,0.9,0.2,44,24,23.0,2025-04-07T21:22:44.761847
b0.90_g0.20_sim45.csv,0.9,0.2,45,23,22.0,2025-04-07T21:22:44.761847
b0.90_g0.20_sim46.csv,0.9,0.2,46,26,25.0,2025-04-07T21:22:44.761847
b0.90_g0.20_sim47.csv,0.9,0.2,47,33,32.0,2025-04-07T21:22:44.761847
b0.90_g0.20_sim48.csv,0.9,0.2,48,21,20.0,2025-04-07T21:22:44.761847
b0.90_g0.20_sim49.csv,0.9,0.2,49,22,21.0,2025-04-07T21:22:44.761847
b0.90_g0.30_sim0.csv,0.9,0.30000000000000004,0,25,24.0,2025-04-07T21:22:44.761847
b0.90_g0.30_sim1.csv,0.9,0.30000000000000004,1,16,15.0,2025-04-07T21:22:44.761847
b0.90_g0.30_sim2.csv,0.9,0.30000000000000004,2,12,11.0,2025-04-07T21:22:44.761847
b0.90_g0.30_sim3.csv,0.9,0.30000000000000004,3,19,18.0,2025-04-07T21:22:44.761847
b0.90_g0.30_sim4.csv,0.9,0.30000000000000004,4,15,14.0,2025-04-07T21:22:44.761847
b0.90_g0.30_sim5.csv,0.9,0.30000000000000004,5,20,19.0,2025-04-07T21:22:44.761847
b0.90_g0.30_sim6.csv,0.9,0.30000000000000004,6,18,17.0,2025-04-07T21:22:44.761847
b0.90_g0.30_sim7.csv,0.9,0.30000000000000004,7,13,12.0,2025-04-07T21:22:44.761847
b0.90_g0.30_sim8.csv,0.9,0.30000000000000004,8,25,24.0,2025-04-07T21:22:44.761847
b0.90_g0.30_sim9.csv,0.9,0.30000000000000004,9,16,15.0,2025-04-07T21:22:44.761847
b0.90_g0.30_sim10.csv,0.9,0.30000000000000004,10,14,13.0,2025-04-07T21:22:44.761847
b0.90_g0.30_sim11.csv,0.9,0.30000000000000004,11,21,20.0,2025-04-07T21:22:44.761847
b0.90_g0.30_sim12.csv,0.9,0.30000000000000004,12,35,34.0,2025-04-07T21:22:44.761847
b0.90_g0.30_sim13.csv,0.9,0.30000000000000004,13,19,18.0,2025-04-07T21:22:44.761847
b0.90_g0.30_sim14.csv,0.9,0.30000000000000004,14,17,16.0,2025-04-07T21:22:44.761847
b0.90_g0.30_sim15.csv,0.9,0.30000000000000004,15,17,16.0,2025-04-07T21:22:44.761847
b0.90_g0.30_sim16.csv,0.9,0.30000000000000004,16,22,21.0,2025-04-07T21:22:44.761847
b0.90_g0.30_sim17.csv,0.9,0.30000000000000004,17,15,14.0,2025-04-07T21:22:44.761847
b0.90_g0.30_sim18.csv,0.9,0.30000000000000004,18,21,20.0,2025-04-07T21:22:44.761847
b0.90_g0.30_sim19.csv,0.9,0.30000000000000004,19,17,16.0,2025-04-07T21:22:44.761847
b0.90_g0.30_sim20.csv,0.9,0.30000000000000004,20,26,25.0,2025-04-07T21:22:44.761847
b0.90_g0.30_sim21.csv,0.9,0.30000000000000004,21,17,16.0,2025-04-07T21:22:44.761847
b0.90_g0.30_sim22.csv,0.9,0.30000000000000004,22,15,14.0,2025-04-07T21:22:44.761847
b0.90_g0.30_sim23.csv,0.9,0.30000000000000004,23,20,19.0,2025-04-07T21:22:44.761847
b0.90_g0.30_sim24.csv,0.9,0.30000000000000004,24,17,16.0,2025-04-07T21:22:44.761847
b0.90_g0.30_sim25.csv,0.9,0.30000000000000004,25,20,19.0,2025-04-07T21:22:44.761847
b0.90_g0.30_sim26.csv,0.9,0.30000000000000004,26,15,14.0,2025-04-07T21:22:44.761847
b0.90_g0.30_sim27.csv,0.9,0.30000000000000004,27,19,18.0,2025-04-07T21:22:44.761847
b0.90_g0.30_sim28.csv,0.9,0.30000000000000004,28,14,13.0,2025-04-07T21:22:44.761847
b0.90_g0.30_sim29.csv,0.9,0.30000000000000004,29,18,17.0,2025-04-07T21:22:44.761847
b0.90_g0.30_sim30.csv,0.9,0.30000000000000004,30,17,16.0,2025-04-07T21:22:44.761847
b0.90_g0.30_sim31.csv,0.9,0.30000000000000004,31,18,17.0,2025-04-07T21:22:44.761847
b0.90_g0.30_sim32.csv,0.9,0.30000000000000004,32,14,13.0,2025-04-07T21:22:44.761847
b0.90_g0.30_sim33.csv,0.9,0.30000000000000004,33,23,22.0,2025-04-07T21:22:44.761847
b0.90_g0.30_sim34.csv,0.9,0.30000000000000004,34,11,10.0,2025-04-07T21:22:44.761847
b0.90_g0.30_sim35.csv,0.9,0.30000000000000004,35,17,16.0,2025-04-07T21:22:44.761847
b0.90_g0.30_sim36.csv,0.9,0.30000000000000004,36,27,26.0,2025-04-07T21:22:44.761847
b0.90_g0.30_sim37.csv,0.9,0.30000000000000004,37,12,11.0,2025-04-07T21:22:44.761847
b0.90_g0.30_sim38.csv,0.9,0.30000000000000004,38,16,15.0,2025-04-07T21:22:44.761847
b0.90_g0.30_sim39.csv,0.9,0.30000000000000004,39,15,14.0,2025-04-07T21:22:44.761847
b0.90_g0.30_sim40.csv,0.9,0.30000000000000004,40,24,23.0,2025-04-07T21:22:44.761847
b0.90_g0.30_sim41.csv,0.9,0.30000000000000004,41,15,14.0,2025-04-07T21:22:44.761847
b0.90_g0.30_sim42.csv,0.9,0.30000000000000004,42,15,14.0,2025-04-07T21:22:44.761847
b0.90_g0.30_sim43.csv,0.9,0.30000000000000004,43,13,12.0,2025-04-07T21:22:44.761847
b0.90_g0.30_sim44.csv,0.9,0.30000000000000004,44,12,11.0,2025-04-07T21:22:44.761847
b0.90_g0.30_sim45.csv,0.9,0.30000000000000004,45,18,17.0,2025-04-07T21:22:44.761847
b0.90_g0.30_sim46.csv,0.9,0.30000000000000004,46,23,22.0,2025-04-07T21:22:44.761847
b0.90_g0.30_sim47.csv,0.9,0.30000000000000004,47,13,12.0,2025-04-07T21:22:44.761847
b0.90_g0.30_sim48.csv,0.9,0.30000000000000004,48,14,13.0,2025-04-07T21:22:44.761847
b0.90_g0.30_sim49.csv,0.9,0.30000000000000004,49,18,17.0,2025-04-07T21:22:44.761847
b0.90_g0.40_sim0.csv,0.9,0.4,0,13,12.0,2025-04-07T21:22:44.761847
b0.90_g0.40_sim1.csv,0.9,0.4,1,12,11.0,2025-04-07T21:22:44.761847
b0.90_g0.40_sim2.csv,0.9,0.4,2,12,11.0,2025-04-07T21:22:44.761847
b0.90_g0.40_sim3.csv,0.9,0.4,3,9,8.0,2025-04-07T21:22:44.761847
b0.90_g0.40_sim4.csv,0.9,0.4,4,16,15.0,2025-04-07T21:22:44.761847
b0.90_g0.40_sim5.csv,0.9,0.4,5,18,17.0,2025-04-07T21:22:44.761847
b0.90_g0.40_sim6.csv,0.9,0.4,6,10,9.0,2025-04-07T21:22:44.761847
b0.90_g0.40_sim7.csv,0.9,0.4,7,12,11.0,2025-04-07T21:22:44.761847
b0.90_g0.40_sim8.csv,0.9,0.4,8,15,14.0,2025-04-07T21:22:44.761847
b0.90_g0.40_sim9.csv,0.9,0.4,9,17,16.0,2025-04-07T21:22:44.761847
b0.90_g0.40_sim10.csv,0.9,0.4,10,14,13.0,2025-04-07T21:22:44.761847
b0.90_g0.40_sim11.csv,0.9,0.4,11,21,20.0,2025-04-07T21:22:44.761847
b0.90_g0.40_sim12.csv,0.9,0.4,12,11,10.0,2025-04-07T21:22:44.761847
b0.90_g0.40_sim13.csv,0.9,0.4,13,11,10.0,2025-04-07T21:22:44.761847
b0.90_g0.40_sim14.csv,0.9,0.4,14,11,10.0,2025-04-07T21:22:44.761847
b0.90_g0.40_sim15.csv,0.9,0.4,15,22,21.0,2025-04-07T21:22:44.761847
b0.90_g0.40_sim16.csv,0.9,0.4,16,11,10.0,2025-04-07T21:22:44.761847
b0.90_g0.40_sim17.csv,0.9,0.4,17,12,11.0,2025-04-07T21:22:44.761847
b0.90_g0.40_sim18.csv,0.9,0.4,18,19,18.0,2025-04-07T21:22:44.761847
b0.90_g0.40_sim19.csv,0.9,0.4,19,14,13.0,2025-04-07T21:22:44.761847
b0.90_g0.40_sim20.csv,0.9,0.4,20,13,12.0,2025-04-07T21:22:44.761847
b0.90_g0.40_sim21.csv,0.9,0.4,21,13,12.0,2025-04-07T21:22:44.761847
b0.90_g0.40_sim22.csv,0.9,0.4,22,11,10.0,2025-04-07T21:22:44.761847
b0.90_g0.40_sim23.csv,0.9,0.4,23,17,16.0,2025-04-07T21:22:44.761847
b0.90_g0.40_sim24.csv,0.9,0.4,24,14,13.0,2025-04-07T21:22:44.761847
b0.90_g0.40_sim25.csv,0.9,0.4,25,17,16.0,2025-04-07T21:22:44.761847
b0.90_g0.40_sim26.csv,0.9,0.4,26,15,14.0,2025-04-07T21:22:44.761847
b0.90_g0.40_sim27.csv,0.9,0.4,27,18,17.0,2025-04-07T21:22:44.761847
b0.90_g0.40_sim28.csv,0.9,0.4,28,11,10.0,2025-04-07T21:22:44.761847
b0.90_g0.40_sim29.csv,0.9,0.4,29,15,14.0,2025-04-07T21:22:44.761847
b0.90_g0.40_sim30.csv,0.9,0.4,30,11,10.0,2025-04-07T21:22:44.761847
b0.90_g0.40_sim31.csv,0.9,0.4,31,14,13.0,2025-04-07T21:22:44.761847
b0.90_g0.40_sim32.csv,0.9,0.4,32,14,13.0,2025-04-07T21:22:44.761847
b0.90_g0.40_sim33.csv,0.9,0.4,33,13,12.0,2025-04-07T21:22:44.761847
b0.90_g0.40_sim34.csv,0.9,0.4,34,11,10.0,2025-04-07T21:22:44.761847
b0.90_g0.40_sim35.csv,0.9,0.4,35,11,10.0,2025-04-07T21:22:44.761847
b0.90_g0.40_sim36.csv,0.9,0.4,36,12,11.0,2025-04-07T21:22:44.761847
b0.90_g0.40_sim37.csv,0.9,0.4,37,11,10.0,2025-04-07T21:22:44.761847
b0.90_g0.40_sim38.csv,0.9,0.4,38,12,11.0,2025-04-07T21:22:44.761847
b0.90_g0.40_sim39.csv,0.9,0.4,39,14,13.0,2025-04-07T21:22:44.761847
b0.90_g0.40_sim40.csv,0.9,0.4,40,10,9.0,2025-04-07T21:22:44.761847
b0.90_g0.40_sim41.csv,0.9,0.4,41,13,12.0,2025-04-07T21:22:44.761847
b0.90_g0.40_sim42.csv,0.9,0.4,42,12,11.0,2025-04-07T21:22:44.761847
b0.90_g0.40_sim43.csv,0.9,0.4,43,9,8.0,2025-04-07T21:22:44.761847
b0.90_g0.40_sim44.csv,0.9,0.4,44,16,15.0,2025-04-07T21:22:44.761847
b0.90_g0.40_sim45.csv,0.9,0.4,45,12,11.0,2025-04-07T21:22:44.761847
b0.90_g0.40_sim46.csv,0.9,0.4,46,14,13.0,2025-04-07T21:22:44.761847
b0.90_g0.40_sim47.csv,0.9,0.4,47,15,14.0,2025-04-07T21:22:44.761847
b0.90_g0.40_sim48.csv,0.9,0.4,48,13,12.0,2025-04-07T21:22:44.761847
b0.90_g0.40_sim49.csv,0.9,0.4,49,11,10.0,2025-04-07T21:22:44.761847
b0.90_g0.50_sim0.csv,0.9,0.5,0,15,14.0,2025-04-07T21:22:44.761847
b0.90_g0.50_sim1.csv,0.9,0.5,1,11,10.0,2025-04-07T21:22:44.761847
b0.90_g0.50_sim2.csv,0.9,0.5,2,9,8.0,2025-04-07T21:22:44.761847
b0.90_g0.50_sim3.csv,0.9,0.5,3,9,8.0,2025-04-07T21:22:44.761847
b0.90_g0.50_sim4.csv,0.9,0.5,4,10,9.0,2025-04-07T21:22:44.761847
b0.90_g0.50_sim5.csv,0.9,0.5,5,9,8.0,2025-04-07T21:22:44.761847
b0.90_g0.50_sim6.csv,0.9,0.5,6,15,14.0,2025-04-07T21:22:44.761847
b0.90_g0.50_sim7.csv,0.9,0.5,7,7,6.0,2025-04-07T21:22:44.761847
b0.90_g0.50_sim8.csv,0.9,0.5,8,8,7.0,2025-04-07T21:22:44.761847
b0.90_g0.50_sim9.csv,0.9,0.5,9,9,8.0,2025-04-07T21:22:44.761847
b0.90_g0.50_sim10.csv,0.9,0.5,10,22,21.0,2025-04-07T21:22:44.761847
b0.90_g0.50_sim11.csv,0.9,0.5,11,13,12.0,2025-04-07T21:22:44.761847
b0.90_g0.50_sim12.csv,0.9,0.5,12,12,11.0,2025-04-07T21:22:44.761847
b0.90_g0.50_sim13.csv,0.9,0.5,13,9,8.0,2025-04-07T21:22:44.761847
b0.90_g0.50_sim14.csv,0.9,0.5,14,13,12.0,2025-04-07T21:22:44.761847
b0.90_g0.50_sim15.csv,0.9,0.5,15,10,9.0,2025-04-07T21:22:44.761847
b0.90_g0.50_sim16.csv,0.9,0.5,16,12,11.0,2025-04-07T21:22:44.761847
b0.90_g0.50_sim17.csv,0.9,0.5,17,10,9.0,2025-04-07T21:22:44.761847
b0.90_g0.50_sim18.csv,0.9,0.5,18,14,13.0,2025-04-07T21:22:44.761847
b0.90_g0.50_sim19.csv,0.9,0.5,19,9,8.0,2025-04-07T21:22:44.761847
b0.90_g0.50_sim20.csv,0.9,0.5,20,14,13.0,2025-04-07T21:22:44.761847
b0.90_g0.50_sim21.csv,0.9,0.5,21,11,10.0,2025-04-07T21:22:44.761847
b0.90_g0.50_sim22.csv,0.9,0.5,22,8,7.0,2025-04-07T21:22:44.761847
b0.90_g0.50_sim23.csv,0.9,0.5,23,12,11.0,2025-04-07T21:22:44.761847
b0.90_g0.50_sim24.csv,0.9,0.5,24,12,11.0,2025-04-07T21:22:44.761847
b0.90_g0.50_sim25.csv,0.9,0.5,25,12,11.0,2025-04-07T21:22:44.761847
b0.90_g0.50_sim26.csv,0.9,0.5,26,17,16.0,2025-04-07T21:22:44.761847
b0.90_g0.50_sim27.csv,0.9,0.5,27,7,6.0,2025-04-07T21:22:44.761847
b0.90_g0.50_sim28.csv,0.9,0.5,28,14,13.0,2025-04-07T21:22:44.761847
b0.90_g0.50_sim29.csv,0.9,0.5,29,8,7.0,2025-04-07T21:22:44.761847
b0.90_g0.50_sim30.csv,0.9,0.5,30,11,10.0,2025-04-07T21:22:44.761847
b0.90_g0.50_sim31.csv,0.9,0.5,31,13,12.0,2025-04-07T21:22:44.761847
b0.90_g0.50_sim32.csv,0.9,0.5,32,12,11.0,2025-04-07T21:22:44.761847
b0.90_g0.50_sim33.csv,0.9,0.5,33,9,8.0,2025-04-07T21:22:44.761847
b0.90_g0.50_sim34.csv,0.9,0.5,34,9,8.0,2025-04-07T21:22:44.761847
b0.90_g0.50_sim35.csv,0.9,0.5,35,17,16.0,2025-04-07T21:22:44.761847
b0.90_g0.50_sim36.csv,0.9,0.5,36,12,11.0,2025-04-07T21:22:44.761847
b0.90_g0.50_sim37.csv,0.9,0.5,37,10,9.0,2025-04-07T21:22:44.761847
b0.90_g0.50_sim38.csv,0.9,0.5,38,10,9.0,2025-04-07T21:22:44.761847
b0.90_g0.50_sim39.csv,0.9,0.5,39,13,12.0,2025-04-07T21:22:44.761847
b0.90_g0.50_sim40.csv,0.9,0.5,40,11,10.0,2025-04-07T21:22:44.761847
b0.90_g0.50_sim41.csv,0.9,0.5,41,11,10.0,2025-04-07T21:22:44.761847
b0.90_g0.50_sim42.csv,0.9,0.5,42,8,7.0,2025-04-07T21:22:44.761847
b0.90_g0.50_sim43.csv,0.9,0.5,43,8,7.0,2025-04-07T21:22:44.761847
b0.90_g0.50_sim44.csv,0.9,0.5,44,10,9.0,2025-04-07T21:22:44.761847
b0.90_g0.50_sim45.csv,0.9,0.5,45,10,9.0,2025-04-07T21:22:44.761847
b0.90_g0.50_sim46.csv,0.9,0.5,46,14,13.0,2025-04-07T21:22:44.761847
b0.90_g0.50_sim47.csv,0.9,0.5,47,10,9.0,2025-04-07T21:22:44.761847
b0.90_g0.50_sim48.csv,0.9,0.5,48,13,12.0,2025-04-07T21:22:44.761847
b0.90_g0.50_sim49.csv,0.9,0.5,49,9,8.0,2025-04-07T21:22:44.761847
b0.90_g0.60_sim0.csv,0.9,0.6,0,7,6.0,2025-04-07T21:22:44.761847
b0.90_g0.60_sim1.csv,0.9,0.6,1,9,8.0,2025-04-07T21:22:44.761847
b0.90_g0.60_sim2.csv,0.9,0.6,2,6,5.0,2025-04-07T21:22:44.761847
b0.90_g0.60_sim3.csv,0.9,0.6,3,9,8.0,2025-04-07T21:22:44.761847
b0.90_g0.60_sim4.csv,0.9,0.6,4,8,7.0,2025-04-07T21:22:44.761847
b0.90_g0.60_sim5.csv,0.9,0.6,5,8,7.0,2025-04-07T21:22:44.761847
b0.90_g0.60_sim6.csv,0.9,0.6,6,8,7.0,2025-04-07T21:22:44.761847
b0.90_g0.60_sim7.csv,0.9,0.6,7,11,10.0,2025-04-07T21:22:44.761847
b0.90_g0.60_sim8.csv,0.9,0.6,8,7,6.0,2025-04-07T21:22:44.761847
b0.90_g0.60_sim9.csv,0.9,0.6,9,7,6.0,2025-04-07T21:22:44.761847
b0.90_g0.60_sim10.csv,0.9,0.6,10,9,8.0,2025-04-07T21:22:44.761847
b0.90_g0.60_sim11.csv,0.9,0.6,11,6,5.0,2025-04-07T21:22:44.761847
b0.90_g0.60_sim12.csv,0.9,0.6,12,8,7.0,2025-04-07T21:22:44.761847
b0.90_g0.60_sim13.csv,0.9,0.6,13,9,8.0,2025-04-07T21:22:44.761847
b0.90_g0.60_sim14.csv,0.9,0.6,14,9,8.0,2025-04-07T21:22:44.761847
b0.90_g0.60_sim15.csv,0.9,0.6,15,9,8.0,2025-04-07T21:22:44.761847
b0.90_g0.60_sim16.csv,0.9,0.6,16,16,15.0,2025-04-07T21:22:44.761847
b0.90_g0.60_sim17.csv,0.9,0.6,17,8,7.0,2025-04-07T21:22:44.761847
b0.90_g0.60_sim18.csv,0.9,0.6,18,12,11.0,2025-04-07T21:22:44.761847
b0.90_g0.60_sim19.csv,0.9,0.6,19,7,6.0,2025-04-07T21:22:44.761847
b0.90_g0.60_sim20.csv,0.9,0.6,20,9,8.0,2025-04-07T21:22:44.761847
b0.90_g0.60_sim21.csv,0.9,0.6,21,8,7.0,2025-04-07T21:22:44.761847
b0.90_g0.60_sim22.csv,0.9,0.6,22,10,9.0,2025-04-07T21:22:44.761847
b0.90_g0.60_sim23.csv,0.9,0.6,23,7,6.0,2025-04-07T21:22:44.761847
b0.90_g0.60_sim24.csv,0.9,0.6,24,10,9.0,2025-04-07T21:22:44.761847
b0.90_g0.60_sim25.csv,0.9,0.6,25,9,8.0,2025-04-07T21:22:44.761847
b0.90_g0.60_sim26.csv,0.9,0.6,26,9,8.0,2025-04-07T21:22:44.761847
b0.90_g0.60_sim27.csv,0.9,0.6,27,8,7.0,2025-04-07T21:22:44.761847
b0.90_g0.60_sim28.csv,0.9,0.6,28,7,6.0,2025-04-07T21:22:44.761847
b0.90_g0.60_sim29.csv,0.9,0.6,29,10,9.0,2025-04-07T21:22:44.761847
b0.90_g0.60_sim30.csv,0.9,0.6,30,10,9.0,2025-04-07T21:22:44.761847
b0.90_g0.60_sim31.csv,0.9,0.6,31,8,7.0,2025-04-07T21:22:44.761847
b0.90_g0.60_sim32.csv,0.9,0.6,32,11,10.0,2025-04-07T21:22:44.761847
b0.90_g0.60_sim33.csv,0.9,0.6,33,13,12.0,2025-04-07T21:22:44.761847
b0.90_g0.60_sim34.csv,0.9,0.6,34,14,13.0,2025-04-07T21:22:44.761847
b0.90_g0.60_sim35.csv,0.9,0.6,35,15,14.0,2025-04-07T21:22:44.761847
b0.90_g0.60_sim36.csv,0.9,0.6,36,8,7.0,2025-04-07T21:22:44.761847
b0.90_g0.60_sim37.csv,0.9,0.6,37,13,12.0,2025-04-07T21:22:44.761847
b0.90_g0.60_sim38.csv,0.9,0.6,38,8,7.0,2025-04-07T21:22:44.761847
b0.90_g0.60_sim39.csv,0.9,0.6,39,8,7.0,2025-04-07T21:22:44.761847
b0.90_g0.60_sim40.csv,0.9,0.6,40,9,8.0,2025-04-07T21:22:44.761847
b0.90_g0.60_sim41.csv,0.9,0.6,41,7,6.0,2025-04-07T21:22:44.761847
b0.90_g0.60_sim42.csv,0.9,0.6,42,7,6.0,2025-04-07T21:22:44.761847
b0.90_g0.60_sim43.csv,0.9,0.6,43,12,11.0,2025-04-07T21:22:44.761847
b0.90_g0.60_sim44.csv,0.9,0.6,44,9,8.0,2025-04-07T21:22:44.761847
b0.90_g0.60_sim45.csv,0.9,0.6,45,8,7.0,2025-04-07T21:22:44.761847
b0.90_g0.60_sim46.csv,0.9,0.6,46,15,14.0,2025-04-07T21:22:44.761847
b0.90_g0.60_sim47.csv,0.9,0.6,47,9,8.0,2025-04-07T21:22:44.761847
b0.90_g0.60_sim48.csv,0.9,0.6,48,13,12.0,2025-04-07T21:22:44.761847
b0.90_g0.60_sim49.csv,0.9,0.6,49,9,8.0,2025-04-07T21:22:44.761847
b0.90_g0.70_sim0.csv,0.9,0.7000000000000001,0,7,6.0,2025-04-07T21:22:44.761847
b0.90_g0.70_sim1.csv,0.9,0.7000000000000001,1,7,6.0,2025-04-07T21:22:44.761847
b0.90_g0.70_sim2.csv,0.9,0.7000000000000001,2,10,9.0,2025-04-07T21:22:44.761847
b0.90_g0.70_sim3.csv,0.9,0.7000000000000001,3,5,4.0,2025-04-07T21:22:44.761847
b0.90_g0.70_sim4.csv,0.9,0.7000000000000001,4,6,5.0,2025-04-07T21:22:44.761847
b0.90_g0.70_sim5.csv,0.9,0.7000000000000001,5,6,5.0,2025-04-07T21:22:44.761847
b0.90_g0.70_sim6.csv,0.9,0.7000000000000001,6,6,5.0,2025-04-07T21:22:44.761847
b0.90_g0.70_sim7.csv,0.9,0.7000000000000001,7,8,7.0,2025-04-07T21:22:44.761847
b0.90_g0.70_sim8.csv,0.9,0.7000000000000001,8,5,4.0,2025-04-07T21:22:44.761847
b0.90_g0.70_sim9.csv,0.9,0.7000000000000001,9,6,5.0,2025-04-07T21:22:44.761847
b0.90_g0.70_sim10.csv,0.9,0.7000000000000001,10,7,6.0,2025-04-07T21:22:44.761847
b0.90_g0.70_sim11.csv,0.9,0.7000000000000001,11,11,10.0,2025-04-07T21:22:44.761847
b0.90_g0.70_sim12.csv,0.9,0.7000000000000001,12,8,7.0,2025-04-07T21:22:44.761847
b0.90_g0.70_sim13.csv,0.9,0.7000000000000001,13,6,5.0,2025-04-07T21:22:44.761847
b0.90_g0.70_sim14.csv,0.9,0.7000000000000001,14,7,6.0,2025-04-07T21:22:44.761847
b0.90_g0.70_sim15.csv,0.9,0.7000000000000001,15,8,7.0,2025-04-07T21:22:44.761847
b0.90_g0.70_sim16.csv,0.9,0.7000000000000001,16,7,6.0,2025-04-07T21:22:44.761847
b0.90_g0.70_sim17.csv,0.9,0.7000000000000001,17,7,6.0,2025-04-07T21:22:44.761847
b0.90_g0.70_sim18.csv,0.9,0.7000000000000001,18,8,7.0,2025-04-07T21:22:44.761847
b0.90_g0.70_sim19.csv,0.9,0.7000000000000001,19,8,7.0,2025-04-07T21:22:44.761847
b0.90_g0.70_sim20.csv,0.9,0.7000000000000001,20,6,5.0,2025-04-07T21:22:44.761847
b0.90_g0.70_sim21.csv,0.9,0.7000000000000001,21,7,6.0,2025-04-07T21:22:44.761847
b0.90_g0.70_sim22.csv,0.9,0.7000000000000001,22,9,8.0,2025-04-07T21:22:44.761847
b0.90_g0.70_sim23.csv,0.9,0.7000000000000001,23,6,5.0,2025-04-07T21:22:44.761847
b0.90_g0.70_sim24.csv,0.9,0.7000000000000001,24,9,8.0,2025-04-07T21:22:44.761847
b0.90_g0.70_sim25.csv,0.9,0.7000000000000001,25,7,6.0,2025-04-07T21:22:44.761847
b0.90_g0.70_sim26.csv,0.9,0.7000000000000001,26,7,6.0,2025-04-07T21:22:44.761847
b0.90_g0.70_sim27.csv,0.9,0.7000000000000001,27,8,7.0,2025-04-07T21:22:44.761847
b0.90_g0.70_sim28.csv,0.9,0.7000000000000001,28,8,7.0,2025-04-07T21:22:44.761847
b0.90_g0.70_sim29.csv,0.9,0.7000000000000001,29,7,6.0,2025-04-07T21:22:44.761847
b0.90_g0.70_sim30.csv,0.9,0.7000000000000001,30,13,12.0,2025-04-07T21:22:44.761847
b0.90_g0.70_sim31.csv,0.9,0.7000000000000001,31,7,6.0,2025-04-07T21:22:44.761847
b0.90_g0.70_sim32.csv,0.9,0.7000000000000001,32,6,5.0,2025-04-07T21:22:44.761847
b0.90_g0.70_sim33.csv,0.9,0.7000000000000001,33,7,6.0,2025-04-07T21:22:44.761847
b0.90_g0.70_sim34.csv,0.9,0.7000000000000001,34,8,7.0,2025-04-07T21:22:44.761847
b0.90_g0.70_sim35.csv,0.9,0.7000000000000001,35,5,4.0,2025-04-07T21:22:44.761847
b0.90_g0.70_sim36.csv,0.9,0.7000000000000001,36,8,7.0,2025-04-07T21:22:44.761847
b0.90_g0.70_sim37.csv,0.9,0.7000000000000001,37,8,7.0,2025-04-07T21:22:44.761847
b0.90_g0.70_sim38.csv,0.9,0.7000000000000001,38,6,5.0,2025-04-07T21:22:44.761847
b0.90_g0.70_sim39.csv,0.9,0.7000000000000001,39,10,9.0,2025-04-07T21:22:44.761847
b0.90_g0.70_sim40.csv,0.9,0.7000000000000001,40,9,8.0,2025-04-07T21:22:44.761847
b0.90_g0.70_sim41.csv,0.9,0.7000000000000001,41,10,9.0,2025-04-07T21:22:44.761847
b0.90_g0.70_sim42.csv,0.9,0.7000000000000001,42,8,7.0,2025-04-07T21:22:44.761847
b0.90_g0.70_sim43.csv,0.9,0.7000000000000001,43,6,5.0,2025-04-07T21:22:44.761847
b0.90_g0.70_sim44.csv,0.9,0.7000000000000001,44,8,7.0,2025-04-07T21:22:44.761847
b0.90_g0.70_sim45.csv,0.9,0.7000000000000001,45,8,7.0,2025-04-07T21:22:44.761847
b0.90_g0.70_sim46.csv,0.9,0.7000000000000001,46,8,7.0,2025-04-07T21:22:44.761847
b0.90_g0.70_sim47.csv,0.9,0.7000000000000001,47,7,6.0,2025-04-07T21:22:44.761847
b0.90_g0.70_sim48.csv,0.9,0.7000000000000001,48,10,9.0,2025-04-07T21:22:44.761847
b0.90_g0.70_sim49.csv,0.9,0.7000000000000001,49,7,6.0,2025-04-07T21:22:44.761847
b0.90_g0.80_sim0.csv,0.9,0.8,0,8,7.0,2025-04-07T21:22:44.761847
b0.90_g0.80_sim1.csv,0.9,0.8,1,10,9.0,2025-04-07T21:22:44.761847
b0.90_g0.80_sim2.csv,0.9,0.8,2,9,8.0,2025-04-07T21:22:44.761847
b0.90_g0.80_sim3.csv,0.9,0.8,3,7,6.0,2025-04-07T21:22:44.761847
b0.90_g0.80_sim4.csv,0.9,0.8,4,8,7.0,2025-04-07T21:22:44.761847
b0.90_g0.80_sim5.csv,0.9,0.8,5,5,4.0,2025-04-07T21:22:44.761847
b0.90_g0.80_sim6.csv,0.9,0.8,6,5,4.0,2025-04-07T21:22:44.761847
b0.90_g0.80_sim7.csv,0.9,0.8,7,9,8.0,2025-04-07T21:22:44.761847
b0.90_g0.80_sim8.csv,0.9,0.8,8,7,6.0,2025-04-07T21:22:44.761847
b0.90_g0.80_sim9.csv,0.9,0.8,9,6,5.0,2025-04-07T21:22:44.761847
b0.90_g0.80_sim10.csv,0.9,0.8,10,6,5.0,2025-04-07T21:22:44.761847
b0.90_g0.80_sim11.csv,0.9,0.8,11,8,7.0,2025-04-07T21:22:44.761847
b0.90_g0.80_sim12.csv,0.9,0.8,12,7,6.0,2025-04-07T21:22:44.761847
b0.90_g0.80_sim13.csv,0.9,0.8,13,8,7.0,2025-04-07T21:22:44.761847
b0.90_g0.80_sim14.csv,0.9,0.8,14,5,4.0,2025-04-07T21:22:44.761847
b0.90_g0.80_sim15.csv,0.9,0.8,15,6,5.0,2025-04-07T21:22:44.761847
b0.90_g0.80_sim16.csv,0.9,0.8,16,10,9.0,2025-04-07T21:22:44.761847
b0.90_g0.80_sim17.csv,0.9,0.8,17,14,13.0,2025-04-07T21:22:44.761847
b0.90_g0.80_sim18.csv,0.9,0.8,18,8,7.0,2025-04-07T21:22:44.761847
b0.90_g0.80_sim19.csv,0.9,0.8,19,7,6.0,2025-04-07T21:22:44.761847
b0.90_g0.80_sim20.csv,0.9,0.8,20,7,6.0,2025-04-07T21:22:44.761847
b0.90_g0.80_sim21.csv,0.9,0.8,21,6,5.0,2025-04-07T21:22:44.761847
b0.90_g0.80_sim22.csv,0.9,0.8,22,6,5.0,2025-04-07T21:22:44.761847
b0.90_g0.80_sim23.csv,0.9,0.8,23,7,6.0,2025-04-07T21:22:44.761847
b0.90_g0.80_sim24.csv,0.9,0.8,24,7,6.0,2025-04-07T21:22:44.761847
b0.90_g0.80_sim25.csv,0.9,0.8,25,9,8.0,2025-04-07T21:22:44.761847
b0.90_g0.80_sim26.csv,0.9,0.8,26,5,4.0,2025-04-07T21:22:44.761847
b0.90_g0.80_sim27.csv,0.9,0.8,27,8,7.0,2025-04-07T21:22:44.761847
b0.90_g0.80_sim28.csv,0.9,0.8,28,8,7.0,2025-04-07T21:22:44.761847
b0.90_g0.80_sim29.csv,0.9,0.8,29,10,9.0,2025-04-07T21:22:44.761847
b0.90_g0.80_sim30.csv,0.9,0.8,30,6,5.0,2025-04-07T21:22:44.761847
b0.90_g0.80_sim31.csv,0.9,0.8,31,8,7.0,2025-04-07T21:22:44.761847
b0.90_g0.80_sim32.csv,0.9,0.8,32,7,6.0,2025-04-07T21:22:44.761847
b0.90_g0.80_sim33.csv,0.9,0.8,33,6,5.0,2025-04-07T21:22:44.761847
b0.90_g0.80_sim34.csv,0.9,0.8,34,5,4.0,2025-04-07T21:22:44.761847
b0.90_g0.80_sim35.csv,0.9,0.8,35,5,4.0,2025-04-07T21:22:44.761847
b0.90_g0.80_sim36.csv,0.9,0.8,36,7,6.0,2025-04-07T21:22:44.761847
b0.90_g0.80_sim37.csv,0.9,0.8,37,9,8.0,2025-04-07T21:22:44.761847
b0.90_g0.80_sim38.csv,0.9,0.8,38,6,5.0,2025-04-07T21:22:44.761847
b0.90_g0.80_sim39.csv,0.9,0.8,39,6,5.0,2025-04-07T21:22:44.761847
b0.90_g0.80_sim40.csv,0.9,0.8,40,6,5.0,2025-04-07T21:22:44.761847
b0.90_g0.80_sim41.csv,0.9,0.8,41,7,6.0,2025-04-07T21:22:44.761847
b0.90_g0.80_sim42.csv,0.9,0.8,42,5,4.0,2025-04-07T21:22:44.761847
b0.90_g0.80_sim43.csv,0.9,0.8,43,7,6.0,2025-04-07T21:22:44.761847
b0.90_g0.80_sim44.csv,0.9,0.8,44,9,8.0,2025-04-07T21:22:44.761847
b0.90_g0.80_sim45.csv,0.9,0.8,45,7,6.0,2025-04-07T21:22:44.761847
b0.90_g0.80_sim46.csv,0.9,0.8,46,7,6.0,2025-04-07T21:22:44.761847
b0.90_g0.80_sim47.csv,0.9,0.8,47,5,4.0,2025-04-07T21:22:44.761847
b0.90_g0.80_sim48.csv,0.9,0.8,48,9,8.0,2025-04-07T21:22:44.761847
b0.90_g0.80_sim49.csv,0.9,0.8,49,6,5.0,2025-04-07T21:22:44.761847
b0.90_g0.90_sim0.csv,0.9,0.9,0,5,4.0,2025-04-07T21:22:44.761847
b0.90_g0.90_sim1.csv,0.9,0.9,1,5,4.0,2025-04-07T21:22:44.761847
b0.90_g0.90_sim2.csv,0.9,0.9,2,9,8.0,2025-04-07T21:22:44.761847
b0.90_g0.90_sim3.csv,0.9,0.9,3,6,5.0,2025-04-07T21:22:44.761847
b0.90_g0.90_sim4.csv,0.9,0.9,4,7,6.0,2025-04-07T21:22:44.761847
b0.90_g0.90_sim5.csv,0.9,0.9,5,6,5.0,2025-04-07T21:22:44.761847
b0.90_g0.90_sim6.csv,0.9,0.9,6,8,7.0,2025-04-07T21:22:44.761847
b0.90_g0.90_sim7.csv,0.9,0.9,7,8,7.0,2025-04-07T21:22:44.761847
b0.90_g0.90_sim8.csv,0.9,0.9,8,5,4.0,2025-04-07T21:22:44.761847
b0.90_g0.90_sim9.csv,0.9,0.9,9,6,5.0,2025-04-07T21:22:44.761847
b0.90_g0.90_sim10.csv,0.9,0.9,10,5,4.0,2025-04-07T21:22:44.761847
b0.90_g0.90_sim11.csv,0.9,0.9,11,5,4.0,2025-04-07T21:22:44.761847
b0.90_g0.90_sim12.csv,0.9,0.9,12,4,3.0,2025-04-07T21:22:44.761847
b0.90_g0.90_sim13.csv,0.9,0.9,13,5,4.0,2025-04-07T21:22:44.761847
b0.90_g0.90_sim14.csv,0.9,0.9,14,5,4.0,2025-04-07T21:22:44.761847
b0.90_g0.90_sim15.csv,0.9,0.9,15,6,5.0,2025-04-07T21:22:44.761847
b0.90_g0.90_sim16.csv,0.9,0.9,16,5,4.0,2025-04-07T21:22:44.761847
b0.90_g0.90_sim17.csv,0.9,0.9,17,7,6.0,2025-04-07T21:22:44.761847
b0.90_g0.90_sim18.csv,0.9,0.9,18,11,10.0,2025-04-07T21:22:44.761847
b0.90_g0.90_sim19.csv,0.9,0.9,19,7,6.0,2025-04-07T21:22:44.761847
b0.90_g0.90_sim20.csv,0.9,0.9,20,7,6.0,2025-04-07T21:22:44.761847
b0.90_g0.90_sim21.csv,0.9,0.9,21,9,8.0,2025-04-07T21:22:44.761847
b0.90_g0.90_sim22.csv,0.9,0.9,22,5,4.0,2025-04-07T21:22:44.761847
b0.90_g0.90_sim23.csv,0.9,0.9,23,7,6.0,2025-04-07T21:22:44.761847
b0.90_g0.90_sim24.csv,0.9,0.9,24,5,4.0,2025-04-07T21:22:44.761847
b0.90_g0.90_sim25.csv,0.9,0.9,25,10,9.0,2025-04-07T21:22:44.761847
b0.90_g0.90_sim26.csv,0.9,0.9,26,6,5.0,2025-04-07T21:22:44.761847
b0.90_g0.90_sim27.csv,0.9,0.9,27,5,4.0,2025-04-07T21:22:44.761847
b0.90_g0.90_sim28.csv,0.9,0.9,28,9,8.0,2025-04-07T21:22:44.761847
b0.90_g0.90_sim29.csv,0.9,0.9,29,7,6.0,2025-04-07T21:22:44.761847
b0.90_g0.90_sim30.csv,0.9,0.9,30,5,4.0,2025-04-07T21:22:44.761847
b0.90_g0.90_sim31.csv,0.9,0.9,31,7,6.0,2025-04-07T21:22:44.761847
b0.90_g0.90_sim32.csv,0.9,0.9,32,10,9.0,2025-04-07T21:22:44.761847
b0.90_g0.90_sim33.csv,0.9,0.9,33,6,5.0,2025-04-07T21:22:44.761847
b0.90_g0.90_sim34.csv,0.9,0.9,34,7,6.0,2025-04-07T21:22:44.761847
b0.90_g0.90_sim35.csv,0.9,0.9,35,5,4.0,2025-04-07T21:22:44.761847
b0.90_g0.90_sim36.csv,0.9,0.9,36,6,5.0,2025-04-07T21:22:44.761847
b0.90_g0.90_sim37.csv,0.9,0.9,37,5,4.0,2025-04-07T21:22:44.761847
b0.90_g0.90_sim38.csv,0.9,0.9,38,4,3.0,2025-04-07T21:22:44.761847
b0.90_g0.90_sim39.csv,0.9,0.9,39,5,4.0,2025-04-07T21:22:44.761847
b0.90_g0.90_sim40.csv,0.9,0.9,40,6,5.0,2025-04-07T21:22:44.761847
b0.90_g0.90_sim41.csv,0.9,0.9,41,4,3.0,2025-04-07T21:22:44.761847
b0.90_g0.90_sim42.csv,0.9,0.9,42,10,9.0,2025-04-07T21:22:44.761847
b0.90_g0.90_sim43.csv,0.9,0.9,43,5,4.0,2025-04-07T21:22:44.761847
b0.90_g0.90_sim44.csv,0.9,0.9,44,6,5.0,2025-04-07T21:22:44.761847
b0.90_g0.90_sim45.csv,0.9,0.9,45,5,4.0,2025-04-07T21:22:44.761847
b0.90_g0.90_sim46.csv,0.9,0.9,46,6,5.0,2025-04-07T21:22:44.761847
b0.90_g0.90_sim47.csv,0.9,0.9,47,5,4.0,2025-04-07T21:22:44.761847
b0.90_g0.90_sim48.csv,0.9,0.9,48,4,3.0,2025-04-07T21:22:44.761847
b0.90_g0.90_sim49.csv,0.9,0.9,49,8,7.0,2025-04-07T21:22:44.761847
b0.90_g1.00_sim0.csv,0.9,1.0,0,5,4.0,2025-04-07T21:22:44.761847
b0.90_g1.00_sim1.csv,0.9,1.0,1,5,4.0,2025-04-07T21:22:44.761847
b0.90_g1.00_sim2.csv,0.9,1.0,2,5,4.0,2025-04-07T21:22:44.761847
b0.90_g1.00_sim3.csv,0.9,1.0,3,5,4.0,2025-04-07T21:22:44.761847
b0.90_g1.00_sim4.csv,0.9,1.0,4,9,8.0,2025-04-07T21:22:44.761847
b0.90_g1.00_sim5.csv,0.9,1.0,5,6,5.0,2025-04-07T21:22:44.761847
b0.90_g1.00_sim6.csv,0.9,1.0,6,5,4.0,2025-04-07T21:22:44.761847
b0.90_g1.00_sim7.csv,0.9,1.0,7,5,4.0,2025-04-07T21:22:44.761847
b0.90_g1.00_sim8.csv,0.9,1.0,8,5,4.0,2025-04-07T21:22:44.761847
b0.90_g1.00_sim9.csv,0.9,1.0,9,7,6.0,2025-04-07T21:22:44.761847
b0.90_g1.00_sim10.csv,0.9,1.0,10,4,3.0,2025-04-07T21:22:44.761847
b0.90_g1.00_sim11.csv,0.9,1.0,11,5,4.0,2025-04-07T21:22:44.761847
b0.90_g1.00_sim12.csv,0.9,1.0,12,7,6.0,2025-04-07T21:22:44.761847
b0.90_g1.00_sim13.csv,0.9,1.0,13,4,3.0,2025-04-07T21:22:44.761847
b0.90_g1.00_sim14.csv,0.9,1.0,14,4,3.0,2025-04-07T21:22:44.761847
b0.90_g1.00_sim15.csv,0.9,1.0,15,7,6.0,2025-04-07T21:22:44.761847
b0.90_g1.00_sim16.csv,0.9,1.0,16,7,6.0,2025-04-07T21:22:44.761847
b0.90_g1.00_sim17.csv,0.9,1.0,17,6,5.0,2025-04-07T21:22:44.761847
b0.90_g1.00_sim18.csv,0.9,1.0,18,5,4.0,2025-04-07T21:22:44.761847
b0.90_g1.00_sim19.csv,0.9,1.0,19,6,5.0,2025-04-07T21:22:44.761847
b0.90_g1.00_sim20.csv,0.9,1.0,20,6,5.0,2025-04-07T21:22:44.761847
b0.90_g1.00_sim21.csv,0.9,1.0,21,4,3.0,2025-04-07T21:22:44.761847
b0.90_g1.00_sim22.csv,0.9,1.0,22,4,3.0,2025-04-07T21:22:44.761847
b0.90_g1.00_sim23.csv,0.9,1.0,23,6,5.0,2025-04-07T21:22:44.761847
b0.90_g1.00_sim24.csv,0.9,1.0,24,7,6.0,2025-04-07T21:22:44.761847
b0.90_g1.00_sim25.csv,0.9,1.0,25,6,5.0,2025-04-07T21:22:44.761847
b0.90_g1.00_sim26.csv,0.9,1.0,26,4,3.0,2025-04-07T21:22:44.761847
b0.90_g1.00_sim27.csv,0.9,1.0,27,5,4.0,2025-04-07T21:22:44.761847
b0.90_g1.00_sim28.csv,0.9,1.0,28,7,6.0,2025-04-07T21:22:44.761847
b0.90_g1.00_sim29.csv,0.9,1.0,29,5,4.0,2025-04-07T21:22:44.761847
b0.90_g1.00_sim30.csv,0.9,1.0,30,7,6.0,2025-04-07T21:22:44.761847
b0.90_g1.00_sim31.csv,0.9,1.0,31,4,3.0,2025-04-07T21:22:44.761847
b0.90_g1.00_sim32.csv,0.9,1.0,32,5,4.0,2025-04-07T21:22:44.761847
b0.90_g1.00_sim33.csv,0.9,1.0,33,7,6.0,2025-04-07T21:22:44.761847
b0.90_g1.00_sim34.csv,0.9,1.0,34,5,4.0,2025-04-07T21:22:44.761847
b0.90_g1.00_sim35.csv,0.9,1.0,35,5,4.0,2025-04-07T21:22:44.761847
b0.90_g1.00_sim36.csv,0.9,1.0,36,8,7.0,2025-04-07T21:22:44.761847
b0.90_g1.00_sim37.csv,0.9,1.0,37,6,5.0,2025-04-07T21:22:44.761847
b0.90_g1.00_sim38.csv,0.9,1.0,38,5,4.0,2025-04-07T21:22:44.761847
b0.90_g1.00_sim39.csv,0.9,1.0,39,6,5.0,2025-04-07T21:22:44.761847
b0.90_g1.00_sim40.csv,0.9,1.0,40,6,5.0,2025-04-07T21:22:44.761847
b0.90_g1.00_sim41.csv,0.9,1.0,41,5,4.0,2025-04-07T21:22:44.761847
b0.90_g1.00_sim42.csv,0.9,1.0,42,6,5.0,2025-04-07T21:22:44.761847
b0.90_g1.00_sim43.csv,0.9,1.0,43,5,4.0,2025-04-07T21:22:44.761847
b0.90_g1.00_sim44.csv,0.9,1.0,44,5,4.0,2025-04-07T21:22:44.761847
b0.90_g1.00_sim45.csv,0.9,1.0,45,5,4.0,2025-04-07T21:22:44.761847
b0.90_g1.00_sim46.csv,0.9,1.0,46,5,4.0,2025-04-07T21:22:44.761847
b0.90_g1.00_sim47.csv,0.9,1.0,47,6,5.0,2025-04-07T21:22:44.761847
b0.90_g1.00_sim48.csv,0.9,1.0,48,6,5.0,2025-04-07T21:22:44.761847
b0.90_g1.00_sim49.csv,0.9,1.0,49,6,5.0,2025-04-07T21:22:44.761847
b1.00_g0.10_sim0.csv,1.0,0.1,0,35,34.0,2025-04-07T21:22:44.761847
b1.00_g0.10_sim1.csv,1.0,0.1,1,46,45.0,2025-04-07T21:22:44.761847
b1.00_g0.10_sim2.csv,1.0,0.1,2,55,54.0,2025-04-07T21:22:44.761847
b1.00_g0.10_sim3.csv,1.0,0.1,3,56,55.0,2025-04-07T21:22:44.761847
b1.00_g0.10_sim4.csv,1.0,0.1,4,36,35.0,2025-04-07T21:22:44.761847
b1.00_g0.10_sim5.csv,1.0,0.1,5,47,46.0,2025-04-07T21:22:44.761847
b1.00_g0.10_sim6.csv,1.0,0.1,6,58,57.0,2025-04-07T21:22:44.761847
b1.00_g0.10_sim7.csv,1.0,0.1,7,58,57.0,2025-04-07T21:22:44.761847
b1.00_g0.10_sim8.csv,1.0,0.1,8,61,60.0,2025-04-07T21:22:44.761847
b1.00_g0.10_sim9.csv,1.0,0.1,9,58,57.0,2025-04-07T21:22:44.761847
b1.00_g0.10_sim10.csv,1.0,0.1,10,43,42.0,2025-04-07T21:22:44.761847
b1.00_g0.10_sim11.csv,1.0,0.1,11,72,71.0,2025-04-07T21:22:44.761847
b1.00_g0.10_sim12.csv,1.0,0.1,12,41,40.0,2025-04-07T21:22:44.761847
b1.00_g0.10_sim13.csv,1.0,0.1,13,46,45.0,2025-04-07T21:22:44.761847
b1.00_g0.10_sim14.csv,1.0,0.1,14,40,39.0,2025-04-07T21:22:44.761847
b1.00_g0.10_sim15.csv,1.0,0.1,15,49,48.0,2025-04-07T21:22:44.761847
b1.00_g0.10_sim16.csv,1.0,0.1,16,52,51.0,2025-04-07T21:22:44.761847
b1.00_g0.10_sim17.csv,1.0,0.1,17,41,40.0,2025-04-07T21:22:44.761847
b1.00_g0.10_sim18.csv,1.0,0.1,18,47,46.0,2025-04-07T21:22:44.761847
b1.00_g0.10_sim19.csv,1.0,0.1,19,50,49.0,2025-04-07T21:22:44.761847
b1.00_g0.10_sim20.csv,1.0,0.1,20,45,44.0,2025-04-07T21:22:44.761847
b1.00_g0.10_sim21.csv,1.0,0.1,21,43,42.0,2025-04-07T21:22:44.761847
b1.00_g0.10_sim22.csv,1.0,0.1,22,37,36.0,2025-04-07T21:22:44.761847
b1.00_g0.10_sim23.csv,1.0,0.1,23,52,51.0,2025-04-07T21:22:44.761847
b1.00_g0.10_sim24.csv,1.0,0.1,24,36,35.0,2025-04-07T21:22:44.761847
b1.00_g0.10_sim25.csv,1.0,0.1,25,45,44.0,2025-04-07T21:22:44.761847
b1.00_g0.10_sim26.csv,1.0,0.1,26,51,50.0,2025-04-07T21:22:44.761847
b1.00_g0.10_sim27.csv,1.0,0.1,27,45,44.0,2025-04-07T21:22:44.761847
b1.00_g0.10_sim28.csv,1.0,0.1,28,50,49.0,2025-04-07T21:22:44.761847
b1.00_g0.10_sim29.csv,1.0,0.1,29,44,43.0,2025-04-07T21:22:44.761847
b1.00_g0.10_sim30.csv,1.0,0.1,30,35,34.0,2025-04-07T21:22:44.761847
b1.00_g0.10_sim31.csv,1.0,0.1,31,58,57.0,2025-04-07T21:22:44.761847
b1.00_g0.10_sim32.csv,1.0,0.1,32,35,34.0,2025-04-07T21:22:44.761847
b1.00_g0.10_sim33.csv,1.0,0.1,33,48,47.0,2025-04-07T21:22:44.761847
b1.00_g0.10_sim34.csv,1.0,0.1,34,48,47.0,2025-04-07T21:22:44.761847
b1.00_g0.10_sim35.csv,1.0,0.1,35,50,49.0,2025-04-07T21:22:44.761847
b1.00_g0.10_sim36.csv,1.0,0.1,36,43,42.0,2025-04-07T21:22:44.761847
b1.00_g0.10_sim37.csv,1.0,0.1,37,52,51.0,2025-04-07T21:22:44.761847
b1.00_g0.10_sim38.csv,1.0,0.1,38,49,48.0,2025-04-07T21:22:44.761847
b1.00_g0.10_sim39.csv,1.0,0.1,39,54,53.0,2025-04-07T21:22:44.761847
b1.00_g0.10_sim40.csv,1.0,0.1,40,80,79.0,2025-04-07T21:22:44.761847
b1.00_g0.10_sim41.csv,1.0,0.1,41,42,41.0,2025-04-07T21:22:44.761847
b1.00_g0.10_sim42.csv,1.0,0.1,42,58,57.0,2025-04-07T21:22:44.761847
b1.00_g0.10_sim43.csv,1.0,0.1,43,45,44.0,2025-04-07T21:22:44.761847
b1.00_g0.10_sim44.csv,1.0,0.1,44,53,52.0,2025-04-07T21:22:44.761847
b1.00_g0.10_sim45.csv,1.0,0.1,45,58,57.0,2025-04-07T21:22:44.761847
b1.00_g0.10_sim46.csv,1.0,0.1,46,48,47.0,2025-04-07T21:22:44.761847
b1.00_g0.10_sim47.csv,1.0,0.1,47,49,48.0,2025-04-07T21:22:44.761847
b1.00_g0.10_sim48.csv,1.0,0.1,48,59,58.0,2025-04-07T21:22:44.761847
b1.00_g0.10_sim49.csv,1.0,0.1,49,59,58.0,2025-04-07T21:22:44.761847
b1.00_g0.20_sim0.csv,1.0,0.2,0,21,20.0,2025-04-07T21:22:44.761847
b1.00_g0.20_sim1.csv,1.0,0.2,1,25,24.0,2025-04-07T21:22:44.761847
b1.00_g0.20_sim2.csv,1.0,0.2,2,23,22.0,2025-04-07T21:22:44.761847
b1.00_g0.20_sim3.csv,1.0,0.2,3,29,28.0,2025-04-07T21:22:44.761847
b1.00_g0.20_sim4.csv,1.0,0.2,4,23,22.0,2025-04-07T21:22:44.761847
b1.00_g0.20_sim5.csv,1.0,0.2,5,30,29.0,2025-04-07T21:22:44.761847
b1.00_g0.20_sim6.csv,1.0,0.2,6,20,19.0,2025-04-07T21:22:44.761847
b1.00_g0.20_sim7.csv,1.0,0.2,7,28,27.0,2025-04-07T21:22:44.761847
b1.00_g0.20_sim8.csv,1.0,0.2,8,22,21.0,2025-04-07T21:22:44.761847
b1.00_g0.20_sim9.csv,1.0,0.2,9,22,21.0,2025-04-07T21:22:44.761847
b1.00_g0.20_sim10.csv,1.0,0.2,10,22,21.0,2025-04-07T21:22:44.761847
b1.00_g0.20_sim11.csv,1.0,0.2,11,23,22.0,2025-04-07T21:22:44.761847
b1.00_g0.20_sim12.csv,1.0,0.2,12,34,33.0,2025-04-07T21:22:44.761847
b1.00_g0.20_sim13.csv,1.0,0.2,13,30,29.0,2025-04-07T21:22:44.761847
b1.00_g0.20_sim14.csv,1.0,0.2,14,20,19.0,2025-04-07T21:22:44.761847
b1.00_g0.20_sim15.csv,1.0,0.2,15,26,25.0,2025-04-07T21:22:44.761847
b1.00_g0.20_sim16.csv,1.0,0.2,16,35,34.0,2025-04-07T21:22:44.761847
b1.00_g0.20_sim17.csv,1.0,0.2,17,51,50.0,2025-04-07T21:22:44.761847
b1.00_g0.20_sim18.csv,1.0,0.2,18,18,17.0,2025-04-07T21:22:44.761847
b1.00_g0.20_sim19.csv,1.0,0.2,19,22,21.0,2025-04-07T21:22:44.761847
b1.00_g0.20_sim20.csv,1.0,0.2,20,25,24.0,2025-04-07T21:22:44.761847
b1.00_g0.20_sim21.csv,1.0,0.2,21,28,27.0,2025-04-07T21:22:44.761847
b1.00_g0.20_sim22.csv,1.0,0.2,22,29,28.0,2025-04-07T21:22:44.761847
b1.00_g0.20_sim23.csv,1.0,0.2,23,16,15.0,2025-04-07T21:22:44.761847
b1.00_g0.20_sim24.csv,1.0,0.2,24,26,25.0,2025-04-07T21:22:44.761847
b1.00_g0.20_sim25.csv,1.0,0.2,25,19,18.0,2025-04-07T21:22:44.761847
b1.00_g0.20_sim26.csv,1.0,0.2,26,23,22.0,2025-04-07T21:22:44.761847
b1.00_g0.20_sim27.csv,1.0,0.2,27,32,31.0,2025-04-07T21:22:44.761847
b1.00_g0.20_sim28.csv,1.0,0.2,28,23,22.0,2025-04-07T21:22:44.761847
b1.00_g0.20_sim29.csv,1.0,0.2,29,29,28.0,2025-04-07T21:22:44.761847
b1.00_g0.20_sim30.csv,1.0,0.2,30,36,35.0,2025-04-07T21:22:44.761847
b1.00_g0.20_sim31.csv,1.0,0.2,31,27,26.0,2025-04-07T21:22:44.761847
b1.00_g0.20_sim32.csv,1.0,0.2,32,18,17.0,2025-04-07T21:22:44.761847
b1.00_g0.20_sim33.csv,1.0,0.2,33,23,22.0,2025-04-07T21:22:44.761847
b1.00_g0.20_sim34.csv,1.0,0.2,34,19,18.0,2025-04-07T21:22:44.761847
b1.00_g0.20_sim35.csv,1.0,0.2,35,31,30.0,2025-04-07T21:22:44.761847
b1.00_g0.20_sim36.csv,1.0,0.2,36,27,26.0,2025-04-07T21:22:44.761847
b1.00_g0.20_sim37.csv,1.0,0.2,37,22,21.0,2025-04-07T21:22:44.761847
b1.00_g0.20_sim38.csv,1.0,0.2,38,21,20.0,2025-04-07T21:22:44.761847
b1.00_g0.20_sim39.csv,1.0,0.2,39,21,20.0,2025-04-07T21:22:44.761847
b1.00_g0.20_sim40.csv,1.0,0.2,40,26,25.0,2025-04-07T21:22:44.761847
b1.00_g0.20_sim41.csv,1.0,0.2,41,22,21.0,2025-04-07T21:22:44.761847
b1.00_g0.20_sim42.csv,1.0,0.2,42,22,21.0,2025-04-07T21:22:44.761847
b1.00_g0.20_sim43.csv,1.0,0.2,43,21,20.0,2025-04-07T21:22:44.761847
b1.00_g0.20_sim44.csv,1.0,0.2,44,26,25.0,2025-04-07T21:22:44.761847
b1.00_g0.20_sim45.csv,1.0,0.2,45,21,20.0,2025-04-07T21:22:44.761847
b1.00_g0.20_sim46.csv,1.0,0.2,46,32,31.0,2025-04-07T21:22:44.761847
b1.00_g0.20_sim47.csv,1.0,0.2,47,32,31.0,2025-04-07T21:22:44.761847
b1.00_g0.20_sim48.csv,1.0,0.2,48,24,23.0,2025-04-07T21:22:44.761847
b1.00_g0.20_sim49.csv,1.0,0.2,49,24,23.0,2025-04-07T21:22:44.761847
b1.00_g0.30_sim0.csv,1.0,0.30000000000000004,0,17,16.0,2025-04-07T21:22:44.761847
b1.00_g0.30_sim1.csv,1.0,0.30000000000000004,1,12,11.0,2025-04-07T21:22:44.761847
b1.00_g0.30_sim2.csv,1.0,0.30000000000000004,2,19,18.0,2025-04-07T21:22:44.761847
b1.00_g0.30_sim3.csv,1.0,0.30000000000000004,3,20,19.0,2025-04-07T21:22:44.761847
b1.00_g0.30_sim4.csv,1.0,0.30000000000000004,4,21,20.0,2025-04-07T21:22:44.761847
b1.00_g0.30_sim5.csv,1.0,0.30000000000000004,5,29,28.0,2025-04-07T21:22:44.761847
b1.00_g0.30_sim6.csv,1.0,0.30000000000000004,6,22,21.0,2025-04-07T21:22:44.761847
b1.00_g0.30_sim7.csv,1.0,0.30000000000000004,7,16,15.0,2025-04-07T21:22:44.761847
b1.00_g0.30_sim8.csv,1.0,0.30000000000000004,8,15,14.0,2025-04-07T21:22:44.761847
b1.00_g0.30_sim9.csv,1.0,0.30000000000000004,9,15,14.0,2025-04-07T21:22:44.761847
b1.00_g0.30_sim10.csv,1.0,0.30000000000000004,10,16,15.0,2025-04-07T21:22:44.761847
b1.00_g0.30_sim11.csv,1.0,0.30000000000000004,11,11,10.0,2025-04-07T21:22:44.761847
b1.00_g0.30_sim12.csv,1.0,0.30000000000000004,12,13,12.0,2025-04-07T21:22:44.761847
b1.00_g0.30_sim13.csv,1.0,0.30000000000000004,13,16,15.0,2025-04-07T21:22:44.761847
b1.00_g0.30_sim14.csv,1.0,0.30000000000000004,14,14,13.0,2025-04-07T21:22:44.761847
b1.00_g0.30_sim15.csv,1.0,0.30000000000000004,15,14,13.0,2025-04-07T21:22:44.761847
b1.00_g0.30_sim16.csv,1.0,0.30000000000000004,16,20,19.0,2025-04-07T21:22:44.761847
b1.00_g0.30_sim17.csv,1.0,0.30000000000000004,17,17,16.0,2025-04-07T21:22:44.761847
b1.00_g0.30_sim18.csv,1.0,0.30000000000000004,18,14,13.0,2025-04-07T21:22:44.761847
b1.00_g0.30_sim19.csv,1.0,0.30000000000000004,19,11,10.0,2025-04-07T21:22:44.761847
b1.00_g0.30_sim20.csv,1.0,0.30000000000000004,20,14,13.0,2025-04-07T21:22:44.761847
b1.00_g0.30_sim21.csv,1.0,0.30000000000000004,21,18,17.0,2025-04-07T21:22:44.761847
b1.00_g0.30_sim22.csv,1.0,0.30000000000000004,22,16,15.0,2025-04-07T21:22:44.761847
b1.00_g0.30_sim23.csv,1.0,0.30000000000000004,23,18,17.0,2025-04-07T21:22:44.761847
b1.00_g0.30_sim24.csv,1.0,0.30000000000000004,24,13,12.0,2025-04-07T21:22:44.761847
b1.00_g0.30_sim25.csv,1.0,0.30000000000000004,25,20,19.0,2025-04-07T21:22:44.761847
b1.00_g0.30_sim26.csv,1.0,0.30000000000000004,26,16,15.0,2025-04-07T21:22:44.761847
b1.00_g0.30_sim27.csv,1.0,0.30000000000000004,27,14,13.0,2025-04-07T21:22:44.761847
b1.00_g0.30_sim28.csv,1.0,0.30000000000000004,28,20,19.0,2025-04-07T21:22:44.761847
b1.00_g0.30_sim29.csv,1.0,0.30000000000000004,29,15,14.0,2025-04-07T21:22:44.761847
b1.00_g0.30_sim30.csv,1.0,0.30000000000000004,30,25,24.0,2025-04-07T21:22:44.761847
b1.00_g0.30_sim31.csv,1.0,0.30000000000000004,31,19,18.0,2025-04-07T21:22:44.761847
b1.00_g0.30_sim32.csv,1.0,0.30000000000000004,32,34,33.0,2025-04-07T21:22:44.761847
b1.00_g0.30_sim33.csv,1.0,0.30000000000000004,33,14,13.0,2025-04-07T21:22:44.761847
b1.00_g0.30_sim34.csv,1.0,0.30000000000000004,34,18,17.0,2025-04-07T21:22:44.761847
b1.00_g0.30_sim35.csv,1.0,0.30000000000000004,35,9,8.0,2025-04-07T21:22:44.761847
b1.00_g0.30_sim36.csv,1.0,0.30000000000000004,36,17,16.0,2025-04-07T21:22:44.761847
b1.00_g0.30_sim37.csv,1.0,0.30000000000000004,37,14,13.0,2025-04-07T21:22:44.761847
b1.00_g0.30_sim38.csv,1.0,0.30000000000000004,38,20,19.0,2025-04-07T21:22:44.761847
b1.00_g0.30_sim39.csv,1.0,0.30000000000000004,39,13,12.0,2025-04-07T21:22:44.761847
b1.00_g0.30_sim40.csv,1.0,0.30000000000000004,40,16,15.0,2025-04-07T21:22:44.761847
b1.00_g0.30_sim41.csv,1.0,0.30000000000000004,41,17,16.0,2025-04-07T21:22:44.761847
b1.00_g0.30_sim42.csv,1.0,0.30000000000000004,42,11,10.0,2025-04-07T21:22:44.761847
b1.00_g0.30_sim43.csv,1.0,0.30000000000000004,43,15,14.0,2025-04-07T21:22:44.761847
b1.00_g0.30_sim44.csv,1.0,0.30000000000000004,44,21,20.0,2025-04-07T21:22:44.761847
b1.00_g0.30_sim45.csv,1.0,0.30000000000000004,45,21,20.0,2025-04-07T21:22:44.761847
b1.00_g0.30_sim46.csv,1.0,0.30000000000000004,46,19,18.0,2025-04-07T21:22:44.761847
b1.00_g0.30_sim47.csv,1.0,0.30000000000000004,47,18,17.0,2025-04-07T21:22:44.761847
b1.00_g0.30_sim48.csv,1.0,0.30000000000000004,48,19,18.0,2025-04-07T21:22:44.761847
b1.00_g0.30_sim49.csv,1.0,0.30000000000000004,49,22,21.0,2025-04-07T21:22:44.761847
b1.00_g0.40_sim0.csv,1.0,0.4,0,15,14.0,2025-04-07T21:22:44.761847
b1.00_g0.40_sim1.csv,1.0,0.4,1,11,10.0,2025-04-07T21:22:44.761847
b1.00_g0.40_sim2.csv,1.0,0.4,2,10,9.0,2025-04-07T21:22:44.761847
b1.00_g0.40_sim3.csv,1.0,0.4,3,12,11.0,2025-04-07T21:22:44.761847
b1.00_g0.40_sim4.csv,1.0,0.4,4,11,10.0,2025-04-07T21:22:44.761847
b1.00_g0.40_sim5.csv,1.0,0.4,5,16,15.0,2025-04-07T21:22:44.761847
b1.00_g0.40_sim6.csv,1.0,0.4,6,15,14.0,2025-04-07T21:22:44.761847
b1.00_g0.40_sim7.csv,1.0,0.4,7,15,14.0,2025-04-07T21:22:44.761847
b1.00_g0.40_sim8.csv,1.0,0.4,8,15,14.0,2025-04-07T21:22:44.761847
b1.00_g0.40_sim9.csv,1.0,0.4,9,11,10.0,2025-04-07T21:22:44.761847
b1.00_g0.40_sim10.csv,1.0,0.4,10,21,20.0,2025-04-07T21:22:44.761847
b1.00_g0.40_sim11.csv,1.0,0.4,11,12,11.0,2025-04-07T21:22:44.761847
b1.00_g0.40_sim12.csv,1.0,0.4,12,16,15.0,2025-04-07T21:22:44.761847
b1.00_g0.40_sim13.csv,1.0,0.4,13,13,12.0,2025-04-07T21:22:44.761847
b1.00_g0.40_sim14.csv,1.0,0.4,14,12,11.0,2025-04-07T21:22:44.761847
b1.00_g0.40_sim15.csv,1.0,0.4,15,17,16.0,2025-04-07T21:22:44.761847
b1.00_g0.40_sim16.csv,1.0,0.4,16,10,9.0,2025-04-07T21:22:44.761847
b1.00_g0.40_sim17.csv,1.0,0.4,17,14,13.0,2025-04-07T21:22:44.761847
b1.00_g0.40_sim18.csv,1.0,0.4,18,15,14.0,2025-04-07T21:22:44.761847
b1.00_g0.40_sim19.csv,1.0,0.4,19,12,11.0,2025-04-07T21:22:44.761847
b1.00_g0.40_sim20.csv,1.0,0.4,20,12,11.0,2025-04-07T21:22:44.761847
b1.00_g0.40_sim21.csv,1.0,0.4,21,15,14.0,2025-04-07T21:22:44.761847
b1.00_g0.40_sim22.csv,1.0,0.4,22,11,10.0,2025-04-07T21:22:44.761847
b1.00_g0.40_sim23.csv,1.0,0.4,23,14,13.0,2025-04-07T21:22:44.761847
b1.00_g0.40_sim24.csv,1.0,0.4,24,16,15.0,2025-04-07T21:22:44.761847
b1.00_g0.40_sim25.csv,1.0,0.4,25,14,13.0,2025-04-07T21:22:44.761847
b1.00_g0.40_sim26.csv,1.0,0.4,26,13,12.0,2025-04-07T21:22:44.761847
b1.00_g0.40_sim27.csv,1.0,0.4,27,18,17.0,2025-04-07T21:22:44.761847
b1.00_g0.40_sim28.csv,1.0,0.4,28,12,11.0,2025-04-07T21:22:44.761847
b1.00_g0.40_sim29.csv,1.0,0.4,29,13,12.0,2025-04-07T21:22:44.761847
b1.00_g0.40_sim30.csv,1.0,0.4,30,8,7.0,2025-04-07T21:22:44.761847
b1.00_g0.40_sim31.csv,1.0,0.4,31,20,19.0,2025-04-07T21:22:44.761847
b1.00_g0.40_sim32.csv,1.0,0.4,32,10,9.0,2025-04-07T21:22:44.761847
b1.00_g0.40_sim33.csv,1.0,0.4,33,16,15.0,2025-04-07T21:22:44.761847
b1.00_g0.40_sim34.csv,1.0,0.4,34,12,11.0,2025-04-07T21:22:44.761847
b1.00_g0.40_sim35.csv,1.0,0.4,35,17,16.0,2025-04-07T21:22:44.761847
b1.00_g0.40_sim36.csv,1.0,0.4,36,12,11.0,2025-04-07T21:22:44.761847
b1.00_g0.40_sim37.csv,1.0,0.4,37,18,17.0,2025-04-07T21:22:44.761847
b1.00_g0.40_sim38.csv,1.0,0.4,38,11,10.0,2025-04-07T21:22:44.761847
b1.00_g0.40_sim39.csv,1.0,0.4,39,12,11.0,2025-04-07T21:22:44.761847
b1.00_g0.40_sim40.csv,1.0,0.4,40,12,11.0,2025-04-07T21:22:44.761847
b1.00_g0.40_sim41.csv,1.0,0.4,41,12,11.0,2025-04-07T21:22:44.761847
b1.00_g0.40_sim42.csv,1.0,0.4,42,12,11.0,2025-04-07T21:22:44.761847
b1.00_g0.40_sim43.csv,1.0,0.4,43,11,10.0,2025-04-07T21:22:44.761847
b1.00_g0.40_sim44.csv,1.0,0.4,44,11,10.0,2025-04-07T21:22:44.761847
b1.00_g0.40_sim45.csv,1.0,0.4,45,11,10.0,2025-04-07T21:22:44.761847
b1.00_g0.40_sim46.csv,1.0,0.4,46,17,16.0,2025-04-07T21:22:44.761847
b1.00_g0.40_sim47.csv,1.0,0.4,47,12,11.0,2025-04-07T21:22:44.761847
b1.00_g0.40_sim48.csv,1.0,0.4,48,12,11.0,2025-04-07T21:22:44.761847
b1.00_g0.40_sim49.csv,1.0,0.4,49,12,11.0,2025-04-07T21:22:44.761847
b1.00_g0.50_sim0.csv,1.0,0.5,0,13,12.0,2025-04-07T21:22:44.761847
b1.00_g0.50_sim1.csv,1.0,0.5,1,13,12.0,2025-04-07T21:22:44.761847
b1.00_g0.50_sim2.csv,1.0,0.5,2,8,7.0,2025-04-07T21:22:44.761847
b1.00_g0.50_sim3.csv,1.0,0.5,3,9,8.0,2025-04-07T21:22:44.761847
b1.00_g0.50_sim4.csv,1.0,0.5,4,9,8.0,2025-04-07T21:22:44.761847
b1.00_g0.50_sim5.csv,1.0,0.5,5,15,14.0,2025-04-07T21:22:44.761847
b1.00_g0.50_sim6.csv,1.0,0.5,6,10,9.0,2025-04-07T21:22:44.761847
b1.00_g0.50_sim7.csv,1.0,0.5,7,15,14.0,2025-04-07T21:22:44.761847
b1.00_g0.50_sim8.csv,1.0,0.5,8,13,12.0,2025-04-07T21:22:44.761847
b1.00_g0.50_sim9.csv,1.0,0.5,9,17,16.0,2025-04-07T21:22:44.761847
b1.00_g0.50_sim10.csv,1.0,0.5,10,11,10.0,2025-04-07T21:22:44.761847
b1.00_g0.50_sim11.csv,1.0,0.5,11,12,11.0,2025-04-07T21:22:44.761847
b1.00_g0.50_sim12.csv,1.0,0.5,12,9,8.0,2025-04-07T21:22:44.761847
b1.00_g0.50_sim13.csv,1.0,0.5,13,13,12.0,2025-04-07T21:22:44.761847
b1.00_g0.50_sim14.csv,1.0,0.5,14,16,15.0,2025-04-07T21:22:44.761847
b1.00_g0.50_sim15.csv,1.0,0.5,15,8,7.0,2025-04-07T21:22:44.761847
b1.00_g0.50_sim16.csv,1.0,0.5,16,17,16.0,2025-04-07T21:22:44.761847
b1.00_g0.50_sim17.csv,1.0,0.5,17,11,10.0,2025-04-07T21:22:44.761847
b1.00_g0.50_sim18.csv,1.0,0.5,18,12,11.0,2025-04-07T21:22:44.761847
b1.00_g0.50_sim19.csv,1.0,0.5,19,9,8.0,2025-04-07T21:22:44.761847
b1.00_g0.50_sim20.csv,1.0,0.5,20,8,7.0,2025-04-07T21:22:44.761847
b1.00_g0.50_sim21.csv,1.0,0.5,21,10,9.0,2025-04-07T21:22:44.761847
b1.00_g0.50_sim22.csv,1.0,0.5,22,10,9.0,2025-04-07T21:22:44.761847
b1.00_g0.50_sim23.csv,1.0,0.5,23,14,13.0,2025-04-07T21:22:44.761847
b1.00_g0.50_sim24.csv,1.0,0.5,24,15,14.0,2025-04-07T21:22:44.761847
b1.00_g0.50_sim25.csv,1.0,0.5,25,8,7.0,2025-04-07T21:22:44.761847
b1.00_g0.50_sim26.csv,1.0,0.5,26,6,5.0,2025-04-07T21:22:44.761847
b1.00_g0.50_sim27.csv,1.0,0.5,27,11,10.0,2025-04-07T21:22:44.761847
b1.00_g0.50_sim28.csv,1.0,0.5,28,10,9.0,2025-04-07T21:22:44.761847
b1.00_g0.50_sim29.csv,1.0,0.5,29,13,12.0,2025-04-07T21:22:44.761847
b1.00_g0.50_sim30.csv,1.0,0.5,30,13,12.0,2025-04-07T21:22:44.761847
b1.00_g0.50_sim31.csv,1.0,0.5,31,11,10.0,2025-04-07T21:22:44.761847
b1.00_g0.50_sim32.csv,1.0,0.5,32,11,10.0,2025-04-07T21:22:44.761847
b1.00_g0.50_sim33.csv,1.0,0.5,33,9,8.0,2025-04-07T21:22:44.761847
b1.00_g0.50_sim34.csv,1.0,0.5,34,11,10.0,2025-04-07T21:22:44.761847
b1.00_g0.50_sim35.csv,1.0,0.5,35,9,8.0,2025-04-07T21:22:44.761847
b1.00_g0.50_sim36.csv,1.0,0.5,36,8,7.0,2025-04-07T21:22:44.761847
b1.00_g0.50_sim37.csv,1.0,0.5,37,8,7.0,2025-04-07T21:22:44.761847
b1.00_g0.50_sim38.csv,1.0,0.5,38,12,11.0,2025-04-07T21:22:44.761847
b1.00_g0.50_sim39.csv,1.0,0.5,39,10,9.0,2025-04-07T21:22:44.761847
b1.00_g0.50_sim40.csv,1.0,0.5,40,11,10.0,2025-04-07T21:22:44.761847
b1.00_g0.50_sim41.csv,1.0,0.5,41,14,13.0,2025-04-07T21:22:44.761847
b1.00_g0.50_sim42.csv,1.0,0.5,42,13,12.0,2025-04-07T21:22:44.761847
b1.00_g0.50_sim43.csv,1.0,0.5,43,19,18.0,2025-04-07T21:22:44.761847
b1.00_g0.50_sim44.csv,1.0,0.5,44,14,13.0,2025-04-07T21:22:44.761847
b1.00_g0.50_sim45.csv,1.0,0.5,45,9,8.0,2025-04-07T21:22:44.761847
b1.00_g0.50_sim46.csv,1.0,0.5,46,11,10.0,2025-04-07T21:22:44.761847
b1.00_g0.50_sim47.csv,1.0,0.5,47,10,9.0,2025-04-07T21:22:44.761847
b1.00_g0.50_sim48.csv,1.0,0.5,48,9,8.0,2025-04-07T21:22:44.761847
b1.00_g0.50_sim49.csv,1.0,0.5,49,16,15.0,2025-04-07T21:22:44.761847
b1.00_g0.60_sim0.csv,1.0,0.6,0,7,6.0,2025-04-07T21:22:44.761847
b1.00_g0.60_sim1.csv,1.0,0.6,1,11,10.0,2025-04-07T21:22:44.761847
b1.00_g0.60_sim2.csv,1.0,0.6,2,9,8.0,2025-04-07T21:22:44.761847
b1.00_g0.60_sim3.csv,1.0,0.6,3,9,8.0,2025-04-07T21:22:44.761847
b1.00_g0.60_sim4.csv,1.0,0.6,4,10,9.0,2025-04-07T21:22:44.761847
b1.00_g0.60_sim5.csv,1.0,0.6,5,7,6.0,2025-04-07T21:22:44.761847
b1.00_g0.60_sim6.csv,1.0,0.6,6,6,5.0,2025-04-07T21:22:44.761847
b1.00_g0.60_sim7.csv,1.0,0.6,7,6,5.0,2025-04-07T21:22:44.761847
b1.00_g0.60_sim8.csv,1.0,0.6,8,10,9.0,2025-04-07T21:22:44.761847
b1.00_g0.60_sim9.csv,1.0,0.6,9,8,7.0,2025-04-07T21:22:44.761847
b1.00_g0.60_sim10.csv,1.0,0.6,10,6,5.0,2025-04-07T21:22:44.761847
b1.00_g0.60_sim11.csv,1.0,0.6,11,6,5.0,2025-04-07T21:22:44.761847
b1.00_g0.60_sim12.csv,1.0,0.6,12,11,10.0,2025-04-07T21:22:44.761847
b1.00_g0.60_sim13.csv,1.0,0.6,13,6,5.0,2025-04-07T21:22:44.761847
b1.00_g0.60_sim14.csv,1.0,0.6,14,10,9.0,2025-04-07T21:22:44.761847
b1.00_g0.60_sim15.csv,1.0,0.6,15,8,7.0,2025-04-07T21:22:44.761847
b1.00_g0.60_sim16.csv,1.0,0.6,16,9,8.0,2025-04-07T21:22:44.761847
b1.00_g0.60_sim17.csv,1.0,0.6,17,7,6.0,2025-04-07T21:22:44.761847
b1.00_g0.60_sim18.csv,1.0,0.6,18,9,8.0,2025-04-07T21:22:44.761847
b1.00_g0.60_sim19.csv,1.0,0.6,19,12,11.0,2025-04-07T21:22:44.761847
b1.00_g0.60_sim20.csv,1.0,0.6,20,10,9.0,2025-04-07T21:22:44.761847
b1.00_g0.60_sim21.csv,1.0,0.6,21,9,8.0,2025-04-07T21:22:44.761847
b1.00_g0.60_sim22.csv,1.0,0.6,22,7,6.0,2025-04-07T21:22:44.761847
b1.00_g0.60_sim23.csv,1.0,0.6,23,11,10.0,2025-04-07T21:22:44.761847
b1.00_g0.60_sim24.csv,1.0,0.6,24,6,5.0,2025-04-07T21:22:44.761847
b1.00_g0.60_sim25.csv,1.0,0.6,25,6,5.0,2025-04-07T21:22:44.761847
b1.00_g0.60_sim26.csv,1.0,0.6,26,7,6.0,2025-04-07T21:22:44.761847
b1.00_g0.60_sim27.csv,1.0,0.6,27,7,6.0,2025-04-07T21:22:44.761847
b1.00_g0.60_sim28.csv,1.0,0.6,28,11,10.0,2025-04-07T21:22:44.761847
b1.00_g0.60_sim29.csv,1.0,0.6,29,10,9.0,2025-04-07T21:22:44.761847
b1.00_g0.60_sim30.csv,1.0,0.6,30,8,7.0,2025-04-07T21:22:44.761847
b1.00_g0.60_sim31.csv,1.0,0.6,31,8,7.0,2025-04-07T21:22:44.761847
b1.00_g0.60_sim32.csv,1.0,0.6,32,9,8.0,2025-04-07T21:22:44.761847
b1.00_g0.60_sim33.csv,1.0,0.6,33,10,9.0,2025-04-07T21:22:44.761847
b1.00_g0.60_sim34.csv,1.0,0.6,34,6,5.0,2025-04-07T21:22:44.761847
b1.00_g0.60_sim35.csv,1.0,0.6,35,15,14.0,2025-04-07T21:22:44.761847
b1.00_g0.60_sim36.csv,1.0,0.6,36,11,10.0,2025-04-07T21:22:44.761847
b1.00_g0.60_sim37.csv,1.0,0.6,37,10,9.0,2025-04-07T21:22:44.761847
b1.00_g0.60_sim38.csv,1.0,0.6,38,11,10.0,2025-04-07T21:22:44.761847
b1.00_g0.60_sim39.csv,1.0,0.6,39,6,5.0,2025-04-07T21:22:44.761847
b1.00_g0.60_sim40.csv,1.0,0.6,40,8,7.0,2025-04-07T21:22:44.761847
b1.00_g0.60_sim41.csv,1.0,0.6,41,7,6.0,2025-04-07T21:22:44.761847
b1.00_g0.60_sim42.csv,1.0,0.6,42,10,9.0,2025-04-07T21:22:44.761847
b1.00_g0.60_sim43.csv,1.0,0.6,43,8,7.0,2025-04-07T21:22:44.761847
b1.00_g0.60_sim44.csv,1.0,0.6,44,7,6.0,2025-04-07T21:22:44.761847
b1.00_g0.60_sim45.csv,1.0,0.6,45,9,8.0,2025-04-07T21:22:44.761847
b1.00_g0.60_sim46.csv,1.0,0.6,46,7,6.0,2025-04-07T21:22:44.761847
b1.00_g0.60_sim47.csv,1.0,0.6,47,10,9.0,2025-04-07T21:22:44.761847
b1.00_g0.60_sim48.csv,1.0,0.6,48,7,6.0,2025-04-07T21:22:44.761847
b1.00_g0.60_sim49.csv,1.0,0.6,49,7,6.0,2025-04-07T21:22:44.761847
b1.00_g0.70_sim0.csv,1.0,0.7000000000000001,0,6,5.0,2025-04-07T21:22:44.761847
b1.00_g0.70_sim1.csv,1.0,0.7000000000000001,1,8,7.0,2025-04-07T21:22:44.761847
b1.00_g0.70_sim2.csv,1.0,0.7000000000000001,2,11,10.0,2025-04-07T21:22:44.761847
b1.00_g0.70_sim3.csv,1.0,0.7000000000000001,3,6,5.0,2025-04-07T21:22:44.761847
b1.00_g0.70_sim4.csv,1.0,0.7000000000000001,4,7,6.0,2025-04-07T21:22:44.761847
b1.00_g0.70_sim5.csv,1.0,0.7000000000000001,5,7,6.0,2025-04-07T21:22:44.761847
b1.00_g0.70_sim6.csv,1.0,0.7000000000000001,6,9,8.0,2025-04-07T21:22:44.761847
b1.00_g0.70_sim7.csv,1.0,0.7000000000000001,7,8,7.0,2025-04-07T21:22:44.761847
b1.00_g0.70_sim8.csv,1.0,0.7000000000000001,8,7,6.0,2025-04-07T21:22:44.761847
b1.00_g0.70_sim9.csv,1.0,0.7000000000000001,9,7,6.0,2025-04-07T21:22:44.761847
b1.00_g0.70_sim10.csv,1.0,0.7000000000000001,10,8,7.0,2025-04-07T21:22:44.761847
b1.00_g0.70_sim11.csv,1.0,0.7000000000000001,11,7,6.0,2025-04-07T21:22:44.761847
b1.00_g0.70_sim12.csv,1.0,0.7000000000000001,12,6,5.0,2025-04-07T21:22:44.761847
b1.00_g0.70_sim13.csv,1.0,0.7000000000000001,13,7,6.0,2025-04-07T21:22:44.761847
b1.00_g0.70_sim14.csv,1.0,0.7000000000000001,14,9,8.0,2025-04-07T21:22:44.761847
b1.00_g0.70_sim15.csv,1.0,0.7000000000000001,15,10,9.0,2025-04-07T21:22:44.761847
b1.00_g0.70_sim16.csv,1.0,0.7000000000000001,16,9,8.0,2025-04-07T21:22:44.761847
b1.00_g0.70_sim17.csv,1.0,0.7000000000000001,17,11,10.0,2025-04-07T21:22:44.761847
b1.00_g0.70_sim18.csv,1.0,0.7000000000000001,18,9,8.0,2025-04-07T21:22:44.761847
b1.00_g0.70_sim19.csv,1.0,0.7000000000000001,19,12,11.0,2025-04-07T21:22:44.761847
b1.00_g0.70_sim20.csv,1.0,0.7000000000000001,20,13,12.0,2025-04-07T21:22:44.761847
b1.00_g0.70_sim21.csv,1.0,0.7000000000000001,21,7,6.0,2025-04-07T21:22:44.761847
b1.00_g0.70_sim22.csv,1.0,0.7000000000000001,22,6,5.0,2025-04-07T21:22:44.761847
b1.00_g0.70_sim23.csv,1.0,0.7000000000000001,23,11,10.0,2025-04-07T21:22:44.761847
b1.00_g0.70_sim24.csv,1.0,0.7000000000000001,24,7,6.0,2025-04-07T21:22:44.761847
b1.00_g0.70_sim25.csv,1.0,0.7000000000000001,25,10,9.0,2025-04-07T21:22:44.761847
b1.00_g0.70_sim26.csv,1.0,0.7000000000000001,26,7,6.0,2025-04-07T21:22:44.761847
b1.00_g0.70_sim27.csv,1.0,0.7000000000000001,27,9,8.0,2025-04-07T21:22:44.761847
b1.00_g0.70_sim28.csv,1.0,0.7000000000000001,28,7,6.0,2025-04-07T21:22:44.761847
b1.00_g0.70_sim29.csv,1.0,0.7000000000000001,29,8,7.0,2025-04-07T21:22:44.761847
b1.00_g0.70_sim30.csv,1.0,0.7000000000000001,30,7,6.0,2025-04-07T21:22:44.761847
b1.00_g0.70_sim31.csv,1.0,0.7000000000000001,31,6,5.0,2025-04-07T21:22:44.761847
b1.00_g0.70_sim32.csv,1.0,0.7000000000000001,32,6,5.0,2025-04-07T21:22:44.761847
b1.00_g0.70_sim33.csv,1.0,0.7000000000000001,33,8,7.0,2025-04-07T21:22:44.761847
b1.00_g0.70_sim34.csv,1.0,0.7000000000000001,34,8,7.0,2025-04-07T21:22:44.761847
b1.00_g0.70_sim35.csv,1.0,0.7000000000000001,35,6,5.0,2025-04-07T21:22:44.761847
b1.00_g0.70_sim36.csv,1.0,0.7000000000000001,36,5,4.0,2025-04-07T21:22:44.761847
b1.00_g0.70_sim37.csv,1.0,0.7000000000000001,37,5,4.0,2025-04-07T21:22:44.761847
b1.00_g0.70_sim38.csv,1.0,0.7000000000000001,38,5,4.0,2025-04-07T21:22:44.761847
b1.00_g0.70_sim39.csv,1.0,0.7000000000000001,39,5,4.0,2025-04-07T21:22:44.761847
b1.00_g0.70_sim40.csv,1.0,0.7000000000000001,40,10,9.0,2025-04-07T21:22:44.761847
b1.00_g0.70_sim41.csv,1.0,0.7000000000000001,41,7,6.0,2025-04-07T21:22:44.761847
b1.00_g0.70_sim42.csv,1.0,0.7000000000000001,42,9,8.0,2025-04-07T21:22:44.761847
b1.00_g0.70_sim43.csv,1.0,0.7000000000000001,43,8,7.0,2025-04-07T21:22:44.761847
b1.00_g0.70_sim44.csv,1.0,0.7000000000000001,44,6,5.0,2025-04-07T21:22:44.761847
b1.00_g0.70_sim45.csv,1.0,0.7000000000000001,45,8,7.0,2025-04-07T21:22:44.761847
b1.00_g0.70_sim46.csv,1.0,0.7000000000000001,46,9,8.0,2025-04-07T21:22:44.761847
b1.00_g0.70_sim47.csv,1.0,0.7000000000000001,47,8,7.0,2025-04-07T21:22:44.761847
b1.00_g0.70_sim48.csv,1.0,0.7000000000000001,48,10,9.0,2025-04-07T21:22:44.761847
b1.00_g0.70_sim49.csv,1.0,0.7000000000000001,49,6,5.0,2025-04-07T21:22:44.761847
b1.00_g0.80_sim0.csv,1.0,0.8,0,6,5.0,2025-04-07T21:22:44.761847
b1.00_g0.80_sim1.csv,1.0,0.8,1,7,6.0,2025-04-07T21:22:44.761847
b1.00_g0.80_sim2.csv,1.0,0.8,2,6,5.0,2025-04-07T21:22:44.761847
b1.00_g0.80_sim3.csv,1.0,0.8,3,8,7.0,2025-04-07T21:22:44.761847
b1.00_g0.80_sim4.csv,1.0,0.8,4,5,4.0,2025-04-07T21:22:44.761847
b1.00_g0.80_sim5.csv,1.0,0.8,5,6,5.0,2025-04-07T21:22:44.761847
b1.00_g0.80_sim6.csv,1.0,0.8,6,7,6.0,2025-04-07T21:22:44.761847
b1.00_g0.80_sim7.csv,1.0,0.8,7,6,5.0,2025-04-07T21:22:44.761847
b1.00_g0.80_sim8.csv,1.0,0.8,8,8,7.0,2025-04-07T21:22:44.761847
b1.00_g0.80_sim9.csv,1.0,0.8,9,6,5.0,2025-04-07T21:22:44.761847
b1.00_g0.80_sim10.csv,1.0,0.8,10,9,8.0,2025-04-07T21:22:44.761847
b1.00_g0.80_sim11.csv,1.0,0.8,11,5,4.0,2025-04-07T21:22:44.761847
b1.00_g0.80_sim12.csv,1.0,0.8,12,5,4.0,2025-04-07T21:22:44.761847
b1.00_g0.80_sim13.csv,1.0,0.8,13,8,7.0,2025-04-07T21:22:44.761847
b1.00_g0.80_sim14.csv,1.0,0.8,14,7,6.0,2025-04-07T21:22:44.761847
b1.00_g0.80_sim15.csv,1.0,0.8,15,6,5.0,2025-04-07T21:22:44.761847
b1.00_g0.80_sim16.csv,1.0,0.8,16,8,7.0,2025-04-07T21:22:44.761847
b1.00_g0.80_sim17.csv,1.0,0.8,17,7,6.0,2025-04-07T21:22:44.761847
b1.00_g0.80_sim18.csv,1.0,0.8,18,9,8.0,2025-04-07T21:22:44.761847
b1.00_g0.80_sim19.csv,1.0,0.8,19,7,6.0,2025-04-07T21:22:44.761847
b1.00_g0.80_sim20.csv,1.0,0.8,20,8,7.0,2025-04-07T21:22:44.761847
b1.00_g0.80_sim21.csv,1.0,0.8,21,5,4.0,2025-04-07T21:22:44.761847
b1.00_g0.80_sim22.csv,1.0,0.8,22,5,4.0,2025-04-07T21:22:44.761847
b1.00_g0.80_sim23.csv,1.0,0.8,23,7,6.0,2025-04-07T21:22:44.761847
b1.00_g0.80_sim24.csv,1.0,0.8,24,12,11.0,2025-04-07T21:22:44.761847
b1.00_g0.80_sim25.csv,1.0,0.8,25,8,7.0,2025-04-07T21:22:44.761847
b1.00_g0.80_sim26.csv,1.0,0.8,26,7,6.0,2025-04-07T21:22:44.761847
b1.00_g0.80_sim27.csv,1.0,0.8,27,11,10.0,2025-04-07T21:22:44.761847
b1.00_g0.80_sim28.csv,1.0,0.8,28,7,6.0,2025-04-07T21:22:44.761847
b1.00_g0.80_sim29.csv,1.0,0.8,29,6,5.0,2025-04-07T21:22:44.761847
b1.00_g0.80_sim30.csv,1.0,0.8,30,6,5.0,2025-04-07T21:22:44.761847
b1.00_g0.80_sim31.csv,1.0,0.8,31,6,5.0,2025-04-07T21:22:44.761847
b1.00_g0.80_sim32.csv,1.0,0.8,32,7,6.0,2025-04-07T21:22:44.761847
b1.00_g0.80_sim33.csv,1.0,0.8,33,5,4.0,2025-04-07T21:22:44.761847
b1.00_g0.80_sim34.csv,1.0,0.8,34,6,5.0,2025-04-07T21:22:44.761847
b1.00_g0.80_sim35.csv,1.0,0.8,35,6,5.0,2025-04-07T21:22:44.761847
b1.00_g0.80_sim36.csv,1.0,0.8,36,6,5.0,2025-04-07T21:22:44.761847
b1.00_g0.80_sim37.csv,1.0,0.8,37,7,6.0,2025-04-07T21:22:44.761847
b1.00_g0.80_sim38.csv,1.0,0.8,38,4,3.0,2025-04-07T21:22:44.761847
b1.00_g0.80_sim39.csv,1.0,0.8,39,7,6.0,2025-04-07T21:22:44.761847
b1.00_g0.80_sim40.csv,1.0,0.8,40,5,4.0,2025-04-07T21:22:44.761847
b1.00_g0.80_sim41.csv,1.0,0.8,41,9,8.0,2025-04-07T21:22:44.761847
b1.00_g0.80_sim42.csv,1.0,0.8,42,8,7.0,2025-04-07T21:22:44.761847
b1.00_g0.80_sim43.csv,1.0,0.8,43,10,9.0,2025-04-07T21:22:44.761847
b1.00_g0.80_sim44.csv,1.0,0.8,44,7,6.0,2025-04-07T21:22:44.761847
b1.00_g0.80_sim45.csv,1.0,0.8,45,6,5.0,2025-04-07T21:22:44.761847
b1.00_g0.80_sim46.csv,1.0,0.8,46,4,3.0,2025-04-07T21:22:44.761847
b1.00_g0.80_sim47.csv,1.0,0.8,47,8,7.0,2025-04-07T21:22:44.761847
b1.00_g0.80_sim48.csv,1.0,0.8,48,8,7.0,2025-04-07T21:22:44.761847
b1.00_g0.80_sim49.csv,1.0,0.8,49,7,6.0,2025-04-07T21:22:44.761847
b1.00_g0.90_sim0.csv,1.0,0.9,0,7,6.0,2025-04-07T21:22:44.761847
b1.00_g0.90_sim1.csv,1.0,0.9,1,7,6.0,2025-04-07T21:22:44.761847
b1.00_g0.90_sim2.csv,1.0,0.9,2,6,5.0,2025-04-07T21:22:44.761847
b1.00_g0.90_sim3.csv,1.0,0.9,3,6,5.0,2025-04-07T21:22:44.761847
b1.00_g0.90_sim4.csv,1.0,0.9,4,6,5.0,2025-04-07T21:22:44.761847
b1.00_g0.90_sim5.csv,1.0,0.9,5,6,5.0,2025-04-07T21:22:44.761847
b1.00_g0.90_sim6.csv,1.0,0.9,6,6,5.0,2025-04-07T21:22:44.761847
b1.00_g0.90_sim7.csv,1.0,0.9,7,6,5.0,2025-04-07T21:22:44.761847
b1.00_g0.90_sim8.csv,1.0,0.9,8,7,6.0,2025-04-07T21:22:44.761847
b1.00_g0.90_sim9.csv,1.0,0.9,9,6,5.0,2025-04-07T21:22:44.761847
b1.00_g0.90_sim10.csv,1.0,0.9,10,8,7.0,2025-04-07T21:22:44.761847
b1.00_g0.90_sim11.csv,1.0,0.9,11,6,5.0,2025-04-07T21:22:44.761847
b1.00_g0.90_sim12.csv,1.0,0.9,12,5,4.0,2025-04-07T21:22:44.761847
b1.00_g0.90_sim13.csv,1.0,0.9,13,6,5.0,2025-04-07T21:22:44.761847
b1.00_g0.90_sim14.csv,1.0,0.9,14,7,6.0,2025-04-07T21:22:44.761847
b1.00_g0.90_sim15.csv,1.0,0.9,15,7,6.0,2025-04-07T21:22:44.761847
b1.00_g0.90_sim16.csv,1.0,0.9,16,5,4.0,2025-04-07T21:22:44.761847
b1.00_g0.90_sim17.csv,1.0,0.9,17,7,6.0,2025-04-07T21:22:44.761847
b1.00_g0.90_sim18.csv,1.0,0.9,18,6,5.0,2025-04-07T21:22:44.761847
b1.00_g0.90_sim19.csv,1.0,0.9,19,7,6.0,2025-04-07T21:22:44.761847
b1.00_g0.90_sim20.csv,1.0,0.9,20,7,6.0,2025-04-07T21:22:44.761847
b1.00_g0.90_sim21.csv,1.0,0.9,21,7,6.0,2025-04-07T21:22:44.761847
b1.00_g0.90_sim22.csv,1.0,0.9,22,8,7.0,2025-04-07T21:22:44.761847
b1.00_g0.90_sim23.csv,1.0,0.9,23,5,4.0,2025-04-07T21:22:44.761847
b1.00_g0.90_sim24.csv,1.0,0.9,24,8,7.0,2025-04-07T21:22:44.761847
b1.00_g0.90_sim25.csv,1.0,0.9,25,5,4.0,2025-04-07T21:22:44.761847
b1.00_g0.90_sim26.csv,1.0,0.9,26,9,8.0,2025-04-07T21:22:44.761847
b1.00_g0.90_sim27.csv,1.0,0.9,27,6,5.0,2025-04-07T21:22:44.761847
b1.00_g0.90_sim28.csv,1.0,0.9,28,5,4.0,2025-04-07T21:22:44.761847
b1.00_g0.90_sim29.csv,1.0,0.9,29,6,5.0,2025-04-07T21:22:44.761847
b1.00_g0.90_sim30.csv,1.0,0.9,30,10,9.0,2025-04-07T21:22:44.761847
b1.00_g0.90_sim31.csv,1.0,0.9,31,7,6.0,2025-04-07T21:22:44.761847
b1.00_g0.90_sim32.csv,1.0,0.9,32,6,5.0,2025-04-07T21:22:44.761847
b1.00_g0.90_sim33.csv,1.0,0.9,33,7,6.0,2025-04-07T21:22:44.761847
b1.00_g0.90_sim34.csv,1.0,0.9,34,6,5.0,2025-04-07T21:22:44.761847
b1.00_g0.90_sim35.csv,1.0,0.9,35,5,4.0,2025-04-07T21:22:44.761847
b1.00_g0.90_sim36.csv,1.0,0.9,36,6,5.0,2025-04-07T21:22:44.761847
b1.00_g0.90_sim37.csv,1.0,0.9,37,7,6.0,2025-04-07T21:22:44.761847
b1.00_g0.90_sim38.csv,1.0,0.9,38,9,8.0,2025-04-07T21:22:44.761847
b1.00_g0.90_sim39.csv,1.0,0.9,39,5,4.0,2025-04-07T21:22:44.761847
b1.00_g0.90_sim40.csv,1.0,0.9,40,5,4.0,2025-04-07T21:22:44.761847
b1.00_g0.90_sim41.csv,1.0,0.9,41,7,6.0,2025-04-07T21:22:44.761847
b1.00_g0.90_sim42.csv,1.0,0.9,42,4,3.0,2025-04-07T21:22:44.761847
b1.00_g0.90_sim43.csv,1.0,0.9,43,4,3.0,2025-04-07T21:22:44.761847
b1.00_g0.90_sim44.csv,1.0,0.9,44,5,4.0,2025-04-07T21:22:44.761847
b1.00_g0.90_sim45.csv,1.0,0.9,45,7,6.0,2025-04-07T21:22:44.761847
b1.00_g0.90_sim46.csv,1.0,0.9,46,10,9.0,2025-04-07T21:22:44.761847
b1.00_g0.90_sim47.csv,1.0,0.9,47,5,4.0,2025-04-07T21:22:44.761847
b1.00_g0.90_sim48.csv,1.0,0.9,48,7,6.0,2025-04-07T21:22:44.761847
b1.00_g0.90_sim49.csv,1.0,0.9,49,4,3.0,2025-04-07T21:22:44.761847
b1.00_g1.00_sim0.csv,1.0,1.0,0,8,7.0,2025-04-07T21:22:44.761847
b1.00_g1.00_sim1.csv,1.0,1.0,1,5,4.0,2025-04-07T21:22:44.761847
b1.00_g1.00_sim2.csv,1.0,1.0,2,9,8.0,2025-04-07T21:22:44.761847
b1.00_g1.00_sim3.csv,1.0,1.0,3,7,6.0,2025-04-07T21:22:44.761847
b1.00_g1.00_sim4.csv,1.0,1.0,4,5,4.0,2025-04-07T21:22:44.761847
b1.00_g1.00_sim5.csv,1.0,1.0,5,7,6.0,2025-04-07T21:22:44.761847
b1.00_g1.00_sim6.csv,1.0,1.0,6,5,4.0,2025-04-07T21:22:44.761847
b1.00_g1.00_sim7.csv,1.0,1.0,7,5,4.0,2025-04-07T21:22:44.761847
b1.00_g1.00_sim8.csv,1.0,1.0,8,6,5.0,2025-04-07T21:22:44.761847
b1.00_g1.00_sim9.csv,1.0,1.0,9,5,4.0,2025-04-07T21:22:44.761847
b1.00_g1.00_sim10.csv,1.0,1.0,10,7,6.0,2025-04-07T21:22:44.761847
b1.00_g1.00_sim11.csv,1.0,1.0,11,5,4.0,2025-04-07T21:22:44.761847
b1.00_g1.00_sim12.csv,1.0,1.0,12,5,4.0,2025-04-07T21:22:44.761847
b1.00_g1.00_sim13.csv,1.0,1.0,13,4,3.0,2025-04-07T21:22:44.761847
b1.00_g1.00_sim14.csv,1.0,1.0,14,10,9.0,2025-04-07T21:22:44.761847
b1.00_g1.00_sim15.csv,1.0,1.0,15,7,6.0,2025-04-07T21:22:44.761847
b1.00_g1.00_sim16.csv,1.0,1.0,16,7,6.0,2025-04-07T21:22:44.761847
b1.00_g1.00_sim17.csv,1.0,1.0,17,5,4.0,2025-04-07T21:22:44.761847
b1.00_g1.00_sim18.csv,1.0,1.0,18,7,6.0,2025-04-07T21:22:44.761847
b1.00_g1.00_sim19.csv,1.0,1.0,19,10,9.0,2025-04-07T21:22:44.761847
b1.00_g1.00_sim20.csv,1.0,1.0,20,6,5.0,2025-04-07T21:22:44.761847
b1.00_g1.00_sim21.csv,1.0,1.0,21,5,4.0,2025-04-07T21:22:44.761847
b1.00_g1.00_sim22.csv,1.0,1.0,22,8,7.0,2025-04-07T21:22:44.761847
b1.00_g1.00_sim23.csv,1.0,1.0,23,6,5.0,2025-04-07T21:22:44.761847
b1.00_g1.00_sim24.csv,1.0,1.0,24,5,4.0,2025-04-07T21:22:44.761847
b1.00_g1.00_sim25.csv,1.0,1.0,25,6,5.0,2025-04-07T21:22:44.761847
b1.00_g1.00_sim26.csv,1.0,1.0,26,5,4.0,2025-04-07T21:22:44.761847
b1.00_g1.00_sim27.csv,1.0,1.0,27,7,6.0,2025-04-07T21:22:44.761847
b1.00_g1.00_sim28.csv,1.0,1.0,28,5,4.0,2025-04-07T21:22:44.761847
b1.00_g1.00_sim29.csv,1.0,1.0,29,7,6.0,2025-04-07T21:22:44.761847
b1.00_g1.00_sim30.csv,1.0,1.0,30,6,5.0,2025-04-07T21:22:44.761847
b1.00_g1.00_sim31.csv,1.0,1.0,31,8,7.0,2025-04-07T21:22:44.761847
b1.00_g1.00_sim32.csv,1.0,1.0,32,5,4.0,2025-04-07T21:22:44.761847
b1.00_g1.00_sim33.csv,1.0,1.0,33,6,5.0,2025-04-07T21:22:44.761847
b1.00_g1.00_sim34.csv,1.0,1.0,34,6,5.0,2025-04-07T21:22:44.761847
b1.00_g1.00_sim35.csv,1.0,1.0,35,5,4.0,2025-04-07T21:22:44.761847
b1.00_g1.00_sim36.csv,1.0,1.0,36,6,5.0,2025-04-07T21:22:44.761847
b1.00_g1.00_sim37.csv,1.0,1.0,37,5,4.0,2025-04-07T21:22:44.761847
b1.00_g1.00_sim38.csv,1.0,1.0,38,4,3.0,2025-04-07T21:22:44.761847
b1.00_g1.00_sim39.csv,1.0,1.0,39,4,3.0,2025-04-07T21:22:44.761847
b1.00_g1.00_sim40.csv,1.0,1.0,40,5,4.0,2025-04-07T21:22:44.761847
b1.00_g1.00_sim41.csv,1.0,1.0,41,6,5.0,2025-04-07T21:22:44.761847
b1.00_g1.00_sim42.csv,1.0,1.0,42,5,4.0,2025-04-07T21:22:44.761847
b1.00_g1.00_sim43.csv,1.0,1.0,43,5,4.0,2025-04-07T21:22:44.761847
b1.00_g1.00_sim44.csv,1.0,1.0,44,5,4.0,2025-04-07T21:22:44.761847
b1.00_g1.00_sim45.csv,1.0,1.0,45,5,4.0,2025-04-07T21:22:44.761847
b1.00_g1.00_sim46.csv,1.0,1.0,46,6,5.0,2025-04-07T21:22:44.761847
b1.00_g1.00_sim47.csv,1.0,1.0,47,6,5.0,2025-04-07T21:22:44.761847
b1.00_g1.00_sim48.csv,1.0,1.0,48,6,5.0,2025-04-07T21:22:44.761847
b1.00_g1.00_sim49.csv,1.0,1.0,49,8,7.0,2025-04-07T21:22:44.761847
